student_id,question_id,is_correct,response_time
0,26,1,51
0,24,1,92
0,70,1,66
0,4,0,27
0,64,1,40
0,29,1,58
0,45,0,64
0,25,1,12
0,33,0,54
0,22,1,50
0,40,0,62
0,46,0,64
0,59,1,60
0,17,1,43
0,59,1,27
0,42,0,63
0,25,1,14
0,38,1,15
0,24,1,46
0,16,1,70
0,30,1,33
0,59,1,66
0,70,1,24
0,0,1,48
0,15,1,43
0,8,1,45
0,63,0,40
0,67,1,36
0,71,0,43
0,14,0,16
0,53,1,30
0,3,1,54
0,29,1,33
0,60,0,57
0,20,0,17
0,33,0,27
0,62,0,39
0,63,0,64
0,59,0,58
0,42,1,8
0,4,1,50
0,49,0,41
0,65,1,71
0,68,1,30
0,44,0,38
0,9,0,47
0,43,0,52
0,31,0,56
0,69,1,38
0,43,1,55
0,57,0,69
0,9,0,73
0,27,1,46
0,22,1,58
0,43,1,61
0,63,0,40
0,66,0,50
0,65,0,30
0,12,1,49
0,34,0,23
0,38,0,48
0,6,1,42
0,12,1,23
0,17,1,28
0,41,1,28
0,31,0,44
0,66,0,39
0,52,1,64
0,53,1,34
0,25,1,19
0,3,0,38
0,15,1,62
1,15,0,38
1,22,0,22
1,48,1,22
1,60,1,8
1,43,1,26
1,66,0,21
1,53,0,31
1,53,1,10
1,14,0,30
1,5,1,43
1,3,1,10
1,61,0,30
1,9,0,28
1,41,1,39
1,62,0,8
1,29,0,32
1,1,0,17
1,1,0,16
1,42,0,20
1,8,1,21
1,3,0,23
1,33,1,19
1,48,0,13
1,66,0,33
1,3,0,34
1,18,1,30
1,37,0,23
1,66,1,33
1,29,0,17
1,70,0,21
1,37,1,20
1,38,1,14
1,8,0,12
1,69,1,39
1,26,1,23
1,42,0,25
1,55,0,39
1,29,0,38
1,9,0,33
1,13,1,19
1,7,0,29
1,61,1,15
1,60,0,24
1,16,1,28
1,0,1,45
1,62,1,49
1,41,0,31
1,36,1,21
1,30,1,14
1,32,0,24
1,25,1,7
1,37,1,14
1,59,0,33
1,9,0,17
1,46,0,13
1,53,1,31
1,40,1,23
1,44,0,8
1,35,1,49
1,58,0,27
1,14,0,22
1,29,0,19
1,23,1,35
1,51,1,20
1,23,0,28
1,28,1,30
1,47,1,12
1,45,0,17
1,12,1,5
1,21,0,10
1,1,0,26
1,39,1,25
2,1,1,47
2,65,1,14
2,56,0,60
2,65,1,67
2,46,1,37
2,54,1,37
2,35,0,86
2,0,0,65
2,52,1,60
2,27,0,110
2,18,0,50
2,34,0,44
2,23,0,46
2,17,1,26
2,13,1,71
2,36,1,78
2,68,0,53
2,70,0,53
2,0,0,40
2,52,0,43
2,15,0,64
2,54,0,66
2,49,0,48
2,28,1,61
2,31,0,69
2,3,0,99
2,56,1,81
2,1,0,72
2,23,0,31
2,55,0,69
2,60,0,63
2,59,0,95
2,12,0,47
2,64,0,85
2,60,1,49
2,30,1,58
2,58,0,33
2,22,1,55
2,33,1,58
2,16,0,40
2,16,0,83
2,7,1,72
2,29,0,28
2,39,0,13
2,36,1,45
2,37,0,60
2,5,0,74
2,10,1,83
2,37,0,47
2,61,1,90
2,61,0,110
2,8,0,76
2,54,0,89
2,11,0,113
2,42,1,83
2,37,0,50
2,65,0,52
2,30,1,54
2,61,1,49
2,50,0,34
2,48,0,30
2,30,1,64
2,58,0,45
2,54,1,51
2,55,0,69
2,3,0,69
2,14,1,23
2,39,0,128
2,59,0,54
2,70,0,49
2,4,0,68
2,19,0,32
3,65,1,26
3,12,0,67
3,65,1,49
3,56,1,57
3,23,0,48
3,1,1,29
3,10,1,69
3,63,1,24
3,7,1,53
3,71,0,32
3,41,1,48
3,15,1,45
3,19,0,53
3,16,1,46
3,53,0,47
3,7,0,49
3,43,0,38
3,17,1,43
3,25,1,53
3,3,1,47
3,62,0,34
3,63,1,38
3,31,0,10
3,43,0,52
3,49,1,34
3,3,1,35
3,19,1,9
3,58,1,35
3,3,0,64
3,60,1,33
3,61,1,47
3,48,1,73
3,14,1,31
3,58,1,62
3,67,0,24
3,68,0,43
3,23,0,58
3,67,0,61
3,46,1,71
3,17,0,45
3,22,0,55
3,42,1,13
3,21,1,43
3,46,1,55
3,62,1,40
3,61,1,48
3,54,0,39
3,64,1,44
3,41,0,23
3,56,0,46
3,14,1,62
3,68,0,70
3,33,1,52
3,41,0,26
3,35,0,60
3,35,1,41
3,64,1,72
3,49,1,39
3,21,1,45
3,70,0,44
3,25,1,24
3,47,1,36
3,70,0,48
3,8,0,61
3,28,1,53
3,29,1,35
3,38,1,40
3,43,1,41
3,51,0,37
3,37,0,53
3,31,0,30
3,49,1,68
4,53,0,60
4,14,0,75
4,14,1,21
4,60,0,45
4,12,0,67
4,49,1,79
4,14,1,70
4,48,0,48
4,25,1,50
4,12,0,48
4,21,0,41
4,65,1,97
4,33,0,69
4,11,0,72
4,0,1,56
4,37,0,38
4,9,0,92
4,18,0,29
4,9,0,85
4,55,0,85
4,71,0,27
4,47,0,61
4,8,0,68
4,10,0,42
4,3,0,34
4,8,0,49
4,28,0,91
4,52,0,127
4,57,0,49
4,35,0,63
4,21,1,84
4,31,0,53
4,34,0,56
4,20,1,43
4,63,0,22
4,12,0,43
4,29,1,47
4,31,0,38
4,48,0,56
4,59,0,34
4,16,1,70
4,23,0,58
4,43,0,55
4,8,0,48
4,37,0,44
4,51,0,48
4,30,0,53
4,5,0,99
4,52,1,53
4,3,0,80
4,8,0,40
4,43,0,66
4,28,1,55
4,14,0,51
4,36,0,40
4,30,1,22
4,31,0,32
4,61,1,43
4,53,0,38
4,50,0,44
4,31,0,40
4,63,1,68
4,11,0,39
4,62,0,42
4,54,0,71
4,36,0,64
4,43,0,78
4,54,0,47
4,17,0,51
4,9,0,54
4,25,0,71
4,49,1,41
5,52,0,59
5,70,0,58
5,34,1,50
5,28,1,77
5,22,0,62
5,9,1,71
5,6,0,76
5,47,0,38
5,66,0,26
5,6,1,85
5,15,0,19
5,10,0,64
5,40,1,80
5,6,1,65
5,62,0,63
5,8,0,69
5,53,0,64
5,31,0,82
5,12,0,61
5,62,0,71
5,56,0,48
5,45,0,92
5,24,0,60
5,37,1,64
5,36,0,39
5,69,1,48
5,48,0,58
5,61,0,56
5,51,0,43
5,22,0,89
5,4,0,72
5,43,0,94
5,67,0,74
5,14,0,104
5,52,1,91
5,69,0,71
5,46,1,19
5,60,0,52
5,22,1,53
5,7,0,53
5,64,0,49
5,6,1,62
5,54,0,58
5,29,0,93
5,15,0,34
5,60,0,71
5,21,0,69
5,58,0,61
5,13,0,78
5,34,0,76
5,21,1,73
5,15,0,85
5,32,0,67
5,7,0,92
5,45,0,58
5,49,1,91
5,6,0,67
5,18,0,55
5,51,0,86
5,28,0,71
5,9,1,48
5,16,1,80
5,37,1,70
5,29,1,48
5,21,0,59
5,5,1,53
5,3,0,74
5,5,0,69
5,45,0,59
5,8,0,69
5,36,0,58
5,61,1,90
6,46,1,29
6,35,0,58
6,48,1,37
6,67,0,65
6,38,1,34
6,51,1,35
6,0,0,20
6,58,1,42
6,24,1,35
6,12,1,30
6,16,1,31
6,14,0,26
6,52,1,81
6,44,1,18
6,68,1,24
6,7,1,47
6,47,0,32
6,49,1,5
6,50,0,49
6,44,1,38
6,69,0,41
6,50,1,51
6,71,0,5
6,33,1,41
6,69,0,20
6,6,0,36
6,57,0,15
6,29,0,39
6,9,0,34
6,33,1,36
6,71,0,18
6,6,1,37
6,53,1,73
6,60,0,15
6,7,1,70
6,36,1,38
6,40,1,60
6,0,1,13
6,60,1,25
6,2,1,43
6,56,1,68
6,34,0,36
6,40,1,43
6,37,1,54
6,10,0,73
6,48,1,58
6,36,1,26
6,64,1,23
6,24,0,7
6,6,1,28
6,36,1,28
6,11,0,41
6,41,1,45
6,29,1,61
6,17,1,60
6,21,1,15
6,12,1,33
6,57,1,27
6,67,1,33
6,49,1,11
6,6,1,56
6,69,1,30
6,49,1,52
6,36,0,53
6,66,0,42
6,0,0,22
6,63,1,22
6,55,0,37
6,20,1,27
6,54,0,54
6,55,0,44
6,8,1,7
7,41,0,36
7,29,1,56
7,26,1,44
7,12,1,28
7,68,1,63
7,24,1,61
7,38,0,31
7,18,1,20
7,0,1,66
7,69,1,45
7,19,1,47
7,38,0,16
7,46,0,42
7,23,0,30
7,69,0,32
7,18,1,44
7,38,1,54
7,8,0,7
7,3,1,49
7,62,1,32
7,66,1,32
7,22,0,69
7,28,1,50
7,66,0,49
7,6,1,56
7,51,1,55
7,15,1,21
7,7,0,22
7,9,1,40
7,29,0,32
7,62,1,54
7,43,1,39
7,12,0,62
7,53,0,49
7,31,0,24
7,9,1,49
7,35,1,64
7,58,0,51
7,63,0,51
7,1,0,12
7,25,1,61
7,14,0,12
7,8,1,33
7,49,1,36
7,48,1,43
7,30,0,26
7,38,1,70
7,58,1,32
7,65,0,13
7,59,0,48
7,47,0,72
7,21,1,40
7,53,0,32
7,30,1,71
7,26,1,61
7,62,1,50
7,8,1,34
7,11,0,33
7,6,1,51
7,15,1,39
7,66,0,40
7,4,0,57
7,35,1,66
7,2,1,48
7,1,0,42
7,44,0,37
7,17,1,26
7,13,1,33
7,57,1,39
7,23,0,55
7,26,1,38
7,10,1,43
8,36,0,26
8,52,1,33
8,17,1,30
8,54,0,36
8,45,1,14
8,57,1,29
8,56,1,38
8,63,1,23
8,56,1,12
8,8,0,27
8,27,1,22
8,25,1,46
8,66,1,40
8,47,1,32
8,10,1,18
8,1,1,26
8,23,0,19
8,13,1,39
8,23,1,42
8,2,0,30
8,19,0,45
8,17,1,43
8,58,1,28
8,39,1,35
8,71,1,16
8,43,0,15
8,14,1,41
8,37,1,13
8,67,1,32
8,35,1,10
8,8,1,43
8,30,1,41
8,56,1,28
8,37,0,19
8,29,1,37
8,56,1,56
8,66,1,11
8,9,1,43
8,32,0,35
8,46,0,34
8,65,1,26
8,27,1,27
8,2,1,39
8,32,0,60
8,67,1,37
8,40,0,39
8,69,0,24
8,14,0,28
8,19,1,18
8,44,1,38
8,68,1,29
8,17,1,22
8,28,1,17
8,31,0,24
8,15,1,36
8,43,0,37
8,13,1,28
8,18,1,43
8,19,0,29
8,29,1,25
8,23,0,40
8,10,0,33
8,5,1,35
8,66,0,33
8,30,1,17
8,25,1,45
8,30,1,33
8,6,1,18
8,64,1,10
8,21,0,44
8,49,1,38
8,49,1,31
9,17,1,55
9,24,1,45
9,69,1,50
9,22,1,41
9,30,1,34
9,70,1,42
9,60,1,38
9,7,0,55
9,54,1,39
9,56,1,8
9,25,1,68
9,25,0,56
9,45,0,53
9,16,0,50
9,16,1,40
9,28,0,64
9,42,0,51
9,60,1,50
9,9,1,60
9,31,1,41
9,44,0,46
9,31,1,29
9,64,1,49
9,18,1,34
9,14,1,49
9,9,0,33
9,54,1,41
9,41,1,50
9,67,0,50
9,7,0,75
9,14,0,26
9,4,0,26
9,32,0,39
9,4,0,39
9,31,0,68
9,29,1,35
9,2,0,52
9,4,0,20
9,26,0,60
9,54,1,68
9,48,1,37
9,8,0,39
9,40,1,54
9,69,0,53
9,64,0,25
9,33,0,9
9,4,0,75
9,5,0,19
9,50,0,38
9,8,0,16
9,0,0,26
9,36,1,41
9,37,0,38
9,58,1,47
9,53,1,42
9,0,0,36
9,9,0,63
9,12,0,36
9,1,1,37
9,16,1,45
9,3,0,34
9,61,1,29
9,11,1,57
9,65,1,40
9,3,0,17
9,60,1,38
9,4,0,57
9,15,1,48
9,26,1,47
9,11,0,33
9,32,1,56
9,40,0,55
10,8,1,23
10,49,1,33
10,46,1,27
10,45,0,36
10,46,1,32
10,40,1,27
10,61,1,43
10,18,1,39
10,22,1,45
10,10,0,35
10,47,0,33
10,43,1,13
10,40,0,36
10,64,1,26
10,43,0,31
10,53,1,13
10,3,0,36
10,32,0,37
10,10,1,16
10,43,0,27
10,71,0,33
10,16,1,29
10,11,0,24
10,28,1,25
10,43,0,30
10,37,1,28
10,38,1,28
10,24,1,24
10,26,1,46
10,47,1,22
10,65,1,20
10,52,1,45
10,16,0,35
10,5,1,20
10,10,0,23
10,54,1,18
10,28,1,42
10,41,1,28
10,4,1,28
10,19,0,42
10,2,1,43
10,32,1,36
10,4,1,39
10,32,0,30
10,35,1,25
10,36,1,25
10,33,1,33
10,55,0,24
10,28,1,39
10,67,0,33
10,60,1,31
10,4,0,22
10,66,0,37
10,4,0,18
10,55,1,6
10,53,1,35
10,66,0,57
10,52,1,45
10,60,1,7
10,33,1,36
10,20,1,23
10,29,1,31
10,16,1,24
10,10,1,34
10,2,1,47
10,26,1,24
10,56,1,36
10,4,1,26
10,23,1,24
10,31,1,27
10,71,0,24
10,41,1,38
11,28,1,41
11,61,1,17
11,14,0,22
11,16,1,49
11,31,0,42
11,21,0,31
11,11,0,62
11,65,1,35
11,26,1,44
11,31,0,15
11,17,1,34
11,36,0,47
11,51,1,45
11,37,0,36
11,13,1,27
11,2,1,51
11,18,0,54
11,10,1,45
11,41,0,27
11,25,1,23
11,8,0,38
11,40,1,23
11,36,0,39
11,44,0,23
11,60,0,54
11,25,1,50
11,65,1,36
11,38,1,71
11,22,1,25
11,12,0,44
11,30,1,15
11,48,0,25
11,14,1,42
11,52,0,33
11,0,0,40
11,39,1,41
11,6,1,65
11,38,1,28
11,53,0,51
11,66,1,71
11,36,1,52
11,6,1,38
11,50,0,33
11,71,0,75
11,2,0,36
11,49,1,26
11,48,1,59
11,55,0,68
11,5,0,58
11,20,0,21
11,59,0,76
11,62,0,50
11,30,1,48
11,43,0,24
11,55,0,34
11,52,1,44
11,62,1,36
11,71,1,64
11,45,1,68
11,29,1,43
11,59,0,35
11,53,0,28
11,25,1,14
11,52,0,59
11,41,1,49
11,40,0,36
11,68,1,44
11,11,1,26
11,28,1,44
11,10,1,48
11,36,0,56
11,7,0,41
12,10,1,31
12,43,0,23
12,27,1,41
12,8,0,26
12,34,0,35
12,51,1,9
12,39,1,23
12,33,0,36
12,44,1,29
12,26,1,43
12,68,1,27
12,8,1,41
12,44,1,47
12,9,1,27
12,1,1,48
12,67,1,32
12,35,1,40
12,64,1,28
12,37,0,22
12,43,0,30
12,71,0,27
12,32,0,35
12,61,1,37
12,61,1,18
12,16,1,47
12,9,1,30
12,14,0,52
12,46,0,32
12,49,1,40
12,47,1,30
12,1,1,9
12,9,1,30
12,57,1,50
12,59,1,26
12,71,0,33
12,18,1,25
12,56,1,21
12,56,0,17
12,18,1,25
12,50,0,44
12,54,0,21
12,4,0,15
12,48,0,43
12,53,0,41
12,6,1,36
12,33,0,32
12,40,0,36
12,6,1,37
12,7,0,10
12,25,1,5
12,16,0,21
12,65,1,26
12,18,0,25
12,28,1,23
12,56,1,44
12,37,0,23
12,2,1,15
12,10,1,38
12,35,1,23
12,67,1,22
12,35,1,33
12,69,1,30
12,64,1,33
12,1,0,27
12,46,1,23
12,22,1,14
12,18,1,47
12,66,0,39
12,34,0,39
12,41,0,19
12,1,1,18
12,67,1,39
13,13,1,55
13,48,0,52
13,32,0,64
13,7,1,11
13,49,1,50
13,58,1,39
13,8,1,47
13,50,1,10
13,19,1,49
13,45,0,66
13,39,0,70
13,50,1,28
13,61,1,48
13,21,1,38
13,49,1,34
13,41,1,32
13,4,0,38
13,25,1,34
13,9,1,56
13,1,1,40
13,37,0,45
13,44,0,48
13,48,1,65
13,67,1,39
13,27,1,59
13,14,1,50
13,62,0,36
13,6,1,16
13,10,0,26
13,33,1,56
13,46,1,49
13,39,0,38
13,11,1,20
13,19,1,28
13,6,1,70
13,68,0,22
13,24,1,24
13,70,1,17
13,57,1,30
13,50,0,58
13,43,1,26
13,67,1,63
13,9,0,56
13,3,0,38
13,14,0,24
13,24,0,39
13,35,1,27
13,67,0,28
13,9,1,46
13,12,1,50
13,28,1,38
13,29,1,30
13,0,1,42
13,21,0,51
13,4,1,31
13,5,0,36
13,27,1,33
13,8,1,20
13,27,1,33
13,66,1,30
13,31,0,22
13,68,1,60
13,5,1,53
13,54,1,59
13,44,1,29
13,46,0,53
13,59,1,19
13,29,1,30
13,48,0,30
13,32,0,33
13,65,1,9
13,70,1,41
14,23,0,25
14,4,0,33
14,69,0,18
14,40,0,38
14,9,0,36
14,25,1,19
14,44,1,30
14,44,0,14
14,35,1,23
14,40,0,22
14,0,1,24
14,44,0,35
14,32,1,16
14,47,1,25
14,46,1,42
14,41,1,29
14,52,0,30
14,30,1,44
14,10,1,20
14,31,1,47
14,2,0,24
14,65,1,18
14,39,0,19
14,29,1,26
14,40,1,35
14,13,1,26
14,15,1,29
14,11,1,31
14,53,0,34
14,62,0,44
14,62,0,24
14,63,0,27
14,8,0,20
14,32,0,9
14,63,1,29
14,53,0,5
14,49,0,24
14,53,1,12
14,48,1,5
14,38,1,25
14,54,1,15
14,53,0,21
14,48,1,39
14,22,1,14
14,6,1,26
14,57,1,31
14,68,1,31
14,6,0,41
14,62,0,5
14,36,1,29
14,46,0,9
14,58,0,43
14,33,0,35
14,20,0,29
14,7,1,21
14,21,0,12
14,36,0,36
14,11,1,20
14,44,1,23
14,15,1,28
14,29,1,50
14,59,1,24
14,45,1,20
14,0,0,52
14,50,0,24
14,30,0,34
14,6,1,34
14,35,0,35
14,65,1,28
14,61,1,30
14,58,1,28
14,57,0,27
15,24,1,40
15,32,0,12
15,35,0,36
15,25,1,54
15,68,0,41
15,41,1,20
15,32,0,36
15,26,0,33
15,21,1,14
15,27,1,13
15,19,1,19
15,19,1,44
15,35,0,31
15,70,1,5
15,53,1,29
15,66,0,37
15,54,0,38
15,70,1,52
15,51,1,35
15,23,0,40
15,19,0,38
15,24,1,45
15,48,0,55
15,56,1,34
15,20,0,43
15,6,0,57
15,22,1,43
15,14,0,36
15,42,1,47
15,63,0,27
15,53,0,50
15,51,0,36
15,46,1,55
15,0,0,71
15,20,0,48
15,49,0,43
15,34,1,42
15,16,1,39
15,3,1,47
15,7,1,37
15,29,1,35
15,12,1,49
15,26,1,50
15,27,1,47
15,19,0,7
15,40,0,36
15,15,1,18
15,52,0,37
15,41,1,60
15,7,1,55
15,64,0,34
15,52,1,11
15,71,0,61
15,4,0,48
15,60,0,40
15,13,1,42
15,68,1,52
15,20,0,56
15,32,0,46
15,48,0,33
15,1,1,48
15,65,1,25
15,46,0,27
15,14,1,28
15,1,1,36
15,51,1,52
15,68,0,37
15,61,1,79
15,11,0,41
15,24,1,33
15,28,0,38
15,13,1,36
16,34,0,14
16,33,0,28
16,49,1,23
16,56,1,36
16,34,0,24
16,66,0,19
16,31,0,22
16,5,1,24
16,30,1,21
16,25,0,31
16,20,0,30
16,23,1,22
16,4,0,8
16,27,0,22
16,8,1,23
16,60,0,24
16,71,0,12
16,62,1,29
16,1,0,5
16,65,0,38
16,31,0,28
16,63,0,19
16,41,1,35
16,52,1,16
16,3,0,19
16,54,0,16
16,11,0,39
16,30,1,40
16,14,0,28
16,26,0,30
16,8,0,28
16,68,0,24
16,65,1,22
16,12,0,20
16,52,1,11
16,62,1,31
16,64,0,20
16,3,0,31
16,9,0,28
16,63,0,25
16,45,1,23
16,59,0,21
16,35,1,27
16,63,1,13
16,11,0,28
16,17,0,45
16,28,0,29
16,11,0,18
16,2,1,32
16,31,0,20
16,52,1,15
16,53,0,22
16,43,1,38
16,52,0,29
16,37,1,17
16,18,0,25
16,64,0,32
16,62,0,37
16,57,1,24
16,34,0,29
16,6,1,33
16,53,1,18
16,42,1,24
16,54,0,33
16,17,0,16
16,48,0,19
16,40,0,33
16,46,0,17
16,34,0,13
16,40,0,37
16,57,0,18
16,60,1,33
17,38,1,52
17,38,0,30
17,22,1,36
17,37,1,41
17,34,0,27
17,1,0,42
17,69,0,50
17,64,1,63
17,66,0,32
17,13,0,28
17,8,0,58
17,70,0,32
17,66,0,20
17,16,1,41
17,42,0,54
17,33,0,41
17,29,1,36
17,35,1,31
17,21,0,55
17,52,1,41
17,24,1,63
17,50,0,53
17,69,0,33
17,24,1,75
17,2,1,56
17,29,1,33
17,8,0,31
17,42,1,59
17,30,1,24
17,1,0,15
17,0,0,39
17,2,1,50
17,64,0,35
17,71,0,41
17,10,1,59
17,50,0,36
17,43,0,57
17,64,0,36
17,17,1,29
17,43,0,58
17,39,1,43
17,57,1,54
17,21,1,59
17,54,0,32
17,22,1,33
17,52,1,38
17,31,0,52
17,67,0,51
17,18,0,40
17,60,0,66
17,46,0,42
17,46,1,5
17,23,0,41
17,12,1,23
17,17,1,40
17,37,1,50
17,69,0,22
17,13,1,11
17,2,1,15
17,69,0,21
17,50,0,30
17,65,1,54
17,63,1,43
17,10,0,46
17,71,0,17
17,23,0,31
17,22,1,51
17,50,1,61
17,27,0,57
17,63,1,10
17,69,0,31
17,44,0,47
18,3,1,44
18,61,1,30
18,7,0,47
18,25,0,57
18,41,0,47
18,38,1,35
18,55,1,46
18,7,1,68
18,21,1,62
18,40,0,38
18,56,1,66
18,42,1,62
18,39,1,44
18,16,0,47
18,70,0,60
18,56,1,45
18,46,1,26
18,63,1,25
18,65,1,62
18,36,1,25
18,17,0,80
18,23,1,56
18,35,1,31
18,43,0,30
18,1,1,51
18,43,1,35
18,29,0,36
18,19,0,45
18,50,0,44
18,52,1,33
18,12,1,51
18,34,1,52
18,56,1,51
18,0,0,61
18,5,1,40
18,30,0,41
18,60,1,28
18,69,1,42
18,38,1,58
18,8,0,47
18,12,0,51
18,25,1,83
18,17,1,46
18,42,1,29
18,61,1,51
18,53,1,39
18,60,0,12
18,8,0,21
18,29,1,55
18,6,0,39
18,24,1,68
18,55,0,29
18,8,0,49
18,46,0,54
18,4,0,52
18,38,1,22
18,61,1,52
18,2,0,21
18,15,0,43
18,4,0,63
18,57,0,25
18,69,0,25
18,68,1,59
18,19,1,59
18,10,1,57
18,17,1,47
18,14,1,47
18,66,0,28
18,57,1,32
18,27,1,31
18,23,0,41
18,38,0,39
19,21,1,32
19,8,0,75
19,42,0,62
19,5,1,74
19,25,1,76
19,43,0,34
19,47,0,38
19,34,0,40
19,55,0,53
19,47,0,86
19,15,0,93
19,33,0,42
19,36,1,60
19,60,0,40
19,58,1,66
19,67,0,41
19,59,1,44
19,56,0,48
19,43,0,75
19,63,0,53
19,1,0,83
19,65,1,92
19,33,0,51
19,62,0,61
19,22,0,54
19,23,0,57
19,40,0,47
19,40,0,62
19,48,0,50
19,9,0,41
19,9,1,39
19,57,1,68
19,47,0,35
19,49,1,45
19,27,0,41
19,19,0,39
19,61,0,32
19,14,0,85
19,51,0,61
19,62,0,83
19,55,0,52
19,44,0,45
19,58,0,23
19,1,1,57
19,55,0,71
19,69,0,62
19,32,0,53
19,28,0,49
19,47,0,67
19,67,1,34
19,70,0,96
19,6,0,83
19,27,0,25
19,3,0,54
19,37,0,32
19,69,0,44
19,18,1,48
19,49,1,78
19,36,0,82
19,52,1,45
19,43,0,70
19,57,1,39
19,53,1,100
19,16,1,56
19,12,1,61
19,10,1,85
19,17,1,59
19,38,1,34
19,47,0,49
19,69,0,59
19,50,0,82
19,49,0,37
20,53,0,28
20,50,0,16
20,8,1,30
20,27,1,34
20,52,1,39
20,34,0,22
20,39,0,36
20,68,1,21
20,3,1,26
20,23,1,29
20,21,0,24
20,25,1,49
20,54,0,32
20,53,1,30
20,50,1,33
20,7,0,32
20,58,1,31
20,17,1,21
20,49,1,11
20,41,0,43
20,4,0,27
20,36,1,13
20,66,1,17
20,38,1,41
20,66,0,41
20,63,0,28
20,28,1,34
20,25,1,31
20,13,1,24
20,70,0,38
20,56,1,16
20,56,1,23
20,24,0,36
20,35,1,31
20,68,1,36
20,58,1,29
20,6,1,26
20,49,1,25
20,23,0,41
20,49,1,23
20,5,1,28
20,10,0,31
20,62,1,17
20,39,0,24
20,59,1,29
20,1,1,41
20,45,0,26
20,33,0,36
20,36,1,10
20,2,0,38
20,19,0,33
20,51,0,24
20,43,0,40
20,20,0,38
20,59,1,28
20,66,0,20
20,57,0,35
20,25,1,45
20,43,0,20
20,6,1,22
20,28,0,29
20,34,0,30
20,21,0,24
20,9,0,33
20,22,0,56
20,46,0,40
20,36,1,42
20,35,1,31
20,40,1,18
20,71,1,27
20,2,0,33
20,11,0,28
21,11,0,32
21,10,0,30
21,10,0,38
21,12,0,43
21,16,0,49
21,31,1,60
21,42,0,63
21,7,0,58
21,13,1,75
21,65,1,43
21,66,0,48
21,54,0,104
21,45,0,76
21,29,1,52
21,4,0,63
21,55,1,56
21,34,0,63
21,66,0,67
21,14,0,36
21,64,0,28
21,57,0,58
21,24,0,59
21,14,0,56
21,15,1,58
21,34,1,61
21,58,0,68
21,17,1,44
21,19,0,52
21,19,0,55
21,59,0,24
21,13,0,45
21,27,1,99
21,56,0,55
21,48,0,58
21,27,1,40
21,40,1,64
21,64,1,55
21,37,0,62
21,60,1,77
21,31,0,95
21,38,0,73
21,71,0,35
21,8,0,52
21,47,1,58
21,21,0,62
21,17,0,66
21,41,0,57
21,5,1,61
21,56,0,33
21,26,0,20
21,1,0,49
21,14,0,52
21,62,0,34
21,24,1,94
21,49,1,41
21,41,1,42
21,21,1,80
21,60,0,71
21,28,0,26
21,37,0,105
21,31,0,63
21,48,0,48
21,5,1,72
21,46,0,28
21,66,0,47
21,48,0,89
21,66,0,101
21,7,0,33
21,22,0,42
21,25,0,24
21,24,1,67
21,28,0,63
22,21,1,66
22,65,0,63
22,56,1,47
22,58,0,67
22,22,0,47
22,1,1,16
22,68,0,85
22,55,0,70
22,2,0,44
22,32,0,29
22,52,0,52
22,63,0,85
22,27,0,97
22,50,0,74
22,59,0,56
22,41,0,81
22,49,0,75
22,0,0,40
22,15,0,48
22,62,0,59
22,39,1,77
22,23,0,35
22,19,0,55
22,16,0,33
22,34,1,62
22,70,0,44
22,65,0,50
22,53,0,61
22,17,0,90
22,3,0,58
22,8,0,45
22,13,1,86
22,62,0,52
22,19,0,65
22,21,0,53
22,43,1,80
22,71,0,38
22,47,0,52
22,56,0,80
22,31,0,104
22,2,0,100
22,50,0,47
22,50,0,27
22,14,0,65
22,67,0,60
22,36,0,44
22,64,0,79
22,54,0,43
22,47,1,62
22,66,0,78
22,5,1,103
22,56,0,50
22,24,0,56
22,57,0,72
22,55,0,65
22,69,0,69
22,46,0,38
22,52,0,26
22,55,1,77
22,36,0,96
22,61,1,66
22,0,0,26
22,2,0,40
22,62,0,49
22,19,0,72
22,37,0,72
22,63,0,33
22,57,0,89
22,28,0,18
22,24,0,45
22,19,1,67
22,20,0,78
23,66,1,22
23,52,1,17
23,12,0,25
23,46,0,40
23,62,1,39
23,38,1,23
23,9,0,38
23,25,1,34
23,66,1,39
23,27,1,15
23,42,1,21
23,35,1,31
23,49,1,6
23,22,1,21
23,54,1,50
23,52,1,24
23,15,1,44
23,58,1,34
23,5,1,41
23,17,1,37
23,30,1,23
23,27,1,32
23,57,1,31
23,13,1,31
23,9,1,47
23,70,1,19
23,18,1,18
23,15,1,29
23,40,0,33
23,57,1,25
23,60,1,38
23,18,0,39
23,62,1,19
23,40,1,16
23,32,0,39
23,59,1,28
23,38,1,37
23,14,0,29
23,28,1,23
23,5,1,23
23,43,0,29
23,65,1,36
23,5,1,25
23,3,0,6
23,25,1,29
23,60,1,42
23,39,0,36
23,54,0,24
23,44,1,26
23,28,1,30
23,56,1,36
23,44,1,34
23,24,0,18
23,56,1,12
23,0,0,31
23,9,0,54
23,38,1,31
23,58,1,28
23,10,0,33
23,5,1,9
23,32,1,28
23,66,0,23
23,43,0,18
23,56,0,34
23,17,1,5
23,24,1,25
23,30,0,24
23,45,1,27
23,27,1,38
23,33,0,18
23,64,1,8
23,15,1,46
24,39,0,45
24,55,0,41
24,44,0,45
24,24,0,41
24,34,0,38
24,65,1,52
24,38,0,52
24,4,0,54
24,36,0,75
24,55,0,53
24,51,0,55
24,54,0,88
24,29,1,41
24,43,1,24
24,65,0,21
24,29,0,67
24,5,1,97
24,23,0,57
24,45,0,69
24,50,0,71
24,43,0,56
24,26,1,45
24,8,0,93
24,28,0,20
24,64,0,38
24,56,1,53
24,17,1,48
24,46,0,41
24,37,0,29
24,2,0,92
24,43,1,56
24,52,0,43
24,3,0,85
24,62,0,64
24,68,0,28
24,29,0,60
24,36,1,38
24,63,1,21
24,70,0,19
24,64,1,43
24,25,0,53
24,64,0,86
24,20,0,77
24,5,1,77
24,3,1,72
24,17,0,90
24,55,0,78
24,0,0,77
24,27,0,61
24,45,1,66
24,35,0,59
24,29,1,82
24,63,1,65
24,57,1,58
24,33,1,86
24,37,0,57
24,50,1,52
24,49,1,64
24,28,0,68
24,30,0,90
24,23,1,31
24,39,0,46
24,39,0,79
24,61,1,84
24,52,0,49
24,44,0,45
24,44,0,48
24,34,0,62
24,63,1,72
24,70,0,37
24,56,0,46
24,47,0,69
25,54,0,27
25,7,1,25
25,7,0,28
25,54,0,13
25,50,1,16
25,66,1,17
25,49,1,26
25,37,1,21
25,11,0,19
25,26,1,29
25,65,1,12
25,55,0,21
25,55,0,21
25,19,1,20
25,51,1,29
25,52,0,27
25,31,1,28
25,33,1,28
25,25,1,13
25,4,1,46
25,50,0,6
25,20,1,22
25,29,1,28
25,21,0,16
25,35,1,27
25,6,1,5
25,71,0,28
25,34,0,42
25,48,0,32
25,48,1,26
25,64,0,22
25,61,1,41
25,24,0,34
25,27,1,32
25,52,1,27
25,45,0,18
25,28,1,25
25,4,0,35
25,6,1,24
25,61,1,25
25,22,0,17
25,18,0,11
25,6,1,25
25,39,0,18
25,67,1,31
25,55,0,25
25,33,1,25
25,60,0,23
25,31,1,31
25,41,1,14
25,12,1,29
25,69,1,19
25,59,1,44
25,10,0,35
25,68,1,29
25,20,1,12
25,38,1,14
25,7,1,31
25,26,1,20
25,32,0,42
25,51,1,19
25,21,1,8
25,30,1,24
25,8,1,14
25,40,1,20
25,47,1,26
25,8,1,36
25,15,0,18
25,63,1,10
25,16,0,39
25,50,1,24
25,61,0,15
26,36,1,29
26,13,1,31
26,63,1,21
26,11,1,5
26,30,1,38
26,68,1,24
26,13,0,31
26,45,1,24
26,53,0,10
26,59,0,37
26,2,0,22
26,46,1,26
26,13,1,27
26,54,0,33
26,34,1,32
26,35,1,18
26,25,1,40
26,71,0,27
26,48,0,55
26,46,0,19
26,6,1,28
26,66,0,31
26,33,1,28
26,10,1,40
26,68,1,23
26,28,0,18
26,25,1,24
26,43,0,11
26,62,0,18
26,22,1,28
26,64,1,43
26,32,1,22
26,47,0,35
26,45,1,28
26,23,1,38
26,65,1,20
26,3,0,19
26,31,0,31
26,23,1,38
26,65,1,25
26,13,0,34
26,64,0,36
26,33,1,23
26,36,1,27
26,33,0,33
26,64,1,33
26,29,1,16
26,41,1,17
26,14,0,40
26,13,1,12
26,60,1,30
26,2,1,20
26,50,1,16
26,35,1,32
26,60,1,22
26,10,1,29
26,17,0,29
26,35,1,14
26,3,1,14
26,31,0,20
26,24,1,30
26,20,1,39
26,5,1,21
26,32,0,37
26,37,1,28
26,34,0,20
26,11,1,24
26,39,0,35
26,1,0,31
26,11,1,30
26,46,0,33
26,39,1,12
27,69,1,38
27,33,1,7
27,31,1,35
27,67,1,33
27,0,1,23
27,0,1,38
27,3,0,44
27,20,1,38
27,11,0,30
27,61,1,27
27,27,1,17
27,41,1,27
27,47,1,17
27,17,1,23
27,64,0,29
27,24,1,16
27,21,1,30
27,41,1,18
27,25,1,29
27,59,1,20
27,19,1,27
27,53,1,25
27,10,1,49
27,69,0,33
27,64,1,14
27,52,0,36
27,5,1,27
27,61,1,24
27,43,0,26
27,37,1,38
27,59,1,20
27,15,1,16
27,42,0,18
27,62,0,19
27,32,0,37
27,51,1,25
27,54,1,42
27,40,0,31
27,30,1,35
27,53,0,31
27,21,1,24
27,51,0,31
27,23,1,29
27,68,1,32
27,54,1,25
27,38,1,35
27,28,1,34
27,56,1,35
27,11,1,24
27,51,0,22
27,18,1,26
27,5,1,51
27,68,1,25
27,69,1,25
27,7,1,26
27,65,1,32
27,28,0,31
27,4,1,33
27,28,1,30
27,36,1,14
27,60,1,31
27,38,1,22
27,1,1,47
27,40,1,30
27,46,1,44
27,8,1,34
27,9,1,15
27,35,1,28
27,57,1,26
27,67,1,25
27,10,1,32
27,25,1,28
28,20,1,35
28,6,1,15
28,62,1,17
28,1,1,21
28,59,1,34
28,40,1,27
28,47,1,24
28,41,0,19
28,27,1,19
28,31,0,17
28,15,1,48
28,65,1,23
28,38,1,22
28,43,0,17
28,67,1,34
28,42,1,36
28,10,1,41
28,68,1,29
28,46,1,5
28,50,0,21
28,32,0,29
28,8,1,34
28,12,1,30
28,15,1,24
28,71,1,29
28,27,1,49
28,27,1,21
28,12,1,22
28,17,1,42
28,23,0,14
28,53,1,30
28,54,0,35
28,34,1,41
28,27,1,25
28,42,1,33
28,11,1,42
28,19,1,36
28,8,1,27
28,39,1,25
28,50,1,32
28,47,0,35
28,53,1,36
28,0,0,28
28,27,1,35
28,29,1,31
28,69,1,44
28,14,0,31
28,1,1,20
28,18,0,35
28,42,1,21
28,25,0,33
28,42,1,19
28,12,1,22
28,70,1,21
28,36,1,24
28,51,0,20
28,22,1,31
28,26,1,20
28,27,1,22
28,69,1,21
28,19,1,28
28,6,0,29
28,56,1,27
28,42,1,36
28,5,1,39
28,46,1,25
28,69,1,18
28,48,1,13
28,51,1,40
28,19,1,15
28,53,0,22
28,30,1,24
29,38,1,33
29,44,0,33
29,33,0,46
29,36,1,19
29,65,1,29
29,52,1,26
29,45,1,68
29,56,1,85
29,60,1,43
29,25,1,40
29,26,1,20
29,37,1,65
29,35,1,36
29,20,0,54
29,51,1,44
29,35,1,56
29,33,0,46
29,47,0,52
29,26,1,60
29,61,1,30
29,1,0,24
29,9,0,65
29,1,0,26
29,70,1,28
29,20,0,33
29,1,0,49
29,64,1,47
29,16,1,21
29,27,1,42
29,56,0,20
29,3,0,22
29,5,1,24
29,23,0,52
29,53,1,53
29,53,0,63
29,24,0,48
29,41,0,76
29,31,1,34
29,11,1,29
29,8,0,31
29,12,0,68
29,62,0,31
29,22,0,25
29,26,1,69
29,59,1,43
29,66,0,34
29,29,1,48
29,32,0,44
29,11,0,69
29,24,0,30
29,32,1,53
29,24,0,17
29,53,1,27
29,13,1,36
29,48,0,43
29,5,0,45
29,0,0,36
29,14,1,50
29,60,1,24
29,57,0,34
29,61,1,44
29,70,0,39
29,67,0,54
29,52,1,52
29,68,0,50
29,11,0,60
29,32,0,21
29,22,0,45
29,62,0,70
29,12,0,47
29,33,0,49
29,51,1,31
30,8,1,45
30,8,0,35
30,1,0,55
30,65,1,48
30,66,0,33
30,31,0,19
30,61,1,29
30,12,0,32
30,64,0,36
30,71,0,34
30,24,0,41
30,63,0,27
30,14,0,43
30,51,1,42
30,50,0,53
30,38,1,31
30,42,1,44
30,3,0,59
30,66,0,50
30,51,0,28
30,15,1,67
30,44,1,71
30,34,1,22
30,62,0,40
30,65,0,38
30,37,0,39
30,55,0,52
30,19,0,61
30,67,0,35
30,17,1,50
30,9,0,19
30,44,0,33
30,62,0,40
30,52,0,40
30,52,1,75
30,50,1,46
30,41,0,60
30,43,0,62
30,28,1,58
30,25,0,28
30,62,0,62
30,61,1,36
30,11,1,67
30,37,1,43
30,15,1,44
30,16,0,58
30,69,0,48
30,18,0,68
30,30,1,22
30,34,0,54
30,64,1,65
30,50,1,54
30,1,0,49
30,14,0,48
30,54,0,32
30,40,0,43
30,11,0,48
30,71,0,41
30,8,0,45
30,43,0,40
30,54,0,30
30,37,0,37
30,10,0,71
30,26,1,58
30,19,0,47
30,55,1,31
30,39,1,52
30,19,1,71
30,4,0,45
30,58,1,37
30,51,0,57
30,68,0,66
31,39,1,25
31,56,0,34
31,21,0,24
31,18,1,38
31,60,1,46
31,35,1,26
31,63,1,44
31,69,0,27
31,45,1,38
31,3,0,21
31,19,0,42
31,56,1,38
31,46,1,34
31,33,1,33
31,31,0,27
31,67,0,28
31,59,1,28
31,32,0,35
31,1,1,33
31,29,1,40
31,57,1,31
31,1,1,29
31,21,1,46
31,70,0,25
31,5,1,20
31,5,1,34
31,59,1,37
31,32,0,22
31,21,1,33
31,17,1,5
31,0,1,37
31,33,0,31
31,66,1,39
31,7,1,24
31,28,1,31
31,71,1,44
31,27,1,47
31,41,1,30
31,58,1,36
31,17,0,26
31,41,1,39
31,43,1,31
31,71,0,31
31,29,1,40
31,27,1,23
31,56,1,28
31,69,1,28
31,24,1,18
31,30,1,26
31,18,0,25
31,63,1,50
31,3,1,38
31,9,0,37
31,58,1,22
31,8,1,24
31,63,1,35
31,8,1,37
31,7,1,25
31,44,1,28
31,7,1,32
31,52,1,29
31,4,0,33
31,19,0,30
31,35,1,27
31,20,1,29
31,28,1,9
31,31,0,29
31,40,1,12
31,44,0,29
31,21,1,25
31,55,0,38
31,7,1,18
32,70,1,48
32,49,0,42
32,27,1,26
32,27,0,30
32,3,0,58
32,53,1,37
32,56,1,34
32,57,1,40
32,52,1,47
32,16,0,74
32,35,1,19
32,2,1,46
32,41,1,6
32,32,1,54
32,35,1,44
32,52,1,32
32,38,0,38
32,53,1,22
32,17,1,49
32,48,0,70
32,1,1,48
32,5,0,59
32,46,1,65
32,22,1,28
32,53,1,33
32,28,1,12
32,6,0,47
32,6,0,47
32,30,1,55
32,21,0,60
32,53,0,61
32,11,1,54
32,13,1,27
32,26,1,18
32,65,1,48
32,7,1,41
32,0,0,60
32,33,1,37
32,25,1,25
32,57,1,47
32,4,0,41
32,59,0,38
32,59,1,18
32,44,0,40
32,27,1,61
32,53,1,48
32,28,1,50
32,17,1,82
32,15,1,58
32,11,0,21
32,39,1,36
32,7,1,26
32,66,1,33
32,44,1,69
32,61,1,39
32,31,1,36
32,18,1,19
32,20,0,24
32,8,0,61
32,41,1,28
32,49,1,54
32,22,1,18
32,61,0,28
32,26,1,38
32,2,1,26
32,17,1,44
32,24,1,12
32,31,1,51
32,25,0,26
32,11,1,58
32,4,0,45
32,14,1,40
33,57,0,49
33,32,0,74
33,14,0,67
33,18,0,64
33,57,1,53
33,1,1,66
33,37,0,63
33,70,0,56
33,67,0,52
33,65,0,43
33,55,0,76
33,7,0,98
33,34,0,28
33,17,0,59
33,50,0,60
33,25,1,21
33,64,0,40
33,36,0,58
33,57,0,51
33,26,0,67
33,56,0,54
33,36,1,46
33,12,1,78
33,28,0,55
33,63,0,47
33,59,0,31
33,5,0,75
33,35,0,94
33,12,0,39
33,18,0,90
33,9,1,65
33,2,0,55
33,52,1,48
33,67,0,63
33,55,0,114
33,69,0,26
33,41,0,75
33,2,0,19
33,29,1,89
33,18,0,57
33,41,1,62
33,32,0,93
33,10,0,68
33,42,0,91
33,13,1,64
33,65,1,35
33,29,0,94
33,68,0,71
33,46,0,56
33,20,0,77
33,67,0,98
33,62,0,73
33,52,0,42
33,31,0,81
33,59,0,60
33,45,1,19
33,71,0,92
33,54,0,49
33,4,0,46
33,34,0,66
33,11,1,51
33,23,0,70
33,8,0,47
33,57,0,93
33,57,0,75
33,31,0,64
33,8,1,38
33,13,0,62
33,8,0,48
33,13,0,48
33,49,0,65
33,44,0,38
34,60,0,50
34,20,0,67
34,41,0,78
34,8,0,54
34,12,0,80
34,50,0,65
34,24,1,55
34,68,0,27
34,2,0,49
34,4,0,67
34,43,0,54
34,49,1,14
34,13,0,74
34,38,0,43
34,64,0,76
34,32,0,51
34,37,0,62
34,19,0,66
34,61,1,91
34,57,0,74
34,14,0,74
34,9,0,63
34,20,0,66
34,37,0,67
34,33,0,74
34,64,0,64
34,63,0,88
34,20,0,67
34,65,0,23
34,63,0,93
34,1,0,65
34,59,1,59
34,36,0,61
34,44,1,79
34,49,0,62
34,36,0,5
34,30,1,60
34,10,0,59
34,18,1,70
34,63,0,85
34,19,1,52
34,71,0,63
34,19,0,67
34,63,1,82
34,47,1,47
34,17,1,75
34,1,1,15
34,58,1,52
34,10,0,69
34,57,0,66
34,9,0,101
34,18,0,32
34,31,0,42
34,20,0,37
34,43,1,53
34,52,1,49
34,56,0,79
34,12,0,73
34,52,0,61
34,67,0,65
34,60,0,91
34,20,0,80
34,39,0,31
34,36,0,59
34,22,0,57
34,65,0,78
34,67,0,77
34,52,0,52
34,36,1,60
34,64,0,60
34,45,1,71
34,70,0,80
35,37,1,11
35,3,0,27
35,54,1,29
35,46,1,24
35,27,0,27
35,42,1,27
35,5,1,27
35,32,0,28
35,14,0,34
35,14,0,39
35,26,0,15
35,54,0,32
35,18,0,31
35,60,1,25
35,23,0,9
35,19,1,28
35,21,0,28
35,21,1,21
35,70,0,21
35,41,1,24
35,66,1,16
35,25,1,13
35,27,1,16
35,62,0,26
35,10,0,33
35,69,1,25
35,17,1,35
35,61,1,20
35,50,0,27
35,38,0,35
35,12,0,32
35,28,1,5
35,55,0,7
35,25,1,32
35,40,0,23
35,38,0,28
35,36,0,22
35,25,1,21
35,43,0,37
35,52,1,26
35,66,0,26
35,71,0,24
35,70,1,26
35,65,0,36
35,42,0,29
35,43,0,18
35,3,0,14
35,66,1,6
35,13,1,39
35,10,1,28
35,41,0,40
35,32,0,21
35,21,0,6
35,27,0,18
35,59,1,42
35,65,1,14
35,60,1,37
35,66,1,9
35,69,1,20
35,25,1,15
35,17,0,15
35,22,1,31
35,31,0,8
35,8,1,20
35,3,1,24
35,6,1,26
35,29,0,32
35,60,1,21
35,51,0,10
35,7,1,19
35,9,0,7
35,57,1,43
36,27,0,26
36,31,0,5
36,48,1,38
36,11,0,34
36,46,0,27
36,16,1,28
36,50,0,15
36,36,1,25
36,36,1,28
36,36,1,37
36,59,1,7
36,66,1,12
36,42,1,21
36,15,0,14
36,71,1,34
36,47,1,37
36,66,1,31
36,10,0,5
36,65,0,29
36,9,0,23
36,60,1,24
36,15,1,26
36,68,1,27
36,17,1,17
36,67,1,5
36,12,0,24
36,14,0,19
36,4,0,30
36,18,0,28
36,23,0,5
36,40,0,33
36,40,0,15
36,37,1,41
36,50,0,23
36,6,1,23
36,15,1,15
36,30,1,13
36,61,1,15
36,29,0,21
36,13,1,22
36,37,1,5
36,19,1,23
36,46,0,34
36,23,1,10
36,70,1,25
36,40,0,33
36,40,0,24
36,52,1,33
36,27,0,29
36,58,0,22
36,70,1,20
36,9,1,41
36,2,1,20
36,45,0,29
36,11,1,20
36,8,1,24
36,4,0,9
36,45,0,30
36,65,1,19
36,51,1,14
36,66,0,24
36,9,1,34
36,38,1,35
36,8,1,33
36,60,1,22
36,33,1,6
36,57,0,18
36,52,1,23
36,61,1,11
36,40,0,29
36,67,1,26
36,25,1,15
37,15,1,73
37,51,1,39
37,59,1,52
37,40,1,42
37,34,1,5
37,43,0,58
37,25,1,23
37,8,1,15
37,36,1,51
37,65,1,35
37,66,0,34
37,6,1,62
37,4,0,33
37,28,0,44
37,53,0,30
37,49,1,35
37,41,1,31
37,57,0,23
37,25,1,24
37,16,0,21
37,16,0,50
37,1,1,43
37,7,1,48
37,20,0,46
37,28,1,23
37,61,1,29
37,43,1,44
37,5,0,54
37,36,1,51
37,70,0,48
37,10,1,33
37,54,0,33
37,48,0,19
37,59,0,59
37,26,1,33
37,33,0,41
37,53,0,51
37,43,1,34
37,44,0,40
37,52,1,31
37,5,0,21
37,26,1,34
37,12,0,27
37,8,0,37
37,32,0,53
37,38,0,29
37,18,0,33
37,39,1,50
37,9,0,5
37,22,1,46
37,60,1,34
37,22,1,5
37,43,0,44
37,58,1,40
37,52,1,70
37,58,1,42
37,32,1,34
37,51,0,47
37,52,1,42
37,54,1,47
37,66,0,33
37,48,1,34
37,6,1,38
37,56,1,39
37,3,1,23
37,52,1,67
37,69,0,21
37,39,0,59
37,47,0,53
37,38,1,9
37,2,0,21
37,15,0,64
38,69,1,30
38,40,1,24
38,56,1,21
38,8,1,27
38,25,1,23
38,8,1,15
38,0,1,19
38,0,1,25
38,71,0,33
38,58,1,32
38,53,0,31
38,50,1,45
38,45,1,27
38,32,1,34
38,6,1,27
38,29,1,38
38,61,1,43
38,41,1,20
38,10,1,44
38,38,0,33
38,63,1,40
38,63,1,48
38,59,1,41
38,40,0,15
38,4,0,29
38,49,1,24
38,44,1,44
38,66,1,28
38,65,1,20
38,14,1,30
38,10,1,23
38,14,1,22
38,9,1,41
38,12,1,36
38,16,1,23
38,8,0,33
38,65,1,32
38,4,1,44
38,4,0,26
38,35,1,35
38,30,1,31
38,18,1,34
38,4,1,45
38,18,0,19
38,33,0,52
38,16,1,20
38,27,1,20
38,59,1,27
38,28,1,21
38,17,1,37
38,67,0,24
38,58,0,32
38,66,0,25
38,67,1,22
38,5,1,19
38,25,0,25
38,7,1,22
38,35,1,40
38,3,1,33
38,35,1,36
38,46,1,17
38,57,1,28
38,41,1,40
38,23,0,19
38,63,1,34
38,19,1,20
38,60,1,50
38,15,1,32
38,50,1,25
38,53,1,33
38,29,1,20
38,69,1,31
39,33,0,43
39,59,0,52
39,16,0,49
39,69,0,71
39,51,0,38
39,50,0,73
39,45,0,84
39,27,0,92
39,56,0,59
39,57,0,88
39,2,0,107
39,28,1,15
39,18,0,72
39,70,1,63
39,13,1,53
39,42,0,68
39,27,0,79
39,9,1,43
39,56,1,101
39,68,0,60
39,58,1,51
39,2,0,86
39,36,1,51
39,4,0,21
39,56,0,73
39,4,0,105
39,55,1,29
39,20,1,44
39,44,0,77
39,24,0,49
39,69,0,90
39,26,0,46
39,12,0,69
39,3,0,58
39,20,0,89
39,20,0,35
39,68,1,82
39,30,1,65
39,2,1,98
39,32,0,53
39,50,0,56
39,43,0,71
39,57,1,43
39,1,1,67
39,18,0,66
39,20,0,47
39,65,1,74
39,17,1,46
39,20,1,48
39,35,0,86
39,65,1,57
39,14,0,29
39,37,1,47
39,69,1,49
39,1,1,45
39,55,0,64
39,3,0,45
39,45,0,64
39,47,0,74
39,59,0,64
39,56,0,67
39,38,1,84
39,50,0,35
39,35,0,45
39,71,0,42
39,28,1,79
39,52,1,72
39,50,1,61
39,67,1,72
39,21,0,5
39,22,1,63
39,68,1,81
40,43,0,65
40,51,0,95
40,60,1,66
40,17,1,57
40,12,0,48
40,25,1,65
40,43,0,61
40,3,1,63
40,15,0,102
40,40,0,55
40,25,0,64
40,11,1,35
40,6,1,62
40,34,0,36
40,50,0,55
40,62,0,55
40,20,0,18
40,14,0,75
40,32,0,34
40,36,1,54
40,52,0,78
40,25,0,44
40,43,0,48
40,32,0,79
40,47,1,43
40,3,0,62
40,9,0,73
40,4,0,48
40,32,0,90
40,13,0,41
40,58,0,60
40,51,0,79
40,20,0,70
40,17,1,70
40,57,1,16
40,50,0,18
40,12,0,65
40,68,0,56
40,30,0,97
40,3,0,77
40,51,0,45
40,43,0,52
40,10,0,37
40,71,0,51
40,23,0,59
40,69,0,47
40,3,0,46
40,21,0,76
40,25,1,60
40,50,0,34
40,28,0,82
40,25,1,51
40,39,0,77
40,70,1,67
40,33,0,64
40,62,0,65
40,48,0,77
40,4,0,73
40,46,1,66
40,33,0,63
40,32,0,69
40,10,1,94
40,62,1,58
40,41,0,68
40,60,0,79
40,29,0,57
40,49,1,33
40,36,1,66
40,38,0,99
40,5,1,65
40,19,0,57
40,1,0,66
41,41,1,40
41,28,1,16
41,4,1,36
41,31,0,29
41,51,1,17
41,28,1,19
41,58,1,19
41,0,1,39
41,25,1,32
41,45,1,34
41,60,1,25
41,23,1,38
41,38,1,33
41,57,1,30
41,64,1,21
41,39,1,23
41,56,1,21
41,52,1,23
41,56,1,21
41,63,1,18
41,70,1,51
41,42,1,24
41,66,1,27
41,58,0,29
41,7,1,53
41,11,1,27
41,25,1,29
41,31,0,25
41,26,1,26
41,20,0,22
41,11,1,33
41,65,1,15
41,49,1,45
41,8,1,46
41,23,0,37
41,22,1,27
41,67,1,41
41,71,1,41
41,43,1,10
41,62,0,15
41,55,1,58
41,27,1,6
41,30,1,24
41,26,1,23
41,27,1,52
41,40,1,38
41,64,1,21
41,31,1,20
41,6,1,35
41,31,1,16
41,1,1,24
41,37,0,26
41,69,1,29
41,40,1,21
41,43,1,29
41,65,0,29
41,51,1,21
41,10,1,44
41,38,0,5
41,20,1,37
41,38,1,38
41,45,1,17
41,48,0,36
41,22,1,28
41,65,1,22
41,70,1,17
41,1,0,33
41,27,1,23
41,61,1,36
41,50,1,29
41,5,1,38
41,68,1,37
42,15,1,58
42,48,1,62
42,68,1,43
42,59,1,80
42,44,0,71
42,39,0,42
42,1,0,37
42,58,0,79
42,28,1,74
42,28,1,35
42,64,1,49
42,47,1,8
42,61,1,42
42,11,0,77
42,68,0,80
42,53,1,107
42,56,1,65
42,52,1,58
42,10,0,76
42,30,0,85
42,37,0,5
42,67,0,47
42,13,0,67
42,63,0,62
42,41,1,58
42,50,0,51
42,3,0,74
42,41,0,31
42,69,0,62
42,9,0,51
42,34,0,46
42,36,1,73
42,53,0,67
42,18,1,56
42,9,0,73
42,7,0,92
42,25,1,36
42,36,0,62
42,3,0,55
42,28,0,64
42,38,1,90
42,41,0,59
42,47,1,40
42,34,0,69
42,61,1,39
42,3,0,48
42,42,0,51
42,37,0,67
42,53,0,30
42,60,1,55
42,46,0,49
42,44,0,60
42,46,0,73
42,28,1,60
42,31,1,57
42,70,0,74
42,44,0,53
42,1,0,58
42,19,1,62
42,14,0,67
42,6,0,63
42,58,1,78
42,21,0,32
42,17,1,65
42,25,1,50
42,0,0,99
42,27,1,36
42,51,0,40
42,58,1,69
42,48,0,81
42,24,0,43
42,64,0,68
43,50,1,41
43,38,0,53
43,27,0,40
43,53,1,54
43,24,0,61
43,13,1,24
43,47,1,61
43,32,0,30
43,10,0,46
43,31,0,44
43,2,0,44
43,50,0,58
43,68,0,37
43,31,0,42
43,20,0,52
43,65,1,55
43,65,0,37
43,54,1,52
43,68,1,46
43,37,1,81
43,27,0,49
43,67,0,64
43,30,1,35
43,19,0,51
43,40,0,28
43,39,0,27
43,45,1,45
43,52,1,54
43,8,1,66
43,52,1,45
43,50,0,18
43,36,0,30
43,28,0,53
43,31,1,32
43,20,0,49
43,1,0,41
43,17,1,37
43,42,1,57
43,17,1,27
43,4,1,60
43,50,1,38
43,57,1,53
43,34,0,33
43,46,0,30
43,22,1,34
43,58,0,52
43,37,1,53
43,57,1,33
43,49,1,55
43,65,1,42
43,2,1,32
43,36,1,66
43,67,1,25
43,69,1,48
43,11,0,28
43,28,1,49
43,38,1,56
43,57,0,61
43,39,1,32
43,7,1,31
43,65,0,65
43,15,1,40
43,46,0,43
43,64,1,81
43,63,0,48
43,59,0,52
43,65,0,20
43,50,1,56
43,15,1,69
43,54,0,52
43,15,0,62
43,58,1,42
44,55,0,26
44,1,1,46
44,16,1,43
44,60,0,64
44,7,1,40
44,49,1,31
44,49,0,41
44,23,1,5
44,62,0,49
44,41,0,60
44,8,1,21
44,58,1,26
44,28,1,32
44,27,1,45
44,57,1,21
44,62,0,21
44,4,0,51
44,28,1,45
44,36,1,17
44,27,1,32
44,15,1,19
44,7,1,47
44,44,1,32
44,1,0,58
44,13,1,33
44,43,0,37
44,9,0,47
44,70,0,53
44,14,0,27
44,5,1,53
44,68,1,40
44,70,1,34
44,62,1,61
44,46,0,66
44,0,1,43
44,19,0,31
44,33,1,24
44,23,0,61
44,25,1,27
44,53,1,28
44,13,1,31
44,62,0,56
44,67,0,30
44,20,0,34
44,5,1,24
44,37,0,34
44,24,0,44
44,30,1,47
44,23,1,52
44,55,0,50
44,15,0,31
44,11,1,37
44,31,0,28
44,17,0,63
44,55,0,40
44,13,1,34
44,32,0,65
44,11,0,54
44,46,1,9
44,9,0,47
44,38,1,28
44,66,0,29
44,64,1,41
44,6,1,52
44,34,0,22
44,59,0,38
44,47,1,15
44,32,0,59
44,64,0,39
44,8,1,26
44,15,0,15
44,22,0,52
45,39,1,30
45,1,1,24
45,17,1,33
45,13,1,22
45,25,1,18
45,51,0,17
45,8,0,35
45,36,1,33
45,53,1,39
45,54,1,45
45,37,1,42
45,33,1,16
45,14,1,22
45,59,1,29
45,60,1,24
45,8,1,31
45,15,1,33
45,27,1,23
45,60,1,28
45,50,1,6
45,68,1,29
45,65,1,43
45,23,1,39
45,65,1,28
45,31,0,41
45,40,1,21
45,38,1,17
45,65,1,30
45,54,0,23
45,68,1,21
45,2,1,20
45,59,0,23
45,48,0,25
45,64,1,31
45,17,1,25
45,56,1,33
45,41,1,29
45,67,1,40
45,4,1,35
45,53,0,35
45,25,1,14
45,27,0,34
45,65,1,33
45,49,1,5
45,12,0,19
45,33,0,31
45,71,0,36
45,65,1,13
45,21,1,40
45,68,1,43
45,37,0,42
45,64,1,28
45,28,1,34
45,51,0,38
45,41,0,28
45,56,1,13
45,7,1,24
45,5,1,55
45,21,1,44
45,36,0,12
45,19,0,30
45,48,0,29
45,55,1,26
45,18,0,49
45,32,0,15
45,7,1,26
45,36,1,30
45,34,1,13
45,9,1,38
45,5,1,34
45,37,1,29
45,57,1,46
46,41,1,51
46,51,1,32
46,1,0,35
46,18,1,47
46,15,1,42
46,54,0,71
46,61,1,34
46,35,0,58
46,5,1,57
46,45,0,33
46,4,0,64
46,62,1,57
46,16,0,45
46,70,0,25
46,60,1,29
46,42,1,32
46,53,0,38
46,16,1,34
46,43,1,21
46,35,1,40
46,30,1,39
46,53,0,45
46,53,1,41
46,67,0,50
46,36,1,34
46,52,1,66
46,31,1,51
46,57,0,45
46,16,1,40
46,44,1,66
46,67,1,43
46,46,0,40
46,12,1,18
46,13,1,47
46,22,1,26
46,7,1,29
46,51,0,23
46,34,0,49
46,46,1,41
46,37,0,43
46,11,0,42
46,57,0,47
46,28,0,53
46,37,0,18
46,56,1,54
46,41,1,42
46,4,0,28
46,11,1,59
46,10,1,58
46,51,1,44
46,67,1,67
46,57,0,47
46,31,0,76
46,63,0,44
46,35,1,33
46,17,1,33
46,13,1,38
46,28,1,53
46,71,0,38
46,5,1,37
46,62,1,46
46,45,1,31
46,43,0,43
46,25,0,42
46,32,0,41
46,7,1,29
46,41,1,28
46,6,0,10
46,3,0,26
46,2,0,55
46,13,0,42
46,39,1,42
47,28,0,45
47,42,1,21
47,2,0,37
47,4,0,45
47,44,1,45
47,28,1,10
47,27,0,28
47,10,0,32
47,0,0,53
47,46,0,28
47,43,0,55
47,15,1,27
47,63,1,76
47,47,1,40
47,42,1,24
47,33,1,35
47,47,1,78
47,59,0,20
47,58,0,30
47,60,1,17
47,15,0,23
47,9,0,44
47,49,0,29
47,41,1,53
47,58,0,18
47,30,0,56
47,46,0,26
47,5,0,36
47,34,0,40
47,10,0,45
47,71,0,46
47,48,0,13
47,69,0,44
47,6,0,58
47,43,0,35
47,30,0,30
47,34,0,42
47,21,1,62
47,62,1,44
47,61,1,38
47,10,0,41
47,30,0,33
47,32,0,45
47,25,1,39
47,19,1,54
47,31,0,41
47,11,1,47
47,59,0,26
47,51,1,45
47,36,1,25
47,69,0,66
47,3,1,38
47,28,0,34
47,40,1,20
47,68,0,33
47,29,1,23
47,55,0,36
47,41,1,62
47,25,1,45
47,70,0,64
47,23,0,27
47,40,1,18
47,67,0,27
47,32,0,45
47,52,1,29
47,28,0,21
47,3,0,41
47,60,1,5
47,69,0,39
47,47,0,38
47,64,1,29
47,46,0,20
48,13,1,41
48,32,0,67
48,57,0,9
48,9,0,46
48,45,1,42
48,65,1,30
48,44,1,54
48,50,0,54
48,20,0,45
48,19,0,13
48,31,0,54
48,37,1,49
48,28,1,25
48,0,1,52
48,26,1,47
48,42,1,64
48,45,0,45
48,42,1,63
48,36,1,40
48,31,1,43
48,4,1,44
48,26,1,39
48,39,1,45
48,20,1,46
48,5,1,33
48,28,1,55
48,61,1,30
48,37,1,50
48,21,1,48
48,31,0,55
48,13,1,45
48,0,0,21
48,41,0,39
48,17,0,27
48,29,1,45
48,10,0,34
48,52,0,62
48,10,1,53
48,27,1,31
48,53,0,13
48,57,0,32
48,40,0,44
48,18,0,28
48,53,1,79
48,49,1,46
48,47,0,39
48,54,0,28
48,13,1,68
48,55,1,53
48,25,0,47
48,14,0,62
48,33,1,40
48,44,1,40
48,10,1,59
48,40,0,5
48,2,1,64
48,45,1,42
48,28,1,58
48,16,0,37
48,1,0,39
48,21,1,57
48,24,1,30
48,23,0,39
48,35,0,40
48,15,1,35
48,49,0,77
48,16,0,48
48,41,1,16
48,69,0,43
48,54,1,49
48,55,1,53
48,68,1,34
49,15,0,36
49,29,0,41
49,34,0,62
49,18,1,64
49,66,0,82
49,25,1,25
49,0,0,59
49,70,1,55
49,20,0,62
49,68,0,20
49,5,1,68
49,59,0,72
49,56,0,61
49,59,0,69
49,69,0,89
49,50,1,51
49,66,0,52
49,29,1,31
49,53,0,84
49,41,0,47
49,12,0,77
49,53,1,50
49,34,0,61
49,58,0,73
49,39,0,15
49,35,1,49
49,35,0,58
49,37,0,95
49,7,1,81
49,62,0,75
49,24,0,83
49,61,1,66
49,17,0,48
49,9,0,58
49,56,0,76
49,19,1,51
49,39,0,39
49,41,1,63
49,59,1,67
49,50,0,51
49,33,0,49
49,50,0,63
49,6,0,32
49,11,1,53
49,39,1,54
49,39,1,79
49,21,0,70
49,17,0,79
49,52,0,36
49,52,1,76
49,43,0,48
49,31,0,40
49,43,0,78
49,55,0,66
49,26,1,37
49,58,0,81
49,14,0,35
49,32,0,91
49,61,1,75
49,67,0,56
49,43,0,81
49,30,1,47
49,56,0,34
49,50,0,24
49,37,0,66
49,54,0,64
49,68,0,84
49,22,1,77
49,50,1,86
49,65,1,66
49,38,0,64
49,20,0,85
50,13,1,34
50,47,0,39
50,39,0,27
50,64,1,7
50,30,1,20
50,24,1,27
50,42,0,18
50,39,0,42
50,4,0,23
50,5,1,15
50,9,0,21
50,43,1,25
50,20,1,28
50,38,0,27
50,17,1,30
50,3,0,17
50,62,0,29
50,14,1,30
50,18,0,17
50,30,1,37
50,50,1,39
50,13,0,24
50,58,0,25
50,52,0,16
50,26,1,15
50,11,0,29
50,58,1,27
50,13,0,21
50,48,1,21
50,35,0,23
50,69,0,27
50,16,0,25
50,6,0,26
50,15,1,18
50,66,1,32
50,8,0,25
50,3,1,26
50,59,1,18
50,26,1,20
50,5,1,27
50,38,1,32
50,26,1,15
50,1,0,33
50,5,1,21
50,30,1,21
50,3,0,24
50,10,1,18
50,3,0,8
50,60,0,37
50,5,1,33
50,37,1,26
50,48,1,26
50,15,0,12
50,34,0,32
50,35,0,33
50,34,1,37
50,70,0,10
50,24,0,8
50,45,0,31
50,35,0,30
50,10,1,25
50,65,1,31
50,23,0,29
50,47,1,13
50,66,1,24
50,54,1,15
50,9,0,39
50,69,0,23
50,53,1,35
50,8,0,8
50,65,1,42
50,38,0,16
51,24,1,35
51,51,1,29
51,65,1,26
51,67,0,17
51,30,1,17
51,57,1,34
51,2,0,57
51,0,1,32
51,35,1,34
51,29,1,24
51,19,0,24
51,5,1,23
51,46,0,16
51,19,0,31
51,14,0,25
51,8,1,26
51,10,0,10
51,0,0,13
51,61,1,40
51,39,0,43
51,51,1,30
51,62,1,42
51,30,1,33
51,48,0,9
51,54,0,32
51,46,0,33
51,63,1,38
51,64,1,41
51,64,1,37
51,19,0,28
51,17,1,22
51,30,1,20
51,38,1,39
51,38,0,25
51,28,1,11
51,32,0,25
51,39,1,21
51,46,1,26
51,24,1,38
51,38,1,12
51,36,1,20
51,48,1,38
51,8,1,23
51,9,0,9
51,18,1,30
51,71,1,27
51,65,1,21
51,65,1,30
51,46,1,29
51,28,1,29
51,9,0,36
51,12,1,34
51,9,1,32
51,53,1,38
51,49,1,22
51,9,0,17
51,0,0,28
51,48,1,5
51,19,0,23
51,21,1,5
51,65,0,38
51,28,1,24
51,61,1,30
51,61,1,36
51,27,1,43
51,61,1,25
51,64,1,25
51,67,0,26
51,51,1,32
51,64,1,14
51,62,1,30
51,55,1,43
52,10,0,28
52,0,0,90
52,40,0,67
52,33,0,48
52,36,0,60
52,56,0,42
52,8,1,64
52,65,1,36
52,67,0,76
52,71,0,45
52,24,0,47
52,52,0,48
52,67,0,74
52,14,1,62
52,64,1,85
52,10,0,53
52,39,0,42
52,17,0,71
52,65,0,80
52,22,1,40
52,42,1,65
52,55,0,68
52,39,0,46
52,11,1,120
52,71,0,44
52,30,1,88
52,22,0,11
52,61,1,43
52,11,1,89
52,70,0,42
52,43,0,53
52,48,0,64
52,25,0,58
52,30,0,82
52,49,1,39
52,71,0,39
52,58,0,34
52,40,0,37
52,62,0,64
52,71,0,43
52,49,1,38
52,56,0,82
52,32,0,31
52,32,1,58
52,32,0,27
52,33,0,57
52,12,0,75
52,32,0,33
52,17,0,88
52,57,0,36
52,17,0,88
52,44,0,30
52,18,0,63
52,61,1,74
52,36,1,56
52,23,0,51
52,6,1,54
52,70,0,81
52,13,0,70
52,13,0,44
52,56,0,40
52,46,0,45
52,37,1,38
52,60,0,82
52,4,0,51
52,1,1,60
52,64,0,32
52,24,1,16
52,40,0,60
52,8,0,64
52,30,1,39
52,58,0,41
53,4,1,24
53,10,1,50
53,69,1,44
53,60,1,60
53,20,1,16
53,45,0,56
53,27,1,16
53,42,1,34
53,4,1,66
53,45,0,61
53,13,1,78
53,42,1,32
53,23,0,50
53,23,0,34
53,65,1,46
53,8,1,21
53,44,0,46
53,22,0,30
53,70,1,36
53,36,1,62
53,66,0,45
53,53,1,81
53,27,1,56
53,7,0,28
53,39,0,33
53,10,1,33
53,11,0,63
53,68,0,18
53,52,1,66
53,42,1,62
53,66,0,40
53,46,0,42
53,52,1,46
53,64,1,39
53,41,1,36
53,27,1,53
53,48,0,60
53,67,0,45
53,9,0,32
53,47,1,67
53,47,1,42
53,70,1,54
53,33,1,26
53,1,0,51
53,16,1,34
53,34,0,45
53,23,0,40
53,11,1,61
53,13,1,35
53,60,1,44
53,19,0,56
53,40,1,60
53,43,0,41
53,10,0,46
53,57,1,34
53,5,1,34
53,36,0,34
53,29,1,83
53,15,1,32
53,6,1,47
53,8,1,67
53,3,1,53
53,41,1,64
53,14,0,31
53,61,1,44
53,63,0,60
53,20,0,24
53,47,1,51
53,71,0,48
53,43,0,37
53,32,0,72
53,49,1,91
54,2,0,67
54,13,0,23
54,45,1,90
54,48,0,81
54,60,0,93
54,46,0,58
54,47,0,82
54,48,0,68
54,49,0,56
54,11,1,31
54,6,0,69
54,35,1,85
54,70,0,52
54,16,0,58
54,0,0,66
54,61,0,82
54,23,0,35
54,38,0,81
54,58,1,61
54,12,0,67
54,25,1,97
54,54,0,42
54,41,0,74
54,57,0,55
54,25,1,68
54,53,1,55
54,70,0,64
54,10,0,85
54,19,0,59
54,1,0,56
54,32,0,60
54,0,0,45
54,54,0,96
54,70,0,59
54,24,0,81
54,66,0,40
54,16,1,43
54,19,0,54
54,35,0,53
54,46,1,63
54,41,0,71
54,55,0,18
54,54,0,72
54,36,0,43
54,67,0,73
54,0,0,51
54,44,0,88
54,65,0,40
54,50,0,78
54,11,1,36
54,5,1,65
54,14,0,88
54,58,0,82
54,5,1,72
54,12,0,62
54,63,0,90
54,20,1,77
54,8,0,58
54,33,0,38
54,53,0,65
54,70,0,51
54,24,0,56
54,51,0,80
54,11,0,62
54,2,0,62
54,12,0,36
54,44,0,86
54,58,0,37
54,16,1,88
54,69,0,59
54,36,0,74
54,60,0,68
55,42,1,30
55,40,0,12
55,30,0,29
55,43,0,62
55,70,0,34
55,58,1,50
55,40,1,60
55,14,0,32
55,26,1,40
55,29,1,32
55,56,1,60
55,19,1,42
55,51,0,37
55,42,1,68
55,63,0,29
55,44,1,40
55,11,1,47
55,19,1,56
55,23,0,14
55,41,1,49
55,66,1,40
55,6,1,40
55,41,1,37
55,65,0,39
55,26,1,40
55,62,1,55
55,61,1,38
55,14,0,55
55,46,0,30
55,58,1,44
55,1,0,35
55,68,1,48
55,60,1,45
55,44,1,46
55,36,1,49
55,44,0,19
55,8,0,43
55,61,0,47
55,63,1,28
55,42,1,42
55,52,0,46
55,67,0,42
55,28,1,57
55,20,0,54
55,18,0,47
55,32,0,30
55,30,1,43
55,15,1,46
55,13,1,50
55,29,0,44
55,26,1,18
55,23,0,46
55,41,0,39
55,70,1,48
55,50,1,47
55,68,1,65
55,2,1,47
55,49,0,50
55,29,0,34
55,20,0,40
55,70,1,66
55,0,0,45
55,32,1,34
55,43,0,37
55,32,0,48
55,4,0,38
55,6,0,27
55,16,0,24
55,28,1,37
55,63,0,52
55,23,0,35
55,33,1,29
56,11,1,33
56,29,1,33
56,57,1,31
56,19,1,12
56,61,1,74
56,53,1,32
56,7,0,40
56,55,1,20
56,35,1,52
56,37,0,43
56,30,1,23
56,30,1,41
56,67,0,46
56,56,1,34
56,57,1,47
56,6,1,28
56,50,1,74
56,38,0,31
56,12,0,40
56,41,0,27
56,33,1,15
56,15,1,22
56,50,0,37
56,37,0,45
56,22,0,45
56,38,0,26
56,53,0,40
56,4,1,53
56,14,0,46
56,44,0,36
56,49,1,27
56,1,1,39
56,60,1,55
56,6,1,67
56,15,0,56
56,37,0,15
56,62,0,61
56,16,1,53
56,59,1,51
56,68,0,37
56,14,0,47
56,2,1,36
56,23,0,25
56,51,1,20
56,54,0,42
56,50,1,53
56,68,1,58
56,50,0,23
56,43,0,46
56,47,0,38
56,22,1,47
56,47,1,39
56,58,1,12
56,21,0,20
56,56,0,22
56,41,0,34
56,40,0,52
56,23,0,58
56,69,0,47
56,64,1,42
56,32,0,42
56,0,0,42
56,69,0,61
56,54,1,44
56,7,0,40
56,52,1,45
56,35,1,68
56,25,1,53
56,34,1,42
56,44,0,32
56,49,1,49
56,27,0,61
57,29,0,32
57,53,0,30
57,20,0,26
57,46,1,7
57,67,1,9
57,5,1,26
57,56,1,21
57,7,1,30
57,22,0,17
57,5,1,41
57,14,0,25
57,29,1,26
57,57,1,23
57,22,1,24
57,13,1,24
57,43,1,31
57,22,0,27
57,1,1,20
57,6,1,24
57,24,0,32
57,46,1,19
57,67,0,39
57,31,0,27
57,46,1,46
57,54,0,39
57,16,1,21
57,9,1,28
57,13,1,43
57,38,1,21
57,52,1,16
57,46,1,15
57,17,1,30
57,67,1,48
57,3,0,22
57,66,1,41
57,56,0,38
57,5,1,37
57,53,1,36
57,21,1,5
57,45,1,42
57,35,1,42
57,15,0,43
57,37,0,42
57,66,0,35
57,33,1,41
57,39,1,24
57,57,1,37
57,59,0,29
57,69,0,27
57,35,1,34
57,66,1,27
57,69,0,15
57,14,1,16
57,52,1,15
57,50,0,36
57,60,1,32
57,34,1,26
57,34,1,9
57,38,1,25
57,71,0,44
57,45,0,35
57,46,1,30
57,38,1,49
57,49,1,37
57,18,1,30
57,16,1,10
57,10,1,39
57,67,0,21
57,47,1,28
57,62,1,31
57,61,1,18
57,13,1,32
58,49,1,63
58,36,1,67
58,61,1,70
58,55,0,75
58,10,1,40
58,62,0,55
58,14,0,23
58,68,1,108
58,19,0,53
58,31,0,53
58,58,0,59
58,13,1,54
58,3,1,110
58,27,0,42
58,63,1,26
58,2,1,69
58,71,0,41
58,15,0,54
58,4,0,37
58,46,1,106
58,17,0,54
58,69,0,59
58,22,0,36
58,41,0,35
58,31,1,51
58,7,1,91
58,34,0,100
58,71,0,47
58,37,0,48
58,52,1,38
58,46,0,56
58,69,0,88
58,34,0,60
58,30,1,53
58,65,1,41
58,69,1,48
58,15,0,54
58,8,0,38
58,22,0,118
58,6,0,61
58,43,1,75
58,54,0,92
58,22,0,61
58,71,0,29
58,60,0,14
58,46,0,60
58,49,1,86
58,3,0,49
58,19,0,90
58,23,0,37
58,3,0,71
58,55,1,69
58,62,0,84
58,52,1,47
58,62,0,63
58,18,1,49
58,8,0,71
58,63,0,82
58,16,0,76
58,68,0,55
58,40,0,72
58,36,0,67
58,65,1,63
58,34,1,46
58,61,1,46
58,21,0,78
58,57,0,76
58,39,0,88
58,25,0,34
58,2,0,68
58,2,0,63
58,52,1,86
59,49,1,41
59,43,1,33
59,49,0,51
59,55,1,40
59,29,1,25
59,0,1,34
59,54,0,39
59,11,1,37
59,29,1,31
59,6,1,32
59,17,0,58
59,66,0,61
59,32,0,50
59,5,1,35
59,0,1,41
59,12,0,74
59,1,1,75
59,61,1,49
59,4,1,19
59,15,1,58
59,44,0,29
59,56,1,37
59,51,1,39
59,10,1,35
59,28,0,9
59,65,1,26
59,13,0,58
59,8,1,45
59,22,1,51
59,28,1,55
59,27,1,18
59,53,1,24
59,39,0,41
59,4,0,34
59,45,1,67
59,7,1,19
59,3,0,5
59,47,1,34
59,64,1,45
59,58,1,56
59,9,0,56
59,33,0,15
59,24,0,30
59,8,0,39
59,71,0,34
59,17,1,41
59,9,0,37
59,13,0,37
59,54,1,31
59,55,1,59
59,62,0,23
59,66,0,51
59,38,1,30
59,71,0,36
59,62,1,41
59,22,0,57
59,13,1,51
59,33,1,33
59,1,0,49
59,68,1,34
59,24,0,48
59,53,1,54
59,32,0,40
59,11,1,51
59,71,0,40
59,45,0,45
59,54,0,25
59,61,0,33
59,44,0,42
59,52,1,5
59,43,1,24
59,65,0,36
60,38,1,25
60,45,0,14
60,27,1,24
60,33,1,7
60,21,1,32
60,48,1,33
60,40,0,39
60,24,0,30
60,42,1,20
60,1,1,33
60,51,1,33
60,48,1,37
60,57,1,43
60,27,1,39
60,24,1,25
60,4,0,24
60,35,1,24
60,38,1,39
60,27,1,23
60,67,1,33
60,69,1,29
60,6,1,27
60,22,1,35
60,8,1,29
60,20,0,27
60,25,1,21
60,23,1,43
60,9,1,32
60,32,0,29
60,36,1,37
60,13,1,15
60,22,1,25
60,52,1,14
60,70,1,30
60,52,1,31
60,6,1,19
60,32,1,24
60,51,1,31
60,59,1,35
60,37,1,47
60,6,1,43
60,55,0,34
60,15,0,44
60,63,1,30
60,47,1,40
60,43,0,26
60,2,1,5
60,41,1,34
60,21,1,11
60,31,0,43
60,37,0,34
60,56,1,22
60,0,0,46
60,4,1,22
60,46,1,26
60,49,1,42
60,24,0,35
60,70,1,34
60,52,1,24
60,22,1,41
60,29,1,12
60,36,1,37
60,39,1,24
60,17,1,38
60,57,1,53
60,15,1,29
60,27,1,24
60,67,0,14
60,58,1,28
60,37,1,56
60,9,0,50
60,57,1,27
61,17,0,96
61,0,0,69
61,16,0,48
61,21,0,21
61,37,0,71
61,38,0,55
61,41,0,71
61,2,0,76
61,21,0,88
61,18,0,66
61,2,1,88
61,50,0,102
61,48,0,65
61,12,0,63
61,2,0,57
61,31,0,54
61,63,0,37
61,61,1,62
61,13,1,41
61,53,0,80
61,66,0,64
61,43,0,83
61,58,0,57
61,24,1,5
61,40,0,81
61,19,0,71
61,57,0,78
61,41,1,85
61,25,1,95
61,63,1,29
61,12,0,58
61,45,0,49
61,67,0,61
61,22,0,42
61,31,0,62
61,29,0,96
61,30,1,78
61,56,0,57
61,44,0,92
61,27,0,53
61,12,0,34
61,14,0,26
61,60,0,79
61,37,0,40
61,61,1,53
61,50,0,58
61,55,0,79
61,29,0,55
61,0,0,36
61,64,0,67
61,13,1,32
61,3,0,47
61,29,0,50
61,37,1,41
61,28,0,22
61,51,0,45
61,19,0,18
61,34,0,54
61,51,0,34
61,18,0,55
61,44,0,38
61,61,1,16
61,44,0,76
61,44,0,73
61,12,1,53
61,57,1,65
61,51,0,78
61,18,0,39
61,0,0,56
61,15,0,64
61,43,0,62
61,19,1,24
62,68,0,63
62,38,0,51
62,48,0,114
62,58,1,23
62,45,0,39
62,4,0,71
62,34,0,47
62,67,0,60
62,33,0,49
62,58,1,16
62,59,0,66
62,68,0,92
62,54,0,61
62,2,1,67
62,2,0,45
62,29,0,61
62,7,0,63
62,53,0,33
62,47,0,35
62,22,0,45
62,0,0,56
62,64,0,77
62,40,1,55
62,56,0,47
62,37,0,46
62,43,0,69
62,63,0,45
62,57,1,57
62,51,0,53
62,58,0,73
62,44,1,75
62,19,0,25
62,21,0,71
62,11,0,66
62,64,0,56
62,65,0,72
62,20,1,40
62,35,0,92
62,41,0,68
62,13,0,86
62,17,0,70
62,5,1,69
62,44,0,85
62,56,1,73
62,11,0,14
62,50,0,41
62,71,0,76
62,13,1,39
62,38,0,49
62,6,0,61
62,50,0,88
62,22,0,64
62,52,1,24
62,57,1,61
62,50,0,84
62,30,0,81
62,23,0,39
62,59,0,54
62,24,1,76
62,5,0,56
62,34,0,60
62,42,0,51
62,47,1,86
62,16,0,46
62,43,0,43
62,60,1,63
62,18,0,60
62,36,1,53
62,9,0,81
62,61,1,59
62,29,0,61
62,35,1,66
63,54,0,23
63,66,0,33
63,1,1,13
63,33,1,47
63,43,0,5
63,22,1,33
63,2,1,11
63,35,1,22
63,65,1,13
63,5,1,25
63,22,1,31
63,17,1,15
63,65,1,37
63,13,1,7
63,16,1,25
63,8,0,29
63,25,1,31
63,25,1,21
63,51,1,27
63,44,1,19
63,29,1,20
63,46,1,32
63,61,1,23
63,35,1,45
63,63,1,29
63,28,1,35
63,2,1,30
63,70,1,24
63,53,0,17
63,63,0,21
63,38,1,21
63,23,0,32
63,49,1,40
63,22,1,26
63,18,1,36
63,26,1,36
63,4,0,25
63,60,1,41
63,69,1,42
63,46,1,39
63,38,1,32
63,2,1,5
63,28,0,39
63,10,1,35
63,16,1,31
63,21,1,42
63,32,0,37
63,3,1,23
63,23,0,23
63,1,0,34
63,15,1,38
63,17,1,27
63,64,0,30
63,7,1,20
63,68,1,18
63,29,1,25
63,71,1,37
63,67,1,17
63,7,1,34
63,25,1,44
63,44,0,27
63,49,1,28
63,4,1,17
63,64,0,49
63,26,1,34
63,40,1,26
63,17,0,36
63,8,1,24
63,3,0,27
63,5,1,35
63,21,1,28
63,54,1,27
64,66,1,20
64,60,0,42
64,25,1,45
64,27,1,36
64,40,0,79
64,15,0,33
64,59,0,63
64,48,1,44
64,66,0,46
64,54,1,51
64,56,1,51
64,55,1,29
64,25,1,49
64,14,0,51
64,10,1,22
64,31,0,28
64,35,1,41
64,62,0,59
64,49,0,38
64,67,1,35
64,20,1,57
64,17,1,37
64,54,1,61
64,4,0,59
64,54,0,23
64,1,1,61
64,50,0,23
64,28,1,48
64,23,1,43
64,11,0,52
64,70,1,54
64,21,1,36
64,16,1,59
64,9,1,68
64,43,0,50
64,37,0,42
64,34,0,43
64,11,0,28
64,61,1,21
64,64,1,56
64,22,1,23
64,4,0,37
64,1,1,16
64,25,0,28
64,32,0,25
64,65,0,62
64,7,1,56
64,38,0,45
64,47,1,37
64,48,0,37
64,38,1,69
64,29,0,46
64,54,1,44
64,62,0,42
64,18,0,33
64,70,1,30
64,13,1,35
64,33,0,46
64,14,0,55
64,56,0,39
64,61,1,18
64,64,1,16
64,3,0,61
64,61,1,37
64,10,1,28
64,16,1,55
64,66,0,12
64,31,1,33
64,56,1,30
64,15,1,80
64,59,1,44
64,16,1,33
65,35,0,55
65,21,0,56
65,8,0,52
65,64,1,26
65,41,0,42
65,37,0,31
65,30,0,39
65,39,1,33
65,31,0,46
65,15,1,50
65,68,1,27
65,20,1,48
65,6,0,36
65,62,0,44
65,61,1,39
65,63,0,47
65,21,1,18
65,3,0,57
65,69,0,62
65,59,1,37
65,2,1,48
65,43,0,48
65,51,0,34
65,8,0,42
65,12,1,43
65,70,1,62
65,59,1,62
65,51,1,53
65,8,1,49
65,45,0,25
65,31,0,49
65,49,1,85
65,32,0,16
65,57,0,55
65,67,0,43
65,58,1,39
65,43,0,44
65,39,0,73
65,59,0,41
65,40,0,53
65,2,1,47
65,31,0,40
65,64,0,49
65,7,0,55
65,10,1,60
65,25,1,61
65,47,0,44
65,51,0,53
65,29,0,40
65,35,1,43
65,21,1,39
65,46,0,59
65,54,0,32
65,52,1,64
65,69,1,39
65,24,0,30
65,56,0,52
65,53,0,30
65,30,1,48
65,62,1,56
65,67,0,36
65,18,0,63
65,56,1,44
65,0,0,49
65,66,0,41
65,54,0,65
65,13,1,67
65,12,1,11
65,27,0,39
65,62,0,54
65,48,1,62
65,22,1,56
66,60,0,42
66,24,0,25
66,34,1,35
66,50,0,29
66,7,1,44
66,15,1,51
66,30,1,31
66,11,0,34
66,21,1,74
66,14,0,5
66,14,0,26
66,45,0,32
66,9,0,14
66,54,0,25
66,51,0,49
66,42,1,40
66,58,1,48
66,49,1,5
66,69,0,29
66,70,1,34
66,44,1,22
66,57,1,36
66,66,1,47
66,6,1,48
66,65,1,37
66,37,1,61
66,43,0,55
66,23,1,26
66,31,0,35
66,48,0,17
66,25,1,23
66,46,1,31
66,7,1,26
66,16,0,74
66,25,1,26
66,63,1,37
66,25,0,40
66,10,0,27
66,24,0,13
66,27,0,27
66,58,1,34
66,36,0,42
66,33,1,17
66,41,1,34
66,51,0,11
66,50,1,27
66,26,1,68
66,24,0,58
66,42,1,47
66,20,0,26
66,67,0,48
66,26,1,14
66,42,1,5
66,44,1,51
66,65,1,33
66,28,1,46
66,13,1,43
66,50,1,58
66,18,0,49
66,61,0,43
66,29,0,54
66,58,1,34
66,21,0,46
66,18,1,51
66,16,1,30
66,46,0,25
66,71,0,48
66,50,1,53
66,56,0,23
66,38,0,37
66,71,1,61
66,20,0,78
67,53,0,86
67,21,0,85
67,24,1,69
67,34,0,32
67,19,1,56
67,17,0,104
67,30,1,94
67,25,1,35
67,20,0,68
67,59,1,69
67,3,1,73
67,3,0,44
67,6,0,38
67,59,0,27
67,59,0,68
67,11,0,62
67,63,1,59
67,24,0,72
67,9,0,43
67,32,0,80
67,20,0,41
67,2,1,41
67,17,1,104
67,65,1,84
67,3,1,37
67,56,0,75
67,55,1,60
67,32,0,42
67,13,0,65
67,19,0,35
67,52,1,45
67,7,0,68
67,55,1,58
67,59,0,56
67,17,0,53
67,49,1,20
67,67,0,89
67,65,1,82
67,5,0,75
67,27,0,72
67,61,1,54
67,15,0,53
67,53,0,81
67,20,1,48
67,37,0,74
67,10,0,5
67,34,1,61
67,50,0,53
67,27,0,19
67,20,1,55
67,40,0,65
67,37,0,28
67,50,1,59
67,11,1,85
67,25,1,37
67,56,0,61
67,39,0,38
67,43,1,91
67,28,1,27
67,20,0,74
67,43,1,65
67,63,1,95
67,8,0,84
67,13,0,13
67,9,0,99
67,5,1,78
67,29,0,44
67,60,0,91
67,71,0,34
67,48,1,71
67,41,0,75
67,29,0,81
68,51,1,57
68,39,1,26
68,25,1,32
68,6,1,14
68,33,1,25
68,14,1,38
68,45,0,22
68,55,1,38
68,17,0,14
68,36,1,35
68,40,1,33
68,52,1,33
68,51,1,21
68,62,1,36
68,36,1,22
68,17,1,23
68,45,0,20
68,32,1,15
68,24,1,34
68,14,1,28
68,48,1,36
68,25,1,37
68,26,1,25
68,33,1,14
68,36,1,30
68,11,1,46
68,30,1,22
68,58,1,24
68,23,0,54
68,63,1,15
68,11,1,36
68,35,1,34
68,20,0,26
68,28,1,39
68,11,0,43
68,31,0,28
68,44,1,21
68,60,1,38
68,23,1,26
68,49,1,21
68,51,1,23
68,6,1,9
68,13,0,35
68,34,1,44
68,16,1,28
68,28,1,31
68,43,1,27
68,58,1,33
68,10,1,41
68,8,1,25
68,21,1,27
68,54,1,51
68,10,1,25
68,49,1,29
68,18,1,21
68,41,1,43
68,11,0,30
68,17,1,28
68,43,0,32
68,54,1,42
68,29,1,9
68,17,1,12
68,58,1,11
68,41,1,37
68,36,1,21
68,18,1,33
68,7,1,23
68,30,1,25
68,13,1,28
68,7,1,33
68,25,1,28
68,16,1,25
69,1,0,48
69,58,1,48
69,44,1,50
69,34,0,49
69,35,1,27
69,39,1,48
69,52,1,21
69,7,1,41
69,67,0,62
69,1,1,5
69,17,1,42
69,24,1,48
69,61,1,34
69,17,1,26
69,46,0,13
69,39,0,8
69,16,1,42
69,17,1,26
69,52,0,69
69,52,1,22
69,65,1,57
69,17,1,68
69,44,1,38
69,66,1,64
69,66,0,26
69,5,1,54
69,66,0,55
69,41,1,23
69,40,0,55
69,1,0,27
69,49,1,32
69,67,0,39
69,25,1,49
69,32,1,49
69,62,0,29
69,47,1,29
69,14,0,42
69,48,1,48
69,4,0,23
69,47,0,39
69,56,0,39
69,5,1,40
69,0,1,54
69,71,0,80
69,63,1,56
69,49,1,41
69,60,1,36
69,33,0,20
69,57,0,57
69,60,1,65
69,23,0,43
69,63,1,40
69,35,1,43
69,67,1,30
69,36,1,41
69,55,1,54
69,52,1,34
69,57,0,49
69,69,0,38
69,11,1,17
69,23,1,46
69,25,1,33
69,64,0,56
69,15,1,52
69,26,1,51
69,18,0,40
69,26,1,29
69,25,1,48
69,18,1,57
69,5,1,30
69,41,1,39
69,8,0,46
70,10,1,40
70,24,0,48
70,52,1,32
70,31,0,47
70,56,1,25
70,52,1,35
70,46,0,39
70,14,1,46
70,57,0,35
70,24,1,39
70,36,1,42
70,58,1,24
70,30,1,28
70,41,1,37
70,41,1,29
70,34,1,43
70,25,1,35
70,31,1,46
70,19,1,45
70,23,1,33
70,26,1,34
70,57,1,19
70,14,0,25
70,3,1,21
70,39,1,30
70,18,0,34
70,29,1,41
70,65,1,60
70,21,1,30
70,58,1,35
70,8,1,27
70,27,1,28
70,0,1,39
70,24,0,35
70,66,1,12
70,26,1,42
70,57,0,34
70,56,1,19
70,37,1,39
70,21,1,46
70,40,1,22
70,44,1,20
70,52,1,25
70,68,1,40
70,42,1,29
70,57,1,29
70,32,1,33
70,39,1,29
70,53,1,49
70,71,1,22
70,6,1,23
70,4,1,46
70,43,0,30
70,4,1,42
70,19,1,24
70,50,1,25
70,59,1,56
70,18,1,5
70,30,0,16
70,18,0,23
70,62,1,39
70,65,1,25
70,56,1,24
70,44,0,37
70,23,1,16
70,42,1,19
70,5,1,53
70,42,1,16
70,0,1,33
70,41,1,31
70,16,1,14
70,57,1,38
71,42,1,31
71,16,1,21
71,71,0,32
71,11,1,38
71,56,1,15
71,55,0,35
71,65,1,45
71,18,1,25
71,38,0,49
71,55,0,65
71,28,1,43
71,61,1,59
71,33,0,62
71,11,1,34
71,32,0,32
71,22,1,41
71,7,0,36
71,56,1,56
71,9,0,31
71,59,0,54
71,55,0,57
71,34,0,36
71,3,1,39
71,33,1,53
71,47,1,34
71,16,0,44
71,70,1,41
71,13,1,50
71,39,1,37
71,23,0,58
71,66,0,26
71,13,0,5
71,62,0,58
71,0,1,40
71,59,0,28
71,58,1,51
71,2,0,68
71,34,0,40
71,27,0,63
71,46,1,34
71,34,0,53
71,62,0,63
71,1,0,50
71,18,1,43
71,39,1,34
71,27,0,32
71,32,0,46
71,48,0,40
71,58,0,25
71,43,0,36
71,0,1,25
71,50,1,32
71,14,0,45
71,10,1,23
71,33,1,57
71,16,1,15
71,53,1,56
71,55,1,49
71,25,1,51
71,45,0,40
71,50,1,52
71,40,0,29
71,63,1,46
71,32,0,47
71,49,1,35
71,39,1,65
71,14,0,38
71,52,1,46
71,15,0,5
71,13,1,45
71,1,1,25
71,71,0,45
72,29,0,77
72,14,1,33
72,12,0,81
72,44,0,53
72,43,0,62
72,15,0,71
72,9,0,55
72,0,1,65
72,48,0,53
72,9,0,56
72,52,0,59
72,20,0,46
72,1,0,51
72,12,0,79
72,56,0,71
72,27,0,45
72,67,0,72
72,56,0,86
72,35,0,79
72,67,0,82
72,14,1,52
72,69,0,41
72,16,0,103
72,30,0,49
72,37,1,55
72,44,0,46
72,5,1,68
72,55,1,73
72,16,0,73
72,4,0,52
72,48,0,5
72,68,0,50
72,44,0,70
72,8,0,59
72,19,0,60
72,30,1,59
72,47,1,43
72,3,0,19
72,62,1,34
72,40,0,62
72,68,1,36
72,23,0,46
72,69,0,53
72,19,0,67
72,14,0,81
72,25,0,78
72,51,0,58
72,55,0,60
72,33,0,39
72,62,0,70
72,59,0,45
72,54,0,20
72,53,0,68
72,68,0,83
72,35,0,72
72,12,0,48
72,41,1,65
72,16,0,60
72,26,1,38
72,21,0,50
72,40,0,62
72,35,0,51
72,44,0,73
72,35,0,49
72,34,0,10
72,8,0,49
72,61,1,27
72,56,0,69
72,35,0,41
72,68,0,70
72,7,0,71
72,16,0,61
73,28,0,53
73,50,1,38
73,51,0,38
73,36,1,32
73,2,1,7
73,0,1,38
73,42,1,23
73,51,1,38
73,30,1,40
73,29,1,50
73,11,1,36
73,61,0,59
73,57,0,36
73,67,1,43
73,46,1,43
73,26,1,45
73,61,1,33
73,67,1,24
73,19,0,44
73,4,1,49
73,8,1,23
73,22,1,36
73,13,0,44
73,39,1,45
73,17,1,42
73,67,0,19
73,50,0,39
73,7,1,73
73,11,1,41
73,1,1,46
73,61,1,36
73,50,0,60
73,29,1,46
73,13,0,48
73,43,0,41
73,63,1,34
73,64,1,54
73,56,1,31
73,14,0,39
73,41,1,16
73,68,1,19
73,39,1,47
73,37,0,45
73,64,0,38
73,8,1,41
73,35,1,36
73,46,0,38
73,3,0,52
73,27,1,50
73,27,0,54
73,5,1,51
73,70,0,21
73,4,0,39
73,49,1,48
73,67,0,33
73,43,0,13
73,49,1,40
73,29,0,54
73,24,0,69
73,60,0,51
73,49,0,36
73,26,1,42
73,62,1,53
73,52,0,45
73,10,1,61
73,47,1,55
73,6,1,51
73,8,1,44
73,52,1,31
73,3,1,46
73,58,1,57
73,7,0,20
74,8,0,38
74,47,0,28
74,17,1,28
74,4,0,50
74,57,1,31
74,60,0,18
74,69,0,47
74,53,1,22
74,68,0,31
74,22,1,24
74,56,1,31
74,12,1,32
74,42,1,14
74,64,1,39
74,1,1,32
74,48,0,6
74,44,1,20
74,55,1,40
74,20,0,29
74,40,0,21
74,38,0,28
74,58,1,49
74,19,0,32
74,16,1,18
74,70,1,41
74,51,1,39
74,21,1,48
74,21,1,34
74,6,1,24
74,10,1,20
74,14,1,31
74,9,1,33
74,55,0,26
74,16,1,29
74,12,0,32
74,27,1,40
74,40,1,22
74,40,0,20
74,51,1,29
74,1,0,23
74,42,1,26
74,67,0,23
74,12,1,43
74,17,1,36
74,28,0,19
74,57,1,44
74,21,1,21
74,54,1,27
74,1,1,32
74,21,1,21
74,64,1,28
74,24,0,42
74,61,1,9
74,53,1,16
74,31,0,37
74,69,0,18
74,57,1,29
74,71,1,25
74,71,0,39
74,27,1,26
74,69,0,26
74,19,0,25
74,55,1,22
74,31,0,14
74,46,1,27
74,39,0,17
74,37,1,45
74,60,1,28
74,40,1,34
74,29,1,24
74,0,0,19
74,7,1,36
75,11,1,64
75,70,1,62
75,28,1,55
75,5,1,67
75,20,0,58
75,24,1,28
75,28,0,30
75,28,1,47
75,63,0,47
75,11,1,66
75,57,1,21
75,71,0,35
75,36,1,73
75,55,0,21
75,48,1,55
75,24,0,49
75,6,1,50
75,71,1,49
75,66,1,35
75,26,0,23
75,71,0,14
75,41,1,34
75,8,1,53
75,50,1,52
75,33,0,19
75,64,1,31
75,42,1,50
75,53,1,69
75,48,0,51
75,3,1,90
75,16,0,49
75,45,1,63
75,61,1,47
75,40,1,52
75,22,1,38
75,24,0,30
75,59,1,46
75,46,0,40
75,24,0,20
75,54,0,53
75,6,0,40
75,16,0,62
75,61,1,22
75,35,1,44
75,41,1,47
75,45,1,69
75,65,1,73
75,7,0,44
75,61,0,51
75,15,0,46
75,42,0,42
75,29,0,59
75,34,0,58
75,3,0,33
75,43,0,36
75,33,0,48
75,35,1,61
75,37,0,56
75,23,0,40
75,41,0,70
75,46,0,28
75,46,0,56
75,13,1,37
75,16,0,74
75,30,1,41
75,10,1,36
75,14,0,40
75,38,1,60
75,33,0,57
75,67,1,30
75,60,0,59
75,62,1,42
76,37,1,31
76,49,1,24
76,44,1,22
76,57,1,26
76,0,0,5
76,34,0,19
76,37,1,6
76,21,0,21
76,39,0,21
76,37,0,18
76,10,0,44
76,15,0,21
76,44,0,29
76,34,1,21
76,34,0,17
76,44,0,37
76,13,1,12
76,38,1,20
76,68,1,33
76,48,0,30
76,26,1,16
76,11,0,29
76,49,1,34
76,60,1,41
76,34,1,24
76,36,1,21
76,69,0,23
76,69,0,32
76,21,1,35
76,65,1,23
76,54,0,30
76,24,0,37
76,29,0,23
76,39,1,17
76,30,0,31
76,26,0,31
76,69,0,37
76,28,1,16
76,41,1,26
76,36,0,20
76,22,1,14
76,9,1,11
76,21,1,27
76,57,1,16
76,4,0,36
76,5,1,5
76,64,0,13
76,38,1,29
76,23,0,15
76,16,0,35
76,15,0,6
76,32,0,29
76,60,1,16
76,15,1,15
76,61,1,30
76,20,0,9
76,36,1,18
76,18,1,27
76,49,1,23
76,11,1,15
76,26,1,46
76,9,0,14
76,45,1,15
76,46,0,23
76,32,0,13
76,21,1,23
76,62,0,23
76,44,1,31
76,1,1,39
76,42,1,20
76,62,1,37
76,53,0,41
77,51,1,26
77,9,0,7
77,20,0,32
77,52,1,31
77,1,1,18
77,66,0,21
77,0,1,25
77,59,0,24
77,70,0,37
77,8,1,19
77,0,0,21
77,56,1,28
77,44,0,34
77,2,1,32
77,61,1,32
77,3,1,23
77,6,1,36
77,32,1,13
77,25,1,5
77,67,0,27
77,5,1,37
77,55,1,21
77,63,1,43
77,17,1,8
77,23,1,11
77,56,1,12
77,58,1,45
77,3,1,5
77,28,1,32
77,16,1,28
77,55,0,28
77,9,1,13
77,61,1,11
77,33,1,26
77,14,1,28
77,10,1,21
77,6,1,28
77,11,1,12
77,40,1,15
77,35,1,29
77,22,0,37
77,37,1,30
77,34,0,28
77,42,1,25
77,32,0,29
77,29,1,27
77,65,1,9
77,54,1,33
77,63,0,15
77,27,1,37
77,15,0,17
77,39,1,26
77,12,1,13
77,1,0,6
77,22,1,23
77,71,0,31
77,3,0,36
77,16,0,9
77,9,1,12
77,60,1,11
77,4,0,23
77,47,1,14
77,60,1,26
77,29,1,28
77,67,1,26
77,19,0,24
77,48,0,31
77,26,0,15
77,18,1,25
77,2,1,28
77,32,0,32
77,65,1,19
78,49,1,23
78,71,0,45
78,55,1,49
78,54,0,38
78,8,1,34
78,67,1,53
78,32,0,36
78,1,0,63
78,16,1,12
78,51,0,28
78,29,1,26
78,44,0,68
78,27,0,24
78,32,0,42
78,67,1,26
78,33,0,51
78,64,0,52
78,51,0,42
78,38,0,40
78,48,0,27
78,61,1,53
78,0,0,21
78,62,0,39
78,40,0,37
78,36,0,36
78,4,1,41
78,33,0,45
78,18,0,64
78,35,0,47
78,71,0,46
78,24,0,39
78,1,1,50
78,50,0,71
78,25,1,81
78,37,0,40
78,8,0,51
78,15,0,46
78,21,0,51
78,32,1,45
78,70,1,46
78,35,1,63
78,47,0,32
78,38,1,37
78,14,0,46
78,29,1,80
78,71,1,68
78,64,0,21
78,41,1,43
78,44,1,37
78,64,1,43
78,60,1,44
78,55,0,14
78,58,1,56
78,71,1,33
78,14,0,54
78,48,0,53
78,56,0,44
78,10,1,83
78,28,0,64
78,42,1,51
78,58,1,46
78,60,0,56
78,63,0,40
78,71,0,22
78,28,0,60
78,9,0,46
78,65,0,33
78,50,0,34
78,7,0,26
78,12,0,43
78,61,1,39
78,21,0,46
79,41,0,25
79,39,0,46
79,53,1,10
79,38,0,58
79,5,1,48
79,63,1,53
79,60,1,57
79,32,0,39
79,11,0,47
79,21,1,37
79,62,0,45
79,62,0,43
79,56,0,62
79,64,0,68
79,3,0,48
79,52,1,31
79,61,1,50
79,15,0,36
79,26,1,24
79,19,0,44
79,18,0,61
79,14,0,46
79,68,0,39
79,71,0,32
79,46,0,68
79,4,0,38
79,60,0,41
79,27,0,42
79,47,0,53
79,27,0,28
79,25,0,48
79,31,0,38
79,38,1,47
79,16,1,41
79,66,1,60
79,50,0,53
79,29,0,39
79,64,1,60
79,40,1,5
79,17,0,34
79,63,1,37
79,62,1,58
79,70,0,35
79,17,0,37
79,69,0,33
79,57,0,44
79,25,1,41
79,23,0,57
79,3,1,49
79,45,1,70
79,45,0,37
79,30,0,50
79,12,1,19
79,47,0,38
79,21,1,27
79,67,0,43
79,20,0,49
79,31,0,48
79,52,1,34
79,22,1,43
79,22,0,49
79,14,1,55
79,59,1,49
79,56,1,29
79,25,0,51
79,69,0,49
79,28,0,56
79,49,1,42
79,47,0,57
79,28,1,52
79,8,0,54
79,8,0,41
80,17,1,41
80,39,1,94
80,47,1,100
80,41,1,28
80,18,0,52
80,55,1,64
80,12,0,45
80,48,0,60
80,47,0,42
80,1,0,61
80,28,1,69
80,68,1,60
80,67,1,58
80,3,0,63
80,68,0,83
80,69,0,43
80,10,0,35
80,55,0,71
80,9,0,40
80,45,1,52
80,65,1,49
80,64,0,56
80,49,1,67
80,45,0,106
80,52,1,55
80,43,0,86
80,15,1,55
80,31,0,70
80,3,1,52
80,25,0,19
80,48,0,74
80,22,1,60
80,67,1,29
80,35,0,77
80,44,1,58
80,69,0,44
80,10,1,51
80,53,0,38
80,65,1,58
80,38,1,76
80,13,0,55
80,58,1,80
80,37,1,37
80,56,0,60
80,63,1,61
80,61,1,50
80,24,0,64
80,16,1,34
80,21,0,44
80,21,0,70
80,70,0,27
80,54,0,70
80,3,0,37
80,5,1,62
80,56,1,25
80,27,1,56
80,29,1,94
80,46,1,42
80,38,1,43
80,13,1,51
80,67,0,37
80,68,0,17
80,1,1,50
80,71,0,37
80,6,0,81
80,61,1,28
80,10,1,51
80,67,1,62
80,20,0,75
80,43,0,53
80,16,1,67
80,61,1,77
81,35,1,23
81,55,0,13
81,0,1,21
81,30,1,26
81,67,1,35
81,55,1,30
81,7,1,17
81,33,0,19
81,7,1,45
81,6,1,33
81,59,1,31
81,1,1,30
81,17,1,25
81,69,1,46
81,4,1,15
81,63,1,25
81,4,1,37
81,57,1,24
81,22,1,29
81,48,1,33
81,15,1,30
81,53,1,21
81,35,1,27
81,12,1,31
81,46,1,39
81,32,0,41
81,57,1,7
81,6,1,21
81,62,1,47
81,17,1,30
81,38,1,12
81,9,1,19
81,54,1,45
81,34,1,17
81,45,0,55
81,45,1,26
81,49,1,47
81,16,1,28
81,0,1,25
81,48,1,30
81,20,0,33
81,31,1,35
81,60,1,39
81,14,1,29
81,14,0,32
81,0,1,35
81,48,1,40
81,50,1,26
81,31,1,32
81,43,0,51
81,69,1,43
81,44,1,41
81,23,0,15
81,22,0,13
81,40,1,28
81,21,1,41
81,61,1,38
81,62,1,39
81,44,1,29
81,33,1,42
81,6,1,21
81,35,1,24
81,45,1,38
81,57,1,40
81,63,1,41
81,7,1,18
81,50,0,36
81,59,1,32
81,8,0,40
81,11,1,42
81,2,1,26
81,31,0,21
82,59,0,20
82,22,0,42
82,3,0,45
82,40,0,10
82,58,1,36
82,53,1,42
82,27,0,31
82,61,1,20
82,50,0,47
82,26,1,42
82,62,0,42
82,60,1,39
82,25,1,28
82,17,0,49
82,62,1,35
82,56,1,33
82,18,0,24
82,66,0,21
82,46,0,27
82,12,1,28
82,20,1,40
82,12,0,37
82,51,1,49
82,55,1,24
82,65,0,24
82,39,0,77
82,38,1,39
82,43,0,21
82,0,1,43
82,28,1,53
82,12,1,46
82,58,1,46
82,46,0,28
82,35,0,45
82,2,1,37
82,38,0,23
82,34,0,45
82,39,0,53
82,16,1,47
82,39,0,20
82,56,0,42
82,44,0,57
82,45,1,51
82,56,1,39
82,53,0,48
82,18,0,53
82,45,0,43
82,19,1,31
82,2,1,65
82,54,1,44
82,52,1,32
82,1,1,63
82,62,0,19
82,64,1,46
82,30,0,45
82,52,0,43
82,30,1,38
82,31,0,59
82,3,0,36
82,13,0,39
82,21,0,19
82,0,0,41
82,23,0,41
82,62,1,57
82,26,1,26
82,5,1,37
82,59,0,46
82,10,0,19
82,24,0,52
82,51,0,34
82,47,0,47
82,51,1,36
83,16,0,61
83,4,0,83
83,68,0,37
83,35,1,69
83,36,1,50
83,42,0,39
83,44,0,86
83,69,0,47
83,68,0,80
83,8,1,105
83,6,0,64
83,67,1,54
83,5,1,22
83,52,0,73
83,63,0,51
83,36,0,98
83,33,0,72
83,15,0,56
83,54,0,45
83,18,1,50
83,13,0,17
83,20,0,75
83,51,0,62
83,32,0,64
83,22,0,90
83,60,1,76
83,50,0,104
83,33,0,58
83,37,1,33
83,60,0,80
83,33,0,62
83,22,1,56
83,34,0,90
83,46,1,65
83,62,0,85
83,13,1,77
83,33,0,81
83,61,1,81
83,60,0,44
83,9,0,70
83,31,0,42
83,5,1,65
83,30,1,29
83,13,0,68
83,57,0,70
83,36,0,72
83,42,0,38
83,0,1,74
83,45,0,50
83,48,0,47
83,63,0,42
83,61,0,73
83,65,1,46
83,50,0,67
83,7,1,104
83,29,1,15
83,67,0,65
83,51,0,59
83,15,0,46
83,69,0,90
83,31,0,53
83,25,0,31
83,12,0,54
83,45,0,56
83,48,0,72
83,71,0,40
83,23,0,102
83,31,0,73
83,40,1,45
83,32,0,54
83,4,1,57
83,17,1,68
84,13,1,72
84,24,0,35
84,64,0,46
84,52,1,44
84,0,0,30
84,53,1,44
84,44,0,59
84,47,1,33
84,20,1,50
84,42,1,36
84,59,0,33
84,0,1,40
84,61,1,40
84,16,1,62
84,15,1,36
84,18,1,48
84,66,1,32
84,38,0,29
84,30,1,40
84,25,1,34
84,60,1,47
84,21,1,49
84,59,1,30
84,18,0,66
84,12,0,56
84,9,1,45
84,29,1,30
84,52,1,31
84,49,1,46
84,52,1,42
84,16,0,42
84,15,0,51
84,33,0,41
84,19,1,41
84,41,1,48
84,38,1,56
84,58,0,24
84,46,0,36
84,34,0,36
84,68,0,43
84,38,1,42
84,25,1,46
84,5,1,51
84,30,1,50
84,33,0,63
84,59,0,28
84,3,0,49
84,37,0,6
84,55,0,48
84,58,1,18
84,19,0,55
84,9,0,32
84,17,1,40
84,29,0,24
84,19,0,65
84,52,0,37
84,68,1,43
84,63,0,41
84,29,1,48
84,27,1,64
84,42,1,48
84,61,0,27
84,35,1,49
84,42,0,44
84,10,0,30
84,17,1,43
84,30,1,35
84,56,0,35
84,4,0,72
84,24,1,38
84,11,1,40
84,27,1,34
85,21,0,44
85,7,1,61
85,50,1,70
85,57,0,54
85,69,1,46
85,34,0,41
85,66,1,53
85,47,1,70
85,9,0,28
85,0,0,50
85,10,1,34
85,53,1,38
85,29,1,44
85,39,1,35
85,60,1,60
85,2,1,54
85,16,1,24
85,27,0,30
85,9,0,30
85,29,0,43
85,35,0,36
85,9,0,51
85,4,0,65
85,17,1,54
85,62,1,38
85,57,1,61
85,46,1,75
85,38,0,46
85,3,0,77
85,14,1,48
85,51,0,55
85,15,1,39
85,19,0,9
85,54,1,20
85,3,0,36
85,45,1,43
85,6,1,43
85,11,1,56
85,58,1,58
85,47,0,52
85,52,1,34
85,47,1,23
85,71,0,28
85,48,0,69
85,24,0,23
85,29,1,53
85,55,1,29
85,36,0,49
85,70,0,33
85,19,0,27
85,17,1,47
85,39,0,17
85,4,0,46
85,0,0,54
85,61,1,22
85,1,1,30
85,24,0,41
85,35,1,57
85,10,1,24
85,60,1,53
85,35,0,43
85,61,1,37
85,71,1,53
85,69,0,24
85,59,0,46
85,41,1,70
85,6,0,58
85,38,1,47
85,10,0,45
85,34,1,59
85,28,1,23
85,11,0,58
86,71,0,36
86,26,0,16
86,53,0,6
86,25,1,24
86,44,0,27
86,8,1,5
86,30,1,30
86,23,0,30
86,49,1,33
86,69,0,21
86,24,0,29
86,8,0,16
86,39,0,5
86,40,1,14
86,14,0,18
86,41,1,10
86,38,1,37
86,49,1,24
86,1,0,22
86,10,1,40
86,5,1,36
86,13,0,41
86,70,0,29
86,25,0,16
86,2,1,5
86,32,0,33
86,16,0,12
86,35,0,32
86,8,0,10
86,9,0,19
86,32,0,35
86,39,1,36
86,11,0,14
86,5,1,20
86,48,1,26
86,46,1,31
86,54,0,8
86,25,0,17
86,32,1,33
86,14,1,36
86,45,0,38
86,8,0,35
86,16,0,48
86,44,1,29
86,49,0,6
86,42,1,20
86,53,1,32
86,18,1,29
86,21,1,19
86,33,0,27
86,47,0,36
86,34,0,28
86,21,0,14
86,23,0,17
86,31,0,24
86,66,0,5
86,29,0,28
86,62,0,19
86,59,0,28
86,43,1,18
86,55,0,20
86,20,0,23
86,4,1,38
86,48,0,39
86,28,0,40
86,57,1,11
86,34,0,18
86,44,1,34
86,27,1,27
86,71,1,27
86,60,0,21
86,13,1,47
87,25,0,36
87,14,0,47
87,35,1,21
87,48,0,36
87,26,1,26
87,67,1,32
87,42,1,31
87,51,1,13
87,67,1,12
87,58,1,43
87,26,1,32
87,58,1,24
87,41,0,37
87,66,1,17
87,18,0,19
87,3,0,29
87,70,0,29
87,35,1,38
87,67,0,27
87,7,0,21
87,65,1,15
87,30,1,15
87,4,0,28
87,42,0,18
87,25,1,22
87,9,0,10
87,15,1,18
87,32,1,28
87,0,1,33
87,4,0,24
87,59,0,41
87,8,0,20
87,3,0,31
87,54,1,30
87,51,0,25
87,68,0,11
87,50,0,11
87,54,0,25
87,64,1,22
87,56,1,29
87,10,1,22
87,60,0,19
87,5,1,19
87,11,0,36
87,28,1,20
87,42,1,18
87,46,0,27
87,64,1,36
87,51,1,27
87,28,0,20
87,1,0,15
87,38,0,17
87,40,1,27
87,45,0,19
87,28,0,26
87,40,0,18
87,24,0,16
87,65,1,24
87,36,1,34
87,48,0,27
87,57,0,31
87,50,0,45
87,2,0,13
87,6,1,27
87,10,0,17
87,24,0,36
87,55,1,24
87,70,0,26
87,71,0,27
87,37,1,25
87,64,1,20
87,24,1,18
88,42,0,25
88,9,1,35
88,24,0,57
88,16,0,44
88,27,0,33
88,34,0,29
88,30,1,25
88,7,1,28
88,18,0,46
88,66,0,26
88,19,0,55
88,25,1,44
88,40,0,33
88,50,0,46
88,48,1,23
88,68,0,34
88,2,0,30
88,69,0,39
88,71,0,34
88,20,0,49
88,30,1,33
88,19,0,38
88,0,0,30
88,3,0,62
88,52,1,39
88,59,0,28
88,18,0,44
88,31,0,53
88,61,0,31
88,66,1,37
88,34,0,56
88,51,1,47
88,30,0,5
88,47,1,17
88,23,1,39
88,34,0,58
88,17,0,37
88,50,0,14
88,7,1,36
88,6,0,44
88,41,0,35
88,62,1,32
88,47,0,36
88,26,0,25
88,4,0,36
88,45,0,34
88,1,1,60
88,25,1,59
88,13,0,16
88,60,1,57
88,30,0,31
88,17,1,75
88,62,0,51
88,60,0,34
88,2,1,60
88,62,0,33
88,54,0,51
88,55,0,36
88,25,0,62
88,32,0,42
88,58,1,10
88,17,1,51
88,65,0,15
88,66,1,12
88,6,0,26
88,57,0,47
88,42,0,52
88,15,0,37
88,8,0,32
88,63,0,26
88,30,1,32
88,65,1,28
89,70,1,26
89,58,0,12
89,54,1,35
89,44,0,23
89,62,0,48
89,24,0,29
89,0,0,19
89,42,0,24
89,48,1,15
89,61,1,30
89,70,0,7
89,18,0,17
89,3,1,32
89,70,0,31
89,43,1,18
89,49,1,33
89,27,0,43
89,3,0,19
89,10,1,25
89,51,1,13
89,37,0,27
89,12,1,22
89,29,0,29
89,6,1,15
89,64,1,32
89,62,0,15
89,17,1,22
89,43,0,50
89,34,0,30
89,6,1,8
89,66,0,44
89,10,0,31
89,8,0,31
89,18,0,24
89,56,0,30
89,7,0,5
89,30,1,18
89,36,1,25
89,0,0,20
89,0,1,43
89,59,1,29
89,67,0,10
89,7,0,31
89,13,0,27
89,55,0,19
89,54,0,31
89,22,1,33
89,24,0,30
89,4,1,16
89,46,0,21
89,41,0,17
89,56,1,15
89,25,0,46
89,35,0,40
89,64,1,23
89,24,1,33
89,8,0,20
89,30,0,23
89,62,0,18
89,69,0,36
89,9,1,18
89,24,0,7
89,58,1,15
89,19,1,33
89,61,0,28
89,50,0,52
89,69,1,18
89,61,1,32
89,9,0,27
89,39,1,41
89,31,1,36
89,28,1,23
90,54,0,54
90,62,0,46
90,68,0,61
90,5,1,56
90,44,1,46
90,1,0,49
90,36,1,56
90,56,0,54
90,3,0,39
90,41,0,41
90,66,1,27
90,2,0,53
90,45,0,24
90,51,0,34
90,29,0,42
90,71,0,82
90,31,0,65
90,31,0,39
90,9,0,44
90,71,0,35
90,10,1,68
90,5,1,52
90,40,0,49
90,34,0,53
90,31,0,52
90,44,0,50
90,16,0,57
90,1,0,36
90,35,1,48
90,11,0,48
90,26,1,26
90,12,0,59
90,71,0,66
90,33,0,37
90,3,1,59
90,19,0,33
90,47,0,21
90,35,1,34
90,48,1,50
90,10,0,51
90,44,0,70
90,69,0,64
90,10,0,69
90,1,1,40
90,70,1,47
90,37,0,49
90,27,0,27
90,17,1,42
90,28,1,58
90,31,0,45
90,60,0,24
90,45,0,24
90,45,1,33
90,1,0,56
90,19,0,39
90,48,1,48
90,59,0,52
90,16,0,98
90,26,1,56
90,20,0,42
90,38,0,58
90,63,1,51
90,28,0,62
90,19,0,54
90,36,1,55
90,53,1,59
90,63,1,49
90,58,1,38
90,42,0,58
90,20,0,28
90,36,1,27
90,42,1,27
91,14,1,34
91,22,1,23
91,54,0,23
91,24,0,44
91,65,1,27
91,32,0,44
91,59,1,22
91,58,1,36
91,26,1,26
91,12,1,32
91,28,0,18
91,11,1,26
91,35,1,29
91,62,0,39
91,50,0,18
91,5,0,19
91,21,1,33
91,17,1,39
91,11,1,37
91,66,1,39
91,1,0,25
91,47,0,25
91,44,1,30
91,45,0,36
91,32,0,11
91,54,1,17
91,66,0,32
91,45,0,32
91,44,1,24
91,30,1,45
91,60,1,27
91,10,1,20
91,7,1,37
91,64,1,38
91,10,1,16
91,3,0,30
91,6,0,5
91,51,0,25
91,56,1,36
91,59,1,33
91,54,1,23
91,37,1,35
91,23,1,14
91,3,1,18
91,51,1,25
91,60,1,27
91,70,0,19
91,34,1,16
91,24,1,34
91,10,1,28
91,68,0,18
91,39,0,33
91,9,1,20
91,6,1,29
91,11,1,34
91,39,0,28
91,25,1,34
91,22,1,25
91,48,1,46
91,16,1,19
91,5,1,26
91,61,1,22
91,44,0,25
91,20,0,33
91,37,1,43
91,60,1,28
91,32,1,31
91,16,1,23
91,12,0,32
91,30,1,20
91,60,1,11
91,11,1,20
92,68,1,19
92,39,1,18
92,4,0,24
92,67,0,23
92,46,1,23
92,65,1,23
92,14,1,51
92,63,1,33
92,9,1,13
92,50,1,15
92,31,1,28
92,25,1,32
92,37,1,12
92,43,1,20
92,44,0,25
92,45,0,30
92,62,1,18
92,9,1,38
92,52,1,15
92,65,1,25
92,61,1,32
92,55,1,5
92,62,0,15
92,36,1,30
92,52,1,31
92,8,0,47
92,57,0,17
92,70,1,13
92,61,1,22
92,13,1,29
92,69,0,34
92,36,1,21
92,44,0,36
92,16,0,32
92,42,1,6
92,7,0,27
92,34,1,23
92,52,1,19
92,2,0,36
92,8,1,7
92,41,1,30
92,19,0,31
92,15,1,26
92,36,1,34
92,30,1,19
92,64,1,25
92,49,0,27
92,4,1,39
92,36,0,18
92,19,1,35
92,46,0,34
92,1,1,23
92,12,0,27
92,10,1,32
92,55,0,20
92,42,1,35
92,54,1,22
92,18,1,15
92,18,1,32
92,6,1,38
92,65,1,18
92,69,0,18
92,7,0,34
92,28,1,22
92,62,0,26
92,41,1,29
92,65,0,26
92,19,0,35
92,54,0,29
92,4,0,40
92,63,1,29
92,3,0,20
93,58,0,42
93,53,1,63
93,10,1,37
93,5,0,43
93,8,0,37
93,7,0,37
93,2,0,63
93,44,0,7
93,56,1,23
93,49,1,62
93,53,1,44
93,39,0,40
93,49,1,43
93,30,1,55
93,60,1,25
93,29,0,61
93,48,0,42
93,67,0,43
93,1,0,21
93,4,0,49
93,39,0,46
93,21,0,42
93,59,0,44
93,44,1,18
93,45,0,53
93,25,1,34
93,64,1,10
93,24,1,22
93,49,0,34
93,7,1,54
93,8,1,44
93,9,0,37
93,30,1,34
93,41,1,35
93,14,0,33
93,51,1,50
93,29,0,47
93,52,0,51
93,28,1,70
93,30,1,30
93,40,1,21
93,26,0,76
93,65,0,75
93,22,1,42
93,66,1,56
93,52,1,32
93,63,1,49
93,59,1,22
93,54,0,79
93,27,1,50
93,37,1,36
93,4,0,31
93,63,1,46
93,34,1,29
93,44,0,39
93,71,0,46
93,55,1,8
93,40,1,5
93,21,0,62
93,11,1,44
93,46,0,21
93,44,0,35
93,64,1,12
93,47,0,49
93,26,1,46
93,29,1,57
93,12,0,43
93,34,0,34
93,43,0,50
93,52,0,49
93,45,1,38
93,56,0,40
94,61,1,5
94,19,1,33
94,41,0,30
94,20,0,37
94,34,1,19
94,4,0,21
94,15,1,26
94,13,1,27
94,5,0,31
94,39,0,17
94,11,0,16
94,23,0,30
94,53,1,19
94,56,0,16
94,35,0,5
94,2,1,29
94,34,1,18
94,0,1,17
94,4,0,26
94,51,1,31
94,48,0,34
94,12,0,11
94,45,1,40
94,26,1,35
94,59,1,21
94,41,1,23
94,21,1,16
94,34,0,12
94,17,0,29
94,50,0,12
94,45,0,23
94,5,1,32
94,15,0,18
94,39,1,40
94,22,1,28
94,10,1,26
94,11,0,24
94,31,0,23
94,36,1,21
94,58,1,20
94,39,0,28
94,17,1,27
94,67,0,32
94,52,1,28
94,1,1,18
94,2,1,26
94,5,1,5
94,69,0,23
94,16,0,28
94,50,0,26
94,50,1,13
94,10,0,35
94,21,1,38
94,9,0,19
94,18,1,19
94,48,1,16
94,56,0,34
94,29,0,20
94,20,0,24
94,27,1,23
94,32,0,20
94,46,1,44
94,12,0,24
94,12,0,21
94,54,1,14
94,11,0,33
94,12,1,31
94,13,0,19
94,47,1,38
94,4,0,28
94,42,1,22
94,24,0,18
95,26,0,39
95,47,0,64
95,64,1,52
95,5,1,57
95,38,1,62
95,32,0,55
95,17,1,31
95,26,0,41
95,39,0,42
95,5,1,5
95,65,1,43
95,19,0,45
95,67,0,59
95,49,1,24
95,69,0,60
95,21,1,31
95,19,0,36
95,40,0,37
95,69,1,46
95,16,0,51
95,21,1,46
95,46,1,41
95,15,1,24
95,44,0,21
95,9,0,21
95,36,0,40
95,54,0,52
95,8,0,23
95,34,1,44
95,35,1,44
95,8,0,51
95,17,1,12
95,19,0,34
95,37,0,46
95,27,0,36
95,67,1,37
95,17,1,26
95,54,0,59
95,66,1,69
95,37,0,53
95,58,0,32
95,36,1,42
95,37,0,55
95,38,1,43
95,16,1,45
95,24,0,49
95,32,0,34
95,51,1,49
95,51,0,52
95,20,0,34
95,63,0,7
95,18,1,25
95,24,0,33
95,33,0,14
95,39,0,48
95,66,0,24
95,69,1,48
95,43,0,13
95,49,1,55
95,62,0,50
95,18,1,25
95,29,1,47
95,59,1,36
95,31,1,38
95,50,1,50
95,20,1,48
95,46,1,54
95,38,0,28
95,59,0,26
95,52,0,26
95,66,1,70
95,67,0,31
96,26,1,23
96,0,1,19
96,50,0,13
96,10,1,37
96,30,1,19
96,8,0,25
96,18,0,29
96,58,0,20
96,29,1,21
96,15,1,37
96,13,1,18
96,40,1,26
96,65,1,22
96,56,1,27
96,60,1,18
96,57,0,21
96,57,1,8
96,8,0,26
96,18,1,25
96,56,0,24
96,10,0,30
96,62,0,18
96,27,0,19
96,0,1,33
96,50,0,41
96,40,0,13
96,65,0,22
96,64,1,40
96,19,0,28
96,54,1,27
96,55,0,44
96,4,1,12
96,51,1,50
96,29,0,32
96,20,1,39
96,67,0,11
96,14,0,28
96,21,0,36
96,28,0,16
96,41,1,36
96,28,0,39
96,56,1,26
96,24,0,31
96,15,0,27
96,31,0,6
96,23,0,37
96,9,1,17
96,57,1,23
96,63,1,18
96,60,1,31
96,47,0,9
96,12,1,5
96,69,0,5
96,67,1,28
96,4,0,42
96,38,1,17
96,39,0,10
96,7,0,24
96,58,1,44
96,53,0,34
96,14,0,18
96,63,1,16
96,15,1,38
96,47,1,19
96,37,1,39
96,41,1,18
96,55,0,37
96,23,0,13
96,60,1,36
96,0,1,33
96,34,1,12
96,3,0,19
97,55,1,31
97,32,1,31
97,68,0,10
97,61,1,39
97,53,1,24
97,46,0,30
97,52,1,25
97,17,1,12
97,56,0,24
97,33,1,27
97,1,1,44
97,46,1,32
97,42,1,25
97,15,1,26
97,42,1,23
97,50,0,46
97,6,0,20
97,1,1,26
97,30,0,6
97,17,1,29
97,31,1,36
97,16,1,22
97,30,1,20
97,5,1,22
97,26,1,35
97,32,1,29
97,20,1,20
97,21,1,28
97,52,1,31
97,68,1,16
97,33,1,41
97,19,0,33
97,54,1,42
97,15,1,25
97,18,1,38
97,14,0,25
97,63,1,53
97,70,1,39
97,61,1,34
97,53,1,40
97,3,1,44
97,70,1,26
97,3,1,39
97,3,0,32
97,70,1,49
97,35,1,23
97,1,1,38
97,23,0,27
97,31,1,38
97,51,1,27
97,44,0,26
97,7,0,28
97,21,1,37
97,4,1,5
97,43,1,31
97,19,1,30
97,7,0,46
97,62,1,13
97,15,1,40
97,23,1,42
97,24,0,39
97,47,1,49
97,48,0,11
97,33,0,24
97,69,0,42
97,8,1,31
97,3,0,15
97,26,1,8
97,4,1,8
97,4,0,5
97,36,1,22
97,37,1,5
98,53,1,27
98,3,1,66
98,13,0,24
98,0,1,31
98,52,1,69
98,14,1,59
98,17,0,46
98,37,0,49
98,34,1,52
98,49,1,25
98,45,0,20
98,25,1,34
98,40,0,44
98,19,1,50
98,32,0,41
98,46,0,46
98,56,0,46
98,35,1,54
98,63,0,21
98,16,0,54
98,57,0,42
98,1,0,64
98,64,1,53
98,52,1,56
98,21,1,58
98,15,1,44
98,0,1,59
98,53,0,32
98,30,1,58
98,45,0,50
98,40,1,84
98,4,0,51
98,66,0,34
98,36,0,18
98,48,1,31
98,37,0,22
98,46,0,93
98,71,0,51
98,51,1,31
98,14,0,55
98,1,0,75
98,71,0,67
98,5,1,60
98,22,1,52
98,51,0,47
98,19,0,34
98,26,1,20
98,65,1,36
98,43,0,37
98,13,0,49
98,61,1,29
98,33,0,39
98,34,0,33
98,16,1,44
98,44,0,27
98,65,1,48
98,60,1,62
98,7,0,43
98,33,1,60
98,1,0,72
98,36,1,36
98,17,1,44
98,70,0,42
98,5,1,5
98,33,0,49
98,59,1,34
98,44,0,72
98,8,0,28
98,69,0,38
98,40,1,59
98,24,0,38
98,19,0,47
99,49,1,34
99,10,1,38
99,50,0,28
99,21,1,42
99,17,1,39
99,7,1,17
99,26,1,46
99,49,1,17
99,16,1,20
99,25,1,25
99,2,1,37
99,69,0,14
99,21,1,23
99,6,1,9
99,57,1,34
99,6,1,40
99,33,1,40
99,4,1,38
99,18,0,17
99,49,1,23
99,30,1,29
99,9,1,25
99,28,1,33
99,9,1,23
99,26,1,17
99,33,1,36
99,20,1,23
99,34,1,31
99,14,1,19
99,44,0,31
99,17,1,38
99,52,1,43
99,70,1,10
99,36,1,20
99,9,1,31
99,63,1,24
99,2,1,39
99,23,1,20
99,12,0,22
99,71,1,46
99,45,1,34
99,30,1,50
99,5,1,22
99,29,1,42
99,42,1,30
99,45,1,7
99,20,1,31
99,45,1,52
99,37,0,46
99,34,1,12
99,6,1,20
99,68,1,32
99,52,1,32
99,12,1,43
99,51,1,20
99,42,1,28
99,69,1,33
99,54,1,44
99,45,1,33
99,1,1,30
99,19,1,30
99,7,1,37
99,61,1,15
99,41,1,42
99,50,1,31
99,2,1,28
99,33,1,13
99,8,1,37
99,66,1,32
99,42,1,24
99,63,1,34
99,45,1,26
100,37,0,76
100,5,0,47
100,29,0,54
100,15,1,78
100,29,0,62
100,31,0,45
100,38,0,97
100,32,0,42
100,9,0,63
100,9,0,41
100,12,0,69
100,33,0,24
100,7,0,64
100,15,0,83
100,42,0,33
100,3,0,44
100,71,0,63
100,35,0,77
100,67,0,47
100,15,1,75
100,12,0,75
100,40,0,78
100,41,0,66
100,54,0,81
100,45,0,58
100,18,0,38
100,47,0,56
100,18,1,43
100,53,0,69
100,22,1,53
100,49,1,31
100,1,0,61
100,32,1,49
100,11,0,36
100,55,0,55
100,35,1,59
100,39,0,69
100,23,0,38
100,66,0,91
100,27,0,83
100,63,0,79
100,37,0,85
100,50,0,59
100,35,0,23
100,29,0,67
100,64,0,77
100,47,0,96
100,0,0,66
100,30,1,34
100,24,0,54
100,62,1,47
100,6,0,48
100,65,0,19
100,51,0,68
100,70,1,27
100,63,0,47
100,17,0,67
100,19,0,42
100,49,1,19
100,14,0,47
100,39,0,38
100,49,0,56
100,19,0,90
100,26,1,73
100,46,0,61
100,58,0,44
100,42,1,60
100,7,0,62
100,1,0,70
100,44,0,72
100,41,1,88
100,49,0,52
101,40,0,16
101,3,1,5
101,57,0,41
101,39,0,40
101,21,1,57
101,11,0,55
101,17,0,51
101,61,1,50
101,23,1,44
101,68,1,29
101,68,1,63
101,46,0,41
101,14,0,26
101,28,0,52
101,43,1,74
101,21,1,57
101,18,1,54
101,31,0,47
101,17,1,42
101,9,0,53
101,18,0,8
101,28,1,33
101,28,1,18
101,28,0,51
101,27,1,9
101,5,1,46
101,56,1,48
101,27,0,52
101,25,1,26
101,23,0,10
101,41,1,49
101,25,1,70
101,49,0,67
101,46,0,43
101,6,1,42
101,46,0,47
101,38,1,44
101,9,1,51
101,65,1,50
101,66,1,55
101,15,1,44
101,15,1,46
101,18,0,35
101,33,0,47
101,55,1,40
101,2,1,43
101,9,1,52
101,70,1,47
101,24,1,49
101,29,0,36
101,49,1,41
101,55,0,35
101,10,1,56
101,52,0,68
101,38,0,14
101,51,0,42
101,14,0,75
101,51,0,25
101,2,0,49
101,71,0,55
101,20,1,47
101,19,0,29
101,62,1,51
101,21,0,59
101,17,1,43
101,30,0,39
101,43,0,37
101,16,1,62
101,19,0,80
101,49,0,36
101,64,0,13
101,16,0,52
102,67,0,33
102,39,0,19
102,24,1,16
102,59,0,21
102,70,0,15
102,25,1,13
102,21,0,14
102,18,1,30
102,60,1,18
102,27,1,25
102,41,1,22
102,48,1,21
102,25,1,34
102,61,1,24
102,27,0,43
102,3,0,15
102,13,0,21
102,54,0,6
102,39,0,31
102,24,1,21
102,61,1,40
102,2,1,37
102,48,0,20
102,0,0,6
102,25,1,18
102,69,0,21
102,20,0,32
102,19,0,39
102,30,1,33
102,34,1,37
102,70,0,31
102,38,1,20
102,13,0,14
102,25,0,31
102,18,0,22
102,69,0,12
102,63,0,37
102,4,0,44
102,33,0,14
102,20,1,22
102,6,1,19
102,29,0,36
102,55,1,24
102,71,1,21
102,65,1,25
102,23,0,32
102,31,1,29
102,60,0,13
102,49,1,9
102,40,0,29
102,12,0,26
102,33,1,28
102,40,0,27
102,49,1,34
102,30,1,29
102,15,1,30
102,7,0,13
102,48,1,24
102,5,1,7
102,40,0,19
102,23,0,30
102,12,0,21
102,11,1,16
102,52,1,24
102,44,0,24
102,41,1,38
102,17,0,27
102,6,0,29
102,56,1,22
102,42,0,44
102,39,1,16
102,66,0,14
103,52,0,28
103,14,1,21
103,22,1,27
103,63,0,63
103,43,0,59
103,2,1,20
103,53,0,21
103,64,1,8
103,71,1,53
103,55,0,24
103,16,1,38
103,3,0,49
103,53,1,50
103,48,0,54
103,5,0,34
103,53,1,37
103,44,1,32
103,59,1,57
103,56,0,46
103,37,1,15
103,28,0,37
103,11,1,30
103,53,0,46
103,29,1,55
103,31,0,38
103,71,1,66
103,29,1,33
103,54,1,23
103,49,1,31
103,44,1,28
103,61,1,43
103,45,1,50
103,51,1,50
103,50,1,13
103,4,1,15
103,36,1,29
103,0,1,53
103,6,0,29
103,55,0,48
103,63,0,25
103,58,1,14
103,20,1,66
103,57,1,37
103,2,1,36
103,59,1,57
103,61,1,71
103,69,1,56
103,39,0,47
103,45,0,13
103,50,1,46
103,35,1,49
103,43,0,40
103,54,1,18
103,6,1,5
103,68,0,48
103,62,1,32
103,9,1,16
103,65,0,40
103,45,1,32
103,40,0,54
103,70,0,24
103,64,1,62
103,13,1,49
103,16,0,24
103,3,0,26
103,32,0,41
103,57,0,58
103,16,0,80
103,41,1,47
103,7,1,45
103,16,0,28
103,50,0,34
104,31,0,58
104,68,1,61
104,31,0,43
104,44,0,74
104,66,0,69
104,68,0,40
104,51,0,34
104,29,0,57
104,66,0,65
104,35,0,68
104,23,1,61
104,13,1,43
104,37,0,78
104,28,0,26
104,19,0,71
104,2,0,89
104,32,0,39
104,52,1,52
104,50,0,55
104,59,0,32
104,41,1,55
104,71,0,61
104,3,0,58
104,43,0,65
104,24,0,79
104,2,0,61
104,24,0,47
104,52,1,49
104,64,0,28
104,50,0,9
104,65,0,99
104,48,0,35
104,20,0,59
104,31,0,36
104,55,1,31
104,22,0,63
104,49,0,42
104,30,1,88
104,40,0,73
104,46,1,27
104,37,0,94
104,68,0,63
104,15,0,41
104,31,1,82
104,53,0,37
104,4,1,80
104,35,1,52
104,61,1,41
104,27,1,76
104,33,0,48
104,21,0,70
104,2,1,95
104,19,0,50
104,9,0,56
104,15,0,19
104,15,1,70
104,7,0,67
104,11,1,77
104,69,0,43
104,15,1,71
104,10,0,85
104,18,0,80
104,16,1,71
104,19,0,50
104,35,0,35
104,34,1,68
104,46,0,73
104,5,1,29
104,68,0,49
104,11,1,17
104,71,0,42
104,16,1,67
105,58,1,18
105,15,1,18
105,7,1,22
105,38,0,30
105,42,1,48
105,17,1,5
105,22,1,13
105,35,1,26
105,36,1,23
105,70,1,33
105,61,1,32
105,31,0,35
105,13,1,29
105,22,1,22
105,48,0,20
105,55,0,36
105,68,0,28
105,6,0,12
105,51,0,23
105,68,0,31
105,31,0,24
105,0,0,21
105,45,0,21
105,45,0,32
105,56,0,22
105,10,1,17
105,20,0,20
105,25,0,31
105,41,0,35
105,3,0,23
105,25,0,25
105,34,1,18
105,0,0,16
105,54,0,5
105,14,0,11
105,23,1,19
105,65,1,12
105,33,1,19
105,44,0,45
105,44,1,19
105,61,1,27
105,40,0,11
105,29,1,36
105,65,1,25
105,32,1,5
105,18,0,15
105,25,1,13
105,66,0,32
105,14,1,24
105,30,0,10
105,59,1,28
105,46,0,31
105,67,0,33
105,53,1,14
105,38,1,21
105,47,0,20
105,25,1,14
105,27,0,6
105,45,0,20
105,53,0,13
105,69,1,23
105,26,0,13
105,2,1,13
105,28,1,17
105,55,1,15
105,68,1,34
105,44,0,30
105,64,0,18
105,68,0,13
105,69,0,22
105,56,1,39
105,65,1,18
106,46,0,32
106,70,0,28
106,6,1,28
106,0,1,26
106,67,0,28
106,32,1,32
106,67,1,22
106,9,1,29
106,17,0,10
106,22,1,22
106,69,1,13
106,59,0,10
106,25,0,11
106,64,1,37
106,68,1,26
106,61,1,45
106,7,1,25
106,43,1,25
106,28,1,35
106,50,1,31
106,32,1,5
106,35,1,41
106,63,1,21
106,66,1,26
106,71,1,43
106,54,1,25
106,48,0,39
106,71,0,45
106,22,1,19
106,20,0,26
106,67,0,33
106,71,1,19
106,19,0,24
106,22,1,34
106,28,1,5
106,36,1,19
106,71,0,24
106,35,1,17
106,41,0,24
106,40,0,35
106,17,1,23
106,7,1,41
106,13,0,28
106,15,1,12
106,47,1,22
106,27,1,27
106,7,0,11
106,4,0,13
106,53,1,27
106,55,0,15
106,18,1,28
106,69,0,20
106,29,1,35
106,39,0,5
106,53,0,23
106,42,0,45
106,68,1,21
106,33,0,32
106,54,1,30
106,67,0,10
106,47,0,34
106,28,1,21
106,24,1,33
106,1,1,5
106,13,0,13
106,26,1,13
106,46,0,43
106,23,1,33
106,6,1,31
106,70,1,12
106,20,1,38
106,16,0,25
107,45,1,41
107,26,1,30
107,15,1,17
107,20,0,31
107,68,0,33
107,6,0,25
107,31,1,32
107,7,1,28
107,21,0,33
107,5,0,25
107,49,1,5
107,46,1,31
107,67,0,27
107,67,0,9
107,68,0,18
107,16,1,11
107,37,1,18
107,15,0,20
107,47,1,28
107,28,1,15
107,14,0,20
107,25,0,18
107,25,0,27
107,4,1,29
107,67,0,20
107,12,0,20
107,56,1,26
107,43,0,24
107,58,0,24
107,45,1,14
107,45,1,33
107,63,0,17
107,37,0,31
107,11,0,17
107,53,1,39
107,22,1,21
107,29,0,38
107,60,1,18
107,20,1,30
107,24,0,21
107,32,0,27
107,14,1,28
107,54,1,34
107,2,0,24
107,34,0,6
107,38,0,24
107,58,0,22
107,1,1,26
107,35,0,23
107,44,0,33
107,45,0,28
107,23,0,16
107,26,1,5
107,1,1,49
107,38,0,22
107,59,0,7
107,1,0,16
107,69,1,20
107,15,1,29
107,63,1,40
107,20,1,39
107,40,1,22
107,71,0,47
107,58,0,16
107,31,0,23
107,53,1,23
107,64,0,36
107,6,0,29
107,3,1,26
107,59,0,37
107,20,1,15
107,54,0,25
108,33,1,52
108,4,0,53
108,8,0,36
108,10,0,49
108,41,1,66
108,46,0,19
108,6,1,34
108,68,1,44
108,21,0,16
108,37,0,46
108,69,1,54
108,46,1,47
108,56,0,56
108,28,0,45
108,35,1,44
108,37,1,76
108,2,1,52
108,23,1,43
108,53,1,45
108,4,0,61
108,12,0,24
108,26,1,38
108,69,0,35
108,38,1,78
108,60,0,50
108,70,0,29
108,6,1,35
108,31,1,17
108,51,1,48
108,24,0,41
108,39,0,62
108,57,0,43
108,48,0,68
108,30,1,40
108,51,0,51
108,30,1,51
108,40,0,38
108,45,0,62
108,50,1,67
108,66,0,47
108,34,1,74
108,8,0,48
108,16,0,60
108,9,0,27
108,54,0,55
108,52,1,30
108,63,1,57
108,47,0,41
108,0,0,61
108,24,1,20
108,17,1,50
108,58,0,36
108,67,1,37
108,7,1,12
108,0,1,50
108,58,0,31
108,66,0,46
108,13,1,30
108,51,0,32
108,56,0,35
108,62,0,42
108,6,1,67
108,0,0,70
108,31,0,58
108,69,1,11
108,70,0,46
108,45,0,29
108,26,1,51
108,57,0,30
108,36,1,70
108,23,1,51
108,49,0,56
109,57,1,35
109,20,1,38
109,25,1,22
109,62,0,30
109,60,1,28
109,65,1,30
109,11,1,15
109,11,1,9
109,57,1,29
109,0,1,16
109,35,1,11
109,40,0,38
109,53,0,50
109,9,1,41
109,6,1,32
109,60,1,51
109,52,0,23
109,0,1,28
109,59,1,27
109,41,1,22
109,59,1,20
109,11,1,36
109,65,1,42
109,38,1,22
109,64,0,51
109,2,1,20
109,21,1,32
109,20,1,38
109,44,1,36
109,13,1,19
109,71,1,34
109,32,0,18
109,32,0,20
109,33,1,45
109,50,0,18
109,64,1,37
109,28,0,37
109,34,1,38
109,14,0,22
109,39,0,39
109,39,1,28
109,15,1,36
109,35,1,32
109,19,1,27
109,50,1,9
109,21,1,32
109,47,1,26
109,67,1,22
109,29,0,31
109,28,1,37
109,60,1,27
109,18,1,38
109,67,1,29
109,11,1,32
109,60,1,25
109,62,0,16
109,17,1,22
109,6,1,42
109,33,1,21
109,32,0,25
109,39,1,18
109,47,1,42
109,26,1,32
109,32,0,29
109,71,0,25
109,56,0,28
109,36,1,11
109,66,1,38
109,5,1,22
109,15,1,39
109,2,1,33
109,15,1,31
110,40,0,69
110,10,0,58
110,64,0,61
110,50,0,67
110,25,1,76
110,37,0,32
110,16,0,91
110,28,0,44
110,7,0,61
110,26,0,53
110,58,0,83
110,35,0,87
110,45,0,49
110,70,0,34
110,46,0,91
110,16,0,89
110,40,1,80
110,70,0,78
110,47,1,67
110,18,0,30
110,66,0,36
110,51,0,57
110,2,0,72
110,37,0,36
110,18,0,42
110,17,0,66
110,67,0,82
110,53,1,30
110,18,0,51
110,52,0,73
110,25,0,47
110,18,0,95
110,68,0,70
110,48,0,54
110,32,0,71
110,30,0,77
110,29,0,47
110,25,0,67
110,37,0,37
110,26,0,44
110,50,0,46
110,57,0,82
110,41,0,37
110,55,0,22
110,13,0,45
110,27,0,63
110,50,0,46
110,67,0,53
110,11,0,18
110,46,0,32
110,43,0,62
110,44,0,40
110,14,0,50
110,42,0,13
110,46,0,48
110,33,0,64
110,51,0,49
110,61,0,51
110,24,0,94
110,71,0,79
110,37,0,55
110,56,1,62
110,21,0,66
110,56,0,72
110,33,0,83
110,63,0,87
110,53,0,66
110,35,1,7
110,41,0,67
110,12,0,73
110,45,1,66
110,65,1,38
111,43,1,24
111,64,1,34
111,52,1,29
111,70,1,35
111,26,1,29
111,43,0,37
111,27,1,23
111,70,1,27
111,10,1,36
111,25,1,20
111,67,1,10
111,38,1,43
111,21,1,31
111,27,1,39
111,60,1,25
111,11,0,35
111,24,1,43
111,52,1,24
111,8,1,23
111,70,1,32
111,1,1,37
111,12,1,21
111,62,1,32
111,68,1,28
111,5,1,31
111,27,0,11
111,47,1,25
111,21,1,28
111,32,0,33
111,33,1,21
111,10,1,38
111,61,1,24
111,28,1,24
111,30,1,39
111,66,1,43
111,20,0,34
111,49,1,31
111,60,1,32
111,44,1,44
111,34,1,13
111,54,1,45
111,51,0,26
111,5,1,28
111,2,1,12
111,5,1,21
111,9,1,32
111,3,1,7
111,49,1,37
111,4,1,36
111,15,1,31
111,40,0,19
111,25,1,34
111,55,1,43
111,51,1,21
111,30,1,53
111,20,1,31
111,59,1,32
111,46,1,18
111,18,1,23
111,37,1,16
111,45,0,30
111,45,1,32
111,38,1,30
111,71,1,38
111,13,1,26
111,32,1,38
111,54,1,27
111,49,1,38
111,43,1,31
111,69,1,36
111,12,1,29
111,61,1,49
112,66,0,62
112,68,1,37
112,39,1,70
112,6,0,46
112,18,1,23
112,23,0,59
112,60,1,57
112,42,1,60
112,36,1,71
112,69,1,64
112,22,1,30
112,2,0,46
112,12,1,62
112,43,0,37
112,66,0,29
112,69,1,50
112,26,0,65
112,28,1,18
112,33,0,56
112,44,0,50
112,17,0,27
112,26,1,49
112,28,1,48
112,20,0,49
112,52,1,31
112,20,1,32
112,63,0,36
112,56,1,59
112,71,0,18
112,59,1,39
112,18,0,55
112,64,1,37
112,20,0,18
112,28,1,53
112,70,0,5
112,37,1,41
112,43,0,50
112,4,0,58
112,48,0,71
112,10,0,54
112,4,0,50
112,10,0,35
112,46,0,66
112,42,0,40
112,9,1,40
112,21,0,34
112,1,0,35
112,49,1,36
112,66,0,47
112,42,1,51
112,68,1,27
112,57,1,43
112,46,0,47
112,62,1,62
112,30,0,40
112,28,1,31
112,16,0,71
112,18,0,40
112,37,0,42
112,42,0,56
112,18,1,73
112,70,1,55
112,26,0,45
112,9,0,58
112,46,1,52
112,45,0,29
112,50,0,38
112,56,0,31
112,64,1,53
112,56,1,21
112,16,0,43
112,46,0,24
113,43,0,90
113,14,0,96
113,24,1,50
113,24,0,51
113,24,0,77
113,25,0,67
113,52,1,107
113,7,0,53
113,30,1,79
113,21,0,74
113,11,0,75
113,53,0,32
113,36,1,38
113,57,0,95
113,36,1,35
113,9,1,61
113,4,0,32
113,39,0,70
113,21,1,61
113,71,0,60
113,18,1,60
113,50,0,49
113,42,1,89
113,21,0,57
113,51,0,80
113,36,0,88
113,39,0,45
113,11,0,93
113,10,0,48
113,46,0,56
113,27,0,93
113,16,0,63
113,29,0,90
113,15,0,69
113,70,0,40
113,49,0,49
113,40,0,28
113,50,0,91
113,31,0,55
113,36,0,36
113,35,0,68
113,4,0,67
113,28,0,20
113,41,0,97
113,38,0,43
113,11,1,25
113,68,0,84
113,38,0,68
113,58,0,50
113,18,0,86
113,44,0,78
113,34,0,66
113,9,0,58
113,21,0,43
113,51,0,62
113,16,0,59
113,56,0,40
113,55,0,73
113,68,1,62
113,2,0,94
113,70,0,53
113,62,0,63
113,62,0,58
113,24,0,64
113,18,0,70
113,42,1,74
113,53,0,64
113,59,0,51
113,52,0,76
113,42,0,77
113,22,0,67
113,30,0,69
114,53,0,43
114,44,1,26
114,71,1,23
114,48,1,27
114,24,0,41
114,52,0,31
114,53,1,22
114,15,0,21
114,13,1,17
114,65,1,43
114,35,1,5
114,43,0,27
114,53,0,8
114,60,1,19
114,53,1,26
114,69,0,35
114,43,1,13
114,9,1,16
114,38,0,26
114,21,0,14
114,38,0,37
114,12,1,10
114,29,1,13
114,69,0,15
114,41,0,13
114,26,1,32
114,29,0,10
114,54,1,25
114,57,1,14
114,37,0,48
114,1,1,19
114,71,0,31
114,58,0,33
114,35,1,22
114,62,0,25
114,62,0,28
114,44,0,26
114,1,0,19
114,42,1,20
114,8,0,23
114,0,1,22
114,59,0,18
114,30,1,5
114,0,0,23
114,15,0,12
114,6,1,30
114,6,0,24
114,69,0,14
114,51,1,32
114,37,0,23
114,17,1,27
114,11,1,22
114,50,0,35
114,55,0,16
114,25,1,23
114,46,0,23
114,65,1,35
114,30,0,22
114,19,0,35
114,38,1,28
114,8,1,24
114,57,0,9
114,7,0,40
114,33,1,28
114,26,1,23
114,5,1,17
114,7,1,29
114,65,1,25
114,66,1,39
114,61,1,22
114,49,1,22
114,34,0,30
115,45,0,73
115,45,0,69
115,0,0,64
115,70,0,44
115,33,0,68
115,58,0,95
115,14,0,44
115,38,1,51
115,14,0,46
115,57,0,65
115,52,0,42
115,1,1,40
115,31,0,73
115,12,0,60
115,37,0,57
115,54,0,75
115,59,0,79
115,18,0,47
115,12,1,46
115,22,1,92
115,32,0,47
115,59,0,73
115,57,1,86
115,7,1,77
115,1,0,25
115,48,1,24
115,7,1,85
115,28,1,48
115,9,0,43
115,52,1,47
115,56,1,76
115,5,1,30
115,49,1,67
115,33,0,69
115,18,1,55
115,70,1,74
115,8,1,70
115,61,1,65
115,50,0,49
115,13,1,50
115,48,0,31
115,3,0,39
115,23,0,33
115,71,0,58
115,53,1,79
115,35,1,71
115,57,0,53
115,5,0,53
115,38,1,70
115,28,0,62
115,26,1,54
115,1,1,70
115,7,1,31
115,27,0,76
115,41,1,64
115,33,0,69
115,6,1,56
115,39,0,45
115,65,1,47
115,33,0,73
115,38,0,49
115,31,0,60
115,7,0,41
115,6,1,25
115,59,1,46
115,71,0,65
115,20,0,78
115,68,1,71
115,6,1,71
115,66,0,93
115,43,0,30
115,9,0,36
116,58,0,21
116,27,0,17
116,14,1,23
116,6,1,15
116,27,1,22
116,20,1,17
116,69,0,23
116,2,0,28
116,71,1,19
116,29,0,35
116,67,1,13
116,23,1,24
116,61,1,22
116,60,0,37
116,25,1,23
116,49,1,22
116,17,1,30
116,6,0,14
116,50,0,16
116,27,1,14
116,60,1,30
116,21,1,23
116,64,0,42
116,2,0,23
116,28,1,16
116,71,0,5
116,67,0,34
116,15,0,32
116,46,0,30
116,0,0,27
116,29,0,17
116,14,1,38
116,22,1,25
116,37,1,26
116,60,1,39
116,26,1,31
116,48,0,17
116,4,0,26
116,67,0,11
116,22,1,15
116,33,0,29
116,45,1,30
116,21,1,16
116,59,1,22
116,55,0,23
116,25,1,18
116,25,0,12
116,41,1,25
116,25,1,23
116,71,1,15
116,7,1,21
116,14,0,17
116,8,1,37
116,65,1,21
116,28,1,19
116,6,0,16
116,21,0,24
116,38,0,42
116,61,1,22
116,10,1,35
116,22,1,34
116,64,1,24
116,26,1,25
116,22,1,13
116,5,1,17
116,71,0,22
116,25,0,39
116,9,0,7
116,65,1,17
116,16,0,12
116,43,1,8
116,53,1,5
117,2,0,45
117,26,0,63
117,59,0,43
117,61,1,61
117,32,0,56
117,48,1,43
117,42,1,39
117,54,1,44
117,18,0,47
117,36,1,20
117,33,0,40
117,64,1,38
117,25,0,51
117,16,0,29
117,66,0,44
117,56,0,39
117,53,0,37
117,57,0,41
117,37,0,21
117,3,0,58
117,55,1,64
117,66,0,34
117,47,0,68
117,56,1,54
117,71,0,36
117,18,0,29
117,40,0,63
117,41,1,48
117,50,0,31
117,17,1,30
117,34,1,36
117,18,0,21
117,13,1,36
117,6,1,63
117,55,0,30
117,46,1,65
117,61,0,42
117,15,1,19
117,57,1,40
117,50,0,42
117,61,1,46
117,22,1,62
117,48,0,68
117,56,1,23
117,59,1,55
117,57,1,53
117,6,1,62
117,49,0,39
117,3,0,50
117,17,0,38
117,14,0,69
117,56,0,33
117,21,0,43
117,40,0,66
117,50,0,50
117,34,0,29
117,67,0,59
117,58,1,55
117,19,0,30
117,41,1,21
117,67,0,6
117,36,1,27
117,12,1,40
117,24,1,23
117,53,0,53
117,49,1,58
117,40,0,54
117,42,1,45
117,60,1,54
117,28,1,47
117,8,1,32
117,8,1,24
118,20,0,30
118,35,0,36
118,18,0,24
118,11,1,48
118,5,1,45
118,50,0,34
118,35,1,54
118,34,0,51
118,38,1,55
118,18,0,37
118,69,0,34
118,58,0,28
118,45,0,32
118,26,1,53
118,35,1,41
118,36,0,27
118,51,0,55
118,47,0,62
118,47,1,41
118,56,1,42
118,4,1,27
118,46,1,61
118,35,1,13
118,13,1,32
118,71,0,43
118,20,1,85
118,71,0,43
118,36,1,39
118,20,0,37
118,65,0,58
118,49,0,12
118,28,0,16
118,58,0,28
118,49,1,23
118,69,1,38
118,7,1,21
118,17,0,42
118,52,1,51
118,45,1,47
118,42,1,45
118,57,0,9
118,57,1,43
118,35,1,57
118,65,0,40
118,61,1,36
118,9,0,62
118,4,0,38
118,57,0,42
118,41,1,35
118,66,1,55
118,27,1,33
118,63,1,40
118,20,0,71
118,27,0,33
118,63,0,52
118,1,0,58
118,63,1,28
118,59,1,50
118,60,1,27
118,9,1,43
118,63,0,50
118,44,0,48
118,57,0,19
118,47,1,14
118,48,0,37
118,35,0,33
118,49,0,23
118,3,0,68
118,36,1,57
118,17,1,64
118,37,1,29
118,39,1,30
119,56,0,25
119,9,1,28
119,8,1,48
119,33,0,42
119,33,1,17
119,21,0,5
119,28,1,29
119,39,1,29
119,9,1,12
119,15,1,15
119,69,1,33
119,19,1,14
119,64,0,19
119,69,0,26
119,49,0,20
119,70,0,33
119,17,1,21
119,17,1,25
119,36,1,30
119,50,1,22
119,21,1,10
119,17,1,18
119,53,1,25
119,4,0,38
119,20,0,24
119,42,1,18
119,29,0,20
119,47,0,25
119,53,1,33
119,13,0,20
119,57,1,33
119,2,0,28
119,49,1,34
119,8,1,30
119,52,1,14
119,58,1,28
119,3,0,31
119,16,1,32
119,53,0,28
119,49,1,28
119,60,1,36
119,58,1,21
119,36,1,5
119,26,1,33
119,17,0,40
119,24,0,27
119,44,1,20
119,4,1,25
119,57,0,18
119,22,1,21
119,17,1,23
119,39,1,21
119,1,0,24
119,70,0,36
119,26,1,27
119,66,1,35
119,15,1,28
119,13,1,40
119,7,0,35
119,40,0,24
119,60,0,31
119,42,1,22
119,1,1,20
119,13,1,19
119,61,1,22
119,41,1,11
119,68,1,31
119,12,0,32
119,44,1,13
119,18,0,12
119,25,1,25
119,26,1,33
120,62,1,5
120,32,0,23
120,36,0,20
120,38,1,45
120,19,1,41
120,20,1,31
120,57,1,17
120,2,1,37
120,31,1,29
120,31,0,30
120,62,0,13
120,55,1,27
120,32,0,43
120,52,1,28
120,7,1,27
120,37,1,33
120,29,1,29
120,12,0,50
120,1,0,32
120,70,1,37
120,63,1,36
120,64,1,53
120,5,1,44
120,66,0,30
120,33,1,34
120,54,1,34
120,64,1,21
120,20,0,33
120,0,0,51
120,6,1,35
120,70,1,37
120,56,1,25
120,50,0,24
120,65,1,14
120,50,1,26
120,50,0,25
120,48,0,15
120,14,0,12
120,11,1,32
120,69,1,32
120,45,1,21
120,12,1,37
120,39,1,23
120,33,1,25
120,39,1,31
120,70,1,25
120,54,0,24
120,66,1,40
120,29,1,36
120,62,0,16
120,53,1,47
120,64,1,31
120,14,1,37
120,25,1,24
120,54,1,40
120,49,1,31
120,18,0,56
120,44,1,31
120,4,0,33
120,63,1,22
120,35,1,21
120,6,1,29
120,71,1,7
120,68,1,11
120,68,1,43
120,43,0,22
120,45,1,16
120,54,1,25
120,23,0,36
120,16,0,40
120,69,1,40
120,9,1,28
121,2,1,65
121,36,1,34
121,16,1,60
121,33,0,66
121,36,0,60
121,70,0,71
121,57,0,72
121,46,0,67
121,66,0,49
121,3,0,47
121,23,1,19
121,19,0,79
121,35,0,76
121,48,0,26
121,62,0,91
121,7,0,65
121,23,0,23
121,7,0,40
121,38,1,46
121,22,1,26
121,61,1,43
121,64,1,29
121,66,0,62
121,17,0,88
121,23,0,60
121,15,0,93
121,48,0,34
121,58,1,76
121,46,0,78
121,70,0,25
121,67,0,67
121,37,1,76
121,45,0,54
121,40,0,81
121,40,0,50
121,54,0,65
121,17,1,41
121,48,0,63
121,47,0,28
121,4,0,64
121,34,1,53
121,33,0,39
121,50,0,50
121,9,0,57
121,51,0,91
121,3,0,33
121,59,0,77
121,7,0,94
121,28,0,40
121,38,0,45
121,38,0,52
121,31,0,54
121,36,0,76
121,29,0,71
121,1,0,109
121,65,1,20
121,43,0,47
121,3,0,14
121,63,0,39
121,34,0,57
121,9,0,58
121,2,1,49
121,17,0,62
121,22,1,56
121,16,0,56
121,49,0,51
121,3,1,67
121,50,0,47
121,26,0,71
121,28,0,54
121,40,0,46
121,31,0,112
122,2,1,41
122,19,1,38
122,64,1,39
122,51,1,26
122,66,0,46
122,34,1,40
122,59,1,24
122,44,1,23
122,47,1,41
122,6,1,47
122,68,1,27
122,46,0,38
122,40,0,37
122,3,1,39
122,61,1,26
122,33,1,32
122,44,1,27
122,5,1,34
122,0,1,28
122,15,1,16
122,27,1,33
122,32,1,34
122,6,1,13
122,66,1,33
122,33,1,35
122,29,1,20
122,37,1,31
122,55,1,24
122,62,0,36
122,68,1,37
122,50,1,28
122,65,1,14
122,47,1,37
122,40,0,29
122,2,1,35
122,14,1,32
122,43,1,34
122,46,0,29
122,20,0,32
122,4,1,18
122,71,0,12
122,11,1,33
122,61,1,37
122,21,1,39
122,24,1,25
122,43,0,28
122,18,1,15
122,12,1,40
122,18,1,29
122,49,1,33
122,8,1,35
122,38,1,30
122,59,1,32
122,58,1,27
122,11,1,21
122,53,1,21
122,6,1,34
122,66,0,18
122,10,1,27
122,4,0,13
122,41,1,40
122,30,1,24
122,13,1,17
122,0,1,16
122,58,1,20
122,47,1,39
122,25,1,36
122,70,1,27
122,13,1,31
122,31,1,27
122,44,1,16
122,8,1,45
123,51,1,26
123,1,0,16
123,64,1,34
123,70,1,23
123,2,1,33
123,61,1,22
123,15,1,26
123,66,1,9
123,1,1,23
123,53,1,28
123,25,1,27
123,40,0,28
123,7,1,23
123,31,0,36
123,56,0,17
123,20,0,23
123,61,1,19
123,18,0,24
123,14,0,25
123,5,1,41
123,6,1,15
123,11,1,20
123,68,1,19
123,17,1,33
123,14,1,33
123,24,1,31
123,29,1,11
123,39,0,11
123,1,1,5
123,24,0,38
123,70,1,13
123,46,1,27
123,34,0,34
123,8,0,30
123,54,1,37
123,32,0,36
123,12,1,27
123,21,1,28
123,51,0,24
123,69,1,20
123,22,1,16
123,71,0,23
123,3,0,25
123,41,1,14
123,42,1,23
123,9,1,17
123,11,1,22
123,37,0,13
123,7,1,20
123,53,0,37
123,31,0,25
123,23,0,24
123,26,1,5
123,29,0,45
123,67,0,35
123,16,0,18
123,9,1,35
123,35,1,25
123,26,1,11
123,21,1,25
123,17,0,13
123,66,0,15
123,36,0,38
123,67,0,30
123,34,1,30
123,66,1,18
123,30,1,24
123,63,0,9
123,58,1,23
123,0,1,10
123,15,1,34
123,10,1,28
124,11,1,46
124,31,0,59
124,59,0,56
124,3,0,30
124,5,0,63
124,45,0,76
124,32,0,80
124,8,0,48
124,71,1,55
124,64,1,44
124,34,0,75
124,71,0,78
124,1,1,98
124,3,1,59
124,32,0,59
124,19,0,60
124,47,1,76
124,2,0,35
124,19,0,52
124,18,1,47
124,2,0,75
124,57,0,63
124,7,1,72
124,43,0,74
124,28,0,40
124,25,0,68
124,9,0,69
124,52,0,39
124,71,0,50
124,15,1,64
124,3,1,41
124,4,0,45
124,49,0,32
124,56,0,76
124,60,1,77
124,16,0,38
124,13,0,67
124,43,1,71
124,26,0,100
124,64,0,60
124,33,1,60
124,44,0,52
124,66,0,54
124,47,1,32
124,13,0,102
124,48,0,29
124,42,1,46
124,68,0,62
124,8,1,45
124,46,0,51
124,47,0,60
124,24,0,57
124,46,0,64
124,39,0,78
124,25,0,67
124,45,0,77
124,63,1,73
124,57,0,62
124,7,0,71
124,4,0,27
124,46,0,77
124,29,0,69
124,65,0,33
124,55,0,27
124,51,0,33
124,11,0,62
124,4,0,70
124,20,0,50
124,14,0,70
124,58,1,66
124,67,0,58
124,68,1,38
125,25,0,50
125,24,0,56
125,1,1,78
125,45,0,105
125,53,0,61
125,45,0,49
125,41,0,60
125,37,0,42
125,39,0,40
125,57,0,45
125,33,0,107
125,60,0,52
125,47,1,55
125,23,0,45
125,29,0,45
125,56,1,79
125,16,1,21
125,5,1,46
125,3,1,38
125,22,0,87
125,66,0,56
125,36,1,42
125,57,1,62
125,23,0,64
125,43,0,61
125,31,0,42
125,34,0,87
125,4,0,70
125,51,0,82
125,59,1,80
125,48,0,50
125,48,1,41
125,30,0,81
125,64,0,41
125,12,1,46
125,19,0,54
125,28,1,64
125,6,0,82
125,37,0,64
125,27,0,90
125,41,0,75
125,9,0,68
125,42,0,73
125,58,0,74
125,16,0,74
125,21,0,58
125,17,1,58
125,39,0,5
125,53,0,17
125,51,1,78
125,69,1,60
125,45,0,62
125,33,0,92
125,14,0,60
125,54,0,65
125,56,0,72
125,46,1,65
125,69,0,72
125,50,0,25
125,54,0,64
125,18,0,73
125,62,0,32
125,54,1,57
125,70,0,30
125,65,1,61
125,59,1,84
125,44,0,89
125,34,0,70
125,8,1,59
125,33,0,41
125,24,0,75
125,30,0,39
126,34,0,48
126,25,1,37
126,25,1,54
126,39,0,40
126,35,1,45
126,71,0,49
126,5,1,62
126,66,0,40
126,59,0,58
126,8,0,53
126,50,1,52
126,0,0,51
126,39,0,45
126,45,0,49
126,34,1,52
126,8,1,47
126,49,1,51
126,67,0,50
126,28,1,46
126,63,1,55
126,35,0,53
126,31,0,36
126,25,0,38
126,59,1,54
126,34,0,32
126,51,1,44
126,58,0,40
126,25,1,49
126,10,0,31
126,28,1,60
126,62,1,40
126,14,0,36
126,12,0,30
126,47,1,60
126,47,1,47
126,1,1,43
126,28,1,46
126,14,0,46
126,54,1,43
126,46,1,60
126,4,0,43
126,51,0,31
126,28,1,39
126,43,0,77
126,32,0,43
126,70,1,55
126,66,0,57
126,33,0,46
126,52,0,31
126,2,1,42
126,19,1,51
126,28,1,48
126,56,0,49
126,41,0,27
126,68,1,42
126,36,1,44
126,66,0,50
126,4,0,53
126,33,1,45
126,32,1,45
126,30,1,60
126,60,1,42
126,13,1,59
126,22,1,59
126,41,0,41
126,11,1,49
126,69,0,39
126,31,0,42
126,64,1,57
126,23,0,45
126,18,0,48
126,25,1,36
127,62,0,24
127,23,0,69
127,63,0,78
127,70,0,52
127,69,0,86
127,57,1,66
127,30,0,84
127,34,0,39
127,50,0,73
127,57,1,28
127,14,0,70
127,42,1,61
127,29,0,94
127,62,0,30
127,11,0,65
127,64,0,63
127,21,0,75
127,27,0,53
127,26,0,47
127,1,0,70
127,25,1,40
127,65,1,28
127,17,0,51
127,6,0,70
127,30,1,90
127,5,0,40
127,66,0,36
127,56,0,60
127,69,0,35
127,60,0,70
127,10,0,60
127,58,0,67
127,51,0,57
127,22,1,59
127,48,0,44
127,50,1,53
127,38,0,109
127,21,1,92
127,69,0,47
127,7,0,66
127,13,1,66
127,25,0,59
127,0,1,63
127,28,0,71
127,3,0,104
127,34,0,37
127,46,0,60
127,25,0,92
127,14,0,11
127,36,1,78
127,52,1,58
127,61,1,40
127,28,0,45
127,25,0,65
127,15,0,75
127,26,1,52
127,4,0,40
127,50,0,47
127,36,0,75
127,63,0,16
127,0,0,53
127,34,0,61
127,18,0,93
127,62,0,92
127,39,0,86
127,7,1,43
127,63,1,52
127,48,0,58
127,29,0,54
127,68,1,83
127,20,0,57
127,20,0,35
128,65,1,70
128,5,0,81
128,27,0,65
128,19,0,83
128,71,0,37
128,10,0,57
128,24,0,5
128,0,0,63
128,35,1,84
128,1,0,37
128,13,0,51
128,63,0,13
128,8,0,56
128,62,0,69
128,27,0,51
128,30,1,39
128,67,0,49
128,58,0,39
128,34,0,49
128,52,0,35
128,57,0,51
128,56,0,36
128,26,0,61
128,28,0,69
128,33,0,77
128,44,0,67
128,71,1,7
128,40,0,55
128,18,0,88
128,34,0,34
128,41,0,69
128,22,0,18
128,35,1,62
128,13,1,82
128,18,1,32
128,60,1,55
128,29,0,54
128,34,0,54
128,15,1,44
128,69,0,63
128,19,0,48
128,28,0,33
128,41,0,58
128,11,0,37
128,25,1,59
128,6,1,44
128,28,0,72
128,0,0,50
128,32,1,70
128,42,0,76
128,0,0,50
128,4,0,48
128,16,0,80
128,25,0,41
128,50,1,67
128,62,1,66
128,29,0,66
128,50,0,74
128,59,0,63
128,46,0,29
128,4,0,78
128,2,0,63
128,29,0,76
128,27,0,73
128,18,0,36
128,66,0,80
128,58,0,91
128,13,1,87
128,36,0,69
128,42,0,70
128,37,1,96
128,24,1,80
129,52,1,37
129,39,0,37
129,2,0,41
129,19,0,67
129,70,0,56
129,20,1,34
129,58,0,26
129,3,1,29
129,21,0,27
129,69,1,8
129,36,1,36
129,63,1,55
129,45,1,53
129,10,1,38
129,61,1,35
129,67,0,37
129,49,1,31
129,9,1,42
129,40,0,36
129,36,1,36
129,19,1,46
129,45,1,14
129,58,1,19
129,0,0,48
129,23,1,54
129,0,0,39
129,58,1,28
129,67,0,69
129,25,1,37
129,54,0,18
129,3,0,72
129,39,1,35
129,36,1,43
129,22,1,36
129,61,1,43
129,45,1,41
129,34,1,29
129,4,0,21
129,14,1,36
129,69,0,24
129,21,1,23
129,57,0,49
129,21,0,32
129,34,1,29
129,13,1,29
129,68,0,53
129,22,1,59
129,60,1,58
129,50,0,49
129,5,1,35
129,70,1,51
129,41,1,76
129,52,1,27
129,64,1,35
129,15,1,41
129,5,1,35
129,43,0,22
129,32,0,47
129,46,0,62
129,35,1,31
129,69,1,67
129,20,0,28
129,6,0,26
129,67,0,34
129,20,0,41
129,65,1,28
129,3,0,57
129,0,0,31
129,60,0,31
129,7,1,41
129,17,1,61
129,43,0,40
130,34,0,24
130,3,0,38
130,60,1,26
130,69,1,21
130,7,1,29
130,8,1,29
130,1,1,44
130,37,0,33
130,9,1,32
130,46,1,36
130,56,1,38
130,62,0,17
130,55,0,37
130,7,1,14
130,52,1,42
130,8,0,34
130,21,1,34
130,29,1,19
130,4,0,28
130,51,1,40
130,43,1,33
130,39,0,37
130,69,0,25
130,6,1,23
130,37,0,38
130,34,0,44
130,12,1,23
130,23,1,20
130,36,1,24
130,44,1,34
130,36,0,30
130,28,0,39
130,15,1,32
130,5,1,34
130,3,0,25
130,38,1,41
130,7,0,17
130,27,1,20
130,63,0,29
130,64,1,26
130,1,1,30
130,68,1,36
130,41,1,43
130,66,0,25
130,18,1,38
130,71,0,21
130,69,1,36
130,2,1,9
130,58,1,32
130,41,1,14
130,63,1,39
130,5,1,34
130,26,1,34
130,42,0,29
130,37,1,12
130,35,1,49
130,23,1,39
130,39,1,61
130,39,0,25
130,0,1,14
130,70,1,32
130,50,0,23
130,46,1,32
130,1,0,27
130,10,1,30
130,59,1,40
130,48,0,32
130,29,1,36
130,22,1,36
130,50,1,35
130,53,1,23
130,3,0,29
131,67,0,24
131,56,1,27
131,16,1,26
131,62,1,19
131,58,1,42
131,28,1,28
131,43,1,13
131,47,1,30
131,3,1,22
131,17,1,35
131,49,1,36
131,44,1,45
131,34,1,24
131,5,1,44
131,46,1,31
131,47,0,33
131,53,1,29
131,30,1,38
131,62,1,34
131,35,1,34
131,46,0,11
131,11,1,27
131,60,1,15
131,14,1,17
131,37,1,46
131,14,0,51
131,29,1,37
131,67,1,14
131,36,1,23
131,39,1,33
131,26,1,16
131,19,1,29
131,13,1,19
131,31,1,23
131,42,1,20
131,1,1,44
131,21,0,40
131,47,1,25
131,59,1,31
131,27,1,41
131,18,1,27
131,39,1,13
131,42,1,34
131,37,1,23
131,69,0,24
131,33,0,14
131,4,0,37
131,8,1,35
131,24,0,11
131,50,1,36
131,57,1,21
131,70,1,17
131,46,0,29
131,43,0,32
131,53,1,45
131,62,1,18
131,25,1,34
131,40,1,38
131,38,1,36
131,55,1,41
131,66,1,31
131,22,1,36
131,40,0,11
131,58,1,38
131,59,1,40
131,41,0,13
131,26,1,42
131,1,1,22
131,16,1,29
131,68,1,20
131,68,1,41
131,12,1,26
132,60,1,19
132,10,0,16
132,52,1,29
132,21,0,23
132,61,1,28
132,58,0,23
132,7,0,27
132,35,0,26
132,6,1,5
132,1,0,24
132,4,1,31
132,57,0,30
132,7,1,48
132,45,0,24
132,7,1,44
132,41,1,9
132,45,0,19
132,5,1,19
132,58,0,34
132,9,1,33
132,59,0,33
132,10,1,15
132,29,0,8
132,10,0,16
132,62,0,16
132,66,0,15
132,43,1,34
132,59,0,31
132,53,1,31
132,43,0,21
132,10,0,28
132,20,0,8
132,22,1,14
132,5,1,20
132,35,0,7
132,5,0,11
132,14,0,32
132,52,1,33
132,2,1,43
132,33,1,20
132,69,0,41
132,32,1,8
132,61,1,32
132,7,1,21
132,53,1,11
132,6,1,37
132,11,0,28
132,60,1,28
132,53,0,23
132,67,0,41
132,69,1,17
132,14,0,6
132,35,0,12
132,36,1,35
132,2,1,19
132,26,0,24
132,49,0,21
132,48,0,11
132,14,0,28
132,64,0,33
132,70,0,31
132,27,1,32
132,28,0,5
132,43,0,11
132,14,1,23
132,52,1,29
132,3,0,11
132,67,1,14
132,70,1,21
132,3,1,28
132,49,1,18
132,26,1,29
133,63,0,58
133,16,0,68
133,25,1,36
133,46,0,87
133,67,1,83
133,1,0,77
133,2,0,59
133,48,0,64
133,70,0,88
133,64,0,72
133,10,0,64
133,51,0,64
133,43,0,65
133,13,1,92
133,42,1,68
133,11,0,71
133,34,1,70
133,28,0,77
133,12,0,81
133,11,1,69
133,57,0,78
133,19,0,65
133,22,1,82
133,13,1,91
133,4,0,16
133,23,0,33
133,1,0,23
133,1,0,58
133,71,0,37
133,2,0,71
133,49,0,78
133,62,0,84
133,65,1,117
133,69,0,73
133,40,0,65
133,46,0,98
133,18,0,76
133,56,1,94
133,8,0,60
133,65,1,77
133,17,0,59
133,55,0,66
133,23,0,94
133,7,1,9
133,44,0,68
133,5,1,81
133,6,1,45
133,20,0,54
133,68,0,21
133,12,0,60
133,69,0,74
133,29,1,64
133,49,1,42
133,36,0,77
133,35,0,42
133,52,0,60
133,27,0,35
133,2,1,101
133,68,0,21
133,48,0,50
133,56,0,56
133,49,1,51
133,53,0,46
133,47,0,65
133,71,1,81
133,48,0,56
133,29,0,67
133,8,0,58
133,65,1,66
133,38,0,69
133,70,0,67
133,53,1,82
134,20,1,41
134,5,1,38
134,48,0,31
134,15,1,34
134,44,0,31
134,47,1,13
134,37,1,29
134,20,0,16
134,17,1,39
134,54,1,28
134,27,1,38
134,23,0,33
134,0,0,24
134,27,1,25
134,59,1,27
134,65,1,30
134,7,0,37
134,33,0,28
134,28,1,53
134,17,1,36
134,11,1,29
134,36,1,29
134,7,1,35
134,34,1,25
134,54,0,15
134,55,0,21
134,31,1,14
134,14,1,22
134,61,1,46
134,28,1,34
134,16,1,24
134,51,1,16
134,16,1,26
134,70,1,34
134,16,1,28
134,41,1,15
134,58,1,41
134,15,1,29
134,26,1,30
134,1,0,21
134,58,1,37
134,29,1,52
134,24,0,42
134,2,1,53
134,51,1,26
134,2,1,39
134,48,1,12
134,23,0,29
134,31,0,25
134,27,0,31
134,9,0,35
134,43,0,40
134,48,0,29
134,5,1,41
134,31,1,27
134,10,1,42
134,15,1,26
134,59,1,28
134,10,0,23
134,24,0,17
134,59,1,32
134,49,1,20
134,45,1,28
134,37,1,33
134,36,1,25
134,55,0,34
134,68,1,20
134,47,1,24
134,12,0,42
134,47,1,29
134,60,1,21
134,50,1,27
135,39,0,29
135,7,0,20
135,37,0,13
135,45,0,28
135,71,0,42
135,68,1,20
135,6,0,14
135,66,0,16
135,44,0,36
135,25,1,31
135,3,0,32
135,60,0,14
135,7,1,38
135,0,0,17
135,0,0,18
135,1,0,15
135,45,0,14
135,41,0,17
135,19,0,15
135,69,1,41
135,6,1,31
135,36,0,19
135,24,1,17
135,21,0,34
135,52,0,5
135,56,0,32
135,65,1,9
135,22,0,23
135,61,1,16
135,49,1,28
135,51,0,21
135,28,0,34
135,48,0,13
135,10,0,18
135,49,0,30
135,3,1,5
135,70,0,27
135,53,0,35
135,25,1,7
135,7,1,15
135,23,1,44
135,20,0,13
135,48,0,19
135,38,0,25
135,16,0,35
135,70,1,12
135,16,0,19
135,5,1,37
135,25,0,9
135,23,1,26
135,16,0,50
135,24,0,12
135,19,0,28
135,24,0,24
135,21,0,31
135,16,1,5
135,34,0,19
135,63,0,12
135,43,0,7
135,8,0,15
135,31,0,32
135,7,1,25
135,13,1,17
135,8,0,26
135,62,0,30
135,37,0,5
135,69,0,23
135,55,0,25
135,26,0,24
135,36,1,7
135,38,0,22
135,4,0,20
136,15,1,30
136,11,1,62
136,70,1,40
136,31,0,49
136,57,0,67
136,34,0,35
136,31,0,55
136,40,0,59
136,30,1,24
136,38,1,17
136,38,1,37
136,8,0,40
136,27,0,36
136,64,0,38
136,56,1,47
136,27,0,42
136,25,0,39
136,13,0,37
136,45,0,44
136,40,0,28
136,6,1,28
136,12,0,33
136,60,1,76
136,70,0,35
136,46,0,46
136,35,1,41
136,46,1,59
136,29,1,21
136,66,0,40
136,5,1,40
136,24,0,37
136,37,0,52
136,0,0,25
136,54,0,62
136,54,0,70
136,50,1,44
136,56,0,9
136,52,1,35
136,46,0,34
136,54,0,49
136,57,0,52
136,25,1,42
136,19,0,47
136,32,0,49
136,38,0,53
136,15,1,47
136,6,0,55
136,66,0,33
136,48,0,52
136,61,1,55
136,29,0,61
136,0,0,43
136,9,0,37
136,1,0,37
136,19,1,47
136,50,0,39
136,8,0,7
136,18,0,40
136,20,1,37
136,57,0,52
136,65,1,74
136,24,1,43
136,54,1,31
136,3,0,56
136,9,1,26
136,54,0,45
136,11,0,48
136,47,1,43
136,34,1,66
136,70,1,33
136,38,1,69
136,36,0,49
137,11,0,78
137,26,1,73
137,42,0,50
137,42,1,42
137,42,1,56
137,46,0,28
137,18,0,38
137,18,0,48
137,13,0,89
137,26,0,47
137,38,0,78
137,39,0,37
137,23,0,97
137,4,0,48
137,21,0,88
137,44,0,63
137,23,0,50
137,30,0,84
137,43,0,47
137,36,1,41
137,54,0,46
137,69,0,55
137,52,1,55
137,15,0,99
137,19,0,58
137,3,0,44
137,19,0,86
137,50,0,46
137,10,0,44
137,10,0,64
137,53,0,59
137,13,1,74
137,53,0,59
137,27,1,83
137,8,0,57
137,36,1,57
137,38,0,18
137,1,1,92
137,53,0,66
137,39,0,34
137,14,0,51
137,24,0,56
137,43,0,59
137,17,1,68
137,12,0,36
137,14,0,5
137,64,0,52
137,31,0,113
137,41,0,69
137,43,1,100
137,30,0,21
137,66,0,40
137,9,0,51
137,2,0,49
137,70,0,106
137,63,0,62
137,18,1,75
137,14,0,41
137,20,0,77
137,6,1,50
137,69,0,68
137,39,0,62
137,63,0,72
137,65,1,35
137,15,0,44
137,53,0,65
137,9,0,55
137,17,0,64
137,66,0,54
137,22,0,124
137,25,0,25
137,2,0,62
138,20,0,34
138,37,0,23
138,38,1,16
138,10,1,39
138,21,1,42
138,23,0,42
138,69,0,14
138,34,1,33
138,31,0,25
138,56,1,26
138,18,1,35
138,65,1,53
138,20,0,51
138,32,0,38
138,31,0,32
138,24,1,30
138,63,1,25
138,13,0,13
138,47,1,30
138,39,0,47
138,21,1,40
138,18,1,16
138,40,0,37
138,53,1,41
138,63,1,38
138,34,1,38
138,34,1,27
138,68,1,40
138,71,0,38
138,28,0,48
138,51,1,46
138,56,1,13
138,62,0,40
138,16,1,12
138,58,1,31
138,38,1,34
138,65,1,37
138,65,1,37
138,20,0,23
138,39,0,25
138,50,1,42
138,21,1,51
138,60,1,48
138,9,0,29
138,41,0,37
138,44,0,5
138,16,0,33
138,8,1,34
138,40,1,31
138,49,1,19
138,27,1,24
138,21,1,37
138,10,0,24
138,30,1,32
138,22,1,35
138,47,1,38
138,44,0,24
138,0,1,28
138,0,1,38
138,32,0,51
138,7,1,10
138,58,1,42
138,30,1,39
138,49,1,25
138,35,1,42
138,3,1,19
138,21,1,32
138,32,1,35
138,16,1,28
138,51,0,41
138,50,0,32
138,23,1,30
139,13,1,41
139,61,1,20
139,19,1,45
139,21,1,48
139,30,1,57
139,49,1,33
139,65,1,49
139,46,0,28
139,45,1,38
139,13,1,49
139,58,1,41
139,51,1,57
139,47,1,77
139,40,0,65
139,53,1,43
139,25,1,26
139,48,0,47
139,44,1,63
139,53,1,17
139,69,1,37
139,5,1,54
139,69,0,66
139,32,1,45
139,7,1,39
139,35,1,23
139,62,1,27
139,68,0,43
139,45,1,62
139,11,1,42
139,43,1,37
139,29,1,41
139,64,1,26
139,28,1,18
139,51,1,62
139,70,1,60
139,21,0,34
139,16,1,23
139,57,0,72
139,27,1,43
139,3,0,50
139,49,1,54
139,47,1,58
139,32,1,34
139,49,1,76
139,22,1,28
139,11,1,41
139,57,0,37
139,41,0,52
139,18,1,21
139,38,1,60
139,66,1,65
139,37,0,60
139,43,0,56
139,55,0,58
139,50,1,37
139,19,1,45
139,44,0,52
139,24,0,53
139,13,1,31
139,67,0,49
139,45,1,37
139,3,0,45
139,66,1,35
139,11,1,32
139,6,1,74
139,5,1,63
139,20,0,46
139,2,1,48
139,57,0,26
139,32,1,33
139,8,0,47
139,32,1,66
140,21,1,62
140,40,0,61
140,2,0,34
140,62,0,23
140,57,0,43
140,37,1,30
140,55,0,18
140,0,1,35
140,30,1,44
140,21,0,35
140,9,0,41
140,60,0,46
140,2,0,42
140,9,0,50
140,39,0,21
140,71,0,38
140,32,0,42
140,31,0,16
140,49,1,33
140,13,0,77
140,61,1,49
140,24,0,36
140,12,0,46
140,49,1,36
140,22,0,55
140,55,1,41
140,13,1,52
140,30,1,51
140,58,0,46
140,68,1,42
140,26,0,46
140,3,0,57
140,20,0,8
140,34,1,8
140,23,1,53
140,58,0,58
140,27,0,49
140,49,1,6
140,28,0,30
140,11,1,46
140,65,0,7
140,7,0,21
140,8,0,45
140,5,0,43
140,14,0,27
140,53,1,28
140,23,0,14
140,61,1,46
140,14,0,17
140,64,1,22
140,30,1,65
140,56,1,15
140,24,0,41
140,0,1,65
140,27,1,57
140,45,0,35
140,17,1,31
140,9,0,66
140,63,1,28
140,26,0,65
140,23,0,35
140,66,0,43
140,49,1,20
140,44,1,68
140,41,0,34
140,29,1,54
140,42,1,31
140,42,1,25
140,59,1,27
140,44,0,32
140,37,0,71
140,19,0,61
141,20,1,30
141,27,1,38
141,41,1,53
141,69,1,28
141,64,1,49
141,3,0,30
141,53,1,52
141,32,1,24
141,57,1,24
141,2,1,17
141,55,1,11
141,7,1,25
141,43,0,30
141,68,1,28
141,18,0,28
141,32,1,43
141,69,0,45
141,6,1,38
141,3,0,24
141,22,1,27
141,52,1,40
141,39,1,29
141,70,1,39
141,70,1,20
141,48,1,33
141,70,1,39
141,5,1,16
141,60,1,46
141,58,0,27
141,53,1,43
141,20,1,31
141,65,1,33
141,12,1,21
141,33,1,41
141,70,1,38
141,66,1,31
141,22,1,23
141,28,0,16
141,9,0,24
141,69,0,27
141,5,1,20
141,44,1,25
141,9,1,50
141,33,1,32
141,22,1,31
141,13,1,26
141,24,0,22
141,3,1,20
141,69,0,25
141,3,1,29
141,16,1,16
141,41,1,19
141,68,1,34
141,6,1,26
141,32,1,30
141,58,1,35
141,19,1,21
141,55,1,22
141,37,1,14
141,21,1,28
141,33,1,30
141,36,1,26
141,10,1,25
141,69,1,35
141,19,0,37
141,21,1,21
141,11,1,37
141,70,1,35
141,71,1,27
141,48,1,47
141,3,1,45
141,54,1,27
142,57,1,59
142,42,1,57
142,2,0,50
142,62,1,26
142,16,1,46
142,43,1,30
142,58,1,60
142,54,1,55
142,7,1,26
142,14,0,41
142,36,0,38
142,28,1,48
142,33,0,62
142,40,0,13
142,12,0,20
142,61,0,30
142,67,0,66
142,47,0,51
142,35,1,42
142,41,1,28
142,40,0,33
142,54,1,67
142,38,1,38
142,4,0,44
142,56,0,56
142,45,0,30
142,23,1,53
142,18,0,43
142,26,1,70
142,40,1,35
142,54,1,57
142,51,0,39
142,62,0,56
142,43,0,49
142,26,1,44
142,30,1,39
142,37,0,67
142,49,1,72
142,69,1,34
142,16,1,31
142,18,1,27
142,39,1,27
142,34,0,33
142,42,1,55
142,51,1,57
142,21,1,57
142,41,1,48
142,12,0,58
142,26,1,48
142,39,1,31
142,63,1,46
142,63,1,54
142,4,1,49
142,48,1,18
142,1,0,40
142,61,1,51
142,65,1,11
142,51,1,51
142,10,0,55
142,16,1,36
142,19,1,38
142,60,1,19
142,22,1,45
142,37,0,43
142,14,0,21
142,51,0,13
142,31,1,60
142,34,0,39
142,62,1,44
142,56,0,30
142,37,1,37
142,41,1,76
143,12,1,67
143,1,1,52
143,61,1,44
143,41,1,24
143,4,0,67
143,19,0,33
143,13,1,32
143,67,0,43
143,32,0,51
143,17,1,54
143,49,0,55
143,27,0,33
143,67,0,47
143,18,1,51
143,27,1,28
143,34,1,38
143,50,0,43
143,4,0,19
143,63,1,45
143,33,1,65
143,16,0,32
143,18,0,20
143,36,0,69
143,54,0,26
143,26,0,47
143,25,1,45
143,57,0,43
143,32,1,60
143,30,1,73
143,25,1,61
143,30,1,39
143,37,0,55
143,1,0,48
143,36,0,54
143,53,1,37
143,50,0,31
143,18,1,33
143,55,0,59
143,14,1,42
143,36,1,49
143,0,1,47
143,46,0,57
143,0,1,18
143,39,1,35
143,6,0,45
143,67,0,44
143,11,0,57
143,14,0,41
143,52,0,33
143,40,0,35
143,59,1,63
143,56,0,42
143,43,0,35
143,21,0,48
143,32,0,38
143,14,1,23
143,40,1,59
143,2,0,42
143,57,0,50
143,31,0,45
143,30,1,36
143,66,0,51
143,40,0,39
143,24,0,45
143,29,0,57
143,60,0,45
143,57,0,64
143,2,1,43
143,29,1,13
143,23,1,39
143,43,1,43
143,37,1,61
144,63,0,47
144,34,0,42
144,15,0,48
144,70,0,59
144,2,0,54
144,56,0,64
144,8,0,59
144,70,0,43
144,48,1,47
144,52,1,39
144,56,0,54
144,27,1,44
144,25,1,54
144,67,1,50
144,49,1,25
144,15,0,5
144,0,1,57
144,69,1,31
144,0,0,59
144,52,0,35
144,32,0,44
144,35,0,47
144,59,1,55
144,25,0,49
144,65,0,64
144,63,0,76
144,8,1,56
144,23,0,28
144,56,0,26
144,12,0,66
144,40,0,21
144,16,0,43
144,71,0,40
144,29,1,36
144,64,0,30
144,0,0,12
144,26,1,27
144,25,1,39
144,20,0,41
144,19,0,37
144,45,0,24
144,33,0,41
144,2,1,43
144,11,0,43
144,26,0,43
144,71,0,13
144,68,0,55
144,8,1,48
144,26,0,5
144,60,1,18
144,18,1,42
144,51,0,57
144,44,0,12
144,40,1,49
144,20,1,24
144,50,0,50
144,30,0,46
144,37,0,50
144,70,1,25
144,24,0,20
144,27,0,48
144,21,0,48
144,34,0,22
144,55,0,8
144,2,0,67
144,14,0,68
144,35,0,56
144,12,1,50
144,12,0,35
144,57,0,35
144,2,1,55
144,15,1,23
145,16,1,46
145,61,1,22
145,52,0,37
145,44,0,39
145,11,1,42
145,16,1,23
145,30,1,25
145,30,1,33
145,32,0,34
145,40,1,30
145,13,1,18
145,8,0,18
145,10,1,26
145,16,1,28
145,22,1,59
145,63,1,50
145,23,0,49
145,12,0,49
145,28,0,45
145,14,0,45
145,14,0,51
145,35,1,42
145,5,1,30
145,56,0,45
145,67,0,20
145,39,0,44
145,5,0,32
145,50,0,58
145,12,1,56
145,16,1,46
145,4,1,54
145,50,0,36
145,69,0,34
145,70,1,40
145,30,0,37
145,47,0,72
145,36,0,60
145,42,0,19
145,34,1,50
145,44,0,40
145,20,1,33
145,47,1,5
145,12,1,37
145,5,0,28
145,49,0,41
145,10,1,56
145,43,0,38
145,58,0,55
145,8,0,35
145,31,1,20
145,51,1,29
145,36,1,64
145,39,1,24
145,28,1,30
145,22,0,20
145,13,1,38
145,37,0,13
145,38,0,42
145,8,1,5
145,65,1,57
145,31,0,29
145,44,0,27
145,21,0,69
145,44,1,13
145,70,1,31
145,71,1,53
145,22,0,41
145,21,1,32
145,42,1,17
145,54,0,20
145,40,0,59
145,19,0,34
146,52,1,11
146,54,1,37
146,46,1,34
146,58,1,49
146,62,0,75
146,30,0,51
146,35,1,14
146,35,1,42
146,47,0,39
146,71,1,5
146,44,1,46
146,44,0,22
146,61,0,40
146,5,1,43
146,38,0,46
146,53,0,49
146,51,0,32
146,34,0,45
146,21,0,36
146,35,1,36
146,71,0,56
146,23,0,54
146,31,1,46
146,30,1,28
146,3,0,39
146,70,0,65
146,61,1,32
146,54,1,43
146,22,0,38
146,8,0,32
146,32,1,52
146,24,0,26
146,56,0,34
146,11,1,65
146,44,1,43
146,9,0,34
146,44,1,20
146,60,0,21
146,20,0,36
146,32,0,37
146,51,1,59
146,10,1,28
146,55,1,33
146,2,1,35
146,70,0,51
146,66,0,44
146,32,0,57
146,9,0,38
146,49,1,61
146,55,0,21
146,3,0,40
146,62,0,38
146,60,1,19
146,17,1,34
146,26,0,49
146,0,1,54
146,5,0,16
146,21,0,31
146,64,0,38
146,43,1,36
146,61,1,38
146,0,1,42
146,41,1,33
146,35,1,87
146,19,0,43
146,39,1,29
146,35,0,23
146,70,0,77
146,53,1,22
146,17,1,34
146,33,0,30
146,35,0,37
147,49,1,22
147,39,1,45
147,4,1,35
147,1,1,39
147,36,1,35
147,68,1,37
147,25,1,22
147,56,1,42
147,6,0,31
147,50,1,25
147,37,1,15
147,19,0,31
147,45,1,24
147,37,1,20
147,46,0,33
147,44,0,48
147,48,1,25
147,46,1,48
147,35,1,24
147,46,1,14
147,60,1,29
147,47,1,25
147,12,1,35
147,23,0,38
147,11,1,41
147,19,0,21
147,30,1,20
147,6,1,16
147,21,1,48
147,4,1,46
147,0,1,27
147,42,1,28
147,23,1,39
147,22,0,34
147,60,1,28
147,36,1,28
147,6,1,43
147,65,1,30
147,32,1,14
147,21,1,28
147,29,1,37
147,21,0,36
147,0,1,19
147,52,1,41
147,61,1,27
147,0,1,36
147,68,1,24
147,62,1,32
147,0,0,33
147,31,1,38
147,14,0,18
147,42,1,37
147,66,1,17
147,62,1,23
147,20,0,18
147,63,1,31
147,51,0,17
147,6,1,42
147,28,0,46
147,71,1,33
147,9,0,34
147,12,1,42
147,31,0,15
147,3,0,32
147,70,0,31
147,45,1,43
147,57,1,28
147,53,1,35
147,5,1,34
147,49,1,49
147,5,1,39
147,67,1,53
148,65,1,31
148,52,1,33
148,12,0,26
148,33,1,29
148,67,1,21
148,3,0,29
148,48,0,30
148,31,0,26
148,5,1,29
148,40,0,28
148,45,1,30
148,46,1,27
148,38,1,29
148,29,0,16
148,35,1,27
148,30,1,22
148,50,0,24
148,13,1,27
148,17,0,5
148,52,1,26
148,70,0,42
148,38,0,32
148,15,1,19
148,8,1,39
148,48,1,42
148,50,1,20
148,22,1,33
148,56,1,41
148,46,1,25
148,55,1,26
148,63,1,30
148,18,0,48
148,41,0,28
148,47,1,29
148,40,0,31
148,27,1,33
148,17,1,34
148,1,0,21
148,67,1,27
148,25,1,26
148,13,1,38
148,46,0,36
148,42,1,26
148,33,0,31
148,67,0,52
148,57,1,31
148,35,1,23
148,1,1,17
148,6,0,33
148,26,1,25
148,4,0,29
148,35,1,29
148,31,0,11
148,16,1,25
148,47,1,38
148,59,1,28
148,70,1,26
148,68,1,22
148,17,1,8
148,58,1,14
148,4,1,46
148,5,1,38
148,8,0,25
148,63,1,50
148,60,1,19
148,52,1,16
148,30,1,15
148,15,1,27
148,57,1,47
148,0,1,43
148,27,0,36
148,70,1,45
149,23,0,35
149,53,1,44
149,52,0,29
149,45,1,46
149,66,1,55
149,53,0,49
149,59,0,41
149,62,0,30
149,8,0,35
149,54,0,42
149,41,0,24
149,23,1,56
149,55,1,24
149,5,0,36
149,57,1,43
149,67,0,49
149,35,0,24
149,11,1,18
149,43,1,41
149,57,0,28
149,37,1,33
149,24,1,13
149,1,1,49
149,6,0,40
149,3,0,38
149,23,1,62
149,22,1,33
149,46,0,26
149,23,1,70
149,1,0,47
149,11,1,48
149,49,1,57
149,10,0,31
149,63,0,48
149,26,1,72
149,57,0,46
149,55,1,37
149,15,1,44
149,67,0,23
149,54,1,51
149,43,0,29
149,59,1,28
149,41,0,51
149,2,0,33
149,26,0,21
149,55,1,54
149,24,0,28
149,38,0,39
149,7,0,18
149,23,0,43
149,29,1,17
149,38,1,48
149,35,0,31
149,14,0,39
149,41,1,53
149,52,0,36
149,59,1,27
149,16,1,47
149,2,1,22
149,9,0,50
149,61,1,62
149,39,1,26
149,31,0,10
149,55,0,26
149,38,1,57
149,50,1,53
149,6,0,24
149,35,1,48
149,41,1,33
149,63,0,27
149,22,0,46
149,44,0,41
150,70,0,46
150,65,1,30
150,12,1,56
150,5,1,65
150,38,1,34
150,34,1,56
150,54,0,38
150,22,1,40
150,26,0,50
150,50,0,27
150,62,0,34
150,68,1,32
150,45,0,58
150,54,0,37
150,21,0,35
150,52,1,42
150,22,1,55
150,65,1,57
150,29,0,61
150,3,0,59
150,40,0,54
150,6,0,47
150,3,0,36
150,53,1,39
150,27,0,73
150,49,0,59
150,24,0,50
150,44,1,32
150,50,0,32
150,56,1,53
150,42,0,47
150,28,1,40
150,58,1,45
150,29,1,44
150,46,1,17
150,9,0,50
150,23,0,41
150,10,0,56
150,60,0,62
150,20,1,43
150,18,0,44
150,10,1,41
150,10,0,48
150,14,0,49
150,23,1,27
150,44,0,38
150,33,1,40
150,11,1,22
150,20,0,35
150,21,0,41
150,61,1,37
150,5,1,45
150,37,1,49
150,58,1,51
150,52,1,51
150,50,1,40
150,39,1,39
150,43,0,56
150,13,0,44
150,30,1,72
150,0,0,58
150,69,1,73
150,40,0,89
150,49,0,39
150,57,1,60
150,58,1,53
150,11,0,46
150,65,1,23
150,40,1,67
150,45,0,59
150,70,0,66
150,0,0,44
151,69,1,24
151,12,1,19
151,31,0,18
151,38,0,27
151,22,1,12
151,59,1,10
151,27,0,9
151,8,1,11
151,44,1,10
151,32,1,24
151,45,0,27
151,55,1,26
151,66,0,23
151,55,1,15
151,33,0,21
151,56,0,20
151,53,1,5
151,61,1,19
151,14,1,38
151,55,0,17
151,24,0,41
151,20,0,26
151,58,0,28
151,41,1,21
151,66,1,21
151,24,1,28
151,65,0,19
151,11,1,20
151,26,0,27
151,60,1,27
151,1,0,33
151,59,0,25
151,20,1,27
151,61,1,8
151,59,1,13
151,67,1,24
151,65,1,25
151,38,0,16
151,18,1,38
151,66,0,17
151,60,0,25
151,32,0,21
151,10,1,14
151,62,0,8
151,26,1,30
151,65,1,18
151,38,1,46
151,71,0,32
151,37,1,5
151,2,0,30
151,67,1,5
151,49,1,19
151,7,1,28
151,62,0,21
151,22,1,8
151,36,1,45
151,53,1,28
151,47,0,20
151,4,1,20
151,33,1,29
151,67,1,11
151,23,1,22
151,25,0,37
151,7,0,26
151,6,0,5
151,23,1,35
151,8,0,29
151,14,0,49
151,38,0,39
151,44,1,31
151,3,0,25
151,10,0,15
152,62,0,52
152,68,1,64
152,26,0,82
152,54,0,61
152,65,1,80
152,15,0,65
152,63,0,80
152,63,0,65
152,48,0,66
152,53,0,67
152,62,0,41
152,70,0,71
152,60,0,62
152,28,0,69
152,19,0,52
152,26,0,53
152,43,1,62
152,70,0,70
152,24,0,65
152,25,0,30
152,17,1,47
152,26,0,31
152,4,0,44
152,44,1,63
152,67,1,50
152,16,0,103
152,50,0,70
152,9,0,82
152,6,0,52
152,70,0,48
152,51,0,33
152,28,0,32
152,8,0,33
152,32,0,65
152,45,0,55
152,49,1,112
152,62,0,103
152,47,0,63
152,52,1,51
152,15,0,45
152,11,1,103
152,33,0,75
152,19,0,86
152,19,0,39
152,50,0,26
152,24,1,51
152,23,0,31
152,14,0,89
152,38,0,68
152,29,1,38
152,6,1,75
152,4,0,38
152,26,0,60
152,64,0,27
152,21,1,44
152,14,0,84
152,15,0,103
152,15,0,70
152,35,0,64
152,14,0,56
152,32,0,130
152,21,0,75
152,66,0,43
152,16,0,57
152,25,0,50
152,56,1,72
152,50,0,82
152,58,0,34
152,15,0,69
152,60,0,61
152,59,0,104
152,35,0,36
153,48,0,55
153,29,1,61
153,50,0,44
153,59,0,48
153,64,0,69
153,32,0,47
153,4,0,75
153,19,0,76
153,42,0,10
153,24,0,58
153,69,0,18
153,54,0,52
153,6,0,78
153,56,1,66
153,6,0,14
153,50,0,46
153,4,0,27
153,55,0,51
153,53,1,73
153,49,0,68
153,10,0,85
153,41,0,73
153,36,1,96
153,69,0,27
153,61,1,48
153,71,0,74
153,4,0,54
153,52,1,53
153,42,0,60
153,67,1,65
153,59,0,32
153,21,0,38
153,39,0,57
153,12,0,61
153,59,0,95
153,22,0,70
153,39,0,53
153,30,1,46
153,25,0,106
153,8,0,10
153,13,0,65
153,25,0,43
153,31,0,67
153,66,0,72
153,27,1,37
153,50,0,54
153,28,1,85
153,63,0,52
153,7,1,104
153,18,0,77
153,65,1,78
153,26,1,17
153,29,0,60
153,57,0,14
153,53,0,67
153,4,0,87
153,48,1,49
153,25,0,24
153,52,0,47
153,59,0,36
153,48,0,30
153,67,0,42
153,30,1,56
153,32,0,35
153,54,0,55
153,8,1,43
153,69,1,75
153,43,0,65
153,66,0,57
153,5,1,61
153,45,1,80
153,33,0,59
154,28,0,48
154,31,0,39
154,15,0,39
154,23,1,46
154,58,1,40
154,25,1,53
154,67,1,27
154,26,1,20
154,25,1,44
154,21,1,48
154,12,0,56
154,38,1,65
154,62,0,57
154,65,1,51
154,61,1,40
154,44,1,55
154,59,1,44
154,18,1,37
154,62,1,49
154,23,0,78
154,29,0,57
154,58,1,68
154,64,0,35
154,64,1,43
154,11,0,39
154,25,1,71
154,61,1,49
154,60,0,40
154,56,0,59
154,55,0,36
154,44,1,33
154,32,0,60
154,58,1,24
154,10,0,39
154,7,0,47
154,49,1,56
154,28,0,56
154,21,1,11
154,37,0,29
154,71,0,69
154,66,1,25
154,9,1,26
154,63,0,33
154,17,1,50
154,10,1,43
154,12,1,57
154,4,0,50
154,3,1,57
154,1,0,52
154,36,1,70
154,53,1,35
154,65,1,49
154,16,0,34
154,52,1,63
154,48,0,72
154,58,1,8
154,37,0,25
154,59,1,46
154,47,1,53
154,68,1,41
154,14,1,42
154,14,0,63
154,26,0,40
154,70,0,50
154,23,0,56
154,48,0,38
154,66,0,68
154,70,1,59
154,31,0,60
154,30,1,43
154,67,0,27
154,5,1,55
155,41,0,15
155,5,1,31
155,40,0,30
155,68,1,18
155,65,1,41
155,57,1,28
155,28,1,20
155,5,0,30
155,41,0,35
155,23,1,35
155,20,1,5
155,37,0,29
155,45,1,23
155,64,0,25
155,14,0,33
155,55,1,28
155,57,0,18
155,9,1,26
155,7,1,31
155,35,0,5
155,46,0,24
155,69,1,28
155,47,0,23
155,48,0,29
155,66,0,10
155,13,0,21
155,48,0,15
155,31,1,20
155,44,0,27
155,59,0,15
155,5,1,9
155,28,1,17
155,41,1,15
155,39,1,19
155,39,1,25
155,43,0,31
155,0,0,35
155,5,1,35
155,64,1,26
155,34,1,26
155,26,1,37
155,13,0,26
155,70,1,15
155,51,0,26
155,34,1,11
155,2,0,23
155,49,1,20
155,0,0,35
155,61,1,30
155,13,0,29
155,50,0,20
155,44,1,39
155,16,0,32
155,65,1,35
155,64,0,20
155,52,1,18
155,63,0,29
155,48,1,19
155,62,0,26
155,47,0,34
155,28,0,30
155,4,0,29
155,35,0,29
155,3,1,33
155,69,0,23
155,71,0,46
155,17,1,18
155,17,0,27
155,14,1,30
155,10,1,32
155,33,0,47
155,70,1,34
156,60,0,31
156,8,0,55
156,12,1,36
156,9,1,56
156,28,1,21
156,15,1,26
156,27,0,37
156,60,0,52
156,68,0,49
156,39,0,21
156,9,1,49
156,6,1,62
156,20,0,62
156,53,0,41
156,36,1,35
156,1,1,41
156,10,1,8
156,33,1,42
156,65,1,39
156,11,0,46
156,51,0,25
156,25,1,35
156,4,0,33
156,39,0,38
156,39,0,53
156,20,0,55
156,32,0,60
156,61,1,31
156,17,1,39
156,15,1,33
156,28,1,66
156,67,0,59
156,7,0,52
156,5,1,50
156,48,0,49
156,68,0,70
156,49,0,51
156,70,0,5
156,7,1,51
156,61,1,51
156,26,1,37
156,46,0,48
156,9,0,36
156,67,1,37
156,40,1,72
156,49,1,41
156,26,1,68
156,15,0,30
156,43,0,62
156,24,0,47
156,30,0,54
156,11,1,53
156,26,1,32
156,14,1,34
156,60,1,62
156,44,0,16
156,13,0,42
156,32,0,37
156,10,1,36
156,32,0,30
156,62,0,48
156,57,0,55
156,60,1,50
156,70,1,16
156,3,1,47
156,44,0,49
156,24,0,63
156,52,0,48
156,28,0,38
156,58,1,32
156,69,1,48
156,55,0,45
157,20,0,28
157,11,1,31
157,13,1,45
157,23,1,53
157,17,1,53
157,38,0,19
157,67,0,46
157,61,0,20
157,21,0,35
157,68,1,32
157,52,0,49
157,29,1,50
157,38,0,25
157,15,1,31
157,51,0,46
157,17,1,35
157,30,1,41
157,39,1,39
157,20,0,43
157,34,0,22
157,18,0,37
157,34,1,40
157,53,0,49
157,29,1,37
157,1,0,56
157,8,1,20
157,50,0,66
157,20,0,57
157,20,0,15
157,3,0,43
157,5,1,27
157,54,1,46
157,4,1,24
157,67,0,31
157,61,1,29
157,56,0,32
157,66,0,29
157,4,0,52
157,5,1,32
157,27,1,48
157,37,0,42
157,12,0,49
157,7,1,54
157,19,0,52
157,43,0,37
157,33,0,36
157,3,0,42
157,65,0,34
157,7,0,45
157,25,1,18
157,43,0,39
157,60,1,41
157,62,0,51
157,12,0,31
157,71,1,24
157,56,0,69
157,19,1,53
157,38,0,51
157,22,0,45
157,49,1,59
157,38,1,28
157,43,1,17
157,59,0,29
157,0,1,67
157,4,0,41
157,22,0,47
157,68,1,32
157,62,1,40
157,28,1,24
157,13,1,26
157,34,1,48
157,24,0,36
158,36,1,44
158,12,0,55
158,71,0,85
158,25,1,44
158,6,0,74
158,3,0,19
158,60,1,57
158,63,0,79
158,5,1,76
158,43,0,83
158,22,1,90
158,53,0,68
158,26,0,57
158,58,1,49
158,38,0,58
158,46,0,36
158,47,0,68
158,2,1,50
158,1,0,78
158,15,1,77
158,32,0,80
158,26,0,72
158,34,0,22
158,34,0,37
158,31,0,49
158,25,0,88
158,52,1,44
158,1,1,71
158,21,0,86
158,21,0,56
158,20,0,47
158,60,0,47
158,34,0,64
158,21,0,112
158,49,1,57
158,52,1,56
158,18,0,104
158,23,0,31
158,27,0,45
158,27,1,48
158,39,0,57
158,39,0,65
158,8,0,71
158,23,0,50
158,1,0,82
158,45,1,86
158,16,0,66
158,10,1,64
158,8,0,89
158,19,1,52
158,25,0,32
158,8,0,42
158,9,0,60
158,49,1,44
158,58,1,56
158,63,1,49
158,37,0,40
158,9,1,49
158,44,0,38
158,41,1,73
158,38,1,80
158,3,0,83
158,59,0,72
158,4,0,70
158,52,1,59
158,25,0,69
158,3,0,69
158,50,0,33
158,50,1,66
158,15,0,31
158,25,0,5
158,62,1,82
159,30,1,78
159,61,1,36
159,60,1,42
159,48,0,60
159,12,1,36
159,63,0,35
159,69,1,54
159,59,0,58
159,62,1,48
159,54,0,73
159,12,0,51
159,7,1,41
159,65,1,54
159,3,1,63
159,35,0,28
159,8,0,81
159,14,0,13
159,37,0,72
159,20,0,67
159,11,0,40
159,53,1,36
159,26,0,60
159,15,1,36
159,64,0,51
159,29,0,52
159,38,0,97
159,51,0,83
159,46,0,39
159,36,0,80
159,3,0,71
159,2,0,81
159,26,1,95
159,35,0,38
159,34,0,75
159,14,0,47
159,64,0,44
159,51,0,77
159,39,0,52
159,55,1,71
159,50,0,40
159,13,1,70
159,17,1,65
159,37,0,72
159,6,0,44
159,6,0,50
159,38,0,67
159,52,0,37
159,17,1,54
159,48,1,74
159,23,0,75
159,58,0,38
159,14,0,59
159,40,0,34
159,40,0,54
159,9,1,79
159,59,0,36
159,3,0,87
159,10,0,39
159,62,0,64
159,28,1,43
159,3,1,56
159,48,0,77
159,68,0,67
159,4,0,17
159,0,1,102
159,44,0,100
159,30,0,53
159,40,0,57
159,33,0,70
159,17,1,48
159,21,0,59
159,40,0,46
160,27,0,78
160,41,1,55
160,21,1,74
160,45,0,76
160,58,1,61
160,70,0,70
160,33,0,57
160,13,1,63
160,38,1,100
160,24,0,34
160,42,0,24
160,31,0,40
160,45,0,60
160,34,0,25
160,32,0,63
160,0,0,65
160,30,1,83
160,7,0,55
160,34,0,22
160,69,0,41
160,36,0,61
160,31,0,86
160,44,0,98
160,12,0,17
160,0,0,17
160,16,0,60
160,57,0,47
160,47,0,16
160,54,0,58
160,42,0,37
160,11,0,87
160,16,1,64
160,3,0,47
160,25,1,65
160,20,0,35
160,48,0,77
160,15,0,44
160,15,0,76
160,62,0,67
160,48,0,49
160,9,0,69
160,5,1,63
160,25,1,85
160,23,0,76
160,23,0,55
160,32,0,28
160,65,1,78
160,53,0,76
160,23,0,68
160,58,1,33
160,45,0,65
160,33,0,98
160,37,0,93
160,41,0,90
160,38,1,63
160,63,0,68
160,16,0,70
160,21,0,37
160,31,0,47
160,20,0,50
160,31,0,80
160,49,0,62
160,68,1,82
160,70,0,70
160,2,1,71
160,31,0,86
160,57,0,48
160,17,1,23
160,69,0,110
160,49,1,18
160,46,0,62
160,61,1,57
161,43,0,64
161,61,1,38
161,8,0,75
161,54,0,40
161,36,0,47
161,27,1,63
161,0,0,61
161,35,0,60
161,59,1,73
161,64,0,41
161,70,1,38
161,19,0,76
161,61,1,26
161,37,0,37
161,24,1,71
161,65,1,45
161,9,0,42
161,50,0,22
161,58,1,47
161,36,0,56
161,36,1,26
161,39,0,31
161,47,1,34
161,32,1,40
161,36,1,57
161,71,1,44
161,65,1,34
161,59,1,44
161,60,0,42
161,37,0,75
161,53,1,27
161,65,1,53
161,34,1,22
161,10,0,45
161,33,0,55
161,61,0,42
161,36,1,43
161,12,0,32
161,51,1,33
161,62,0,42
161,39,0,31
161,13,1,67
161,57,0,56
161,49,1,51
161,59,0,29
161,37,0,19
161,66,0,37
161,5,1,51
161,3,0,47
161,50,0,42
161,26,1,38
161,39,1,46
161,68,0,35
161,65,0,61
161,26,0,40
161,2,1,32
161,5,0,18
161,40,0,57
161,51,1,45
161,61,1,41
161,63,0,59
161,55,0,70
161,24,0,47
161,8,1,45
161,63,1,48
161,23,0,71
161,40,0,25
161,60,0,63
161,31,0,30
161,23,1,77
161,0,0,36
161,65,1,37
162,65,0,37
162,46,1,61
162,4,0,45
162,6,1,25
162,42,1,34
162,16,1,48
162,55,0,40
162,47,0,16
162,5,1,77
162,69,0,23
162,34,0,48
162,51,1,59
162,46,1,40
162,58,1,18
162,17,1,45
162,12,0,37
162,44,0,45
162,34,0,48
162,26,1,48
162,16,0,46
162,61,1,72
162,56,1,58
162,34,1,55
162,59,1,24
162,69,0,28
162,16,0,56
162,53,1,44
162,69,0,61
162,63,1,61
162,29,0,46
162,58,0,49
162,34,1,42
162,22,1,41
162,9,1,37
162,23,1,64
162,35,1,38
162,64,1,49
162,29,0,26
162,34,1,44
162,9,1,47
162,8,1,33
162,56,1,51
162,38,1,30
162,60,1,50
162,69,1,26
162,44,0,32
162,11,0,57
162,4,0,28
162,46,1,36
162,17,0,29
162,7,1,58
162,35,1,43
162,39,0,36
162,12,0,29
162,52,1,34
162,70,1,36
162,53,1,72
162,42,1,34
162,2,1,63
162,49,1,26
162,51,0,40
162,11,1,50
162,36,1,57
162,28,1,39
162,70,0,61
162,69,0,56
162,21,0,51
162,42,1,34
162,49,1,32
162,19,0,29
162,45,0,45
162,58,1,21
163,26,0,33
163,8,0,55
163,28,1,37
163,47,1,48
163,19,1,39
163,21,0,57
163,2,1,55
163,25,0,51
163,44,1,41
163,14,1,39
163,40,1,17
163,30,1,27
163,27,1,56
163,9,0,24
163,56,1,65
163,13,1,50
163,26,1,35
163,52,1,38
163,58,1,53
163,40,0,43
163,29,1,67
163,66,1,53
163,14,0,46
163,60,0,32
163,26,0,34
163,17,0,62
163,48,1,41
163,5,0,41
163,18,0,32
163,0,1,45
163,5,1,54
163,30,1,48
163,7,1,54
163,45,1,49
163,1,1,50
163,30,1,54
163,4,0,56
163,17,1,5
163,18,0,55
163,25,0,36
163,52,1,32
163,18,0,38
163,59,0,33
163,4,0,50
163,68,1,32
163,13,1,41
163,28,1,35
163,34,1,30
163,64,0,28
163,68,0,31
163,60,0,36
163,47,0,39
163,34,0,68
163,41,0,55
163,40,0,57
163,22,1,38
163,46,0,25
163,8,1,34
163,29,1,39
163,44,0,18
163,3,1,67
163,38,1,58
163,39,0,54
163,60,0,24
163,9,1,45
163,29,0,47
163,1,0,63
163,62,1,31
163,41,0,40
163,26,0,40
163,9,0,47
163,21,0,33
164,70,0,67
164,25,0,54
164,19,0,82
164,12,0,63
164,4,1,63
164,11,0,59
164,23,0,70
164,56,1,65
164,41,1,53
164,48,0,42
164,52,1,49
164,39,1,75
164,69,0,52
164,67,0,41
164,50,0,57
164,47,0,73
164,32,0,19
164,7,0,95
164,32,0,41
164,30,1,36
164,23,0,6
164,66,1,56
164,18,0,76
164,58,1,90
164,56,1,51
164,52,0,39
164,57,1,44
164,17,0,65
164,4,0,59
164,58,0,74
164,6,1,47
164,29,0,64
164,9,0,75
164,1,0,86
164,63,0,111
164,33,0,78
164,6,0,89
164,39,0,63
164,21,0,63
164,63,0,67
164,32,0,44
164,70,0,66
164,8,0,73
164,10,0,23
164,45,0,58
164,9,1,54
164,69,0,62
164,7,0,57
164,39,0,56
164,4,0,44
164,67,1,52
164,39,0,71
164,55,0,89
164,47,0,63
164,13,1,59
164,49,1,68
164,69,0,63
164,66,0,73
164,62,1,33
164,58,1,57
164,46,0,116
164,41,1,68
164,61,0,83
164,22,1,66
164,71,0,65
164,9,0,42
164,25,1,71
164,20,1,42
164,8,1,73
164,24,1,59
164,15,0,52
164,21,0,57
165,15,0,76
165,45,0,79
165,63,1,63
165,48,0,47
165,34,0,35
165,15,0,45
165,8,0,70
165,27,0,39
165,54,1,49
165,68,0,82
165,14,0,52
165,64,0,24
165,20,0,28
165,30,0,85
165,62,0,67
165,2,1,58
165,53,0,26
165,16,0,56
165,28,0,88
165,47,1,46
165,41,0,10
165,67,1,37
165,2,0,45
165,0,0,76
165,45,1,61
165,69,0,76
165,55,0,114
165,63,0,52
165,51,1,37
165,59,0,48
165,15,1,49
165,62,0,56
165,28,0,48
165,71,0,102
165,58,1,57
165,24,0,49
165,21,1,85
165,8,0,66
165,66,1,43
165,28,1,64
165,27,0,102
165,25,0,70
165,18,1,77
165,6,0,53
165,59,0,76
165,62,0,46
165,50,1,85
165,27,1,55
165,39,0,31
165,29,1,49
165,18,0,62
165,48,0,22
165,48,0,53
165,69,0,68
165,66,0,55
165,38,1,72
165,71,0,92
165,42,0,38
165,20,0,91
165,48,1,78
165,30,1,59
165,4,1,22
165,49,1,70
165,71,0,45
165,4,0,47
165,63,0,54
165,59,1,55
165,35,0,59
165,57,0,63
165,59,0,62
165,71,1,48
165,16,0,58
166,7,0,39
166,48,1,13
166,68,0,31
166,56,1,35
166,34,1,58
166,14,0,43
166,68,0,31
166,54,0,33
166,42,1,60
166,59,1,32
166,69,1,16
166,69,0,17
166,65,1,40
166,69,0,20
166,32,0,19
166,39,1,36
166,0,0,44
166,19,0,44
166,65,0,20
166,9,1,31
166,55,0,22
166,14,0,40
166,21,1,53
166,35,0,50
166,51,1,33
166,55,0,16
166,70,1,30
166,29,0,38
166,45,0,32
166,54,0,51
166,41,0,47
166,4,0,34
166,2,0,30
166,11,1,61
166,28,1,63
166,55,1,52
166,14,0,64
166,11,0,27
166,10,1,56
166,53,1,44
166,40,0,23
166,63,0,78
166,36,0,11
166,32,1,17
166,9,1,58
166,53,1,43
166,58,1,39
166,28,1,44
166,11,1,28
166,68,1,51
166,20,0,51
166,26,0,30
166,58,1,55
166,32,1,28
166,45,1,61
166,51,1,20
166,42,1,55
166,47,1,18
166,40,1,19
166,58,1,19
166,66,0,53
166,51,1,52
166,39,0,18
166,36,0,48
166,57,0,30
166,2,1,35
166,52,1,73
166,54,0,46
166,44,1,33
166,23,0,44
166,0,0,46
166,8,1,45
167,57,1,15
167,6,1,16
167,21,0,33
167,70,0,39
167,15,0,19
167,66,0,30
167,52,1,33
167,27,1,35
167,26,1,22
167,32,0,36
167,69,1,26
167,40,0,26
167,65,1,39
167,61,1,25
167,66,1,29
167,50,1,17
167,68,0,17
167,52,1,33
167,10,1,16
167,11,1,25
167,44,0,32
167,57,1,32
167,66,0,23
167,0,0,23
167,0,0,19
167,66,1,35
167,2,1,30
167,71,0,32
167,10,0,28
167,13,1,30
167,48,1,19
167,9,1,31
167,45,1,11
167,24,0,23
167,11,1,27
167,31,0,23
167,44,0,9
167,15,0,23
167,46,1,17
167,63,1,24
167,67,0,24
167,37,1,17
167,56,0,17
167,27,0,25
167,38,1,32
167,26,1,37
167,56,1,22
167,23,0,28
167,12,1,32
167,46,0,8
167,16,1,21
167,33,0,20
167,58,0,14
167,41,0,27
167,65,1,33
167,37,1,31
167,25,1,38
167,16,1,32
167,3,0,23
167,55,0,12
167,68,1,7
167,12,0,5
167,71,0,25
167,64,1,5
167,39,1,27
167,59,0,17
167,67,1,24
167,0,0,36
167,69,0,39
167,22,0,21
167,50,0,31
167,38,0,28
168,35,0,40
168,62,0,51
168,40,0,55
168,12,1,29
168,20,0,45
168,30,1,71
168,34,1,63
168,71,0,10
168,46,0,55
168,4,0,32
168,16,0,58
168,52,1,27
168,48,0,58
168,34,0,41
168,53,0,20
168,63,1,26
168,65,1,24
168,46,0,54
168,70,1,66
168,31,0,32
168,63,1,27
168,70,0,27
168,6,1,44
168,53,0,44
168,67,0,50
168,40,0,24
168,68,1,59
168,0,1,57
168,7,0,16
168,19,0,22
168,58,1,19
168,25,0,56
168,37,0,27
168,26,1,39
168,49,0,14
168,34,1,5
168,4,0,48
168,46,0,46
168,13,1,38
168,57,0,55
168,51,0,43
168,65,1,10
168,1,1,12
168,8,0,42
168,34,1,64
168,68,0,40
168,55,0,37
168,29,1,55
168,8,1,58
168,1,1,55
168,39,1,22
168,70,1,61
168,24,0,31
168,31,1,35
168,51,1,40
168,15,1,45
168,40,0,30
168,64,0,52
168,2,0,37
168,36,0,47
168,64,0,60
168,47,1,56
168,44,0,49
168,69,0,50
168,50,1,32
168,9,0,45
168,0,0,32
168,66,0,31
168,40,0,13
168,59,0,54
168,63,1,15
168,35,1,38
169,48,0,32
169,64,1,56
169,21,1,26
169,67,0,56
169,52,0,43
169,32,0,23
169,22,1,64
169,28,0,57
169,20,0,25
169,17,0,49
169,42,1,28
169,54,0,47
169,12,1,29
169,60,1,42
169,37,0,39
169,33,0,44
169,17,1,36
169,57,1,46
169,8,1,46
169,5,1,48
169,56,0,51
169,65,1,16
169,13,0,5
169,17,1,38
169,4,0,34
169,33,1,52
169,0,0,52
169,67,0,57
169,63,0,25
169,44,0,34
169,20,1,47
169,61,0,38
169,20,0,33
169,48,0,55
169,5,1,42
169,46,0,18
169,37,0,39
169,54,0,63
169,70,0,54
169,23,0,52
169,40,1,53
169,28,1,40
169,42,0,74
169,14,0,37
169,2,1,58
169,18,0,58
169,64,1,26
169,12,0,36
169,11,1,37
169,28,1,46
169,44,0,45
169,34,1,50
169,61,1,35
169,55,0,26
169,18,0,46
169,36,1,19
169,25,1,52
169,27,1,52
169,20,0,72
169,39,0,60
169,42,1,35
169,25,0,55
169,9,1,42
169,58,1,55
169,3,0,46
169,39,1,29
169,13,0,31
169,19,1,52
169,34,1,42
169,56,1,39
169,18,0,26
169,36,1,40
170,36,1,59
170,6,1,58
170,27,0,101
170,17,0,55
170,44,0,54
170,54,1,94
170,44,0,70
170,58,1,84
170,14,0,89
170,57,0,40
170,64,0,85
170,24,1,78
170,37,1,112
170,15,1,25
170,10,1,43
170,15,0,52
170,7,0,71
170,66,0,20
170,70,0,31
170,21,1,85
170,53,1,44
170,54,0,82
170,57,0,30
170,19,0,59
170,42,1,53
170,49,0,78
170,69,0,83
170,4,1,39
170,68,0,47
170,7,1,85
170,22,0,23
170,23,0,51
170,64,0,55
170,64,1,59
170,17,1,67
170,33,0,41
170,51,0,94
170,29,0,52
170,68,0,89
170,24,0,58
170,68,0,46
170,66,1,73
170,7,0,64
170,22,0,25
170,70,0,83
170,5,1,77
170,35,1,80
170,55,0,56
170,3,0,69
170,62,0,29
170,10,0,39
170,10,0,45
170,10,0,50
170,66,0,73
170,56,1,73
170,51,0,64
170,69,1,59
170,57,0,44
170,68,0,58
170,51,0,92
170,19,0,79
170,20,0,49
170,69,1,60
170,3,1,84
170,29,0,71
170,62,0,46
170,19,0,56
170,70,0,33
170,21,0,48
170,20,0,28
170,21,0,77
170,55,0,73
171,41,1,70
171,20,0,61
171,50,0,31
171,4,0,43
171,20,0,48
171,53,0,45
171,71,1,67
171,14,1,70
171,21,0,85
171,26,1,19
171,68,0,85
171,19,1,68
171,8,0,65
171,68,0,56
171,40,0,44
171,25,0,95
171,28,0,47
171,47,0,55
171,28,0,91
171,50,0,60
171,14,0,103
171,10,0,33
171,56,1,18
171,69,0,56
171,40,0,84
171,17,0,82
171,55,0,48
171,48,1,61
171,33,0,52
171,38,0,52
171,1,0,65
171,22,0,79
171,19,0,76
171,6,0,48
171,67,0,50
171,34,0,66
171,12,0,25
171,40,0,99
171,54,0,14
171,61,1,42
171,66,0,64
171,12,0,39
171,44,0,53
171,5,0,73
171,49,0,38
171,38,1,74
171,28,0,66
171,13,0,69
171,28,0,52
171,45,0,82
171,42,0,76
171,35,1,44
171,66,0,43
171,42,0,72
171,61,1,34
171,23,0,20
171,56,0,64
171,50,0,69
171,47,0,75
171,6,1,85
171,8,0,67
171,48,1,53
171,45,0,68
171,48,0,64
171,50,0,77
171,20,0,93
171,3,0,60
171,48,0,67
171,24,0,45
171,69,0,66
171,58,0,66
171,10,0,62
172,60,1,26
172,35,1,27
172,28,1,37
172,52,1,25
172,56,1,33
172,9,0,31
172,30,1,30
172,52,1,29
172,24,0,35
172,44,1,34
172,29,1,40
172,17,0,38
172,40,0,27
172,43,1,43
172,49,1,26
172,30,1,35
172,6,1,33
172,64,1,25
172,30,0,27
172,62,0,35
172,10,1,6
172,68,1,14
172,23,0,30
172,52,1,37
172,64,1,28
172,16,0,30
172,2,1,16
172,66,1,36
172,16,1,25
172,45,0,33
172,21,1,29
172,4,0,15
172,12,1,34
172,16,0,5
172,56,1,38
172,14,1,18
172,15,1,33
172,50,0,23
172,40,1,29
172,1,1,19
172,64,1,32
172,43,0,37
172,30,1,32
172,64,1,21
172,1,1,23
172,14,0,22
172,3,1,29
172,60,1,35
172,39,1,16
172,47,1,5
172,71,1,28
172,27,1,9
172,34,1,34
172,19,0,36
172,64,1,28
172,8,1,49
172,29,1,24
172,21,1,42
172,39,1,30
172,5,1,32
172,7,1,20
172,13,1,40
172,52,1,40
172,52,1,17
172,40,1,8
172,1,1,20
172,55,0,10
172,35,1,31
172,66,0,12
172,41,1,24
172,60,1,21
172,31,1,52
173,30,1,42
173,48,0,53
173,40,0,37
173,59,0,25
173,14,0,14
173,36,1,20
173,8,1,38
173,59,1,47
173,3,1,44
173,27,0,70
173,71,1,35
173,27,1,45
173,28,1,27
173,22,1,53
173,33,1,19
173,4,0,25
173,59,1,21
173,28,1,22
173,29,1,33
173,66,1,54
173,6,1,20
173,26,0,44
173,25,1,44
173,4,0,45
173,29,0,40
173,57,1,38
173,7,0,34
173,0,1,32
173,46,1,44
173,28,1,40
173,13,1,52
173,22,1,27
173,62,1,46
173,22,1,36
173,71,0,31
173,61,1,58
173,1,1,11
173,36,0,12
173,51,0,27
173,62,0,25
173,61,1,40
173,41,0,32
173,58,1,33
173,38,1,20
173,57,1,13
173,15,1,49
173,7,0,46
173,58,1,29
173,39,0,54
173,29,1,32
173,37,0,35
173,28,0,62
173,52,1,32
173,24,1,45
173,20,0,7
173,58,0,56
173,16,1,38
173,11,1,34
173,0,1,21
173,35,1,40
173,6,0,24
173,50,1,48
173,29,1,54
173,17,1,29
173,15,0,63
173,19,1,27
173,8,1,32
173,23,1,47
173,58,0,23
173,14,0,48
173,13,0,70
173,46,1,23
174,0,0,38
174,8,1,44
174,59,1,22
174,32,0,43
174,36,1,46
174,67,0,36
174,47,0,30
174,22,1,74
174,6,0,46
174,2,1,50
174,31,0,5
174,31,0,7
174,14,1,69
174,17,1,32
174,17,1,27
174,10,1,52
174,64,0,56
174,21,1,14
174,3,0,56
174,38,0,28
174,12,1,50
174,62,0,14
174,27,1,51
174,44,1,19
174,69,1,15
174,12,0,44
174,37,1,45
174,14,0,12
174,14,0,27
174,31,0,30
174,10,0,6
174,43,0,35
174,47,0,24
174,16,0,46
174,53,0,25
174,36,0,41
174,39,0,11
174,10,0,40
174,58,0,37
174,44,1,54
174,30,1,42
174,40,0,46
174,64,0,41
174,27,0,63
174,18,0,40
174,13,1,35
174,44,1,15
174,45,0,49
174,27,1,35
174,16,0,56
174,6,1,42
174,51,1,26
174,4,0,65
174,64,1,56
174,62,0,32
174,63,1,61
174,59,0,28
174,15,1,48
174,63,0,38
174,53,1,40
174,3,1,50
174,7,1,82
174,5,1,42
174,20,0,63
174,55,1,34
174,12,0,30
174,65,0,83
174,22,1,57
174,0,1,42
174,33,0,48
174,1,1,53
174,63,0,10
175,36,0,36
175,28,0,50
175,23,0,34
175,18,1,58
175,16,0,36
175,61,0,63
175,35,1,40
175,35,1,36
175,51,0,39
175,65,1,56
175,70,1,49
175,57,0,39
175,28,0,55
175,71,0,49
175,18,0,38
175,19,0,54
175,5,1,40
175,17,1,22
175,36,1,52
175,36,0,24
175,13,0,36
175,57,1,61
175,63,1,40
175,66,1,28
175,58,1,37
175,26,1,51
175,45,0,50
175,21,0,57
175,55,0,41
175,68,1,37
175,68,1,35
175,52,1,27
175,11,0,37
175,15,0,63
175,59,1,48
175,5,1,58
175,39,0,22
175,41,1,51
175,29,1,54
175,43,0,50
175,39,1,38
175,57,0,54
175,61,1,49
175,42,1,13
175,36,1,40
175,0,0,28
175,25,1,30
175,47,0,20
175,42,1,55
175,38,1,53
175,66,0,47
175,27,0,62
175,56,0,25
175,25,0,74
175,55,1,62
175,47,1,56
175,28,1,32
175,48,0,31
175,70,1,52
175,8,1,31
175,41,0,61
175,59,1,44
175,44,0,73
175,11,1,32
175,53,1,73
175,27,1,53
175,65,1,51
175,28,0,46
175,25,0,48
175,46,0,69
175,57,1,51
175,69,0,35
176,54,1,38
176,65,1,22
176,18,1,30
176,52,1,32
176,52,1,34
176,28,1,22
176,21,1,33
176,25,1,28
176,17,1,27
176,19,1,35
176,41,1,32
176,38,1,31
176,16,1,25
176,12,0,29
176,71,1,33
176,49,1,31
176,4,0,42
176,42,1,32
176,45,1,35
176,18,0,29
176,41,1,31
176,11,1,37
176,9,1,22
176,67,0,37
176,40,1,28
176,33,1,19
176,32,0,30
176,20,0,49
176,71,1,32
176,19,0,23
176,25,1,26
176,17,0,37
176,65,1,17
176,23,1,27
176,62,1,30
176,0,1,12
176,50,1,29
176,56,1,34
176,17,1,33
176,36,1,30
176,68,0,40
176,39,0,46
176,27,1,41
176,9,0,11
176,32,0,23
176,42,1,30
176,3,0,28
176,22,1,41
176,30,1,20
176,53,1,29
176,22,1,21
176,66,1,40
176,65,1,37
176,26,0,23
176,13,1,53
176,68,1,36
176,30,1,30
176,12,1,32
176,48,1,42
176,63,1,26
176,39,1,30
176,4,0,40
176,24,1,47
176,8,0,13
176,0,0,23
176,20,1,28
176,38,1,33
176,33,0,36
176,51,1,46
176,26,1,21
176,51,1,30
176,66,0,22
177,28,1,30
177,27,0,61
177,28,0,63
177,64,1,49
177,3,0,42
177,65,1,47
177,57,0,34
177,70,0,63
177,29,1,45
177,30,1,59
177,53,0,55
177,4,0,42
177,42,1,54
177,25,1,11
177,7,0,34
177,21,1,25
177,62,0,47
177,60,1,49
177,45,0,52
177,62,0,53
177,54,0,38
177,53,0,38
177,6,1,71
177,16,1,55
177,18,0,17
177,62,0,13
177,51,0,58
177,58,1,64
177,67,0,42
177,62,0,54
177,51,0,60
177,70,0,35
177,28,0,43
177,18,0,67
177,69,0,46
177,1,0,40
177,61,1,20
177,68,1,38
177,39,1,41
177,53,1,29
177,25,1,72
177,13,1,38
177,41,1,49
177,29,0,49
177,8,1,60
177,60,1,34
177,42,1,30
177,23,0,27
177,39,0,15
177,30,1,5
177,56,1,51
177,6,1,49
177,12,0,48
177,6,0,55
177,37,0,31
177,38,1,54
177,19,0,11
177,46,0,71
177,52,1,64
177,33,1,32
177,21,1,58
177,56,1,49
177,54,0,49
177,15,1,53
177,48,0,65
177,50,0,53
177,66,0,36
177,59,1,61
177,58,1,67
177,56,0,65
177,34,1,69
177,4,0,56
178,31,1,9
178,39,1,29
178,43,0,18
178,32,0,32
178,49,0,22
178,64,0,24
178,35,0,10
178,45,1,19
178,11,1,23
178,10,1,41
178,47,0,28
178,39,1,26
178,55,1,12
178,45,1,19
178,47,0,20
178,57,0,28
178,23,0,6
178,28,1,22
178,17,0,15
178,11,1,7
178,8,0,50
178,42,1,5
178,47,0,28
178,51,1,34
178,16,1,26
178,41,1,33
178,13,1,5
178,67,1,28
178,43,0,28
178,28,1,33
178,51,1,22
178,16,1,34
178,57,0,36
178,48,0,9
178,14,1,20
178,1,0,24
178,0,0,19
178,41,1,25
178,28,1,6
178,56,0,15
178,6,0,25
178,0,0,20
178,40,0,15
178,57,0,28
178,3,0,14
178,33,1,15
178,27,1,12
178,56,0,34
178,65,1,35
178,57,0,13
178,18,1,26
178,63,0,18
178,16,1,10
178,11,1,30
178,19,0,37
178,60,1,29
178,59,1,17
178,37,0,47
178,13,1,10
178,49,1,16
178,25,1,22
178,10,1,29
178,24,0,10
178,37,1,28
178,3,0,36
178,51,0,23
178,55,0,27
178,16,1,29
178,10,0,32
178,46,1,18
178,56,1,35
178,6,1,11
179,69,0,32
179,29,1,28
179,24,0,42
179,15,1,49
179,12,0,48
179,61,1,36
179,49,1,53
179,11,0,61
179,2,0,35
179,3,0,35
179,16,1,57
179,58,0,18
179,31,0,49
179,58,1,37
179,70,0,43
179,57,0,5
179,22,1,55
179,17,0,41
179,34,0,29
179,61,1,63
179,1,1,42
179,53,0,46
179,28,1,52
179,62,0,61
179,2,1,49
179,68,0,28
179,27,0,49
179,13,1,55
179,27,1,47
179,48,0,63
179,0,0,32
179,18,1,66
179,67,0,50
179,8,0,43
179,48,0,39
179,69,1,48
179,35,1,56
179,29,0,41
179,25,1,55
179,18,0,45
179,60,1,65
179,18,0,59
179,26,0,14
179,64,1,69
179,31,1,48
179,29,0,70
179,42,1,29
179,51,1,51
179,15,0,65
179,13,1,57
179,62,0,15
179,25,0,56
179,9,0,57
179,67,0,39
179,70,0,31
179,56,0,56
179,8,0,46
179,6,1,66
179,67,0,27
179,6,1,38
179,20,0,53
179,37,0,28
179,67,0,43
179,12,0,22
179,0,1,39
179,5,1,26
179,11,0,25
179,40,0,30
179,25,1,33
179,38,0,30
179,59,1,34
179,50,0,38
180,26,1,10
180,58,1,30
180,48,1,40
180,33,1,26
180,50,1,22
180,21,0,34
180,64,1,14
180,56,0,38
180,29,1,44
180,23,1,25
180,5,0,5
180,68,1,37
180,10,1,21
180,66,1,33
180,71,1,48
180,14,1,20
180,30,1,16
180,14,0,16
180,37,1,25
180,51,1,34
180,51,1,13
180,13,1,29
180,62,1,37
180,45,1,22
180,26,1,39
180,58,1,48
180,67,1,54
180,17,1,22
180,8,1,41
180,1,1,43
180,25,1,36
180,64,1,53
180,7,1,28
180,60,1,34
180,19,1,31
180,27,1,36
180,14,1,29
180,68,1,39
180,66,1,53
180,59,1,44
180,47,1,37
180,64,1,24
180,5,1,20
180,11,1,25
180,37,1,46
180,16,1,30
180,7,1,28
180,28,1,34
180,1,1,27
180,10,0,22
180,28,1,24
180,40,0,31
180,20,1,35
180,14,0,33
180,40,0,5
180,7,1,29
180,3,1,30
180,9,1,21
180,43,1,20
180,56,1,25
180,27,1,24
180,20,1,34
180,47,1,24
180,17,1,47
180,50,1,35
180,2,1,31
180,38,1,34
180,34,0,33
180,12,1,32
180,63,1,18
180,15,1,30
180,3,1,29
181,63,1,37
181,71,0,20
181,24,0,32
181,54,1,26
181,20,0,32
181,64,1,26
181,1,0,15
181,25,1,16
181,6,1,12
181,21,0,14
181,12,0,23
181,50,0,33
181,24,1,11
181,69,1,27
181,2,1,31
181,18,1,40
181,61,0,55
181,38,0,26
181,36,0,28
181,13,1,27
181,41,1,30
181,18,0,20
181,69,1,49
181,52,0,22
181,65,1,20
181,15,1,17
181,19,1,33
181,25,1,29
181,25,0,26
181,48,0,33
181,62,0,29
181,42,1,32
181,48,1,30
181,13,1,40
181,69,1,33
181,4,0,18
181,68,1,21
181,46,1,32
181,8,0,27
181,56,0,21
181,61,1,34
181,49,1,31
181,9,1,31
181,43,0,42
181,5,1,20
181,10,1,22
181,21,1,38
181,32,0,41
181,71,0,28
181,19,1,38
181,50,1,26
181,14,0,22
181,26,1,53
181,33,1,33
181,23,1,26
181,44,1,30
181,60,1,19
181,40,0,15
181,63,1,34
181,28,1,30
181,37,1,24
181,32,0,13
181,27,1,14
181,65,1,38
181,10,0,7
181,17,1,24
181,31,0,38
181,59,1,29
181,25,1,47
181,53,1,32
181,61,1,27
181,12,0,45
182,38,1,48
182,7,0,69
182,17,0,67
182,70,0,65
182,10,0,76
182,40,0,82
182,7,0,44
182,14,0,65
182,56,0,26
182,59,0,40
182,27,0,77
182,43,1,76
182,6,0,61
182,33,0,40
182,69,0,76
182,3,0,47
182,2,0,85
182,58,0,78
182,67,0,43
182,63,0,77
182,4,0,63
182,11,1,62
182,69,0,42
182,40,0,74
182,37,0,72
182,12,0,77
182,62,0,69
182,65,1,91
182,69,1,83
182,69,0,61
182,50,0,40
182,53,0,65
182,4,0,65
182,40,0,85
182,9,0,76
182,28,1,74
182,25,0,27
182,36,0,72
182,19,0,26
182,60,1,58
182,42,0,65
182,51,0,47
182,67,0,49
182,9,0,59
182,19,0,79
182,69,0,52
182,53,0,74
182,44,0,65
182,37,0,41
182,26,0,53
182,7,0,62
182,16,0,29
182,49,0,83
182,29,0,43
182,33,0,88
182,57,0,100
182,45,0,65
182,1,0,65
182,32,0,49
182,67,0,80
182,32,0,52
182,47,0,82
182,4,0,44
182,9,0,41
182,46,0,80
182,28,1,54
182,4,0,19
182,13,0,102
182,0,0,56
182,23,0,39
182,22,1,72
182,65,0,20
183,63,0,76
183,15,1,64
183,51,0,41
183,33,0,62
183,45,0,75
183,11,0,85
183,45,0,44
183,18,0,59
183,26,0,73
183,19,0,52
183,55,0,98
183,40,0,41
183,64,0,54
183,45,0,88
183,26,1,85
183,52,0,51
183,51,0,75
183,4,0,67
183,54,0,40
183,22,0,80
183,5,1,48
183,27,0,63
183,34,1,59
183,17,1,76
183,11,0,33
183,46,1,84
183,0,0,36
183,23,0,75
183,2,0,52
183,38,0,41
183,30,0,50
183,5,1,54
183,18,0,67
183,61,1,38
183,58,0,80
183,64,0,27
183,3,0,58
183,69,0,103
183,33,1,61
183,34,0,49
183,30,1,47
183,48,0,69
183,65,1,82
183,67,1,41
183,15,1,56
183,45,0,89
183,64,1,41
183,10,0,39
183,69,0,100
183,24,0,41
183,53,0,74
183,42,0,70
183,60,0,49
183,31,0,68
183,63,0,80
183,8,0,63
183,49,0,73
183,69,0,53
183,36,1,56
183,40,1,43
183,7,0,58
183,55,0,63
183,70,0,86
183,47,0,54
183,7,1,61
183,28,0,85
183,31,0,102
183,48,0,43
183,1,0,68
183,48,0,45
183,57,0,60
183,52,1,40
184,48,0,23
184,21,1,31
184,36,1,35
184,38,1,18
184,37,0,24
184,50,0,34
184,45,0,18
184,9,1,31
184,6,1,33
184,50,0,16
184,67,0,25
184,41,1,36
184,2,1,11
184,0,1,27
184,15,1,19
184,6,0,35
184,53,1,35
184,43,0,21
184,70,0,39
184,0,1,31
184,56,0,26
184,0,0,29
184,71,0,39
184,36,1,23
184,21,0,17
184,40,1,41
184,55,1,21
184,56,1,27
184,45,1,27
184,59,0,34
184,17,0,24
184,3,0,17
184,50,1,40
184,38,1,42
184,28,0,12
184,39,1,25
184,11,0,5
184,18,0,25
184,18,1,24
184,47,0,5
184,21,1,30
184,63,0,26
184,18,1,23
184,64,0,19
184,53,1,5
184,46,1,35
184,11,1,14
184,4,0,8
184,13,0,5
184,11,0,17
184,54,1,40
184,23,1,22
184,45,0,26
184,11,1,25
184,52,1,28
184,42,0,9
184,57,0,27
184,64,1,24
184,36,0,26
184,36,1,24
184,2,1,42
184,8,0,24
184,10,1,35
184,10,1,35
184,9,0,18
184,14,0,11
184,22,0,19
184,56,0,8
184,32,0,20
184,35,1,25
184,71,0,20
184,53,1,18
185,47,1,73
185,1,1,70
185,36,0,30
185,17,0,33
185,24,0,66
185,27,1,63
185,52,0,47
185,15,0,43
185,24,0,55
185,69,1,37
185,12,0,27
185,43,0,61
185,20,0,58
185,1,1,47
185,12,1,26
185,69,0,34
185,27,1,10
185,48,0,64
185,64,0,46
185,56,0,34
185,51,0,57
185,64,0,6
185,5,1,57
185,37,1,37
185,65,0,34
185,63,1,43
185,69,0,51
185,29,0,56
185,21,1,47
185,0,0,73
185,23,0,39
185,34,1,49
185,35,1,41
185,33,1,40
185,11,1,40
185,11,1,69
185,0,0,77
185,41,1,22
185,65,1,54
185,15,0,32
185,48,0,36
185,21,1,19
185,3,0,40
185,62,0,12
185,3,0,35
185,47,0,37
185,26,1,53
185,1,0,62
185,59,0,41
185,52,1,50
185,45,0,5
185,48,0,48
185,20,0,45
185,54,0,22
185,24,0,45
185,31,1,38
185,71,1,50
185,28,1,14
185,11,0,55
185,58,0,47
185,55,1,51
185,34,1,27
185,48,0,33
185,65,1,37
185,15,1,29
185,19,1,58
185,44,0,29
185,56,0,35
185,30,1,48
185,45,1,65
185,31,0,61
185,19,1,47
186,9,1,17
186,70,0,7
186,22,1,29
186,54,1,31
186,63,1,22
186,51,1,24
186,3,0,30
186,61,0,6
186,54,1,21
186,14,0,19
186,8,1,34
186,29,0,24
186,21,1,24
186,9,0,27
186,64,0,33
186,59,1,23
186,61,1,8
186,16,1,32
186,0,1,43
186,1,1,31
186,39,0,34
186,4,0,40
186,65,1,20
186,58,0,38
186,12,1,33
186,49,0,21
186,19,0,17
186,54,0,22
186,17,0,31
186,50,1,17
186,28,1,22
186,21,0,23
186,67,0,31
186,32,0,28
186,25,1,39
186,43,1,22
186,6,1,5
186,67,1,29
186,23,0,28
186,64,1,23
186,62,0,48
186,53,0,18
186,41,1,7
186,6,1,13
186,1,1,28
186,19,1,29
186,15,1,44
186,38,1,9
186,55,0,9
186,33,1,30
186,66,0,24
186,9,1,38
186,59,1,34
186,3,0,33
186,47,1,5
186,63,1,31
186,67,1,38
186,60,1,32
186,39,0,28
186,29,0,30
186,44,0,30
186,37,1,18
186,18,0,31
186,1,1,34
186,64,1,42
186,48,1,25
186,61,1,23
186,55,0,25
186,16,1,31
186,20,1,14
186,71,1,22
186,59,1,13
187,59,1,41
187,36,1,37
187,51,1,31
187,11,1,21
187,60,1,35
187,34,1,37
187,53,1,22
187,2,1,24
187,30,1,24
187,53,0,18
187,33,1,28
187,20,0,36
187,31,0,24
187,20,0,33
187,39,1,54
187,60,1,27
187,11,1,31
187,68,1,15
187,28,1,22
187,39,1,40
187,42,1,5
187,13,1,40
187,69,1,26
187,60,1,27
187,57,1,37
187,11,1,32
187,51,1,10
187,23,0,27
187,9,0,27
187,39,1,40
187,51,1,33
187,56,1,24
187,39,1,39
187,21,1,28
187,28,1,39
187,58,0,13
187,42,1,37
187,25,1,51
187,17,0,52
187,55,1,19
187,11,1,45
187,59,1,45
187,10,1,27
187,69,0,24
187,63,1,14
187,71,0,43
187,0,1,17
187,30,1,36
187,60,1,28
187,50,1,20
187,48,1,28
187,19,1,22
187,65,1,49
187,2,1,26
187,64,1,44
187,16,1,22
187,53,0,36
187,59,0,35
187,24,1,17
187,44,1,24
187,33,0,32
187,29,1,35
187,17,1,32
187,7,1,45
187,7,1,35
187,18,1,27
187,69,1,33
187,8,1,30
187,42,1,29
187,44,1,29
187,12,1,24
187,1,1,21
188,1,1,48
188,19,0,48
188,27,1,58
188,16,1,47
188,14,1,40
188,26,1,53
188,57,1,22
188,31,0,41
188,29,1,55
188,40,0,29
188,17,1,39
188,58,1,37
188,71,0,42
188,16,1,37
188,71,1,37
188,62,1,74
188,44,0,33
188,49,0,48
188,23,0,37
188,51,0,37
188,68,1,32
188,52,1,41
188,13,1,59
188,20,1,53
188,11,0,54
188,59,1,39
188,42,1,58
188,63,0,48
188,38,1,47
188,11,1,34
188,51,1,71
188,59,0,55
188,19,1,22
188,38,1,66
188,7,1,47
188,37,0,41
188,61,1,69
188,13,1,19
188,47,0,51
188,33,0,21
188,13,1,34
188,66,1,48
188,53,0,54
188,21,1,55
188,68,0,32
188,34,0,79
188,56,1,5
188,34,0,54
188,60,1,74
188,40,0,28
188,0,1,43
188,49,1,33
188,18,0,33
188,15,1,46
188,34,0,23
188,51,0,30
188,17,1,50
188,25,0,37
188,24,0,47
188,62,1,61
188,27,1,43
188,12,0,41
188,47,1,49
188,40,0,25
188,25,1,91
188,14,0,24
188,34,1,43
188,11,0,67
188,42,0,26
188,29,1,17
188,57,1,57
188,30,1,48
189,67,1,11
189,14,0,28
189,67,0,36
189,66,0,29
189,26,0,47
189,37,0,48
189,3,1,71
189,32,1,32
189,32,0,32
189,30,0,22
189,8,1,39
189,7,1,46
189,11,0,56
189,50,1,66
189,66,0,61
189,4,0,45
189,13,0,9
189,54,0,61
189,51,0,22
189,27,0,36
189,9,1,35
189,9,1,38
189,52,0,43
189,63,1,51
189,60,1,47
189,13,1,43
189,52,0,43
189,19,1,44
189,50,0,49
189,69,0,35
189,12,0,36
189,34,0,42
189,38,0,38
189,48,1,40
189,4,0,31
189,48,1,46
189,10,1,5
189,45,0,25
189,56,0,43
189,51,1,40
189,43,0,49
189,36,1,37
189,67,1,39
189,55,1,53
189,42,1,55
189,40,0,14
189,13,0,45
189,66,0,28
189,39,0,44
189,46,0,24
189,66,0,49
189,57,1,47
189,42,0,35
189,39,1,27
189,69,1,55
189,23,0,75
189,42,1,44
189,15,0,52
189,30,1,29
189,27,1,50
189,58,0,66
189,16,0,53
189,65,1,51
189,48,1,37
189,3,0,53
189,0,0,38
189,24,0,42
189,18,1,42
189,6,1,12
189,43,1,32
189,4,0,17
189,47,0,23
190,5,1,16
190,51,0,9
190,12,0,16
190,20,1,51
190,58,1,48
190,8,0,44
190,71,1,35
190,29,1,39
190,52,1,59
190,44,0,48
190,31,0,44
190,67,0,55
190,45,1,25
190,53,0,43
190,36,0,56
190,54,0,48
190,34,1,23
190,17,0,39
190,17,0,24
190,17,0,52
190,28,1,63
190,26,1,53
190,57,1,23
190,44,0,54
190,13,1,53
190,17,0,73
190,38,1,61
190,14,0,37
190,8,1,37
190,13,0,56
190,14,0,35
190,61,1,70
190,45,0,49
190,57,1,60
190,66,1,78
190,16,1,56
190,13,1,49
190,0,0,34
190,38,1,33
190,46,0,24
190,36,1,73
190,32,0,41
190,55,1,38
190,40,0,65
190,68,1,45
190,46,0,45
190,65,1,40
190,38,1,28
190,33,0,41
190,5,1,33
190,65,1,37
190,64,1,24
190,39,1,45
190,58,1,62
190,9,0,62
190,61,1,59
190,8,1,47
190,7,1,53
190,18,0,56
190,48,0,36
190,15,0,45
190,68,1,51
190,11,1,48
190,67,0,43
190,2,1,18
190,7,1,51
190,61,1,49
190,69,1,42
190,22,1,62
190,12,1,33
190,69,1,69
190,67,0,21
191,2,0,27
191,56,0,31
191,34,0,49
191,67,0,21
191,53,1,55
191,23,1,43
191,61,1,28
191,36,0,56
191,42,0,49
191,57,1,19
191,36,0,49
191,14,0,44
191,33,1,42
191,2,1,33
191,43,0,35
191,66,0,30
191,55,1,41
191,53,0,28
191,44,0,66
191,67,0,30
191,70,0,24
191,59,1,44
191,21,1,43
191,40,0,36
191,57,1,29
191,18,1,60
191,58,1,49
191,61,1,32
191,26,1,9
191,64,1,34
191,15,1,62
191,19,1,45
191,57,0,37
191,38,1,67
191,18,1,29
191,1,1,38
191,36,0,50
191,5,0,23
191,55,0,41
191,30,0,37
191,28,0,49
191,51,1,54
191,58,0,69
191,43,1,25
191,53,1,44
191,25,1,58
191,27,0,49
191,31,1,5
191,12,1,49
191,43,0,55
191,23,1,32
191,28,1,36
191,59,0,54
191,51,1,44
191,67,0,61
191,35,0,35
191,39,0,37
191,34,0,37
191,51,1,35
191,68,0,14
191,27,0,30
191,40,0,47
191,18,0,54
191,67,1,30
191,36,1,28
191,46,0,53
191,8,1,59
191,0,0,5
191,57,0,41
191,54,1,21
191,10,0,48
191,47,0,52
192,66,0,20
192,21,0,62
192,55,0,58
192,41,0,27
192,36,0,43
192,24,0,45
192,28,0,56
192,58,1,69
192,1,0,55
192,37,0,59
192,63,0,40
192,7,0,62
192,31,0,61
192,29,1,57
192,63,0,77
192,18,1,59
192,56,0,31
192,38,0,36
192,4,0,46
192,46,0,79
192,19,0,76
192,7,0,83
192,34,1,74
192,71,1,51
192,23,1,77
192,64,1,54
192,50,1,41
192,26,0,60
192,27,0,80
192,5,1,39
192,31,0,52
192,19,1,42
192,6,1,91
192,53,0,71
192,22,0,60
192,68,0,60
192,60,0,45
192,35,0,57
192,11,0,69
192,54,0,40
192,29,1,45
192,51,0,39
192,40,0,62
192,51,0,67
192,49,1,27
192,7,0,56
192,20,0,33
192,64,1,65
192,48,0,56
192,45,0,62
192,15,0,58
192,3,0,45
192,66,0,85
192,22,0,75
192,28,0,68
192,70,0,77
192,59,0,33
192,69,0,26
192,18,0,46
192,4,0,42
192,3,0,48
192,10,0,32
192,46,0,62
192,13,0,79
192,54,1,22
192,68,0,48
192,65,1,60
192,63,0,66
192,19,0,61
192,30,1,116
192,55,0,59
192,58,0,48
193,8,0,43
193,47,0,70
193,7,0,59
193,2,1,89
193,55,1,59
193,31,0,30
193,22,0,74
193,65,1,46
193,21,0,78
193,18,0,67
193,2,0,39
193,10,0,36
193,71,0,66
193,30,1,122
193,10,1,35
193,57,0,64
193,35,0,53
193,65,0,50
193,1,0,77
193,23,0,59
193,29,0,25
193,45,0,54
193,64,0,107
193,43,1,48
193,21,0,42
193,21,0,66
193,69,1,99
193,6,0,78
193,61,1,45
193,53,1,35
193,71,0,86
193,11,0,52
193,18,0,47
193,27,0,35
193,2,0,45
193,28,1,95
193,24,0,46
193,53,0,64
193,51,0,72
193,38,1,70
193,62,0,31
193,39,1,70
193,39,0,68
193,7,0,64
193,16,1,65
193,43,0,58
193,1,0,75
193,38,0,88
193,60,0,48
193,7,1,70
193,16,0,88
193,14,0,28
193,7,0,54
193,29,0,50
193,8,0,79
193,34,0,72
193,5,1,47
193,63,1,48
193,51,0,41
193,16,1,41
193,28,1,68
193,48,0,38
193,59,0,90
193,11,1,10
193,34,1,81
193,16,0,57
193,65,1,74
193,69,0,65
193,67,0,118
193,54,0,94
193,50,0,54
193,43,0,74
194,14,0,31
194,8,0,65
194,10,0,47
194,69,0,97
194,56,0,52
194,29,0,67
194,48,0,91
194,1,0,41
194,58,0,63
194,33,1,23
194,45,0,46
194,12,1,44
194,57,0,47
194,48,0,29
194,47,0,43
194,50,0,64
194,53,1,67
194,24,0,77
194,39,0,23
194,25,1,46
194,12,0,62
194,35,0,65
194,70,0,92
194,3,0,61
194,67,0,96
194,24,0,5
194,60,1,65
194,47,0,74
194,56,0,20
194,48,0,50
194,66,1,48
194,16,0,66
194,59,1,64
194,48,0,39
194,31,1,69
194,57,0,112
194,36,1,50
194,11,0,40
194,23,0,51
194,36,1,46
194,9,1,43
194,7,1,49
194,35,1,77
194,46,0,34
194,38,0,64
194,46,0,72
194,22,1,57
194,53,0,18
194,59,0,54
194,66,0,59
194,12,0,80
194,12,0,35
194,17,0,27
194,16,0,59
194,51,1,47
194,1,0,52
194,0,1,74
194,16,0,49
194,47,0,52
194,17,1,76
194,40,0,58
194,32,0,60
194,30,1,63
194,41,0,72
194,66,0,76
194,7,0,55
194,38,1,59
194,15,1,70
194,56,1,61
194,1,0,74
194,42,0,38
194,35,0,47
195,60,1,24
195,61,1,40
195,34,0,28
195,38,1,34
195,41,1,41
195,58,1,35
195,31,1,28
195,58,1,31
195,33,0,36
195,33,1,18
195,59,1,26
195,14,1,23
195,20,0,32
195,27,1,19
195,56,1,19
195,43,1,15
195,15,1,31
195,6,1,28
195,36,1,31
195,39,1,24
195,26,0,18
195,26,1,35
195,19,1,15
195,53,1,57
195,54,1,25
195,21,1,24
195,70,1,39
195,51,1,36
195,52,1,58
195,31,1,36
195,64,1,29
195,57,1,14
195,18,1,36
195,23,1,14
195,55,1,26
195,54,1,30
195,50,0,9
195,19,1,29
195,39,0,42
195,25,1,40
195,69,1,35
195,63,1,23
195,24,1,36
195,66,1,26
195,51,1,36
195,69,1,25
195,55,1,22
195,7,1,14
195,29,1,30
195,3,0,43
195,57,1,33
195,30,1,35
195,18,1,22
195,26,1,37
195,60,0,39
195,15,1,34
195,34,0,36
195,52,1,19
195,52,1,31
195,44,1,34
195,71,0,21
195,23,1,16
195,40,1,21
195,16,1,34
195,28,1,11
195,20,0,37
195,66,0,20
195,38,1,21
195,9,1,39
195,65,1,29
195,46,1,32
195,54,1,40
196,18,0,75
196,53,0,19
196,25,0,44
196,1,1,92
196,47,0,56
196,43,0,18
196,48,1,25
196,41,1,61
196,41,0,53
196,9,0,18
196,0,0,75
196,25,0,78
196,57,0,67
196,51,1,68
196,65,1,85
196,29,0,59
196,58,0,49
196,22,1,68
196,6,0,38
196,15,0,79
196,17,1,44
196,69,0,53
196,25,0,61
196,67,0,18
196,27,0,24
196,46,1,57
196,60,0,62
196,14,0,63
196,46,0,76
196,46,1,14
196,60,1,53
196,12,0,65
196,4,0,56
196,50,0,74
196,12,0,72
196,58,1,29
196,51,0,76
196,33,0,59
196,41,0,7
196,23,0,52
196,29,1,116
196,40,0,64
196,41,1,67
196,10,1,75
196,24,0,51
196,40,0,45
196,37,1,51
196,44,0,96
196,65,0,91
196,18,0,34
196,49,0,58
196,64,1,68
196,38,0,71
196,23,0,54
196,33,0,40
196,19,0,38
196,64,1,55
196,15,1,26
196,65,0,83
196,50,0,77
196,55,1,53
196,20,0,71
196,53,0,78
196,17,1,40
196,71,0,58
196,54,0,49
196,7,0,64
196,33,0,67
196,2,0,83
196,8,0,42
196,54,0,53
196,41,0,61
197,35,0,66
197,25,0,52
197,33,1,20
197,37,0,46
197,22,0,50
197,6,0,57
197,56,0,26
197,46,1,15
197,0,0,48
197,35,1,40
197,58,1,47
197,20,1,44
197,46,1,43
197,37,0,35
197,42,1,38
197,28,0,34
197,25,1,36
197,44,0,52
197,64,0,73
197,50,1,34
197,59,0,71
197,54,1,15
197,6,1,18
197,54,0,29
197,68,0,37
197,16,0,53
197,59,1,32
197,15,0,43
197,34,1,50
197,58,1,39
197,8,0,58
197,5,1,20
197,70,0,68
197,32,0,39
197,47,1,27
197,66,1,48
197,28,0,53
197,50,0,59
197,0,1,26
197,6,1,25
197,60,0,55
197,12,1,67
197,23,1,45
197,49,1,43
197,4,1,53
197,7,1,9
197,49,1,39
197,35,1,71
197,21,1,46
197,12,0,43
197,28,1,75
197,4,0,27
197,53,0,52
197,39,1,36
197,51,1,32
197,5,1,62
197,66,0,43
197,1,0,34
197,23,1,62
197,31,0,54
197,8,0,63
197,19,1,49
197,13,0,53
197,8,1,31
197,30,1,62
197,48,1,32
197,19,0,12
197,68,1,46
197,39,1,62
197,36,0,11
197,61,1,35
197,48,1,31
198,44,1,34
198,12,0,78
198,18,0,6
198,63,1,49
198,26,0,43
198,53,1,39
198,48,1,25
198,46,0,50
198,3,0,58
198,26,1,58
198,53,1,51
198,25,1,24
198,31,0,35
198,54,0,38
198,0,1,25
198,63,0,30
198,67,0,5
198,40,1,34
198,17,1,42
198,34,0,51
198,3,0,48
198,49,1,13
198,40,1,52
198,47,1,54
198,60,1,51
198,23,1,31
198,68,0,6
198,1,1,39
198,50,1,33
198,66,1,48
198,1,0,28
198,63,0,27
198,24,0,44
198,27,0,5
198,23,0,42
198,49,1,68
198,32,0,39
198,37,1,34
198,46,0,28
198,13,1,5
198,63,1,33
198,60,0,33
198,27,1,47
198,9,0,55
198,9,1,25
198,49,0,60
198,18,1,54
198,10,1,14
198,12,0,65
198,53,1,36
198,57,1,50
198,11,0,48
198,71,0,32
198,7,0,62
198,27,0,40
198,14,0,51
198,35,0,62
198,46,1,27
198,63,1,32
198,0,0,68
198,10,1,21
198,53,1,34
198,67,0,47
198,54,1,39
198,66,1,62
198,35,0,24
198,8,0,27
198,60,1,69
198,57,0,40
198,67,0,49
198,7,1,30
198,15,0,46
199,38,1,73
199,27,1,56
199,6,1,59
199,37,0,34
199,65,1,79
199,70,1,46
199,30,0,29
199,0,0,50
199,58,0,49
199,31,0,50
199,57,0,72
199,38,0,52
199,40,0,69
199,49,0,68
199,29,0,55
199,30,0,59
199,8,0,91
199,48,0,80
199,48,0,46
199,29,0,64
199,47,0,67
199,51,1,36
199,42,0,57
199,39,0,9
199,30,0,36
199,13,0,71
199,35,0,47
199,23,0,75
199,68,0,36
199,40,0,45
199,16,0,60
199,70,0,50
199,59,0,53
199,12,0,26
199,11,0,92
199,70,0,90
199,34,0,62
199,44,0,19
199,21,0,65
199,56,0,68
199,60,0,63
199,68,1,59
199,25,1,49
199,52,0,26
199,3,0,63
199,37,1,39
199,44,0,41
199,32,0,69
199,27,0,102
199,16,0,35
199,58,1,90
199,66,1,25
199,30,0,95
199,27,0,50
199,57,0,69
199,11,0,54
199,24,0,71
199,58,0,66
199,58,0,72
199,65,1,29
199,49,1,33
199,2,0,64
199,6,1,34
199,37,0,72
199,8,0,58
199,23,0,54
199,61,1,53
199,32,0,108
199,8,0,35
199,68,0,66
199,71,0,58
199,64,1,96
200,50,0,27
200,15,1,29
200,4,1,38
200,71,0,27
200,25,1,27
200,67,1,55
200,13,1,41
200,2,0,28
200,50,0,38
200,25,1,33
200,13,1,23
200,69,0,28
200,60,1,29
200,49,1,33
200,40,0,21
200,8,1,36
200,43,0,28
200,19,0,43
200,2,1,21
200,25,1,19
200,19,1,36
200,44,1,32
200,30,1,22
200,25,1,40
200,3,1,25
200,35,1,36
200,5,1,23
200,65,1,14
200,36,1,29
200,55,1,46
200,32,0,30
200,47,1,37
200,45,1,42
200,47,1,31
200,66,1,45
200,68,0,44
200,50,0,38
200,65,1,27
200,21,0,38
200,66,1,26
200,27,1,31
200,14,1,42
200,12,1,36
200,69,0,24
200,50,1,43
200,12,1,20
200,58,1,34
200,34,1,17
200,37,0,23
200,17,1,16
200,5,1,37
200,33,1,37
200,43,0,30
200,28,1,28
200,8,1,33
200,10,1,34
200,66,0,31
200,29,0,44
200,23,1,19
200,41,1,17
200,3,0,36
200,51,0,24
200,11,0,24
200,39,0,42
200,25,1,34
200,7,1,26
200,18,0,32
200,39,0,35
200,69,0,32
200,9,1,34
200,9,1,46
200,4,0,32
201,47,0,18
201,36,1,34
201,3,0,25
201,13,1,42
201,59,0,23
201,5,1,42
201,3,0,9
201,18,1,49
201,50,0,30
201,58,1,22
201,37,1,35
201,14,1,17
201,5,1,36
201,54,0,17
201,70,0,59
201,38,0,34
201,9,1,25
201,24,0,27
201,55,0,23
201,68,1,26
201,31,1,7
201,67,1,39
201,27,0,24
201,58,1,33
201,42,1,26
201,63,0,34
201,58,1,25
201,61,1,33
201,52,1,29
201,63,1,18
201,70,1,30
201,62,0,21
201,48,1,26
201,46,1,34
201,42,1,35
201,0,0,24
201,36,1,38
201,39,1,35
201,64,1,26
201,3,0,16
201,1,1,15
201,4,1,40
201,54,0,24
201,40,1,34
201,68,0,15
201,20,1,36
201,69,1,41
201,59,1,18
201,1,1,24
201,63,0,28
201,41,1,28
201,27,1,31
201,32,0,22
201,31,0,24
201,68,1,44
201,39,0,28
201,35,1,36
201,37,1,65
201,31,1,43
201,45,0,19
201,12,0,29
201,32,0,51
201,41,0,46
201,32,0,27
201,56,1,25
201,63,1,28
201,64,0,29
201,23,0,15
201,22,1,26
201,55,1,22
201,42,1,25
201,71,0,37
202,67,1,30
202,19,0,22
202,62,0,33
202,58,1,45
202,51,0,58
202,65,1,32
202,62,0,36
202,47,1,53
202,59,0,39
202,66,0,32
202,20,1,55
202,21,0,38
202,32,1,38
202,33,1,20
202,65,1,37
202,37,1,51
202,0,0,34
202,0,0,48
202,71,0,51
202,14,0,53
202,71,0,59
202,45,1,33
202,16,0,19
202,30,1,23
202,69,0,28
202,17,1,25
202,58,1,47
202,1,1,50
202,62,0,42
202,63,0,6
202,9,0,19
202,30,0,43
202,24,0,25
202,8,0,47
202,35,1,49
202,41,0,63
202,53,1,49
202,1,0,39
202,46,0,52
202,4,0,6
202,55,0,38
202,27,1,68
202,56,0,27
202,50,0,39
202,1,0,63
202,15,1,41
202,19,0,44
202,4,0,57
202,29,1,36
202,70,0,55
202,66,0,26
202,65,0,25
202,68,0,47
202,49,1,56
202,58,0,42
202,32,0,41
202,18,0,20
202,10,1,9
202,9,0,32
202,62,0,18
202,66,0,61
202,52,1,45
202,57,1,32
202,1,0,46
202,69,0,28
202,36,1,44
202,35,1,27
202,2,1,46
202,52,1,64
202,31,1,43
202,28,1,55
202,42,1,53
203,22,0,67
203,44,0,86
203,59,0,60
203,53,0,34
203,7,0,68
203,31,0,48
203,11,0,58
203,25,1,71
203,36,1,17
203,1,0,76
203,65,1,36
203,43,0,86
203,52,1,89
203,48,0,50
203,24,0,45
203,3,0,60
203,49,1,25
203,63,0,82
203,58,0,44
203,67,0,66
203,39,0,61
203,4,0,62
203,50,0,67
203,12,0,26
203,64,0,76
203,28,0,83
203,47,0,111
203,57,0,49
203,61,1,61
203,15,0,59
203,6,1,54
203,70,0,59
203,60,1,66
203,60,0,92
203,31,0,46
203,62,0,35
203,19,0,38
203,40,0,73
203,0,0,51
203,53,0,39
203,3,0,79
203,31,0,39
203,40,0,50
203,60,0,51
203,32,0,92
203,51,0,68
203,66,0,88
203,24,1,71
203,29,0,67
203,9,0,55
203,14,1,54
203,13,1,21
203,33,0,43
203,28,1,59
203,19,0,87
203,67,0,107
203,50,1,67
203,55,1,9
203,22,0,73
203,71,0,72
203,55,1,45
203,1,0,98
203,45,0,86
203,2,0,69
203,65,0,60
203,65,0,37
203,38,1,33
203,71,0,80
203,64,1,53
203,37,0,46
203,33,0,21
203,50,0,55
204,12,1,99
204,70,0,61
204,7,0,25
204,35,0,22
204,13,0,73
204,54,0,53
204,4,0,52
204,12,1,40
204,68,0,84
204,2,1,34
204,13,0,51
204,18,1,16
204,51,1,67
204,60,0,84
204,34,0,36
204,58,1,76
204,30,1,53
204,3,0,48
204,58,0,67
204,41,0,43
204,58,1,58
204,30,1,27
204,30,1,46
204,46,0,76
204,48,1,77
204,52,1,35
204,61,1,59
204,28,0,54
204,34,1,57
204,71,0,79
204,63,1,73
204,58,0,70
204,24,0,45
204,51,0,35
204,6,0,64
204,18,0,59
204,61,0,36
204,54,1,96
204,6,1,85
204,57,0,63
204,68,0,42
204,55,0,51
204,46,0,49
204,36,1,49
204,59,0,83
204,38,1,38
204,37,0,73
204,5,1,32
204,69,1,64
204,8,0,53
204,25,1,43
204,53,1,64
204,68,0,47
204,61,0,70
204,14,0,49
204,5,1,63
204,71,0,90
204,37,0,27
204,14,0,84
204,11,0,65
204,7,0,92
204,38,1,37
204,31,0,67
204,19,0,72
204,2,0,90
204,11,0,45
204,11,0,74
204,55,0,23
204,24,0,50
204,2,0,42
204,50,0,81
204,25,0,54
205,28,0,19
205,56,0,47
205,1,1,40
205,31,0,20
205,59,1,33
205,61,1,32
205,41,1,19
205,6,1,15
205,49,1,27
205,0,0,9
205,23,0,16
205,63,1,29
205,6,1,22
205,34,1,23
205,61,1,26
205,59,1,42
205,45,1,23
205,64,0,28
205,51,0,29
205,66,0,43
205,4,1,18
205,10,1,22
205,42,0,28
205,40,0,20
205,26,1,42
205,65,1,19
205,29,1,6
205,49,1,27
205,11,1,39
205,7,1,31
205,59,0,32
205,35,0,27
205,42,1,9
205,5,1,18
205,46,1,15
205,31,1,13
205,11,0,5
205,44,0,29
205,18,0,30
205,35,1,39
205,9,0,32
205,8,0,39
205,17,1,26
205,46,1,19
205,5,0,16
205,60,0,19
205,22,1,24
205,55,1,37
205,67,0,25
205,10,0,30
205,57,1,21
205,34,1,31
205,15,0,19
205,57,1,22
205,50,1,14
205,63,1,27
205,41,0,25
205,9,0,36
205,56,1,31
205,19,0,34
205,11,1,38
205,53,1,10
205,0,1,29
205,16,0,17
205,69,0,29
205,7,1,17
205,33,1,53
205,49,0,27
205,37,0,36
205,70,0,16
205,31,0,42
205,3,0,46
206,11,0,41
206,14,0,60
206,51,1,46
206,18,0,52
206,10,0,42
206,35,0,22
206,51,0,30
206,36,0,29
206,19,0,71
206,18,0,61
206,26,1,29
206,42,0,38
206,8,0,39
206,54,0,36
206,41,0,36
206,3,0,31
206,63,1,53
206,69,0,29
206,49,0,49
206,65,1,73
206,17,1,53
206,56,0,56
206,68,1,36
206,31,0,41
206,50,1,56
206,2,0,44
206,41,0,35
206,23,0,35
206,3,0,42
206,23,0,77
206,60,1,21
206,13,0,64
206,69,1,35
206,64,1,52
206,12,0,53
206,23,0,38
206,55,0,59
206,66,0,44
206,12,0,48
206,37,1,53
206,19,1,34
206,43,0,26
206,47,1,50
206,6,1,68
206,27,0,61
206,6,0,40
206,13,0,68
206,25,0,51
206,2,0,15
206,2,1,66
206,56,1,33
206,58,1,45
206,43,0,40
206,35,0,22
206,69,0,79
206,9,0,44
206,17,1,38
206,12,1,46
206,50,1,43
206,21,0,8
206,30,1,52
206,70,0,6
206,43,0,59
206,53,1,45
206,65,1,35
206,61,1,47
206,49,1,38
206,0,0,41
206,63,0,58
206,20,0,66
206,62,1,53
206,21,0,44
207,52,0,65
207,40,1,21
207,40,1,55
207,30,1,40
207,24,1,26
207,3,1,65
207,63,1,48
207,8,1,39
207,53,0,69
207,40,0,53
207,36,0,57
207,14,0,41
207,32,1,57
207,57,0,32
207,36,0,68
207,37,0,36
207,64,1,31
207,68,0,53
207,44,0,39
207,44,0,16
207,5,1,34
207,35,1,34
207,8,1,61
207,14,0,53
207,23,1,52
207,63,1,64
207,26,1,53
207,54,1,21
207,48,0,36
207,8,1,40
207,41,1,48
207,13,0,37
207,17,1,59
207,2,1,45
207,37,0,51
207,34,1,23
207,71,1,44
207,57,1,56
207,20,0,75
207,17,1,39
207,44,1,31
207,50,0,54
207,11,0,53
207,40,0,52
207,68,0,65
207,18,1,66
207,26,0,34
207,41,0,16
207,44,0,58
207,57,1,59
207,70,0,46
207,46,0,31
207,32,0,64
207,60,0,52
207,69,0,19
207,15,0,52
207,12,1,15
207,43,0,51
207,53,1,52
207,1,1,38
207,18,1,45
207,46,1,34
207,10,1,49
207,28,0,59
207,2,0,42
207,58,1,62
207,45,0,27
207,1,1,55
207,28,0,24
207,48,0,46
207,1,1,47
207,15,0,43
208,20,0,63
208,41,0,44
208,37,0,61
208,29,0,101
208,21,0,40
208,55,0,42
208,15,0,146
208,56,1,67
208,51,0,77
208,7,0,52
208,13,0,60
208,9,0,82
208,41,0,14
208,37,0,91
208,52,1,29
208,62,1,60
208,36,1,33
208,9,0,67
208,46,0,59
208,44,0,71
208,10,0,72
208,32,1,52
208,12,0,103
208,30,1,87
208,60,0,42
208,2,0,68
208,47,0,60
208,19,1,66
208,68,0,82
208,22,0,68
208,69,0,87
208,52,1,35
208,40,1,25
208,57,1,81
208,69,1,43
208,6,1,48
208,62,0,59
208,24,0,52
208,2,0,78
208,52,0,8
208,28,1,41
208,61,1,27
208,66,0,57
208,71,0,98
208,24,0,73
208,67,0,15
208,30,1,25
208,43,0,79
208,52,1,67
208,4,0,94
208,42,1,44
208,27,0,52
208,65,0,67
208,69,0,60
208,34,0,59
208,11,0,82
208,35,0,47
208,52,0,77
208,48,0,75
208,36,0,57
208,18,0,51
208,30,1,50
208,18,0,40
208,20,0,35
208,53,1,56
208,62,1,51
208,37,1,27
208,46,0,68
208,57,1,78
208,60,0,44
208,9,0,96
208,17,0,53
209,60,0,66
209,17,1,57
209,25,0,53
209,66,0,38
209,50,0,64
209,69,0,65
209,70,0,54
209,47,0,97
209,25,0,90
209,1,0,93
209,12,1,64
209,52,1,46
209,60,1,60
209,39,1,61
209,26,0,90
209,63,1,53
209,65,1,45
209,13,0,100
209,59,0,69
209,12,0,51
209,35,0,36
209,29,0,46
209,8,0,62
209,5,0,49
209,7,0,69
209,15,1,33
209,66,0,14
209,31,0,96
209,14,0,45
209,63,1,54
209,37,0,60
209,69,0,98
209,34,0,31
209,8,0,62
209,39,1,41
209,17,1,75
209,53,1,62
209,8,0,67
209,56,1,32
209,54,0,82
209,9,1,20
209,63,1,51
209,50,0,63
209,51,0,36
209,24,0,54
209,41,0,45
209,26,0,66
209,18,0,51
209,64,1,49
209,24,0,95
209,27,1,20
209,14,0,52
209,54,0,64
209,13,1,101
209,69,0,125
209,55,1,40
209,11,0,56
209,53,1,62
209,25,1,72
209,8,0,36
209,43,0,53
209,37,0,40
209,0,0,34
209,59,1,74
209,0,0,66
209,11,0,53
209,37,0,32
209,55,0,94
209,69,0,77
209,38,1,34
209,9,1,41
209,36,1,95
210,31,0,43
210,48,1,42
210,31,1,56
210,57,0,48
210,11,1,14
210,21,1,45
210,10,0,33
210,55,1,53
210,59,0,60
210,2,1,45
210,10,0,38
210,7,0,36
210,24,0,32
210,43,0,13
210,12,0,30
210,66,1,14
210,28,1,42
210,52,1,36
210,55,1,65
210,27,0,41
210,42,0,31
210,68,0,53
210,64,0,40
210,32,1,54
210,31,1,60
210,64,0,40
210,31,0,49
210,69,0,33
210,12,1,24
210,14,1,33
210,16,1,14
210,55,0,47
210,1,1,26
210,23,0,27
210,9,0,36
210,51,0,24
210,38,1,63
210,15,1,14
210,53,0,39
210,62,0,22
210,58,0,16
210,1,1,40
210,48,1,31
210,52,0,32
210,17,1,20
210,22,0,57
210,4,0,52
210,61,1,37
210,39,1,33
210,63,1,35
210,55,1,22
210,52,1,52
210,16,1,60
210,1,1,51
210,29,1,36
210,34,0,54
210,51,1,48
210,20,0,49
210,44,1,47
210,11,0,15
210,2,1,16
210,34,1,58
210,22,1,37
210,48,1,17
210,41,1,5
210,26,1,22
210,71,0,32
210,34,0,35
210,70,0,43
210,43,0,28
210,21,0,32
210,33,1,50
211,1,0,44
211,17,1,35
211,41,1,17
211,10,1,12
211,48,0,37
211,42,1,35
211,54,1,40
211,24,0,29
211,66,1,19
211,17,0,47
211,19,0,57
211,69,0,45
211,67,0,46
211,29,0,21
211,14,1,22
211,19,1,22
211,64,0,50
211,34,1,44
211,66,0,40
211,9,0,46
211,49,1,61
211,49,1,54
211,10,1,33
211,40,0,45
211,51,1,47
211,70,1,48
211,9,1,56
211,70,0,51
211,37,0,44
211,59,1,40
211,63,0,47
211,35,1,41
211,1,1,26
211,30,1,48
211,23,0,50
211,56,0,27
211,42,1,42
211,43,0,43
211,37,0,22
211,59,0,47
211,3,0,33
211,22,1,29
211,26,0,52
211,29,1,25
211,52,1,41
211,67,0,36
211,20,0,30
211,71,0,27
211,21,1,63
211,53,0,32
211,30,1,32
211,5,1,13
211,7,0,49
211,20,0,27
211,10,0,53
211,61,1,48
211,8,1,43
211,14,1,15
211,68,0,37
211,5,1,44
211,48,0,27
211,58,0,42
211,19,1,17
211,11,1,10
211,33,0,73
211,65,1,44
211,40,1,23
211,62,1,53
211,58,0,52
211,66,0,50
211,69,0,33
211,60,1,42
212,53,1,45
212,65,1,38
212,31,0,34
212,44,1,31
212,58,0,22
212,54,1,42
212,16,1,20
212,63,1,23
212,39,1,45
212,46,1,32
212,70,1,27
212,41,0,5
212,69,1,27
212,38,1,29
212,9,1,30
212,18,1,33
212,56,1,43
212,5,1,29
212,54,0,38
212,18,0,27
212,40,0,12
212,18,1,34
212,28,1,30
212,16,1,32
212,22,1,33
212,11,1,29
212,21,1,30
212,35,1,10
212,36,1,37
212,71,0,35
212,69,1,16
212,34,1,39
212,24,0,10
212,23,1,36
212,29,1,28
212,36,1,40
212,22,0,37
212,49,1,40
212,71,0,20
212,49,0,29
212,69,1,24
212,5,1,36
212,28,0,44
212,39,1,20
212,54,0,24
212,16,1,9
212,1,1,29
212,27,1,15
212,67,0,34
212,63,1,33
212,16,1,42
212,30,1,27
212,31,1,33
212,31,1,31
212,59,1,22
212,50,1,43
212,52,1,24
212,51,1,29
212,9,0,37
212,1,0,23
212,10,0,28
212,6,1,22
212,56,1,29
212,50,0,27
212,9,1,30
212,4,1,28
212,29,1,52
212,18,0,35
212,40,0,22
212,30,1,17
212,71,0,30
212,31,1,21
213,40,0,43
213,54,0,49
213,65,1,42
213,27,1,9
213,29,1,76
213,2,1,59
213,26,0,63
213,19,1,19
213,16,1,56
213,15,0,80
213,39,1,60
213,65,1,61
213,47,0,58
213,58,1,49
213,17,1,51
213,37,1,59
213,56,0,43
213,68,1,31
213,10,1,45
213,11,1,45
213,66,1,45
213,54,0,39
213,7,0,71
213,45,0,16
213,70,1,58
213,0,1,9
213,37,1,53
213,39,0,38
213,65,1,47
213,17,1,58
213,12,0,52
213,34,0,46
213,16,1,57
213,15,1,56
213,9,1,47
213,15,1,29
213,19,0,66
213,36,0,14
213,20,0,56
213,37,1,25
213,41,1,40
213,7,1,70
213,60,1,43
213,31,0,41
213,36,1,84
213,25,1,51
213,4,1,56
213,52,0,28
213,63,1,47
213,20,0,41
213,58,1,57
213,51,1,66
213,27,1,63
213,28,1,33
213,6,1,46
213,12,1,55
213,55,0,44
213,70,0,63
213,6,0,43
213,43,0,46
213,15,1,51
213,56,1,50
213,37,1,57
213,16,1,30
213,43,0,26
213,57,1,57
213,52,1,46
213,15,1,32
213,40,1,51
213,14,0,24
213,69,0,54
213,45,1,33
214,14,0,51
214,5,1,35
214,9,0,81
214,15,0,41
214,5,1,47
214,60,1,70
214,11,0,84
214,33,1,48
214,55,0,27
214,68,0,48
214,25,1,103
214,4,0,82
214,8,0,32
214,42,0,62
214,39,0,5
214,65,1,88
214,52,0,61
214,71,0,30
214,2,1,48
214,50,0,57
214,38,1,42
214,1,1,89
214,28,0,85
214,43,0,67
214,62,0,76
214,6,1,67
214,29,0,86
214,35,1,15
214,23,0,60
214,49,0,61
214,45,1,48
214,17,1,63
214,40,0,66
214,4,0,83
214,9,0,84
214,27,0,78
214,18,0,34
214,2,0,57
214,63,1,87
214,10,0,31
214,20,0,59
214,58,1,52
214,29,0,71
214,27,0,82
214,52,1,40
214,0,0,59
214,31,0,53
214,61,1,81
214,8,0,62
214,1,0,42
214,16,1,61
214,44,1,46
214,66,0,39
214,47,0,55
214,68,1,29
214,33,0,82
214,37,0,35
214,43,0,46
214,58,1,43
214,13,0,38
214,48,1,59
214,15,1,69
214,21,0,38
214,28,0,95
214,4,0,56
214,19,0,52
214,52,0,28
214,28,1,71
214,38,1,65
214,66,1,82
214,61,1,55
214,40,0,61
215,65,1,72
215,1,0,45
215,55,1,51
215,58,1,37
215,22,1,35
215,18,0,51
215,13,1,55
215,60,1,50
215,38,1,36
215,38,1,27
215,47,0,58
215,10,0,42
215,18,0,27
215,57,0,57
215,67,1,29
215,16,0,48
215,28,1,48
215,31,1,72
215,12,1,46
215,4,0,20
215,63,1,40
215,16,1,46
215,43,0,50
215,64,1,52
215,21,0,51
215,50,0,48
215,43,0,55
215,1,0,44
215,29,0,45
215,42,1,59
215,49,1,48
215,50,0,18
215,27,1,45
215,5,1,29
215,69,0,40
215,19,1,67
215,12,1,34
215,46,0,49
215,37,0,37
215,40,0,45
215,11,0,40
215,47,1,44
215,27,0,48
215,31,1,64
215,39,0,62
215,48,0,30
215,13,1,10
215,54,0,48
215,27,1,47
215,56,0,37
215,44,1,40
215,27,1,73
215,44,0,60
215,62,0,46
215,60,0,75
215,34,1,52
215,33,0,52
215,33,0,14
215,38,1,59
215,56,1,42
215,70,1,45
215,67,0,11
215,25,1,44
215,13,1,45
215,10,0,65
215,59,0,101
215,6,1,39
215,7,1,29
215,34,0,9
215,18,1,50
215,1,0,41
215,50,0,32
216,71,0,37
216,52,1,35
216,62,0,28
216,54,1,30
216,15,0,32
216,30,1,45
216,38,1,32
216,51,1,30
216,43,0,35
216,10,1,39
216,39,1,26
216,17,1,38
216,16,1,28
216,30,1,27
216,12,0,20
216,15,1,46
216,33,0,14
216,8,1,34
216,45,0,40
216,58,0,26
216,47,1,5
216,22,0,43
216,44,1,28
216,32,0,30
216,21,0,41
216,45,0,30
216,32,0,45
216,58,0,39
216,13,1,45
216,7,0,37
216,35,1,30
216,61,1,22
216,59,0,14
216,11,1,22
216,26,1,39
216,53,1,30
216,61,1,21
216,61,1,23
216,25,0,5
216,1,1,40
216,69,1,33
216,22,1,19
216,2,1,38
216,10,0,15
216,68,1,33
216,9,1,28
216,53,1,40
216,33,0,49
216,20,0,11
216,15,1,25
216,66,0,26
216,10,1,21
216,65,1,27
216,33,0,34
216,46,1,24
216,32,1,15
216,53,1,31
216,11,1,28
216,37,0,32
216,19,1,15
216,58,1,12
216,71,0,42
216,30,1,21
216,13,1,14
216,37,1,30
216,12,0,14
216,18,1,20
216,42,1,31
216,14,1,35
216,32,1,21
216,68,1,40
216,43,0,38
217,13,1,17
217,3,0,33
217,55,0,43
217,70,1,32
217,28,1,36
217,13,1,40
217,53,1,22
217,1,1,27
217,28,1,33
217,7,1,27
217,38,1,14
217,31,0,41
217,47,1,36
217,28,1,26
217,46,1,44
217,20,0,32
217,43,0,31
217,71,0,34
217,42,0,31
217,57,1,36
217,44,1,35
217,30,1,51
217,63,1,21
217,4,0,38
217,54,0,35
217,52,1,34
217,19,1,19
217,21,1,20
217,17,1,48
217,37,1,34
217,58,1,30
217,44,1,33
217,42,1,31
217,61,1,26
217,30,1,36
217,16,1,33
217,33,1,33
217,31,0,14
217,34,1,18
217,13,1,31
217,53,0,40
217,16,0,31
217,29,1,40
217,42,1,29
217,68,1,22
217,25,1,44
217,35,1,34
217,18,1,26
217,34,1,31
217,24,0,38
217,21,1,19
217,52,1,35
217,28,1,23
217,13,1,43
217,23,1,33
217,28,1,21
217,69,0,5
217,26,1,15
217,48,0,30
217,69,0,21
217,44,0,19
217,23,1,39
217,54,0,45
217,2,1,18
217,47,1,30
217,26,1,25
217,68,0,29
217,2,0,23
217,34,0,21
217,47,1,29
217,61,1,15
217,29,1,22
218,24,0,39
218,35,1,48
218,71,0,46
218,31,0,17
218,46,1,48
218,12,1,67
218,37,0,26
218,10,1,26
218,63,1,40
218,68,0,42
218,53,1,26
218,3,0,54
218,68,1,34
218,14,0,46
218,58,0,40
218,31,0,60
218,19,0,54
218,10,0,51
218,17,1,24
218,56,0,40
218,42,1,31
218,9,1,53
218,21,1,39
218,10,1,40
218,4,0,28
218,5,1,28
218,61,1,61
218,54,1,50
218,0,0,40
218,52,0,75
218,17,0,48
218,47,1,41
218,33,0,50
218,71,0,36
218,28,1,31
218,28,1,37
218,54,0,47
218,19,1,42
218,62,0,37
218,17,1,52
218,20,0,37
218,34,1,47
218,36,1,66
218,50,0,37
218,59,1,64
218,10,1,42
218,7,0,31
218,37,0,39
218,35,1,53
218,9,1,72
218,23,1,47
218,3,0,51
218,58,1,45
218,25,1,42
218,19,0,21
218,61,1,61
218,23,1,50
218,69,0,51
218,28,1,76
218,57,0,63
218,62,0,43
218,10,1,55
218,55,1,44
218,15,0,44
218,48,1,29
218,39,0,19
218,5,1,35
218,46,1,49
218,13,0,48
218,12,1,71
218,28,1,67
218,18,0,37
219,55,1,43
219,49,1,53
219,31,0,34
219,32,0,27
219,13,0,17
219,70,1,51
219,5,1,47
219,39,1,54
219,38,0,71
219,26,1,42
219,3,1,64
219,43,0,59
219,7,1,36
219,70,1,50
219,65,0,44
219,17,1,20
219,47,1,52
219,13,1,43
219,11,0,56
219,68,0,38
219,22,0,46
219,69,1,36
219,14,0,34
219,62,0,52
219,69,1,21
219,34,1,38
219,57,1,47
219,28,1,32
219,24,1,52
219,51,0,57
219,19,0,52
219,57,0,61
219,12,0,55
219,63,0,37
219,3,0,33
219,34,0,45
219,33,0,17
219,42,1,47
219,65,1,39
219,49,1,39
219,16,1,50
219,67,0,43
219,10,1,59
219,57,1,83
219,23,0,47
219,38,1,57
219,56,0,52
219,27,0,36
219,57,1,14
219,21,0,69
219,14,0,31
219,56,0,41
219,35,1,37
219,63,1,34
219,34,1,49
219,45,0,47
219,16,0,35
219,27,0,46
219,2,0,46
219,48,1,17
219,50,1,51
219,60,1,62
219,21,0,46
219,14,0,7
219,34,1,45
219,42,1,63
219,9,1,51
219,28,1,35
219,0,0,52
219,64,1,41
219,8,0,35
219,2,0,53
220,68,0,50
220,32,0,87
220,57,0,28
220,16,0,92
220,49,0,29
220,22,0,58
220,31,0,55
220,65,1,39
220,61,1,35
220,12,0,85
220,32,0,56
220,51,0,45
220,71,0,65
220,64,0,49
220,10,1,82
220,53,0,74
220,43,0,48
220,43,0,60
220,66,0,80
220,27,0,58
220,52,1,39
220,54,0,47
220,30,1,78
220,71,1,58
220,58,1,58
220,47,0,47
220,32,0,98
220,59,0,69
220,60,0,54
220,71,0,47
220,1,0,48
220,50,0,56
220,29,1,86
220,14,0,41
220,36,0,65
220,16,0,61
220,68,0,54
220,44,0,60
220,24,0,51
220,4,0,65
220,2,1,36
220,51,0,75
220,37,0,99
220,34,0,86
220,62,0,74
220,64,0,63
220,41,0,58
220,49,0,39
220,49,1,34
220,3,0,92
220,25,0,87
220,3,0,92
220,66,1,55
220,4,0,24
220,65,1,114
220,25,0,45
220,6,0,73
220,12,0,64
220,67,0,61
220,59,1,82
220,71,0,51
220,30,1,34
220,15,1,83
220,34,1,48
220,58,0,61
220,24,0,65
220,8,0,90
220,27,1,60
220,41,0,56
220,30,0,74
220,1,0,45
220,17,0,30
221,11,1,63
221,38,1,70
221,50,0,47
221,4,0,65
221,45,0,51
221,10,0,32
221,25,1,10
221,28,1,60
221,6,1,59
221,59,1,52
221,34,1,36
221,20,1,64
221,0,1,61
221,48,0,34
221,66,0,51
221,68,1,23
221,61,1,62
221,26,0,54
221,8,0,47
221,21,1,48
221,63,1,51
221,25,1,31
221,14,0,44
221,3,1,22
221,27,1,29
221,18,1,38
221,36,1,64
221,51,1,45
221,45,1,34
221,18,1,30
221,29,1,53
221,6,1,36
221,19,0,41
221,17,1,24
221,24,0,73
221,18,1,51
221,9,1,35
221,30,1,44
221,33,1,15
221,30,1,36
221,1,0,45
221,20,1,49
221,26,0,49
221,1,1,37
221,71,0,59
221,16,0,21
221,66,0,33
221,45,0,39
221,52,1,42
221,69,1,54
221,16,0,52
221,18,0,34
221,44,0,12
221,15,1,48
221,44,0,22
221,12,0,19
221,39,1,47
221,60,0,35
221,28,1,51
221,0,0,48
221,27,1,41
221,70,0,34
221,64,1,54
221,19,0,45
221,45,0,5
221,44,0,49
221,41,1,61
221,19,0,55
221,51,0,38
221,15,1,41
221,70,1,29
221,40,0,49
222,41,1,7
222,27,1,37
222,18,0,39
222,28,0,14
222,55,0,45
222,62,0,32
222,24,1,34
222,61,1,28
222,52,1,33
222,52,1,53
222,11,0,51
222,68,0,62
222,59,1,40
222,18,0,30
222,39,0,13
222,60,1,35
222,19,0,28
222,31,0,51
222,68,1,61
222,45,0,56
222,57,0,48
222,24,0,54
222,66,1,54
222,17,0,56
222,26,0,48
222,62,1,68
222,58,1,26
222,59,1,53
222,5,1,46
222,70,0,29
222,66,0,37
222,61,0,29
222,69,1,49
222,33,0,21
222,9,0,44
222,11,0,26
222,5,1,54
222,31,0,39
222,23,0,44
222,14,0,62
222,14,1,27
222,15,1,34
222,45,0,20
222,38,1,39
222,18,1,40
222,15,0,37
222,3,0,37
222,49,1,34
222,46,1,58
222,9,0,37
222,34,0,35
222,52,1,31
222,4,0,57
222,13,0,17
222,14,0,34
222,11,1,46
222,37,0,45
222,56,1,73
222,15,0,65
222,26,0,42
222,14,0,41
222,66,1,50
222,68,1,47
222,13,1,33
222,68,0,37
222,26,1,39
222,18,1,19
222,39,0,58
222,15,1,43
222,41,0,39
222,47,0,52
222,61,1,31
223,40,0,68
223,4,0,66
223,71,1,26
223,23,0,40
223,24,0,80
223,0,0,56
223,56,1,96
223,45,0,64
223,50,1,79
223,42,1,49
223,23,0,45
223,43,0,65
223,43,0,56
223,8,0,43
223,54,0,67
223,26,0,16
223,3,0,71
223,26,1,46
223,56,0,83
223,57,0,30
223,39,1,48
223,39,0,53
223,64,0,51
223,35,1,82
223,49,1,26
223,71,1,43
223,22,0,59
223,71,0,75
223,68,0,76
223,60,0,41
223,15,0,61
223,66,0,86
223,71,0,63
223,34,0,44
223,25,1,53
223,34,0,69
223,69,0,54
223,48,0,85
223,66,0,83
223,45,0,75
223,53,1,63
223,25,0,78
223,69,0,50
223,10,0,62
223,20,0,36
223,44,0,61
223,70,0,92
223,15,1,41
223,54,1,49
223,11,0,59
223,66,0,49
223,5,1,50
223,49,1,54
223,47,0,90
223,10,1,58
223,21,0,60
223,38,0,48
223,9,0,62
223,54,1,87
223,67,0,63
223,18,1,45
223,68,0,38
223,60,0,19
223,1,0,73
223,43,0,58
223,32,0,99
223,43,1,94
223,42,0,52
223,32,0,33
223,40,0,78
223,70,1,30
223,44,0,17
224,20,0,32
224,31,1,19
224,50,0,18
224,51,0,33
224,47,0,22
224,53,0,20
224,69,0,13
224,65,1,30
224,47,1,38
224,68,1,33
224,59,0,35
224,21,0,37
224,48,0,10
224,38,1,20
224,45,1,16
224,34,0,19
224,26,1,23
224,38,1,17
224,56,0,39
224,1,1,30
224,59,0,25
224,65,0,28
224,8,0,18
224,55,1,13
224,7,1,19
224,14,0,16
224,28,1,31
224,55,0,25
224,65,1,41
224,11,1,36
224,52,1,24
224,64,0,13
224,22,1,41
224,46,0,31
224,66,0,9
224,35,0,28
224,6,1,31
224,50,1,18
224,28,1,19
224,2,0,23
224,5,1,26
224,8,1,12
224,62,0,25
224,55,1,34
224,33,0,28
224,58,0,24
224,58,1,27
224,36,1,10
224,57,1,11
224,51,1,9
224,1,0,25
224,43,0,35
224,63,1,34
224,15,0,40
224,43,0,43
224,27,0,6
224,67,1,33
224,57,1,32
224,5,1,27
224,61,1,5
224,27,0,42
224,32,1,11
224,22,1,41
224,7,0,18
224,48,1,12
224,1,1,26
224,22,0,25
224,60,1,28
224,43,1,29
224,14,0,29
224,51,0,30
224,68,0,25
225,44,1,95
225,0,0,82
225,26,0,60
225,65,1,81
225,1,1,54
225,7,0,62
225,18,0,45
225,52,1,48
225,44,1,55
225,26,1,18
225,47,0,67
225,33,0,70
225,34,0,23
225,5,0,46
225,63,0,82
225,42,1,80
225,71,0,76
225,34,0,56
225,36,1,55
225,32,0,65
225,12,0,71
225,31,0,36
225,28,0,47
225,42,1,75
225,44,0,72
225,2,0,62
225,44,1,52
225,8,1,48
225,71,0,74
225,33,0,73
225,30,0,76
225,10,0,69
225,2,0,84
225,57,0,36
225,9,1,75
225,52,0,5
225,66,0,105
225,52,1,80
225,4,0,52
225,61,1,86
225,31,0,73
225,46,1,82
225,50,0,57
225,5,0,85
225,66,0,86
225,39,0,69
225,50,0,67
225,13,0,97
225,60,1,78
225,31,0,91
225,66,1,47
225,33,0,59
225,5,1,53
225,60,1,5
225,0,0,57
225,34,0,58
225,55,0,52
225,19,1,103
225,34,0,77
225,49,1,74
225,46,0,40
225,10,1,36
225,35,1,61
225,5,0,59
225,58,1,24
225,42,0,9
225,60,1,83
225,52,1,64
225,45,0,59
225,14,0,61
225,45,0,64
225,46,1,51
226,5,1,84
226,46,0,70
226,69,0,49
226,46,1,75
226,35,1,53
226,7,0,82
226,52,0,57
226,65,1,47
226,65,0,48
226,40,1,60
226,52,1,59
226,8,0,88
226,70,0,71
226,54,0,51
226,21,0,44
226,19,0,78
226,26,1,58
226,44,1,79
226,46,0,83
226,23,0,58
226,40,0,79
226,60,0,60
226,33,1,61
226,40,0,68
226,64,0,60
226,7,0,82
226,14,0,93
226,13,0,35
226,20,0,55
226,5,1,58
226,2,1,96
226,14,0,95
226,27,0,51
226,11,0,51
226,14,0,88
226,17,0,68
226,59,0,51
226,49,1,53
226,38,0,46
226,9,0,37
226,52,0,65
226,16,1,74
226,59,0,6
226,22,0,51
226,55,0,79
226,37,0,73
226,20,0,17
226,39,0,79
226,4,0,44
226,62,0,61
226,9,0,39
226,9,0,69
226,33,0,79
226,67,0,56
226,69,0,53
226,50,0,56
226,25,0,36
226,64,1,87
226,54,0,52
226,62,0,70
226,16,0,55
226,20,0,39
226,62,1,79
226,12,0,49
226,54,1,75
226,57,0,72
226,71,0,41
226,38,1,40
226,58,1,55
226,10,0,69
226,52,0,114
226,41,0,45
227,52,1,31
227,38,1,43
227,53,1,50
227,37,1,31
227,41,1,21
227,10,1,50
227,60,1,25
227,12,1,26
227,61,1,43
227,31,0,37
227,6,0,30
227,18,1,30
227,6,1,45
227,28,1,22
227,63,1,52
227,55,1,19
227,40,0,41
227,54,1,20
227,37,1,38
227,53,1,43
227,70,1,35
227,4,0,17
227,4,1,41
227,66,0,31
227,29,1,35
227,69,1,29
227,21,1,25
227,27,1,28
227,61,1,17
227,2,0,33
227,57,1,32
227,57,0,40
227,44,1,31
227,58,1,32
227,52,1,46
227,30,1,35
227,36,1,29
227,61,1,41
227,45,1,46
227,68,1,16
227,28,0,38
227,17,1,42
227,59,0,37
227,25,0,44
227,46,0,23
227,1,0,16
227,71,0,32
227,64,1,29
227,57,1,21
227,34,0,34
227,31,1,17
227,6,1,31
227,38,0,43
227,40,0,36
227,59,1,28
227,22,1,23
227,41,1,19
227,34,0,24
227,10,1,52
227,43,1,22
227,65,1,36
227,27,0,27
227,69,0,26
227,66,0,32
227,12,1,37
227,43,0,25
227,24,1,26
227,4,1,23
227,10,1,29
227,16,1,30
227,59,1,28
227,31,1,42
228,23,1,25
228,26,1,19
228,30,1,39
228,59,1,36
228,36,1,42
228,32,0,19
228,35,1,18
228,24,1,25
228,5,1,28
228,18,1,23
228,68,0,34
228,29,0,21
228,36,1,10
228,14,1,22
228,18,0,41
228,4,1,33
228,71,0,25
228,42,0,21
228,57,0,35
228,59,1,30
228,63,1,42
228,41,1,32
228,10,1,21
228,20,1,24
228,52,1,20
228,34,1,17
228,39,1,16
228,46,0,30
228,52,1,23
228,9,1,45
228,59,1,22
228,56,1,29
228,47,1,27
228,40,1,35
228,2,1,13
228,35,1,19
228,1,1,21
228,36,1,29
228,1,1,39
228,64,1,30
228,17,0,36
228,25,1,32
228,53,1,22
228,23,0,28
228,17,1,26
228,62,1,39
228,8,0,23
228,24,1,17
228,24,1,32
228,40,0,26
228,1,0,19
228,1,1,40
228,31,1,35
228,11,1,27
228,54,0,27
228,3,0,22
228,52,1,26
228,44,1,23
228,52,1,31
228,36,1,16
228,2,1,31
228,25,0,38
228,34,1,23
228,25,1,19
228,5,1,24
228,30,1,45
228,31,1,33
228,66,1,22
228,50,1,46
228,12,1,48
228,35,1,40
228,58,1,32
229,70,1,45
229,11,1,47
229,67,0,55
229,47,0,47
229,4,0,88
229,12,0,44
229,43,1,74
229,62,0,55
229,55,0,65
229,65,0,69
229,15,1,61
229,35,1,42
229,68,1,42
229,64,0,63
229,30,0,67
229,11,0,46
229,58,0,59
229,24,0,51
229,3,0,54
229,46,0,91
229,49,1,87
229,2,0,65
229,65,1,43
229,4,1,100
229,22,0,48
229,31,1,91
229,17,1,46
229,7,1,71
229,52,1,81
229,29,0,63
229,68,0,42
229,42,1,94
229,41,0,72
229,23,0,58
229,43,0,71
229,64,0,48
229,68,1,68
229,45,0,38
229,8,1,100
229,2,1,74
229,39,0,58
229,25,0,40
229,66,0,42
229,23,0,43
229,7,0,24
229,46,0,92
229,39,0,58
229,52,1,36
229,21,0,66
229,60,0,45
229,64,0,77
229,52,1,42
229,52,1,57
229,13,1,51
229,27,1,36
229,6,1,81
229,66,1,49
229,14,0,41
229,51,1,89
229,26,1,57
229,14,0,61
229,45,1,68
229,48,0,43
229,24,0,76
229,63,1,59
229,62,0,28
229,39,0,69
229,63,0,40
229,60,0,68
229,40,1,116
229,25,1,64
229,5,0,59
230,54,0,31
230,31,0,82
230,32,0,51
230,69,0,77
230,14,0,71
230,15,0,14
230,26,0,56
230,14,1,65
230,57,0,78
230,22,0,51
230,26,0,74
230,41,1,56
230,61,1,58
230,70,0,26
230,60,1,32
230,55,0,38
230,55,0,48
230,14,0,56
230,60,0,46
230,57,0,90
230,45,0,86
230,14,1,55
230,68,0,56
230,24,0,51
230,2,0,61
230,47,1,47
230,51,0,33
230,31,0,61
230,32,0,49
230,34,0,34
230,61,1,29
230,50,0,59
230,61,1,11
230,36,0,82
230,9,1,58
230,24,0,86
230,38,0,76
230,66,0,23
230,47,0,55
230,64,0,69
230,2,0,38
230,28,1,92
230,16,0,36
230,38,1,77
230,50,0,76
230,16,1,59
230,5,1,89
230,27,1,37
230,51,0,64
230,53,0,58
230,38,0,75
230,67,0,109
230,3,0,53
230,5,1,58
230,26,1,45
230,65,1,37
230,14,0,69
230,5,1,78
230,35,0,40
230,39,0,28
230,18,0,55
230,15,0,41
230,37,0,90
230,39,0,24
230,2,0,58
230,33,0,35
230,50,0,79
230,48,1,55
230,66,0,83
230,3,0,50
230,24,0,45
230,4,1,68
231,57,1,61
231,7,0,33
231,32,0,28
231,32,1,28
231,43,0,17
231,11,0,43
231,50,1,42
231,59,1,27
231,15,1,24
231,41,0,25
231,43,0,49
231,14,0,41
231,1,1,55
231,30,0,61
231,36,0,52
231,25,1,41
231,17,1,47
231,32,0,38
231,15,0,25
231,40,1,21
231,28,1,60
231,53,1,62
231,9,1,47
231,25,0,34
231,43,1,60
231,71,0,5
231,30,1,56
231,55,1,67
231,3,0,11
231,46,1,19
231,47,0,32
231,44,0,5
231,47,0,33
231,15,1,5
231,14,0,31
231,33,1,23
231,5,1,24
231,30,1,30
231,26,0,21
231,65,0,42
231,48,0,22
231,59,0,34
231,44,0,28
231,45,0,30
231,60,0,26
231,62,0,20
231,25,1,23
231,33,0,55
231,45,1,47
231,26,0,25
231,20,1,24
231,18,0,35
231,2,1,55
231,33,0,34
231,6,0,44
231,14,0,13
231,8,0,58
231,37,1,45
231,69,0,70
231,42,1,68
231,22,0,51
231,3,0,16
231,10,0,46
231,32,0,20
231,60,1,38
231,7,0,16
231,29,1,39
231,9,0,29
231,67,1,5
231,45,0,63
231,69,1,32
231,4,1,31
232,61,0,97
232,11,0,73
232,53,0,64
232,33,0,41
232,71,0,64
232,68,0,78
232,31,0,30
232,45,0,70
232,71,0,47
232,25,1,85
232,21,0,24
232,39,0,76
232,16,0,64
232,60,0,54
232,46,1,24
232,70,1,51
232,48,0,83
232,12,0,88
232,16,0,48
232,34,0,73
232,1,1,33
232,28,0,61
232,63,1,48
232,20,0,74
232,47,1,61
232,41,1,53
232,32,0,72
232,63,0,55
232,21,1,73
232,5,1,75
232,62,0,65
232,14,0,56
232,65,1,49
232,18,0,44
232,2,0,53
232,8,1,94
232,55,0,52
232,67,1,49
232,56,0,12
232,21,1,57
232,46,0,69
232,10,0,46
232,15,0,100
232,22,0,31
232,36,0,98
232,39,0,37
232,29,0,66
232,54,0,58
232,61,1,90
232,26,1,77
232,17,0,44
232,59,1,79
232,13,1,49
232,35,0,67
232,13,1,60
232,1,0,36
232,32,0,47
232,40,0,78
232,18,0,79
232,20,0,45
232,29,0,49
232,19,0,15
232,17,0,67
232,35,0,55
232,5,1,57
232,38,0,70
232,45,0,56
232,6,1,17
232,3,0,30
232,44,0,67
232,40,0,50
232,8,1,74
233,38,1,22
233,69,1,31
233,27,1,45
233,51,1,34
233,47,1,28
233,5,1,17
233,46,1,24
233,26,0,36
233,4,0,37
233,51,1,32
233,6,1,21
233,31,1,35
233,13,1,41
233,11,1,33
233,0,1,42
233,23,1,36
233,54,1,35
233,37,1,34
233,31,0,20
233,59,1,23
233,22,1,34
233,10,1,28
233,50,1,36
233,44,1,26
233,57,1,37
233,16,1,5
233,57,1,20
233,42,1,13
233,50,0,33
233,59,1,38
233,42,0,28
233,33,1,38
233,12,0,15
233,28,1,49
233,38,1,22
233,65,1,34
233,9,1,11
233,56,1,21
233,49,1,23
233,47,1,48
233,46,1,39
233,13,1,17
233,8,1,26
233,48,1,16
233,18,0,17
233,0,1,41
233,11,1,28
233,64,1,26
233,3,0,25
233,12,1,24
233,9,1,35
233,11,1,28
233,38,0,30
233,45,1,18
233,36,1,22
233,64,1,36
233,13,1,31
233,65,1,15
233,32,0,24
233,31,1,39
233,19,0,8
233,20,1,29
233,47,0,22
233,38,1,36
233,58,1,24
233,37,1,37
233,9,0,19
233,1,1,22
233,42,1,14
233,65,1,33
233,63,1,16
233,2,1,36
234,41,1,27
234,12,1,25
234,43,1,34
234,70,1,13
234,23,1,16
234,70,1,33
234,56,1,26
234,50,0,42
234,10,1,37
234,41,0,36
234,62,1,33
234,6,1,37
234,13,0,47
234,3,1,30
234,22,1,43
234,68,1,37
234,36,1,53
234,25,1,39
234,64,1,32
234,70,1,6
234,17,1,49
234,15,1,27
234,0,1,43
234,11,1,31
234,16,1,31
234,9,1,28
234,50,0,32
234,9,1,28
234,17,1,38
234,23,0,13
234,12,1,26
234,43,1,39
234,19,1,17
234,47,1,29
234,42,1,20
234,35,1,25
234,20,1,20
234,24,1,41
234,11,1,18
234,22,1,20
234,8,1,40
234,16,1,33
234,54,1,36
234,44,1,19
234,5,1,25
234,20,1,42
234,67,1,31
234,17,1,31
234,36,1,27
234,39,0,50
234,48,1,33
234,15,1,30
234,55,1,34
234,35,1,28
234,20,1,31
234,42,0,44
234,34,1,34
234,70,1,25
234,43,0,21
234,43,0,29
234,13,1,29
234,59,0,43
234,67,1,40
234,56,1,41
234,41,1,40
234,48,0,21
234,55,1,31
234,61,1,31
234,70,0,46
234,8,0,31
234,67,0,13
234,53,1,29
235,39,0,35
235,63,0,30
235,3,0,9
235,9,0,16
235,24,0,29
235,38,1,32
235,39,0,49
235,10,1,26
235,8,0,24
235,46,1,20
235,38,1,39
235,68,0,10
235,32,0,19
235,41,0,28
235,18,1,26
235,37,0,20
235,19,0,13
235,2,0,22
235,40,0,21
235,37,1,32
235,38,0,31
235,13,0,35
235,53,0,25
235,34,0,15
235,53,1,22
235,25,1,17
235,19,0,16
235,59,1,48
235,59,1,25
235,8,0,42
235,58,1,10
235,17,0,17
235,40,1,23
235,2,0,15
235,11,1,19
235,38,1,13
235,42,1,27
235,7,0,19
235,31,1,23
235,55,0,26
235,67,1,23
235,17,1,23
235,34,0,35
235,62,0,39
235,62,0,9
235,60,1,32
235,68,1,45
235,25,0,32
235,17,1,14
235,36,0,35
235,28,1,42
235,37,0,16
235,25,1,20
235,60,1,24
235,24,1,28
235,47,0,31
235,39,1,26
235,56,0,19
235,20,0,19
235,33,0,25
235,48,0,15
235,8,0,34
235,11,1,24
235,65,0,13
235,4,1,22
235,59,1,13
235,49,1,37
235,50,1,24
235,28,0,16
235,4,0,33
235,70,1,35
235,45,0,34
236,59,0,27
236,2,0,20
236,53,0,32
236,59,0,29
236,51,1,33
236,39,1,35
236,60,1,23
236,21,1,28
236,33,0,14
236,33,1,60
236,14,1,24
236,45,0,21
236,32,0,27
236,24,0,20
236,54,1,35
236,34,0,39
236,30,1,30
236,65,0,14
236,55,0,36
236,33,0,27
236,46,0,19
236,2,0,46
236,29,1,17
236,50,0,29
236,71,1,25
236,21,1,15
236,21,1,37
236,67,0,14
236,70,0,19
236,21,1,18
236,66,1,32
236,33,1,22
236,46,0,6
236,22,1,36
236,35,1,25
236,8,0,33
236,64,1,24
236,11,0,29
236,38,0,5
236,48,1,30
236,39,1,43
236,60,0,29
236,46,0,31
236,56,0,30
236,39,1,42
236,38,0,35
236,8,1,18
236,42,1,17
236,47,1,20
236,30,1,38
236,36,0,39
236,6,1,19
236,22,1,23
236,46,1,27
236,15,0,19
236,53,0,28
236,40,0,21
236,66,1,22
236,66,0,18
236,67,0,34
236,53,0,11
236,53,0,13
236,14,0,46
236,34,0,19
236,59,0,29
236,26,0,27
236,56,1,25
236,8,0,39
236,59,1,34
236,57,1,39
236,18,0,19
236,42,1,9
237,17,1,42
237,25,1,24
237,48,1,42
237,44,0,47
237,57,1,30
237,6,1,37
237,70,0,18
237,65,0,6
237,23,0,25
237,70,0,28
237,19,0,5
237,56,1,19
237,20,1,8
237,69,1,5
237,64,1,14
237,68,0,13
237,6,1,22
237,33,0,15
237,34,1,25
237,1,0,26
237,41,1,25
237,39,0,27
237,48,1,20
237,59,1,12
237,49,1,13
237,20,1,35
237,46,1,19
237,48,1,15
237,1,1,28
237,71,0,42
237,46,1,32
237,41,0,25
237,49,1,36
237,71,1,20
237,38,0,21
237,60,1,26
237,56,0,24
237,16,1,29
237,66,0,28
237,46,0,5
237,45,1,26
237,47,0,26
237,50,1,15
237,29,0,59
237,10,1,23
237,8,0,38
237,28,0,24
237,35,1,18
237,44,0,21
237,38,1,23
237,52,1,13
237,35,1,11
237,1,1,16
237,18,0,41
237,8,0,40
237,2,1,36
237,3,0,25
237,10,0,13
237,1,0,18
237,11,0,11
237,16,1,19
237,69,1,27
237,15,0,33
237,60,0,42
237,60,0,26
237,12,1,37
237,63,1,6
237,57,1,22
237,26,1,21
237,53,1,27
237,25,1,21
237,44,0,33
238,58,0,39
238,37,0,26
238,46,1,47
238,69,0,46
238,11,0,71
238,70,1,15
238,32,0,51
238,31,0,50
238,14,0,40
238,11,0,23
238,6,0,51
238,67,0,46
238,54,0,47
238,42,0,48
238,1,0,37
238,58,1,67
238,31,0,32
238,7,1,46
238,46,0,29
238,1,0,31
238,1,0,38
238,60,0,37
238,69,0,37
238,44,0,54
238,14,0,49
238,25,1,42
238,39,0,38
238,65,1,37
238,33,0,51
238,54,0,36
238,60,0,25
238,9,0,22
238,63,1,46
238,66,0,5
238,6,0,21
238,31,1,28
238,44,0,42
238,66,0,75
238,68,1,39
238,47,0,49
238,16,0,59
238,35,0,48
238,15,0,46
238,31,0,51
238,52,1,59
238,8,0,40
238,48,0,33
238,54,1,24
238,26,1,70
238,17,0,49
238,13,0,15
238,67,0,35
238,56,0,40
238,45,1,59
238,3,0,29
238,32,0,40
238,62,0,19
238,12,0,15
238,53,0,55
238,26,1,32
238,11,0,45
238,71,0,34
238,7,0,34
238,39,0,64
238,66,0,27
238,8,0,38
238,59,1,49
238,43,0,34
238,70,0,40
238,60,1,59
238,33,1,36
238,58,0,10
239,5,1,20
239,2,0,25
239,28,1,36
239,69,1,39
239,44,1,41
239,49,1,45
239,12,0,38
239,15,1,57
239,45,0,84
239,20,0,28
239,65,1,55
239,7,0,27
239,52,1,52
239,10,0,49
239,20,0,37
239,51,0,42
239,10,1,58
239,67,0,43
239,44,1,49
239,2,0,18
239,6,1,62
239,38,0,36
239,33,0,50
239,71,1,20
239,25,0,64
239,4,0,34
239,17,1,47
239,7,0,29
239,4,1,40
239,34,0,40
239,58,1,41
239,55,1,45
239,7,0,56
239,63,1,45
239,54,1,31
239,38,1,54
239,69,1,40
239,12,0,39
239,19,0,66
239,11,1,20
239,24,1,35
239,40,0,62
239,43,0,56
239,14,1,55
239,51,0,20
239,19,0,49
239,2,1,40
239,57,0,21
239,34,0,59
239,50,0,67
239,40,0,47
239,3,0,53
239,1,0,53
239,65,1,43
239,46,0,56
239,38,1,48
239,55,0,37
239,12,1,56
239,3,0,54
239,38,1,20
239,44,1,51
239,11,1,64
239,40,0,81
239,1,0,14
239,58,1,65
239,13,1,16
239,22,1,59
239,54,0,37
239,33,1,18
239,42,1,56
239,48,0,28
239,22,1,79
240,22,1,25
240,11,1,21
240,22,1,32
240,56,0,17
240,56,1,38
240,19,0,30
240,42,1,34
240,56,1,11
240,36,1,26
240,29,1,39
240,33,1,12
240,63,1,32
240,60,0,25
240,63,1,42
240,63,1,36
240,58,1,24
240,44,0,20
240,33,0,22
240,55,1,32
240,19,1,20
240,63,1,27
240,24,0,40
240,7,1,48
240,59,1,28
240,37,1,49
240,32,1,19
240,42,1,27
240,55,1,30
240,3,1,25
240,20,1,23
240,35,1,23
240,20,0,33
240,38,1,44
240,50,0,22
240,5,1,43
240,8,1,28
240,61,1,33
240,10,1,25
240,25,1,38
240,69,1,36
240,46,1,16
240,63,0,23
240,44,1,36
240,26,1,35
240,32,1,20
240,36,1,35
240,47,1,30
240,39,1,8
240,60,1,28
240,18,0,32
240,50,0,25
240,69,0,26
240,68,1,36
240,33,1,26
240,5,1,21
240,36,1,37
240,6,1,43
240,29,1,26
240,29,0,41
240,47,0,33
240,66,0,34
240,41,1,40
240,62,0,46
240,11,0,22
240,32,0,30
240,1,0,20
240,58,1,21
240,66,0,22
240,58,1,53
240,13,1,23
240,37,0,10
240,68,1,43
241,10,1,62
241,60,1,31
241,59,1,47
241,16,1,32
241,49,1,60
241,63,1,38
241,39,1,47
241,8,0,26
241,39,0,48
241,64,0,52
241,55,1,53
241,10,1,56
241,67,0,23
241,64,0,36
241,16,0,30
241,69,0,61
241,1,1,31
241,62,0,38
241,69,0,47
241,4,0,49
241,71,0,19
241,40,0,37
241,61,1,19
241,3,0,53
241,45,0,13
241,24,0,7
241,13,0,26
241,49,0,56
241,46,0,33
241,60,1,22
241,46,1,37
241,63,1,30
241,24,0,37
241,40,0,53
241,39,1,34
241,0,1,30
241,22,1,27
241,49,0,47
241,14,1,61
241,48,1,39
241,46,0,50
241,64,0,50
241,21,1,36
241,3,0,27
241,39,1,35
241,36,0,33
241,41,1,46
241,20,0,54
241,57,0,22
241,6,0,33
241,68,1,36
241,27,0,35
241,53,1,42
241,34,0,28
241,71,0,22
241,45,0,46
241,1,0,36
241,36,1,33
241,48,0,43
241,33,0,22
241,17,0,49
241,49,1,42
241,22,0,46
241,47,0,17
241,17,0,33
241,13,1,57
241,33,0,8
241,21,0,34
241,26,1,52
241,35,1,42
241,64,0,30
241,64,1,23
242,44,1,41
242,58,1,27
242,49,1,12
242,34,0,24
242,38,1,31
242,69,1,19
242,62,0,22
242,39,1,41
242,26,0,33
242,13,1,38
242,58,1,18
242,5,1,38
242,10,1,26
242,46,1,29
242,69,1,41
242,50,0,35
242,63,0,19
242,7,1,19
242,33,0,38
242,24,1,31
242,9,0,39
242,42,1,37
242,60,1,25
242,5,1,29
242,29,1,22
242,6,1,15
242,21,1,26
242,22,1,27
242,43,0,37
242,64,0,44
242,68,1,46
242,11,1,40
242,11,0,29
242,7,1,28
242,4,1,26
242,40,0,29
242,33,0,39
242,28,1,30
242,25,1,42
242,62,1,36
242,6,1,29
242,28,1,24
242,47,1,37
242,41,1,36
242,35,1,33
242,14,0,29
242,17,0,29
242,9,1,24
242,23,0,5
242,43,1,50
242,9,1,36
242,29,0,32
242,47,1,32
242,55,1,45
242,48,1,29
242,32,0,15
242,43,1,13
242,46,1,37
242,62,0,34
242,51,0,40
242,31,0,21
242,31,0,28
242,19,0,29
242,50,0,35
242,33,1,28
242,20,1,35
242,47,0,34
242,22,1,17
242,4,0,32
242,46,0,44
242,37,0,36
242,11,1,12
243,13,0,27
243,67,1,36
243,33,0,36
243,61,1,35
243,7,0,43
243,46,1,49
243,16,1,21
243,8,1,23
243,44,0,37
243,31,0,11
243,38,1,37
243,20,0,26
243,9,0,46
243,3,0,23
243,26,1,47
243,71,0,22
243,55,1,32
243,43,0,39
243,51,1,19
243,41,1,47
243,28,1,44
243,21,1,27
243,30,1,44
243,23,0,24
243,38,1,48
243,23,1,26
243,9,0,23
243,62,0,39
243,47,1,30
243,28,0,31
243,49,1,38
243,55,1,41
243,17,1,35
243,13,0,14
243,24,1,28
243,4,0,38
243,42,1,23
243,29,1,13
243,60,1,32
243,33,1,18
243,40,0,30
243,53,1,43
243,15,1,28
243,23,1,22
243,59,1,27
243,17,1,26
243,5,1,16
243,41,0,26
243,4,0,41
243,54,0,21
243,50,0,21
243,4,1,13
243,21,1,28
243,27,1,25
243,55,1,33
243,58,1,28
243,35,1,29
243,15,1,29
243,30,1,7
243,38,1,19
243,65,1,25
243,62,0,33
243,36,1,32
243,53,1,22
243,19,0,32
243,25,1,31
243,71,0,18
243,33,0,43
243,3,1,27
243,71,1,22
243,38,1,47
243,66,0,29
244,17,1,51
244,20,0,46
244,25,0,34
244,29,1,10
244,45,0,46
244,68,0,16
244,54,0,30
244,1,1,34
244,35,1,32
244,61,1,57
244,68,0,43
244,1,0,70
244,2,0,55
244,32,0,49
244,24,0,48
244,23,0,28
244,54,0,65
244,14,1,56
244,44,0,39
244,24,0,36
244,8,1,12
244,28,0,34
244,61,1,13
244,70,0,16
244,3,1,59
244,34,0,32
244,55,1,77
244,38,1,39
244,37,0,22
244,6,1,69
244,1,0,44
244,63,1,15
244,34,1,46
244,30,1,31
244,70,1,19
244,71,0,25
244,10,1,36
244,15,1,30
244,52,1,39
244,30,0,43
244,52,1,20
244,51,0,56
244,13,0,65
244,2,1,44
244,31,1,35
244,39,0,32
244,20,1,29
244,39,1,25
244,11,1,23
244,9,1,38
244,23,1,65
244,45,0,71
244,34,0,24
244,8,1,49
244,46,1,42
244,12,0,21
244,5,1,21
244,54,0,21
244,28,1,51
244,30,1,17
244,7,1,63
244,19,0,42
244,26,1,32
244,68,1,25
244,20,0,37
244,24,0,65
244,41,1,34
244,19,0,48
244,15,1,32
244,32,1,60
244,31,0,51
244,70,0,57
245,15,0,10
245,69,1,27
245,71,0,19
245,63,0,40
245,50,1,30
245,30,1,19
245,58,1,26
245,8,1,12
245,51,1,26
245,16,1,41
245,26,0,19
245,42,1,39
245,45,0,22
245,59,0,11
245,26,1,20
245,60,0,21
245,32,0,15
245,40,1,20
245,62,1,36
245,4,0,30
245,58,1,14
245,64,0,7
245,14,0,36
245,6,1,21
245,13,1,30
245,56,0,15
245,37,1,11
245,36,1,7
245,67,1,11
245,16,0,36
245,63,0,48
245,68,1,13
245,2,1,35
245,42,1,16
245,23,1,23
245,29,1,8
245,14,0,48
245,26,0,6
245,71,0,29
245,5,1,22
245,6,1,18
245,68,1,21
245,54,0,17
245,3,0,32
245,44,1,12
245,12,1,25
245,66,1,24
245,33,0,15
245,58,0,34
245,31,0,18
245,70,1,23
245,46,0,16
245,42,1,28
245,71,1,21
245,12,1,22
245,4,1,19
245,61,1,10
245,13,1,34
245,60,1,27
245,20,0,20
245,14,1,29
245,27,0,31
245,4,0,37
245,24,1,17
245,35,1,5
245,46,0,39
245,39,0,22
245,29,0,31
245,56,1,25
245,67,0,30
245,34,1,38
245,52,1,24
246,65,1,46
246,50,1,26
246,54,0,23
246,31,0,38
246,64,1,50
246,46,0,45
246,26,1,25
246,20,0,7
246,24,1,48
246,23,0,59
246,20,0,16
246,33,0,23
246,45,1,72
246,42,1,32
246,32,0,46
246,6,1,32
246,45,1,32
246,6,1,27
246,1,1,25
246,58,0,60
246,19,1,57
246,69,0,62
246,2,1,47
246,7,1,39
246,27,0,46
246,36,1,46
246,30,1,20
246,2,0,40
246,8,0,51
246,68,1,38
246,8,0,39
246,33,1,47
246,35,1,39
246,63,0,43
246,26,0,49
246,1,1,43
246,25,1,45
246,52,0,77
246,66,1,48
246,44,1,45
246,36,1,26
246,15,1,38
246,13,0,55
246,1,1,29
246,39,0,52
246,58,1,56
246,0,1,33
246,8,0,25
246,63,1,59
246,10,0,54
246,66,1,23
246,58,1,60
246,4,0,20
246,49,0,32
246,30,1,55
246,68,1,57
246,1,1,16
246,27,1,57
246,20,0,45
246,61,1,57
246,68,1,20
246,32,0,24
246,33,0,66
246,33,1,39
246,31,1,43
246,19,1,34
246,38,1,58
246,4,0,77
246,0,1,81
246,0,0,66
246,41,1,45
246,49,1,13
247,13,1,20
247,63,0,23
247,44,1,19
247,44,0,35
247,37,0,10
247,25,1,16
247,0,1,22
247,43,0,9
247,14,0,17
247,5,1,24
247,3,1,8
247,60,0,11
247,46,0,17
247,48,0,14
247,57,0,28
247,34,0,22
247,40,0,36
247,20,1,32
247,40,1,55
247,21,0,21
247,48,1,42
247,39,1,19
247,65,1,15
247,3,0,31
247,54,1,16
247,11,1,24
247,25,0,16
247,69,0,14
247,7,0,32
247,68,1,20
247,64,0,26
247,23,0,24
247,71,1,22
247,27,1,15
247,24,1,45
247,67,0,25
247,58,1,22
247,55,1,5
247,37,0,14
247,7,0,32
247,0,0,23
247,10,1,29
247,46,0,25
247,19,0,23
247,8,1,33
247,29,0,52
247,52,0,8
247,61,1,5
247,1,0,37
247,27,1,18
247,66,1,39
247,69,1,15
247,15,1,45
247,8,1,28
247,3,1,16
247,28,1,21
247,54,1,13
247,14,0,24
247,1,1,36
247,10,0,22
247,52,0,5
247,43,0,45
247,17,0,27
247,64,1,20
247,61,0,15
247,54,1,26
247,42,0,29
247,32,1,8
247,44,0,27
247,61,1,34
247,33,0,21
247,4,0,34
248,59,0,36
248,18,0,83
248,40,0,50
248,65,1,26
248,16,0,32
248,61,1,53
248,18,1,53
248,55,1,67
248,27,0,71
248,53,0,45
248,23,0,5
248,38,1,58
248,66,0,48
248,46,1,50
248,48,0,35
248,21,0,54
248,55,1,24
248,39,1,21
248,45,0,36
248,56,0,48
248,29,1,60
248,62,0,14
248,39,0,57
248,55,0,44
248,31,1,38
248,60,1,52
248,13,1,32
248,12,1,14
248,2,0,26
248,46,1,39
248,66,0,50
248,69,0,56
248,37,1,29
248,1,0,23
248,60,1,15
248,55,0,58
248,17,1,29
248,13,0,33
248,6,1,34
248,64,0,36
248,57,1,48
248,54,1,55
248,21,0,52
248,59,0,59
248,34,0,39
248,19,0,36
248,24,0,21
248,3,0,17
248,0,1,62
248,15,1,19
248,6,1,31
248,40,0,56
248,49,1,47
248,56,0,21
248,15,0,32
248,0,1,8
248,29,0,5
248,18,0,29
248,19,0,47
248,14,1,21
248,54,1,52
248,49,1,29
248,60,0,12
248,66,0,32
248,52,0,89
248,68,0,37
248,4,0,21
248,10,0,54
248,48,1,45
248,8,0,37
248,50,0,44
248,47,1,58
249,10,0,65
249,58,1,31
249,26,1,56
249,14,0,48
249,62,0,41
249,27,0,69
249,68,1,32
249,48,1,44
249,66,1,35
249,7,0,35
249,4,0,31
249,69,0,22
249,0,0,47
249,61,0,20
249,20,0,60
249,44,0,35
249,18,0,28
249,7,0,34
249,26,1,67
249,37,1,41
249,39,0,36
249,70,0,59
249,40,0,53
249,38,1,54
249,26,1,30
249,16,0,52
249,63,1,39
249,61,1,42
249,68,1,31
249,66,0,46
249,56,1,34
249,11,1,30
249,54,0,35
249,41,1,56
249,29,1,49
249,41,0,50
249,44,0,39
249,41,1,65
249,35,1,66
249,16,1,67
249,17,1,51
249,26,1,72
249,3,0,64
249,27,1,54
249,7,0,52
249,6,1,68
249,53,1,38
249,23,0,47
249,27,1,39
249,39,1,47
249,54,1,31
249,45,0,29
249,33,0,53
249,39,1,69
249,23,0,41
249,13,1,48
249,50,1,43
249,1,1,57
249,47,1,29
249,66,0,38
249,60,1,54
249,29,0,51
249,53,0,47
249,22,1,53
249,10,1,40
249,35,0,48
249,10,0,62
249,64,1,53
249,42,0,74
249,50,1,53
249,12,1,80
249,18,1,33
250,5,1,51
250,65,0,41
250,51,1,59
250,46,0,35
250,7,1,28
250,20,0,12
250,16,1,32
250,55,1,34
250,60,1,52
250,57,1,65
250,39,0,50
250,59,1,57
250,14,1,24
250,44,1,29
250,43,0,39
250,4,0,64
250,13,0,38
250,3,1,42
250,37,0,38
250,66,0,35
250,42,1,50
250,29,1,26
250,64,0,43
250,56,0,75
250,51,0,15
250,36,0,24
250,20,1,32
250,53,0,75
250,58,0,54
250,57,1,46
250,35,0,25
250,14,0,30
250,22,1,38
250,18,0,46
250,20,0,42
250,7,1,25
250,37,1,35
250,27,1,41
250,36,1,35
250,11,1,49
250,17,1,54
250,10,1,28
250,6,1,45
250,4,0,24
250,64,0,39
250,63,0,27
250,30,0,41
250,12,0,5
250,24,0,24
250,21,1,68
250,61,1,39
250,30,1,36
250,3,0,51
250,18,0,29
250,26,0,47
250,17,0,50
250,4,1,36
250,7,1,40
250,5,1,55
250,25,1,39
250,37,1,50
250,60,1,9
250,30,1,12
250,53,1,42
250,67,0,57
250,58,0,50
250,64,0,53
250,58,0,42
250,19,1,61
250,70,0,32
250,35,0,43
250,32,0,20
251,5,1,40
251,23,0,67
251,1,1,39
251,57,1,45
251,29,1,48
251,46,1,22
251,31,0,60
251,1,1,35
251,53,0,45
251,70,1,45
251,56,1,9
251,3,0,31
251,27,0,55
251,71,1,61
251,68,0,50
251,34,1,27
251,61,1,50
251,54,0,50
251,12,1,23
251,49,1,33
251,44,1,54
251,59,0,64
251,53,0,52
251,51,1,56
251,7,1,8
251,67,1,32
251,61,0,41
251,33,0,36
251,3,0,42
251,56,0,60
251,64,1,36
251,47,1,38
251,49,1,28
251,11,0,37
251,1,0,52
251,58,1,55
251,32,1,17
251,22,0,37
251,64,1,30
251,38,1,47
251,58,0,51
251,61,0,48
251,66,1,48
251,1,1,59
251,32,0,54
251,64,0,30
251,59,0,50
251,33,1,18
251,61,0,56
251,44,1,17
251,47,1,38
251,50,1,20
251,53,1,50
251,9,1,13
251,5,1,25
251,37,1,40
251,32,0,36
251,27,1,5
251,5,1,43
251,41,1,41
251,28,0,40
251,51,1,20
251,65,1,24
251,28,1,31
251,35,0,41
251,9,1,36
251,69,0,64
251,6,1,36
251,45,0,24
251,48,1,24
251,64,0,39
251,60,1,40
252,51,0,85
252,40,0,55
252,56,0,58
252,58,0,51
252,54,0,65
252,16,1,64
252,13,0,33
252,32,0,74
252,34,0,55
252,45,0,57
252,28,0,113
252,26,0,70
252,35,0,39
252,71,0,60
252,7,0,48
252,26,0,83
252,71,0,28
252,50,0,73
252,46,0,53
252,66,0,70
252,45,0,34
252,34,0,90
252,42,0,58
252,39,0,77
252,14,0,81
252,56,0,42
252,37,1,37
252,49,0,58
252,53,0,34
252,64,1,43
252,2,0,63
252,22,0,32
252,16,1,55
252,49,0,58
252,27,0,42
252,49,0,85
252,15,1,48
252,64,0,52
252,34,0,50
252,12,0,14
252,55,0,22
252,49,0,37
252,67,1,63
252,70,0,40
252,71,0,38
252,35,1,55
252,65,0,44
252,69,0,64
252,0,0,53
252,57,0,39
252,6,1,40
252,59,1,81
252,42,0,71
252,40,0,68
252,18,0,51
252,48,0,23
252,58,0,33
252,70,0,34
252,28,0,60
252,70,0,57
252,27,1,28
252,36,0,69
252,16,0,62
252,3,0,59
252,24,0,61
252,11,0,58
252,27,0,69
252,40,0,81
252,32,0,101
252,60,0,64
252,37,0,37
252,54,0,105
253,20,0,36
253,4,0,29
253,34,1,8
253,47,1,34
253,68,1,43
253,25,1,18
253,11,1,23
253,41,1,10
253,70,1,34
253,59,0,40
253,3,0,10
253,14,0,20
253,11,1,24
253,50,1,30
253,18,1,12
253,43,0,25
253,54,1,28
253,70,1,34
253,34,1,13
253,28,1,10
253,64,1,25
253,15,1,32
253,16,0,14
253,22,1,29
253,4,1,32
253,70,1,35
253,48,1,28
253,71,0,36
253,22,1,18
253,4,0,12
253,25,1,39
253,30,1,20
253,49,1,24
253,68,1,18
253,4,0,32
253,67,1,14
253,60,1,22
253,54,0,26
253,45,1,20
253,35,0,21
253,20,1,25
253,22,1,23
253,36,1,40
253,8,1,18
253,68,1,28
253,14,0,21
253,52,1,14
253,28,1,33
253,5,1,31
253,58,1,40
253,31,0,45
253,20,0,35
253,59,1,22
253,51,1,18
253,4,0,26
253,53,1,20
253,38,1,28
253,14,0,31
253,11,1,11
253,70,1,39
253,69,0,29
253,14,0,35
253,49,1,33
253,23,1,33
253,67,0,20
253,3,0,27
253,70,0,26
253,60,1,19
253,38,1,7
253,47,1,35
253,49,1,27
253,70,0,8
254,22,0,54
254,20,0,45
254,0,0,31
254,69,0,66
254,19,0,5
254,34,0,62
254,58,0,43
254,50,0,52
254,5,0,34
254,64,1,32
254,6,0,44
254,34,1,76
254,33,0,37
254,51,0,17
254,66,0,49
254,51,0,39
254,9,1,31
254,27,1,45
254,57,0,41
254,0,0,30
254,62,0,28
254,54,0,27
254,38,0,46
254,50,0,35
254,64,0,25
254,64,0,47
254,31,0,23
254,1,1,11
254,42,0,56
254,44,1,36
254,71,1,54
254,14,0,39
254,17,0,35
254,27,1,47
254,58,0,24
254,58,1,41
254,40,0,20
254,20,0,47
254,9,0,31
254,50,0,17
254,65,0,21
254,52,0,48
254,70,0,28
254,19,1,58
254,31,0,37
254,46,0,28
254,45,1,45
254,58,1,39
254,49,1,32
254,8,1,49
254,62,0,55
254,36,1,33
254,3,0,16
254,39,1,22
254,28,1,59
254,6,1,20
254,13,0,46
254,4,0,34
254,40,1,41
254,29,0,59
254,11,0,52
254,1,0,48
254,68,0,61
254,33,0,44
254,64,1,49
254,18,0,26
254,38,0,41
254,40,0,28
254,24,1,42
254,26,1,56
254,44,0,52
254,41,1,45
255,6,0,45
255,11,0,49
255,15,0,27
255,9,0,30
255,32,0,27
255,50,0,45
255,23,0,20
255,7,0,41
255,13,0,42
255,8,0,50
255,23,0,60
255,45,1,17
255,42,1,40
255,40,0,43
255,42,1,58
255,52,1,35
255,17,1,18
255,57,0,23
255,27,1,57
255,12,1,18
255,28,0,50
255,56,1,55
255,61,1,73
255,25,1,48
255,32,0,36
255,34,0,46
255,4,0,38
255,58,0,60
255,2,1,37
255,7,0,55
255,33,0,17
255,2,0,29
255,36,1,44
255,68,1,31
255,39,0,36
255,27,1,54
255,7,0,52
255,7,1,75
255,19,0,61
255,44,1,41
255,17,1,62
255,19,1,61
255,62,0,26
255,37,0,48
255,63,1,43
255,52,0,27
255,50,1,73
255,53,0,31
255,3,0,26
255,38,1,44
255,60,0,45
255,40,0,70
255,50,0,40
255,50,1,6
255,48,1,44
255,65,1,43
255,34,1,35
255,44,0,36
255,23,1,19
255,48,0,37
255,46,0,43
255,67,0,72
255,33,0,58
255,60,0,61
255,64,0,54
255,0,1,24
255,48,1,59
255,64,0,66
255,38,1,35
255,38,1,35
255,0,1,44
255,27,1,40
256,28,0,60
256,18,1,48
256,5,0,16
256,13,0,36
256,33,0,47
256,63,1,42
256,14,0,21
256,52,0,46
256,1,0,43
256,19,1,40
256,41,0,36
256,12,1,47
256,39,0,57
256,24,1,38
256,55,0,34
256,18,1,36
256,14,0,18
256,63,1,77
256,19,1,29
256,53,1,28
256,45,1,61
256,18,1,61
256,48,0,41
256,18,1,38
256,66,1,55
256,32,1,20
256,69,1,42
256,21,0,64
256,53,1,51
256,34,1,67
256,64,1,59
256,20,0,15
256,48,0,5
256,58,0,53
256,59,0,13
256,59,0,34
256,25,1,42
256,59,0,60
256,52,0,31
256,62,1,55
256,3,0,8
256,47,1,42
256,58,1,49
256,66,0,68
256,60,0,25
256,50,1,40
256,23,1,18
256,44,1,52
256,59,1,51
256,15,1,57
256,31,0,34
256,66,0,31
256,2,0,66
256,40,1,39
256,40,0,22
256,41,1,39
256,62,0,36
256,61,1,67
256,60,1,44
256,4,0,41
256,20,1,51
256,55,0,73
256,18,1,32
256,3,1,61
256,30,1,48
256,46,1,72
256,63,1,49
256,42,1,29
256,47,1,49
256,3,1,47
256,12,1,41
256,65,1,18
257,24,1,12
257,9,0,10
257,46,0,25
257,12,1,23
257,57,0,32
257,20,1,5
257,30,1,40
257,5,1,38
257,50,0,19
257,25,1,21
257,51,0,24
257,62,0,12
257,71,0,38
257,57,1,16
257,13,0,5
257,62,0,19
257,11,0,31
257,6,0,30
257,21,0,8
257,0,1,19
257,36,1,35
257,63,0,34
257,45,1,29
257,61,1,37
257,70,0,22
257,21,1,28
257,29,0,33
257,54,0,41
257,25,0,18
257,52,1,32
257,3,1,27
257,30,1,30
257,16,1,42
257,23,0,33
257,39,1,24
257,6,0,31
257,69,0,26
257,30,1,19
257,41,1,27
257,65,1,45
257,29,1,33
257,60,1,25
257,14,1,5
257,52,0,30
257,45,1,28
257,5,1,28
257,51,0,11
257,62,0,24
257,67,1,19
257,35,0,16
257,66,1,19
257,43,0,11
257,53,0,20
257,13,1,22
257,38,0,37
257,11,0,13
257,71,0,27
257,31,1,18
257,33,1,8
257,71,0,31
257,40,0,9
257,35,1,24
257,26,1,17
257,42,0,18
257,26,1,34
257,20,1,5
257,22,1,23
257,49,0,20
257,1,1,29
257,19,0,11
257,20,0,25
257,48,0,17
258,12,0,16
258,12,1,20
258,12,0,29
258,27,0,23
258,24,0,26
258,37,0,45
258,41,1,39
258,44,0,14
258,11,0,26
258,68,0,22
258,9,0,9
258,43,1,30
258,51,0,43
258,22,0,27
258,47,0,26
258,16,0,24
258,15,1,24
258,13,0,33
258,6,0,15
258,19,0,35
258,43,0,27
258,27,0,15
258,34,0,40
258,40,1,25
258,68,1,34
258,67,0,14
258,30,0,12
258,68,1,32
258,50,1,30
258,17,1,22
258,30,1,9
258,70,1,31
258,54,0,25
258,24,0,33
258,27,1,5
258,39,1,30
258,10,0,23
258,14,0,25
258,6,1,26
258,7,1,9
258,61,1,28
258,56,0,25
258,42,1,27
258,48,1,16
258,50,0,25
258,71,1,28
258,36,1,35
258,61,1,23
258,2,0,21
258,3,1,32
258,40,0,27
258,70,1,10
258,16,1,29
258,34,0,30
258,10,0,24
258,42,0,38
258,30,1,28
258,56,0,30
258,50,1,30
258,22,1,39
258,18,0,15
258,56,0,29
258,66,0,34
258,24,0,41
258,38,0,30
258,60,1,33
258,29,0,10
258,7,1,24
258,54,1,9
258,33,1,29
258,29,0,18
258,6,0,20
259,6,0,59
259,45,0,56
259,50,0,73
259,34,0,38
259,55,0,87
259,56,0,69
259,71,0,38
259,7,0,95
259,46,0,30
259,38,0,59
259,2,0,77
259,9,0,87
259,16,0,66
259,69,0,64
259,23,0,56
259,46,0,34
259,4,0,62
259,21,0,35
259,6,1,67
259,57,1,48
259,59,0,69
259,53,1,76
259,65,1,94
259,63,1,44
259,4,0,87
259,53,0,76
259,56,0,55
259,26,0,49
259,24,0,63
259,25,0,56
259,37,0,76
259,70,0,42
259,35,0,52
259,21,0,80
259,8,0,46
259,11,0,102
259,0,0,17
259,27,0,70
259,67,0,76
259,34,0,69
259,25,0,57
259,26,0,57
259,3,0,80
259,4,0,20
259,67,1,59
259,7,0,99
259,1,0,67
259,41,1,75
259,3,0,54
259,17,0,39
259,29,1,57
259,69,0,61
259,24,0,44
259,58,1,16
259,57,0,44
259,41,0,37
259,1,1,56
259,44,1,75
259,20,1,70
259,12,0,56
259,33,0,45
259,33,0,44
259,44,0,63
259,63,0,88
259,56,0,9
259,27,0,50
259,70,0,48
259,53,0,56
259,57,0,54
259,50,0,76
259,21,1,62
259,15,0,61
260,54,0,26
260,32,0,21
260,59,1,46
260,6,1,30
260,18,0,33
260,0,1,30
260,36,1,5
260,9,1,28
260,38,1,21
260,36,1,30
260,5,1,9
260,40,1,41
260,54,1,24
260,54,1,29
260,18,0,13
260,21,0,38
260,6,1,28
260,68,1,17
260,27,0,17
260,35,1,22
260,22,1,20
260,0,0,37
260,35,1,16
260,12,0,38
260,17,1,23
260,71,1,11
260,37,0,19
260,35,1,20
260,2,0,26
260,8,0,6
260,64,1,28
260,28,1,44
260,67,1,21
260,47,1,5
260,47,0,26
260,4,1,11
260,59,1,20
260,41,1,44
260,57,1,39
260,61,1,45
260,65,1,44
260,13,1,25
260,50,1,22
260,49,1,26
260,5,1,36
260,1,1,36
260,6,1,20
260,19,0,46
260,35,1,29
260,46,1,27
260,10,0,29
260,36,1,34
260,22,1,22
260,32,0,26
260,26,1,45
260,32,0,13
260,56,1,21
260,56,1,27
260,17,1,26
260,33,1,32
260,11,0,36
260,13,1,45
260,27,1,40
260,55,1,49
260,69,1,35
260,21,1,29
260,37,1,48
260,66,0,28
260,56,0,39
260,50,1,41
260,31,1,49
260,70,0,32
261,56,1,17
261,48,1,19
261,60,0,60
261,11,0,31
261,10,0,26
261,28,0,38
261,49,0,53
261,54,1,57
261,31,0,31
261,34,0,46
261,19,0,8
261,70,1,44
261,30,1,41
261,4,1,33
261,2,0,49
261,52,1,33
261,56,1,5
261,50,0,16
261,51,0,32
261,19,1,37
261,0,0,69
261,25,1,47
261,12,1,25
261,3,0,27
261,19,0,67
261,0,1,60
261,60,1,58
261,6,1,38
261,2,1,40
261,54,1,58
261,25,1,36
261,18,0,35
261,3,0,19
261,70,1,58
261,65,1,41
261,8,0,44
261,13,1,25
261,18,1,50
261,67,1,50
261,50,1,76
261,34,1,32
261,59,1,52
261,9,0,13
261,20,1,62
261,10,1,35
261,41,1,36
261,47,0,43
261,1,0,53
261,68,1,6
261,39,1,76
261,38,1,24
261,61,1,50
261,70,0,26
261,17,1,57
261,28,0,47
261,5,1,55
261,52,0,5
261,7,0,41
261,61,1,30
261,64,1,20
261,8,1,49
261,25,0,36
261,22,0,40
261,8,0,36
261,56,0,39
261,35,0,36
261,16,0,20
261,68,0,37
261,39,0,12
261,35,0,5
261,1,0,56
261,70,1,51
262,47,0,27
262,58,1,24
262,19,1,22
262,51,0,20
262,33,1,34
262,6,1,13
262,67,0,26
262,8,0,16
262,48,1,44
262,61,1,9
262,23,0,31
262,63,1,32
262,16,1,16
262,9,1,40
262,67,0,31
262,28,1,35
262,52,1,14
262,17,1,22
262,42,0,10
262,3,0,40
262,26,0,36
262,38,0,30
262,71,0,33
262,47,1,15
262,10,1,35
262,43,1,17
262,59,1,41
262,6,1,26
262,68,1,10
262,13,1,27
262,20,0,41
262,14,0,33
262,58,1,28
262,66,0,18
262,59,1,25
262,33,1,45
262,53,1,30
262,60,1,27
262,35,0,19
262,4,0,24
262,39,0,20
262,7,1,34
262,44,1,33
262,58,1,56
262,12,1,22
262,55,0,22
262,55,0,22
262,37,1,31
262,64,0,33
262,71,1,31
262,19,0,32
262,49,1,27
262,36,1,33
262,1,0,26
262,41,0,33
262,31,1,34
262,24,0,35
262,51,1,14
262,42,1,44
262,26,1,20
262,56,1,26
262,40,0,33
262,2,0,23
262,2,0,8
262,50,1,34
262,15,0,30
262,35,0,6
262,42,1,25
262,8,0,33
262,14,1,16
262,37,1,17
262,57,1,10
263,24,1,21
263,16,0,33
263,61,1,34
263,4,1,39
263,63,0,37
263,12,1,11
263,60,1,13
263,45,1,42
263,21,0,27
263,51,1,5
263,62,1,6
263,65,1,12
263,37,1,12
263,48,1,38
263,35,1,39
263,57,0,36
263,9,1,19
263,69,0,12
263,55,1,23
263,3,0,25
263,12,1,26
263,32,0,35
263,64,1,19
263,31,1,32
263,60,1,26
263,22,1,8
263,67,0,30
263,14,1,28
263,57,1,21
263,51,0,38
263,60,1,18
263,30,1,37
263,33,0,27
263,13,1,35
263,36,1,22
263,47,1,23
263,45,0,35
263,34,1,51
263,55,1,9
263,12,1,30
263,55,1,36
263,64,0,10
263,39,0,35
263,20,0,28
263,28,1,23
263,16,0,24
263,59,1,27
263,13,1,25
263,68,0,21
263,5,1,20
263,23,1,11
263,30,0,20
263,70,0,30
263,15,0,22
263,67,1,41
263,56,1,19
263,47,0,48
263,47,1,30
263,10,1,24
263,67,1,42
263,38,1,16
263,45,0,24
263,66,1,18
263,1,1,35
263,11,1,43
263,53,1,36
263,25,0,20
263,49,1,22
263,8,1,34
263,54,1,25
263,64,1,17
263,1,0,29
264,67,1,53
264,42,0,61
264,13,0,24
264,48,1,8
264,35,1,43
264,61,1,32
264,58,1,53
264,61,1,20
264,28,1,54
264,12,1,26
264,7,0,12
264,51,1,32
264,14,0,27
264,10,0,24
264,21,1,40
264,33,0,50
264,59,1,42
264,46,1,42
264,62,0,33
264,28,1,78
264,31,0,48
264,0,1,27
264,35,1,29
264,67,1,46
264,3,1,32
264,4,0,49
264,67,1,37
264,17,1,25
264,36,1,42
264,60,0,64
264,50,0,34
264,1,1,57
264,65,1,30
264,26,1,42
264,39,0,41
264,12,1,42
264,44,0,71
264,15,1,22
264,7,1,59
264,29,1,37
264,25,1,38
264,47,1,51
264,39,1,39
264,15,1,41
264,19,0,52
264,34,1,45
264,64,1,42
264,48,1,64
264,54,1,66
264,60,1,57
264,48,0,49
264,62,1,24
264,64,1,65
264,71,1,34
264,19,1,66
264,13,1,34
264,35,1,60
264,35,0,51
264,25,1,50
264,3,0,46
264,33,0,46
264,21,0,52
264,29,0,30
264,49,1,42
264,35,1,41
264,17,0,25
264,19,0,35
264,11,1,60
264,33,1,23
264,52,0,46
264,3,0,50
264,59,1,54
265,5,1,50
265,25,1,65
265,65,1,47
265,27,0,77
265,0,0,19
265,3,0,11
265,8,0,40
265,62,0,25
265,0,1,44
265,34,1,35
265,20,0,49
265,27,1,32
265,37,0,39
265,68,0,39
265,66,0,35
265,9,1,33
265,57,0,39
265,56,1,24
265,7,1,63
265,50,0,32
265,65,0,31
265,60,0,35
265,38,1,45
265,5,1,25
265,70,0,23
265,24,0,36
265,5,1,21
265,54,1,46
265,48,1,45
265,51,1,49
265,48,0,29
265,34,0,28
265,58,0,18
265,0,1,75
265,66,1,43
265,44,1,68
265,25,1,56
265,0,1,22
265,36,1,11
265,28,1,25
265,45,1,36
265,40,1,19
265,28,1,71
265,24,0,45
265,26,1,41
265,27,1,42
265,31,1,38
265,12,0,38
265,1,0,23
265,22,1,33
265,33,1,26
265,11,1,63
265,63,1,25
265,35,0,43
265,42,1,5
265,8,0,51
265,41,0,19
265,10,0,30
265,43,0,33
265,51,1,48
265,69,1,43
265,63,1,42
265,64,0,34
265,0,1,38
265,37,1,36
265,21,1,51
265,4,0,25
265,37,0,57
265,18,0,29
265,67,0,9
265,15,1,41
265,52,1,24
266,50,1,17
266,17,1,26
266,51,0,30
266,10,1,34
266,39,1,23
266,62,0,31
266,34,0,9
266,7,0,27
266,51,1,51
266,44,1,28
266,31,0,24
266,61,1,15
266,26,1,36
266,43,0,15
266,16,1,42
266,2,1,12
266,63,1,33
266,19,0,40
266,8,1,18
266,49,1,31
266,1,1,22
266,51,1,25
266,22,0,23
266,20,0,26
266,34,1,26
266,3,0,47
266,22,1,29
266,36,1,21
266,35,1,33
266,54,1,35
266,33,1,22
266,65,1,35
266,9,1,18
266,47,1,15
266,33,1,6
266,4,0,47
266,66,0,39
266,22,0,19
266,46,1,29
266,40,1,24
266,56,1,13
266,71,0,21
266,23,0,51
266,45,1,40
266,11,1,18
266,34,1,38
266,55,1,25
266,65,1,46
266,70,1,26
266,41,1,20
266,24,0,30
266,6,1,36
266,38,1,21
266,30,1,46
266,18,1,23
266,64,1,17
266,29,1,32
266,39,1,28
266,55,1,44
266,11,1,23
266,37,1,42
266,5,1,15
266,39,1,38
266,39,0,33
266,60,1,16
266,12,0,26
266,7,1,21
266,70,1,21
266,49,1,29
266,26,0,33
266,19,0,29
266,25,1,22
267,36,1,39
267,34,1,15
267,18,1,17
267,64,1,39
267,43,0,20
267,43,1,27
267,30,1,39
267,62,1,17
267,1,1,13
267,5,1,29
267,15,1,41
267,16,1,28
267,15,1,41
267,18,1,31
267,57,1,15
267,30,0,32
267,14,1,40
267,7,1,24
267,40,0,44
267,34,1,20
267,28,1,37
267,36,1,14
267,53,1,34
267,50,0,30
267,67,0,52
267,4,1,43
267,1,0,32
267,49,1,21
267,42,1,24
267,68,1,12
267,0,1,23
267,50,0,46
267,63,1,25
267,14,1,40
267,21,0,25
267,70,1,33
267,2,1,18
267,66,1,22
267,0,1,22
267,54,1,33
267,58,1,48
267,41,1,16
267,9,1,35
267,58,1,21
267,43,0,30
267,18,1,42
267,5,1,23
267,4,0,30
267,7,1,27
267,39,0,20
267,61,1,28
267,0,1,24
267,29,0,18
267,65,1,37
267,15,1,38
267,41,1,9
267,40,0,48
267,24,1,35
267,3,0,29
267,58,1,35
267,69,0,23
267,68,0,27
267,45,0,19
267,19,1,40
267,61,1,26
267,31,1,28
267,40,1,19
267,45,0,36
267,21,0,26
267,58,1,27
267,39,1,30
267,40,0,23
268,35,1,67
268,51,0,49
268,0,0,45
268,50,0,19
268,33,0,37
268,2,1,57
268,66,0,72
268,34,1,55
268,64,0,34
268,50,0,48
268,2,0,34
268,65,1,25
268,29,1,31
268,27,1,71
268,3,1,37
268,43,1,61
268,39,1,68
268,1,0,43
268,27,0,35
268,18,1,53
268,63,0,66
268,31,1,31
268,50,0,59
268,8,0,59
268,33,0,39
268,41,0,78
268,69,0,47
268,38,1,47
268,25,1,48
268,65,1,56
268,32,0,39
268,11,1,31
268,10,0,19
268,18,0,44
268,47,0,73
268,0,0,38
268,64,1,49
268,14,0,29
268,43,0,31
268,8,1,33
268,8,0,54
268,60,1,61
268,39,0,32
268,0,0,17
268,28,0,48
268,5,1,56
268,60,1,18
268,55,0,40
268,25,0,64
268,12,0,38
268,19,0,47
268,20,1,27
268,34,0,30
268,70,0,48
268,29,0,39
268,21,0,45
268,15,0,50
268,32,0,42
268,0,0,14
268,56,0,33
268,57,1,28
268,67,0,62
268,70,1,38
268,25,1,56
268,49,1,37
268,55,1,41
268,54,0,46
268,37,0,30
268,3,0,68
268,25,1,45
268,47,1,56
268,41,0,25
269,45,0,30
269,66,1,22
269,3,0,16
269,11,0,44
269,6,1,5
269,16,1,13
269,9,0,18
269,3,1,19
269,2,1,28
269,58,1,6
269,26,0,39
269,0,1,43
269,67,1,20
269,54,1,25
269,39,0,31
269,49,0,12
269,16,0,24
269,25,0,24
269,41,1,33
269,39,1,20
269,71,1,22
269,36,1,8
269,44,1,23
269,3,0,33
269,26,0,39
269,13,0,28
269,35,1,22
269,37,1,26
269,29,1,18
269,7,0,26
269,18,0,16
269,59,1,7
269,65,1,14
269,12,1,29
269,39,0,17
269,3,1,21
269,40,0,22
269,32,0,29
269,62,1,23
269,16,1,19
269,34,1,27
269,27,0,5
269,46,0,19
269,38,1,29
269,13,1,25
269,61,0,24
269,31,1,18
269,54,0,25
269,55,0,38
269,7,0,13
269,19,1,31
269,38,0,15
269,44,1,34
269,39,0,19
269,33,0,23
269,52,1,18
269,37,0,23
269,55,0,22
269,70,1,27
269,54,1,27
269,67,1,5
269,13,0,23
269,12,0,25
269,49,0,23
269,5,0,22
269,61,0,23
269,69,1,28
269,68,0,32
269,65,1,36
269,42,0,23
269,23,1,26
269,65,1,31
270,17,1,25
270,40,1,22
270,54,1,5
270,45,0,28
270,9,0,25
270,7,1,27
270,29,1,26
270,10,0,7
270,21,0,30
270,55,1,28
270,19,0,23
270,54,1,30
270,28,1,21
270,14,1,31
270,46,1,36
270,36,0,37
270,27,0,34
270,30,0,36
270,64,1,14
270,33,0,14
270,26,0,31
270,35,0,43
270,6,1,29
270,50,0,18
270,49,1,29
270,10,0,21
270,68,1,26
270,68,0,34
270,59,0,36
270,10,1,21
270,33,1,17
270,17,0,25
270,58,0,13
270,68,1,16
270,17,1,44
270,57,1,27
270,46,0,20
270,36,1,16
270,63,0,28
270,13,0,7
270,44,0,32
270,64,0,19
270,53,0,17
270,10,0,25
270,42,1,24
270,64,0,18
270,52,1,27
270,62,0,39
270,7,1,29
270,0,0,24
270,30,1,24
270,42,0,19
270,29,1,27
270,55,0,27
270,60,1,30
270,66,0,5
270,48,0,25
270,37,0,23
270,17,1,16
270,9,1,17
270,52,0,36
270,10,1,23
270,69,0,28
270,35,1,18
270,30,1,8
270,32,1,26
270,23,0,18
270,36,1,6
270,28,0,43
270,60,0,23
270,58,0,16
270,11,1,11
271,55,0,41
271,23,1,25
271,6,0,16
271,52,1,28
271,16,1,27
271,27,0,31
271,49,0,36
271,24,1,31
271,5,1,37
271,33,0,26
271,53,1,16
271,2,1,26
271,66,0,30
271,70,0,28
271,66,0,14
271,70,1,33
271,63,0,10
271,9,1,29
271,34,0,19
271,5,1,20
271,0,0,23
271,48,1,24
271,30,1,37
271,18,1,27
271,46,0,23
271,21,0,9
271,14,0,21
271,58,0,13
271,63,1,5
271,45,1,30
271,70,0,30
271,45,0,19
271,20,1,25
271,37,1,21
271,10,0,35
271,18,0,35
271,12,0,5
271,41,1,27
271,43,0,19
271,61,1,22
271,69,0,38
271,39,1,26
271,20,0,27
271,18,0,36
271,57,0,25
271,61,0,40
271,46,0,23
271,31,0,42
271,36,1,25
271,62,1,12
271,52,1,13
271,32,0,19
271,55,0,27
271,65,1,17
271,36,1,38
271,56,1,28
271,23,1,43
271,50,1,5
271,61,1,32
271,16,1,40
271,15,1,27
271,67,0,11
271,59,1,16
271,5,1,36
271,53,0,15
271,58,0,35
271,28,1,25
271,1,1,43
271,47,1,22
271,59,1,27
271,56,1,24
271,52,0,16
272,13,1,17
272,13,1,31
272,16,1,30
272,33,1,25
272,15,1,23
272,24,1,27
272,16,0,27
272,21,0,38
272,53,0,14
272,66,1,20
272,36,0,18
272,29,0,18
272,2,0,14
272,45,0,35
272,30,1,22
272,20,0,21
272,8,0,34
272,19,0,16
272,16,1,33
272,42,0,5
272,62,0,10
272,68,0,11
272,65,1,24
272,62,1,36
272,30,1,18
272,45,0,53
272,68,0,14
272,45,1,30
272,5,1,24
272,71,1,18
272,30,0,32
272,4,0,28
272,47,1,21
272,41,1,27
272,62,0,28
272,54,0,23
272,38,0,34
272,52,0,13
272,48,1,20
272,13,1,31
272,70,0,15
272,61,1,5
272,19,0,17
272,24,0,34
272,49,1,40
272,3,0,11
272,44,0,28
272,53,0,26
272,14,1,33
272,41,0,17
272,57,1,21
272,52,0,25
272,66,0,20
272,22,0,5
272,56,1,22
272,21,0,15
272,50,0,17
272,11,0,20
272,69,1,34
272,65,1,24
272,4,1,18
272,55,0,21
272,4,0,23
272,31,0,50
272,34,1,18
272,12,1,20
272,35,1,9
272,35,1,5
272,60,1,33
272,51,1,19
272,12,0,51
272,47,1,27
273,20,0,23
273,65,0,17
273,22,1,32
273,47,0,30
273,34,0,23
273,69,0,45
273,22,1,26
273,29,0,24
273,63,1,16
273,27,1,18
273,61,1,37
273,61,1,27
273,1,0,40
273,39,1,10
273,14,0,16
273,2,1,30
273,56,1,19
273,23,0,25
273,60,1,22
273,9,0,5
273,30,1,17
273,64,0,14
273,26,1,28
273,42,1,32
273,31,0,26
273,17,1,35
273,67,1,5
273,52,1,31
273,1,0,12
273,33,1,40
273,65,1,21
273,47,1,31
273,0,0,29
273,12,1,44
273,18,1,20
273,23,1,27
273,17,0,33
273,29,1,28
273,63,0,20
273,59,1,31
273,50,1,6
273,43,0,5
273,9,0,24
273,45,1,32
273,54,0,26
273,28,1,29
273,61,1,30
273,21,0,8
273,56,1,20
273,49,1,22
273,13,0,26
273,68,1,29
273,39,1,38
273,55,1,17
273,20,1,7
273,43,1,27
273,38,1,21
273,70,1,32
273,30,1,20
273,60,1,18
273,52,0,24
273,18,0,18
273,10,1,16
273,18,1,16
273,18,1,30
273,20,0,29
273,54,0,13
273,67,0,26
273,50,1,29
273,68,0,40
273,17,0,36
273,52,1,19
274,5,1,26
274,12,1,32
274,1,1,34
274,9,0,29
274,28,1,28
274,63,0,26
274,16,1,36
274,33,1,30
274,4,1,5
274,17,1,36
274,58,1,21
274,30,1,36
274,67,0,20
274,19,0,28
274,18,1,24
274,15,1,22
274,23,0,23
274,55,1,55
274,6,1,33
274,65,1,18
274,2,1,47
274,25,1,44
274,10,1,19
274,67,1,11
274,44,1,22
274,69,0,24
274,35,1,18
274,43,0,8
274,51,1,37
274,5,1,27
274,64,1,38
274,35,0,40
274,30,1,28
274,71,0,19
274,9,0,43
274,25,1,24
274,37,1,35
274,9,0,26
274,22,1,38
274,49,1,20
274,39,0,35
274,4,1,39
274,44,1,43
274,9,0,38
274,2,1,36
274,9,1,31
274,10,1,26
274,41,1,45
274,26,1,14
274,33,1,42
274,42,1,24
274,29,1,24
274,44,0,25
274,62,0,39
274,50,0,21
274,63,1,26
274,7,1,25
274,4,0,35
274,62,0,36
274,18,1,31
274,64,1,24
274,46,1,22
274,45,1,54
274,35,1,34
274,62,0,19
274,67,1,11
274,2,0,30
274,13,1,51
274,31,1,50
274,55,0,27
274,32,1,5
274,6,1,31
275,27,0,15
275,48,1,8
275,22,1,28
275,29,1,5
275,20,1,16
275,49,1,14
275,23,0,27
275,71,1,18
275,36,1,28
275,9,0,23
275,38,0,24
275,30,1,24
275,30,0,34
275,38,0,14
275,14,0,32
275,19,0,26
275,26,1,18
275,13,1,45
275,24,0,5
275,57,0,35
275,54,1,19
275,34,0,26
275,54,1,34
275,69,1,35
275,14,0,35
275,26,0,31
275,35,1,24
275,12,0,30
275,31,1,31
275,33,0,31
275,58,1,31
275,57,0,26
275,54,0,36
275,32,0,29
275,41,1,10
275,69,1,39
275,10,1,36
275,59,0,28
275,66,0,35
275,10,0,9
275,39,0,33
275,71,0,26
275,62,1,27
275,43,1,40
275,11,1,24
275,53,1,16
275,21,1,23
275,18,0,22
275,62,0,22
275,31,0,19
275,16,0,44
275,41,1,23
275,26,1,28
275,10,1,11
275,38,1,28
275,10,0,7
275,49,1,24
275,37,0,20
275,30,1,20
275,16,0,5
275,67,1,8
275,38,1,26
275,71,1,12
275,57,0,22
275,40,0,14
275,66,0,5
275,30,0,14
275,68,0,27
275,28,1,13
275,7,1,17
275,5,1,29
275,61,1,28
276,29,1,24
276,7,1,23
276,7,1,39
276,65,1,55
276,6,1,27
276,54,1,38
276,8,0,27
276,65,1,28
276,50,1,40
276,41,1,22
276,16,0,12
276,52,1,38
276,22,1,31
276,51,1,39
276,57,1,9
276,25,1,20
276,27,1,32
276,28,1,22
276,65,1,30
276,22,1,32
276,68,1,32
276,61,1,24
276,29,1,24
276,26,1,31
276,0,1,34
276,68,0,26
276,69,1,47
276,26,1,34
276,49,0,27
276,40,0,25
276,66,0,44
276,53,1,39
276,6,1,25
276,44,1,24
276,19,1,33
276,55,1,35
276,20,0,43
276,70,0,29
276,18,1,16
276,50,1,35
276,44,0,31
276,12,1,55
276,51,1,14
276,49,1,19
276,47,0,37
276,21,1,27
276,7,1,43
276,60,1,34
276,43,0,30
276,8,0,29
276,54,1,29
276,34,1,38
276,28,1,36
276,38,1,27
276,68,1,30
276,33,1,47
276,62,1,22
276,63,1,32
276,20,0,43
276,22,1,5
276,13,0,15
276,70,1,22
276,46,1,25
276,68,1,21
276,5,1,37
276,39,1,16
276,68,1,52
276,65,1,21
276,46,1,40
276,10,1,24
276,61,1,31
276,23,1,21
277,18,1,59
277,63,1,31
277,68,0,94
277,13,0,39
277,28,0,58
277,53,1,71
277,69,1,52
277,66,0,37
277,43,1,41
277,6,1,45
277,7,1,40
277,61,1,74
277,54,1,59
277,24,0,43
277,37,0,53
277,12,0,33
277,6,0,28
277,25,1,19
277,67,1,53
277,30,1,48
277,37,0,62
277,37,0,58
277,34,0,56
277,51,1,46
277,58,0,30
277,28,1,36
277,32,0,42
277,47,0,48
277,53,1,57
277,22,1,54
277,55,1,47
277,54,0,31
277,36,1,55
277,32,1,49
277,52,1,23
277,46,0,37
277,24,1,45
277,12,1,65
277,55,1,41
277,52,1,56
277,54,0,58
277,67,0,60
277,18,1,37
277,29,1,61
277,61,1,51
277,40,1,11
277,24,0,65
277,8,0,40
277,16,0,52
277,29,0,42
277,44,0,41
277,34,1,44
277,54,1,60
277,6,1,67
277,25,1,45
277,0,0,52
277,19,0,61
277,18,1,42
277,52,0,29
277,68,1,31
277,36,1,90
277,64,1,55
277,47,0,52
277,59,0,48
277,66,0,37
277,60,1,52
277,54,1,39
277,18,0,44
277,42,1,53
277,31,0,66
277,22,1,52
277,5,1,56
278,18,0,73
278,6,1,70
278,10,1,22
278,30,0,59
278,56,0,88
278,49,1,68
278,68,0,95
278,21,0,20
278,6,1,62
278,42,0,25
278,48,0,81
278,2,0,60
278,39,0,88
278,11,1,34
278,47,1,67
278,14,0,95
278,67,0,41
278,14,0,64
278,21,0,50
278,40,0,71
278,58,1,45
278,63,1,59
278,59,1,88
278,26,1,85
278,38,1,49
278,63,0,107
278,22,0,47
278,18,0,45
278,55,1,43
278,71,0,64
278,29,1,75
278,19,0,66
278,7,0,81
278,70,0,77
278,31,0,72
278,17,1,43
278,70,0,39
278,7,0,74
278,10,0,24
278,25,1,44
278,53,0,49
278,13,1,55
278,53,0,54
278,62,0,64
278,4,0,66
278,54,0,38
278,9,1,75
278,66,0,86
278,71,0,70
278,42,0,65
278,64,1,59
278,14,0,70
278,52,0,68
278,65,0,95
278,61,1,81
278,30,1,68
278,48,0,108
278,2,0,50
278,52,1,65
278,63,0,48
278,60,1,75
278,6,0,74
278,26,0,40
278,6,0,93
278,62,0,63
278,67,1,71
278,3,0,57
278,0,0,69
278,17,1,64
278,25,0,60
278,30,1,69
278,12,0,13
279,14,1,19
279,10,0,25
279,37,0,29
279,13,1,33
279,38,0,10
279,71,0,14
279,66,1,16
279,53,1,26
279,65,1,18
279,41,1,14
279,39,1,25
279,46,0,19
279,2,1,25
279,14,1,41
279,69,0,20
279,65,1,21
279,69,1,40
279,54,1,36
279,59,1,27
279,55,1,25
279,15,1,42
279,10,1,27
279,32,1,42
279,64,1,23
279,45,0,36
279,63,1,19
279,55,1,24
279,39,1,34
279,19,1,14
279,33,0,27
279,0,1,47
279,20,1,36
279,0,0,18
279,48,1,5
279,34,0,38
279,14,1,9
279,14,0,11
279,11,1,10
279,44,1,35
279,0,0,44
279,30,1,25
279,45,1,27
279,66,1,30
279,7,0,18
279,13,1,22
279,21,1,11
279,40,1,19
279,38,0,6
279,63,1,12
279,49,1,19
279,52,1,19
279,3,1,6
279,69,1,10
279,37,1,16
279,47,1,25
279,44,1,23
279,39,1,34
279,28,1,42
279,57,1,32
279,40,0,25
279,45,0,14
279,68,0,31
279,41,1,33
279,66,0,21
279,63,0,30
279,59,0,28
279,3,1,22
279,32,1,19
279,10,0,43
279,10,1,22
279,26,1,24
279,47,0,29
280,62,0,44
280,61,1,71
280,66,0,23
280,50,1,76
280,60,0,46
280,36,1,45
280,27,0,42
280,71,0,53
280,5,1,52
280,19,0,34
280,48,0,51
280,28,0,55
280,11,0,46
280,16,0,72
280,33,0,81
280,52,0,69
280,19,0,53
280,60,0,92
280,71,0,109
280,63,1,49
280,33,0,32
280,29,1,59
280,38,1,57
280,17,1,51
280,46,0,21
280,47,0,45
280,47,0,48
280,39,0,67
280,64,0,31
280,55,0,43
280,0,0,82
280,39,0,66
280,52,0,55
280,56,1,90
280,71,0,57
280,53,0,51
280,52,1,82
280,67,0,54
280,63,0,76
280,65,1,51
280,42,1,61
280,18,0,61
280,36,0,56
280,3,0,69
280,34,0,60
280,31,0,56
280,8,0,49
280,8,1,14
280,39,0,76
280,53,0,53
280,40,0,51
280,35,1,63
280,62,1,56
280,21,0,53
280,36,0,63
280,61,0,71
280,15,0,61
280,53,0,90
280,59,0,72
280,50,0,72
280,51,0,55
280,45,1,67
280,47,0,35
280,23,0,62
280,34,0,76
280,61,1,56
280,33,0,9
280,37,1,74
280,60,0,47
280,28,0,62
280,17,1,49
280,64,1,51
281,66,0,41
281,34,1,44
281,57,1,25
281,37,1,15
281,1,1,37
281,44,0,31
281,16,1,49
281,31,0,13
281,16,1,19
281,53,0,18
281,13,1,66
281,0,1,34
281,47,1,53
281,1,1,45
281,14,0,32
281,53,0,37
281,55,1,35
281,53,1,51
281,70,1,32
281,48,0,37
281,54,0,22
281,10,0,49
281,40,0,38
281,28,0,51
281,54,1,43
281,11,0,44
281,0,1,41
281,21,0,39
281,8,0,5
281,62,0,39
281,17,1,13
281,66,1,44
281,68,1,72
281,42,1,32
281,63,0,32
281,36,1,43
281,56,1,43
281,31,0,14
281,3,0,58
281,47,1,37
281,35,0,52
281,66,0,35
281,40,0,69
281,57,0,65
281,29,0,20
281,69,1,41
281,3,1,24
281,7,1,34
281,53,0,29
281,24,0,48
281,18,0,31
281,61,1,35
281,11,0,47
281,12,0,51
281,66,0,49
281,28,1,49
281,45,0,51
281,57,0,38
281,5,0,56
281,44,0,19
281,40,0,45
281,70,0,14
281,66,0,36
281,12,0,45
281,31,1,45
281,2,1,74
281,1,0,57
281,42,0,23
281,4,0,66
281,51,0,32
281,22,1,54
281,17,1,57
282,54,1,30
282,28,1,36
282,23,1,30
282,40,1,5
282,14,0,34
282,70,1,23
282,46,0,29
282,46,1,40
282,61,1,37
282,4,1,13
282,28,1,42
282,27,1,27
282,59,1,31
282,46,0,32
282,7,1,10
282,71,1,30
282,26,1,27
282,13,1,29
282,54,0,16
282,6,1,23
282,65,1,44
282,38,1,32
282,48,0,41
282,17,1,43
282,49,1,37
282,50,0,35
282,30,1,38
282,35,1,27
282,8,0,32
282,57,1,25
282,28,1,16
282,29,1,38
282,39,1,34
282,63,1,18
282,40,1,32
282,38,1,36
282,18,1,16
282,39,1,19
282,29,1,38
282,67,0,15
282,44,1,29
282,10,1,31
282,60,1,36
282,63,1,26
282,33,1,44
282,56,1,33
282,35,0,39
282,5,1,19
282,7,1,53
282,41,1,43
282,33,1,26
282,11,1,37
282,24,0,40
282,35,1,34
282,24,0,25
282,13,1,41
282,12,0,19
282,35,1,11
282,63,1,13
282,29,1,19
282,64,1,25
282,32,0,23
282,0,1,33
282,18,0,30
282,32,1,13
282,17,1,32
282,55,0,20
282,2,1,27
282,49,1,53
282,58,1,29
282,31,0,25
282,30,1,42
283,34,1,69
283,13,1,50
283,31,0,51
283,4,0,62
283,19,1,31
283,3,0,46
283,42,0,49
283,59,1,43
283,33,1,24
283,22,1,86
283,58,1,64
283,50,0,26
283,49,1,39
283,30,1,63
283,66,1,73
283,54,1,62
283,68,0,64
283,63,1,48
283,41,1,71
283,48,0,42
283,1,1,51
283,41,1,39
283,20,1,30
283,60,1,57
283,36,0,22
283,69,0,66
283,28,1,44
283,68,1,37
283,59,0,28
283,20,0,40
283,9,0,42
283,54,1,16
283,30,1,12
283,45,1,45
283,15,1,68
283,61,1,26
283,25,1,81
283,31,1,52
283,71,0,5
283,23,0,33
283,59,1,59
283,18,1,50
283,65,1,40
283,48,0,23
283,60,1,71
283,18,1,38
283,39,0,41
283,42,0,24
283,65,1,50
283,14,1,56
283,13,1,47
283,13,1,53
283,36,1,59
283,46,0,43
283,54,1,35
283,17,1,32
283,15,1,27
283,45,1,49
283,19,1,25
283,39,1,58
283,52,1,66
283,38,0,29
283,40,0,67
283,1,0,55
283,20,0,27
283,4,0,22
283,29,1,52
283,15,1,56
283,38,1,54
283,52,0,44
283,64,1,80
283,70,1,48
284,35,0,65
284,47,0,39
284,63,0,20
284,58,1,36
284,24,0,50
284,37,0,23
284,48,0,53
284,24,0,29
284,14,0,21
284,27,0,33
284,55,0,56
284,0,0,41
284,49,0,14
284,6,1,25
284,61,1,43
284,57,0,32
284,35,0,50
284,58,1,33
284,0,1,39
284,65,1,49
284,41,1,20
284,8,1,38
284,9,0,13
284,47,0,59
284,54,0,38
284,53,1,23
284,49,1,14
284,67,0,69
284,19,0,51
284,51,0,5
284,10,0,31
284,50,0,41
284,40,0,56
284,68,1,32
284,15,0,41
284,26,0,29
284,3,0,18
284,26,1,41
284,43,0,26
284,56,0,25
284,40,1,41
284,26,1,24
284,4,0,48
284,66,0,15
284,67,1,35
284,4,0,63
284,27,1,16
284,56,0,35
284,71,0,35
284,12,0,50
284,62,0,60
284,6,0,22
284,7,0,39
284,43,0,41
284,10,0,71
284,56,0,38
284,14,0,44
284,50,1,29
284,20,0,55
284,42,1,59
284,27,0,48
284,9,0,29
284,12,0,46
284,38,1,59
284,2,1,31
284,49,0,42
284,37,1,53
284,52,1,47
284,42,1,43
284,30,1,28
284,23,0,46
284,50,1,54
285,62,0,29
285,50,0,26
285,1,0,33
285,32,0,20
285,47,0,23
285,4,0,15
285,70,1,15
285,4,1,15
285,60,1,21
285,26,0,17
285,34,1,23
285,16,1,28
285,63,1,26
285,37,0,18
285,39,0,48
285,61,0,10
285,64,0,45
285,10,0,15
285,69,0,39
285,40,0,18
285,25,0,22
285,28,1,23
285,25,1,32
285,11,1,33
285,41,1,40
285,8,0,39
285,25,1,20
285,2,1,29
285,21,0,41
285,34,1,6
285,41,1,24
285,41,0,25
285,42,1,14
285,59,1,21
285,40,0,40
285,67,0,5
285,13,0,16
285,15,1,33
285,70,1,36
285,32,0,34
285,18,0,39
285,12,0,33
285,42,0,22
285,71,0,21
285,39,0,24
285,66,0,32
285,45,0,29
285,45,0,5
285,10,1,26
285,62,0,36
285,64,1,24
285,14,0,24
285,23,1,20
285,19,0,33
285,38,0,30
285,65,1,24
285,25,1,27
285,35,1,21
285,53,0,31
285,64,0,18
285,55,1,20
285,64,1,25
285,42,1,12
285,17,0,17
285,69,0,20
285,29,0,36
285,6,1,24
285,60,1,37
285,68,1,20
285,55,0,5
285,61,1,22
285,60,0,15
286,34,0,44
286,22,1,42
286,26,0,39
286,22,0,36
286,37,0,64
286,38,1,57
286,16,0,69
286,22,0,46
286,33,0,35
286,20,1,41
286,61,0,43
286,53,1,40
286,28,1,41
286,45,0,28
286,26,0,41
286,55,1,57
286,17,1,85
286,22,1,55
286,41,0,60
286,21,1,45
286,46,0,14
286,37,1,31
286,68,1,27
286,23,1,44
286,35,1,23
286,45,1,46
286,4,1,22
286,2,1,64
286,55,0,53
286,30,1,21
286,37,0,42
286,26,1,50
286,12,1,44
286,0,1,51
286,33,1,33
286,5,1,20
286,49,1,5
286,21,1,31
286,3,1,42
286,68,1,29
286,57,1,53
286,9,1,35
286,41,0,34
286,52,1,32
286,61,1,24
286,23,1,47
286,26,0,59
286,59,1,47
286,39,1,38
286,53,1,39
286,3,0,38
286,47,1,61
286,42,1,54
286,56,1,25
286,34,0,48
286,3,0,40
286,53,1,40
286,59,0,45
286,61,1,62
286,57,0,26
286,47,0,80
286,19,1,60
286,65,1,47
286,40,0,59
286,6,1,64
286,17,1,67
286,11,1,47
286,2,1,55
286,65,1,52
286,7,1,45
286,4,0,53
286,6,1,69
287,66,0,22
287,28,0,5
287,18,0,44
287,70,0,29
287,38,1,43
287,34,1,17
287,23,1,41
287,23,1,42
287,24,0,22
287,52,1,44
287,36,1,45
287,70,1,43
287,22,1,19
287,38,0,5
287,26,0,41
287,18,0,53
287,22,1,35
287,8,1,27
287,25,1,41
287,12,1,49
287,58,1,58
287,43,1,43
287,43,0,17
287,17,1,58
287,3,0,51
287,65,0,36
287,49,0,52
287,15,1,30
287,44,0,40
287,35,0,44
287,27,1,47
287,62,0,73
287,45,1,47
287,61,1,29
287,35,1,38
287,30,0,39
287,61,0,24
287,3,0,45
287,62,0,46
287,37,0,47
287,31,0,33
287,33,0,46
287,68,1,30
287,44,0,15
287,22,0,31
287,34,0,39
287,71,1,29
287,52,0,24
287,24,0,59
287,3,0,60
287,9,0,13
287,42,1,47
287,64,0,24
287,32,1,53
287,27,1,54
287,16,0,44
287,53,0,65
287,31,0,22
287,54,0,65
287,56,1,54
287,17,1,47
287,17,0,21
287,57,0,49
287,62,0,30
287,70,1,72
287,67,1,53
287,51,1,40
287,58,0,73
287,13,1,50
287,36,0,51
287,40,0,26
287,32,0,30
288,8,0,19
288,59,1,34
288,21,1,23
288,40,0,31
288,21,1,25
288,2,1,22
288,71,1,33
288,40,1,36
288,15,1,36
288,58,1,34
288,7,1,26
288,51,1,9
288,63,1,13
288,33,1,29
288,58,1,33
288,20,1,19
288,64,1,6
288,19,1,22
288,41,1,47
288,38,1,13
288,17,1,29
288,57,1,8
288,15,0,17
288,12,1,26
288,5,1,8
288,61,1,23
288,69,1,17
288,69,0,10
288,40,0,42
288,27,1,34
288,14,1,9
288,2,1,28
288,2,0,20
288,70,0,18
288,26,0,16
288,27,1,21
288,36,1,12
288,38,1,25
288,33,1,39
288,54,1,29
288,53,1,38
288,65,1,37
288,35,1,27
288,37,0,37
288,51,0,15
288,54,0,23
288,34,0,53
288,6,1,8
288,29,0,12
288,71,1,27
288,28,1,15
288,55,0,24
288,0,0,43
288,56,0,30
288,27,0,35
288,23,0,28
288,57,1,19
288,42,1,17
288,65,1,20
288,11,1,29
288,46,0,33
288,25,0,36
288,7,1,37
288,40,0,43
288,59,1,32
288,5,1,23
288,16,1,12
288,57,1,37
288,45,0,19
288,10,1,38
288,22,0,5
288,27,1,7
289,70,1,19
289,62,1,33
289,26,0,27
289,40,0,22
289,22,1,22
289,45,1,30
289,10,0,34
289,70,0,23
289,67,1,14
289,13,1,34
289,58,1,33
289,8,1,47
289,5,1,36
289,29,1,20
289,36,1,24
289,40,0,25
289,39,1,19
289,70,1,37
289,64,0,36
289,26,1,39
289,67,1,32
289,23,0,36
289,25,1,34
289,27,1,29
289,62,0,31
289,41,1,6
289,55,0,20
289,46,1,12
289,23,0,13
289,44,1,27
289,71,0,35
289,28,0,46
289,35,1,26
289,46,1,23
289,46,1,18
289,36,1,31
289,20,0,21
289,65,1,28
289,49,1,32
289,31,1,22
289,3,1,29
289,55,1,32
289,9,1,12
289,62,1,15
289,12,0,32
289,7,1,39
289,56,1,24
289,9,1,25
289,47,1,33
289,25,0,29
289,38,1,45
289,34,0,39
289,33,1,40
289,33,1,16
289,43,1,33
289,8,0,18
289,50,1,26
289,69,0,37
289,14,1,31
289,36,0,29
289,36,1,30
289,9,1,42
289,32,1,21
289,36,0,22
289,46,1,43
289,13,1,9
289,24,0,30
289,9,0,36
289,62,0,20
289,47,0,13
289,44,0,27
289,66,0,27
290,56,1,39
290,59,1,43
290,49,1,55
290,36,1,28
290,21,1,44
290,58,1,5
290,10,1,42
290,46,1,22
290,7,1,11
290,19,1,41
290,39,1,36
290,62,1,35
290,39,1,35
290,48,0,28
290,63,1,33
290,63,1,24
290,7,1,39
290,30,1,25
290,21,1,19
290,32,0,43
290,34,1,31
290,15,1,22
290,35,1,32
290,42,1,18
290,65,1,13
290,50,1,45
290,22,0,17
290,63,1,56
290,52,1,40
290,36,1,16
290,2,1,32
290,64,1,26
290,39,0,20
290,52,1,30
290,29,1,40
290,22,1,19
290,61,1,39
290,55,0,11
290,31,1,29
290,45,1,12
290,23,1,16
290,41,1,32
290,44,0,17
290,18,1,18
290,61,1,13
290,54,0,27
290,1,0,31
290,52,1,41
290,17,1,29
290,37,1,17
290,34,1,38
290,25,1,32
290,40,1,32
290,58,1,23
290,70,1,24
290,18,1,43
290,46,1,40
290,20,1,39
290,45,0,35
290,41,1,39
290,4,1,39
290,57,1,38
290,67,0,35
290,23,1,24
290,15,1,23
290,22,1,44
290,24,1,32
290,1,1,36
290,21,1,31
290,49,1,25
290,54,1,28
290,23,1,23
291,22,0,33
291,29,1,33
291,37,0,30
291,0,0,38
291,30,1,47
291,44,1,36
291,36,1,52
291,34,0,67
291,31,0,56
291,30,1,22
291,61,1,24
291,25,1,41
291,52,1,76
291,12,0,38
291,49,1,31
291,64,0,51
291,55,1,32
291,20,0,55
291,39,0,46
291,8,0,40
291,25,1,80
291,15,1,35
291,51,1,61
291,60,1,47
291,16,0,53
291,30,0,34
291,12,1,21
291,60,1,72
291,53,1,68
291,22,0,29
291,32,0,48
291,14,1,28
291,36,1,31
291,6,1,34
291,60,0,82
291,12,0,51
291,31,1,30
291,31,1,53
291,64,1,29
291,52,0,40
291,48,1,28
291,49,1,46
291,28,1,41
291,34,0,35
291,6,0,56
291,5,1,15
291,1,1,25
291,62,0,53
291,36,1,48
291,28,1,47
291,67,0,44
291,44,0,35
291,31,0,15
291,16,0,24
291,35,1,61
291,54,0,23
291,47,1,29
291,67,1,50
291,41,0,59
291,28,1,6
291,14,1,38
291,35,1,34
291,28,0,21
291,63,1,8
291,67,1,31
291,19,0,33
291,45,0,46
291,42,0,41
291,11,0,64
291,4,0,17
291,61,1,64
291,50,1,43
292,62,1,23
292,55,0,20
292,17,1,21
292,31,0,44
292,25,1,18
292,62,0,33
292,61,1,40
292,20,0,19
292,52,1,36
292,11,0,27
292,2,1,29
292,47,1,30
292,23,0,33
292,30,1,36
292,9,1,36
292,2,0,21
292,11,0,13
292,40,0,32
292,14,0,24
292,55,0,33
292,3,0,23
292,58,0,23
292,47,1,21
292,4,1,6
292,64,1,40
292,39,1,9
292,6,1,27
292,39,1,35
292,10,1,22
292,4,0,33
292,60,1,28
292,36,1,25
292,33,0,16
292,61,1,5
292,8,1,48
292,36,0,8
292,39,1,23
292,68,1,28
292,21,0,38
292,48,1,31
292,25,1,40
292,68,1,36
292,46,0,26
292,32,1,28
292,19,0,11
292,35,1,16
292,8,1,35
292,31,1,27
292,46,1,39
292,8,0,23
292,36,0,31
292,56,1,13
292,68,1,30
292,4,1,36
292,3,1,43
292,56,1,40
292,51,0,19
292,44,1,30
292,14,1,31
292,9,0,31
292,48,1,20
292,53,0,31
292,70,1,28
292,49,1,31
292,60,1,8
292,68,0,51
292,21,0,23
292,9,1,26
292,42,1,36
292,20,1,39
292,31,1,8
292,28,0,42
293,69,1,32
293,41,0,26
293,10,0,53
293,61,1,31
293,8,1,39
293,21,0,51
293,36,0,34
293,7,0,28
293,25,1,19
293,27,1,54
293,21,1,23
293,45,1,43
293,39,1,38
293,57,0,28
293,15,1,26
293,0,0,47
293,17,1,33
293,71,0,45
293,71,0,54
293,37,1,40
293,37,0,70
293,23,0,39
293,35,1,42
293,59,0,47
293,51,0,29
293,71,0,32
293,27,0,36
293,46,0,35
293,0,0,21
293,13,1,53
293,52,1,33
293,51,0,31
293,19,0,43
293,23,1,29
293,57,0,57
293,17,1,65
293,42,0,38
293,66,0,38
293,61,0,31
293,35,1,35
293,53,0,5
293,50,1,37
293,68,1,6
293,70,1,15
293,68,1,8
293,14,0,34
293,14,0,53
293,27,1,17
293,30,1,35
293,24,0,48
293,35,1,21
293,18,1,11
293,23,0,15
293,20,1,40
293,71,0,53
293,55,1,65
293,50,1,64
293,47,0,36
293,44,1,15
293,53,1,53
293,28,1,46
293,68,1,40
293,1,0,38
293,70,0,46
293,43,1,28
293,62,0,28
293,15,0,43
293,61,1,22
293,48,1,25
293,54,0,39
293,2,1,57
293,35,0,43
294,11,1,24
294,23,1,28
294,65,1,35
294,60,0,10
294,70,1,34
294,43,1,6
294,19,1,32
294,11,1,36
294,52,0,23
294,23,1,29
294,35,1,20
294,29,1,27
294,47,0,23
294,50,1,18
294,65,0,6
294,42,1,22
294,46,0,5
294,19,1,19
294,3,1,31
294,69,0,11
294,70,1,21
294,42,1,22
294,55,0,24
294,47,0,47
294,56,1,41
294,48,1,31
294,41,1,9
294,2,1,21
294,71,1,28
294,51,1,24
294,7,1,24
294,4,0,7
294,47,0,33
294,23,1,29
294,69,0,37
294,0,0,22
294,50,0,14
294,18,1,45
294,32,0,22
294,60,0,23
294,21,1,22
294,37,1,10
294,31,0,28
294,54,1,16
294,52,1,48
294,69,1,18
294,31,1,14
294,66,1,36
294,7,0,14
294,2,1,6
294,3,1,12
294,1,1,18
294,22,0,35
294,60,1,7
294,2,1,26
294,20,1,27
294,34,0,24
294,24,1,29
294,32,1,48
294,70,1,48
294,32,0,30
294,20,0,27
294,71,0,27
294,28,0,14
294,34,0,32
294,61,1,37
294,63,1,28
294,12,1,14
294,39,0,22
294,26,0,5
294,5,1,35
294,63,1,38
295,46,1,73
295,59,1,58
295,15,1,73
295,6,1,62
295,56,0,40
295,14,0,77
295,52,1,64
295,39,0,43
295,11,0,43
295,15,0,50
295,56,0,81
295,40,0,60
295,12,0,37
295,38,1,42
295,67,0,27
295,32,1,41
295,28,1,58
295,68,0,55
295,20,0,46
295,37,0,23
295,15,1,69
295,9,0,78
295,35,0,41
295,65,1,31
295,31,1,31
295,28,1,55
295,71,0,41
295,71,0,41
295,29,1,49
295,63,0,71
295,20,0,92
295,38,1,58
295,7,0,69
295,25,1,48
295,33,1,64
295,13,0,36
295,50,1,53
295,17,1,58
295,36,1,40
295,3,0,71
295,8,1,57
295,16,0,13
295,13,1,102
295,4,0,45
295,42,1,61
295,58,0,69
295,39,1,49
295,29,1,64
295,17,0,74
295,19,1,29
295,71,0,61
295,24,0,59
295,36,1,83
295,45,0,70
295,47,0,52
295,54,0,65
295,44,0,64
295,17,1,89
295,70,0,51
295,42,1,74
295,58,1,49
295,55,0,36
295,4,1,38
295,5,1,56
295,1,1,36
295,26,0,57
295,51,0,57
295,8,0,48
295,51,0,93
295,13,1,43
295,57,1,59
295,2,1,51
296,2,0,69
296,50,1,90
296,8,0,77
296,12,0,59
296,47,1,72
296,22,1,68
296,61,0,55
296,10,0,68
296,50,0,40
296,35,1,82
296,51,0,47
296,55,0,73
296,48,0,74
296,23,0,105
296,54,1,90
296,27,1,57
296,52,1,49
296,7,0,92
296,18,0,75
296,18,0,38
296,35,0,23
296,4,0,72
296,36,0,77
296,24,0,86
296,15,0,66
296,0,1,55
296,66,0,58
296,42,0,50
296,23,0,46
296,26,0,92
296,56,0,80
296,59,0,98
296,55,0,51
296,18,0,46
296,30,1,28
296,29,0,83
296,64,1,71
296,11,1,51
296,70,0,59
296,64,0,64
296,55,0,70
296,37,0,56
296,49,1,79
296,6,1,75
296,40,0,40
296,23,0,53
296,39,0,52
296,3,1,63
296,58,0,66
296,27,0,27
296,39,0,66
296,32,0,55
296,47,1,89
296,20,1,69
296,34,0,23
296,18,1,68
296,31,0,82
296,62,0,48
296,13,1,93
296,42,0,50
296,12,0,35
296,53,0,81
296,16,0,54
296,51,1,48
296,52,0,66
296,56,0,68
296,52,0,65
296,63,0,32
296,7,0,53
296,32,0,74
296,46,0,54
296,10,0,71
297,22,0,30
297,5,0,52
297,66,1,72
297,26,0,54
297,46,0,57
297,71,0,28
297,69,1,29
297,44,0,64
297,33,0,42
297,61,1,78
297,39,0,40
297,26,0,7
297,3,0,61
297,6,1,23
297,8,0,40
297,31,0,24
297,5,0,44
297,66,0,62
297,5,1,66
297,43,0,46
297,26,1,53
297,9,1,32
297,61,0,58
297,28,0,17
297,29,1,50
297,11,0,21
297,31,0,43
297,8,1,57
297,58,1,25
297,39,1,27
297,71,1,55
297,13,1,56
297,51,0,57
297,71,0,41
297,46,0,36
297,58,1,67
297,67,0,26
297,48,1,40
297,11,0,60
297,62,1,52
297,60,0,62
297,31,0,30
297,4,0,49
297,23,0,57
297,0,1,57
297,38,1,38
297,54,1,31
297,48,0,27
297,10,0,32
297,1,0,39
297,71,1,70
297,51,0,67
297,66,0,40
297,15,1,53
297,55,0,11
297,25,0,71
297,0,0,35
297,58,1,48
297,8,1,58
297,44,1,31
297,59,1,44
297,40,1,21
297,52,1,51
297,43,0,46
297,66,0,40
297,17,1,33
297,67,0,33
297,26,0,53
297,28,1,42
297,47,0,37
297,6,0,48
297,21,0,43
298,12,0,42
298,49,1,53
298,43,0,9
298,19,1,38
298,20,1,36
298,53,1,12
298,2,1,34
298,25,1,24
298,33,1,10
298,59,1,21
298,70,1,31
298,38,1,33
298,34,0,39
298,10,0,35
298,8,0,23
298,38,1,17
298,21,1,19
298,46,1,26
298,3,0,6
298,38,1,17
298,35,1,39
298,12,1,12
298,64,1,8
298,48,1,9
298,27,1,39
298,68,1,31
298,65,1,39
298,13,1,20
298,29,1,32
298,54,1,36
298,14,1,14
298,32,0,35
298,50,1,22
298,46,0,9
298,13,1,25
298,47,1,34
298,61,1,30
298,66,0,34
298,33,0,45
298,49,1,19
298,31,1,44
298,68,1,23
298,43,0,35
298,55,1,30
298,71,1,37
298,56,1,28
298,41,1,55
298,21,1,34
298,69,1,32
298,38,1,25
298,3,0,23
298,65,1,12
298,61,1,54
298,3,0,19
298,42,1,27
298,9,1,21
298,29,0,35
298,1,0,37
298,24,0,20
298,14,0,26
298,41,1,40
298,52,1,33
298,2,1,28
298,14,0,35
298,46,1,35
298,9,1,39
298,18,0,18
298,33,1,27
298,58,0,20
298,9,0,30
298,0,1,25
298,46,1,23
299,11,0,12
299,51,0,27
299,61,1,30
299,24,0,63
299,47,0,45
299,11,1,37
299,40,0,34
299,49,1,38
299,57,1,24
299,1,1,50
299,59,1,41
299,22,1,52
299,33,1,60
299,3,1,22
299,25,0,28
299,11,1,28
299,13,1,56
299,42,1,57
299,37,1,11
299,64,1,41
299,52,1,42
299,65,0,14
299,48,0,41
299,52,1,16
299,19,0,36
299,57,0,23
299,39,0,57
299,65,1,50
299,20,0,33
299,34,0,49
299,33,1,46
299,7,0,44
299,40,0,48
299,53,0,77
299,18,0,60
299,62,1,34
299,29,0,48
299,65,1,46
299,4,0,45
299,52,1,35
299,50,0,37
299,35,1,32
299,26,1,43
299,9,1,52
299,18,1,39
299,68,1,45
299,34,1,39
299,46,1,26
299,71,0,34
299,22,0,24
299,27,1,39
299,67,1,45
299,61,0,52
299,0,1,35
299,19,0,35
299,7,1,40
299,4,1,17
299,66,1,26
299,32,0,15
299,66,1,60
299,37,0,5
299,47,1,26
299,38,1,32
299,43,1,33
299,38,1,67
299,11,1,45
299,59,0,62
299,9,1,28
299,71,0,18
299,28,0,46
299,58,1,31
299,13,1,38
300,28,1,26
300,21,1,20
300,35,1,23
300,21,0,17
300,11,0,21
300,11,1,39
300,16,1,19
300,19,0,20
300,62,0,16
300,70,1,13
300,6,1,34
300,60,0,34
300,39,1,21
300,8,0,33
300,25,1,46
300,27,1,34
300,3,1,5
300,42,1,25
300,51,0,24
300,46,1,28
300,36,1,20
300,49,1,42
300,19,1,43
300,68,0,29
300,54,0,8
300,61,1,30
300,51,0,20
300,64,1,18
300,15,0,23
300,4,0,19
300,30,1,16
300,46,1,33
300,2,0,17
300,68,1,21
300,65,1,46
300,0,1,23
300,69,0,7
300,35,0,34
300,51,0,25
300,18,1,35
300,56,0,27
300,24,0,18
300,20,0,35
300,13,1,26
300,70,1,39
300,7,1,27
300,20,0,21
300,35,1,29
300,61,1,35
300,58,1,50
300,14,1,26
300,56,0,47
300,48,0,24
300,18,0,11
300,54,0,31
300,63,1,20
300,3,0,20
300,60,1,12
300,11,1,20
300,18,1,19
300,0,0,21
300,20,0,32
300,36,1,16
300,68,1,14
300,28,1,26
300,52,1,31
300,33,1,33
300,22,1,16
300,54,0,34
300,54,0,24
300,3,0,16
300,12,1,23
301,2,0,40
301,23,0,22
301,14,1,39
301,8,0,44
301,0,0,19
301,19,0,33
301,2,0,37
301,35,0,27
301,26,0,21
301,64,0,33
301,53,0,12
301,38,0,14
301,28,1,46
301,63,0,31
301,64,1,25
301,60,1,19
301,24,0,47
301,27,0,31
301,70,0,32
301,42,0,16
301,21,0,32
301,6,1,27
301,44,0,34
301,42,1,46
301,14,0,16
301,28,1,20
301,44,0,22
301,37,0,22
301,37,0,16
301,60,1,5
301,38,1,23
301,58,1,12
301,6,0,12
301,42,0,35
301,27,1,9
301,45,0,9
301,68,0,13
301,56,0,37
301,26,0,17
301,35,1,19
301,32,1,25
301,62,0,24
301,31,0,34
301,25,0,18
301,66,0,25
301,2,1,12
301,40,0,32
301,19,0,24
301,63,1,25
301,28,0,23
301,25,0,19
301,3,0,16
301,45,0,5
301,45,0,25
301,39,1,42
301,71,0,7
301,61,1,9
301,33,0,26
301,10,0,22
301,51,0,29
301,23,0,20
301,39,0,36
301,16,1,15
301,36,1,20
301,28,1,37
301,37,0,15
301,6,0,20
301,71,1,16
301,57,1,28
301,18,0,24
301,20,0,42
301,6,1,19
302,0,0,49
302,62,0,45
302,23,1,28
302,47,1,52
302,71,0,46
302,55,0,36
302,5,1,30
302,24,1,34
302,17,1,52
302,41,0,18
302,32,1,22
302,67,0,14
302,20,0,41
302,29,0,49
302,58,0,23
302,58,0,49
302,0,1,5
302,57,0,40
302,46,0,35
302,30,1,5
302,9,1,65
302,26,1,69
302,10,0,49
302,62,0,38
302,7,1,23
302,70,0,27
302,61,1,34
302,0,0,52
302,19,0,50
302,45,0,26
302,40,0,62
302,53,0,51
302,63,0,30
302,54,0,17
302,34,0,55
302,22,1,51
302,1,0,27
302,61,1,22
302,53,0,20
302,12,1,60
302,18,0,55
302,17,1,32
302,61,0,29
302,4,0,34
302,60,1,58
302,31,0,42
302,10,0,40
302,54,1,59
302,61,1,13
302,10,0,29
302,1,0,5
302,57,1,22
302,68,1,41
302,53,0,48
302,2,1,57
302,10,0,25
302,68,1,23
302,15,0,47
302,30,1,62
302,45,1,63
302,51,1,28
302,38,1,24
302,23,1,36
302,22,1,36
302,19,0,35
302,8,0,40
302,57,0,41
302,19,1,28
302,14,1,29
302,70,1,25
302,30,1,64
302,3,1,30
303,57,1,15
303,65,1,15
303,33,1,60
303,40,0,62
303,21,1,51
303,60,1,33
303,13,0,16
303,3,0,57
303,10,1,54
303,10,1,33
303,66,1,42
303,16,1,6
303,31,0,22
303,37,0,34
303,67,0,67
303,68,0,45
303,36,1,62
303,22,1,53
303,5,1,45
303,34,1,33
303,21,1,54
303,26,1,32
303,9,0,34
303,2,0,30
303,35,1,31
303,66,1,25
303,24,1,36
303,36,0,6
303,24,0,24
303,53,1,21
303,7,0,42
303,37,1,26
303,57,1,44
303,36,1,52
303,40,1,30
303,66,0,31
303,7,0,42
303,29,1,24
303,23,1,32
303,66,0,27
303,63,0,30
303,54,1,44
303,68,0,41
303,58,1,50
303,27,0,71
303,50,1,38
303,3,1,58
303,65,1,27
303,20,1,45
303,50,1,22
303,2,1,47
303,18,0,50
303,2,0,54
303,19,0,44
303,57,0,19
303,54,0,18
303,13,1,50
303,68,0,33
303,59,0,30
303,33,0,48
303,21,1,39
303,22,1,8
303,31,0,50
303,36,1,44
303,26,0,31
303,17,0,27
303,48,1,46
303,71,1,56
303,17,1,23
303,48,1,41
303,27,1,52
303,59,0,43
304,31,0,37
304,27,1,27
304,42,1,5
304,33,1,37
304,30,1,33
304,33,1,47
304,56,1,13
304,9,1,11
304,62,1,46
304,64,1,47
304,62,1,20
304,63,1,20
304,12,1,48
304,12,1,36
304,37,1,23
304,42,1,24
304,39,1,20
304,13,1,13
304,54,1,42
304,31,1,10
304,0,1,21
304,31,1,37
304,26,1,34
304,44,1,27
304,24,0,35
304,46,1,37
304,49,1,31
304,69,0,36
304,71,1,40
304,37,1,39
304,62,1,29
304,21,1,24
304,70,1,37
304,17,1,31
304,27,1,42
304,66,1,16
304,65,1,32
304,2,1,31
304,51,1,21
304,48,1,24
304,44,1,52
304,0,1,53
304,13,1,29
304,7,1,15
304,56,1,21
304,23,1,21
304,55,1,12
304,13,1,43
304,5,1,41
304,5,1,43
304,39,0,36
304,9,1,19
304,60,1,37
304,51,1,34
304,66,0,51
304,10,1,14
304,49,1,16
304,24,1,25
304,65,1,28
304,35,1,32
304,58,1,43
304,42,1,27
304,39,1,39
304,67,1,41
304,58,1,19
304,21,1,30
304,25,1,14
304,42,1,41
304,1,0,30
304,50,1,25
304,70,1,38
304,56,1,34
305,32,0,37
305,39,1,47
305,33,0,20
305,58,1,38
305,14,0,29
305,69,0,48
305,36,0,44
305,14,0,21
305,24,0,33
305,22,1,15
305,70,0,66
305,18,0,50
305,34,0,31
305,0,0,47
305,55,0,34
305,26,0,60
305,32,0,44
305,4,0,54
305,49,1,33
305,2,0,69
305,45,0,33
305,34,0,22
305,59,1,20
305,70,0,32
305,48,0,29
305,9,1,27
305,24,1,36
305,41,0,45
305,11,0,60
305,21,0,35
305,70,0,28
305,44,0,46
305,63,0,56
305,20,1,38
305,41,0,10
305,2,1,27
305,42,0,47
305,51,0,23
305,19,0,46
305,44,1,39
305,3,0,53
305,63,1,50
305,28,0,12
305,56,0,74
305,35,0,65
305,34,0,65
305,6,1,43
305,33,0,62
305,2,0,57
305,5,1,36
305,52,1,54
305,48,0,50
305,66,0,41
305,49,0,36
305,57,1,64
305,44,0,55
305,46,1,47
305,63,0,61
305,57,1,28
305,38,1,43
305,60,0,41
305,37,1,26
305,40,1,23
305,52,1,61
305,71,0,30
305,2,0,47
305,42,1,49
305,35,1,62
305,36,0,46
305,64,0,32
305,3,0,40
305,52,1,59
306,70,1,25
306,8,1,21
306,7,1,37
306,57,1,21
306,37,0,25
306,64,1,18
306,7,0,39
306,54,0,26
306,53,0,24
306,21,1,20
306,64,1,26
306,61,1,23
306,26,1,17
306,63,1,20
306,6,1,18
306,6,1,23
306,48,1,22
306,14,1,30
306,4,1,23
306,54,0,26
306,48,1,17
306,10,0,7
306,30,1,33
306,2,1,29
306,64,1,36
306,0,1,26
306,39,1,5
306,37,0,19
306,2,0,22
306,14,1,17
306,35,1,25
306,20,1,27
306,68,0,28
306,65,1,33
306,34,0,20
306,39,1,16
306,8,1,32
306,26,1,18
306,12,1,38
306,3,0,30
306,37,1,20
306,65,0,24
306,42,0,12
306,31,0,20
306,59,1,30
306,16,0,15
306,37,0,21
306,59,1,28
306,36,1,34
306,17,0,21
306,20,1,25
306,28,1,31
306,34,1,10
306,9,1,12
306,2,0,33
306,5,1,28
306,56,0,24
306,34,0,28
306,44,1,35
306,28,1,23
306,62,0,6
306,27,1,22
306,64,1,32
306,8,1,39
306,22,1,18
306,1,1,33
306,35,1,25
306,26,0,33
306,28,0,25
306,31,1,25
306,7,1,8
306,45,1,18
307,71,0,88
307,16,0,28
307,38,0,84
307,42,1,88
307,3,0,53
307,38,0,58
307,3,0,81
307,28,1,47
307,52,1,39
307,0,1,65
307,27,1,48
307,63,0,43
307,50,0,55
307,20,0,31
307,25,0,58
307,64,0,47
307,26,1,84
307,46,0,40
307,68,0,83
307,34,0,66
307,27,0,44
307,14,0,76
307,51,0,61
307,44,0,20
307,9,0,43
307,34,0,84
307,19,0,61
307,47,0,49
307,5,1,56
307,6,0,96
307,11,0,71
307,34,1,90
307,26,0,48
307,19,0,73
307,26,1,44
307,65,1,87
307,24,0,57
307,50,0,46
307,21,0,49
307,49,0,37
307,5,1,59
307,70,0,46
307,37,0,60
307,25,1,55
307,21,0,50
307,20,0,54
307,37,1,85
307,12,0,40
307,10,1,74
307,58,0,39
307,68,0,40
307,46,0,42
307,48,0,19
307,24,0,59
307,16,1,77
307,61,1,109
307,52,1,52
307,15,0,92
307,55,0,46
307,56,0,81
307,44,1,54
307,59,0,56
307,51,0,31
307,11,0,33
307,0,0,63
307,22,1,46
307,28,0,51
307,23,0,44
307,11,0,31
307,57,0,76
307,15,0,71
307,10,0,64
308,2,0,57
308,54,0,40
308,6,1,78
308,2,0,69
308,48,0,95
308,28,0,41
308,27,0,57
308,18,0,72
308,51,1,46
308,38,1,37
308,29,0,27
308,23,0,48
308,10,1,43
308,35,0,62
308,19,0,66
308,6,0,51
308,33,1,26
308,11,0,41
308,6,1,78
308,15,0,43
308,7,0,36
308,13,1,58
308,38,1,55
308,9,0,59
308,68,0,86
308,4,0,61
308,44,0,74
308,26,0,70
308,69,0,91
308,48,0,47
308,9,0,63
308,65,1,76
308,50,1,31
308,22,1,5
308,14,0,56
308,54,0,63
308,27,0,50
308,4,0,61
308,2,0,56
308,31,0,36
308,12,1,68
308,36,1,51
308,57,1,76
308,45,0,111
308,49,0,94
308,43,0,42
308,5,1,84
308,1,1,20
308,67,0,63
308,60,1,71
308,13,0,68
308,40,0,96
308,44,0,49
308,29,1,81
308,50,1,62
308,17,1,51
308,4,0,74
308,69,0,35
308,70,0,76
308,8,0,41
308,71,0,80
308,46,1,58
308,24,0,71
308,28,0,73
308,42,1,16
308,14,0,71
308,56,0,76
308,60,0,75
308,43,0,41
308,46,0,55
308,17,1,35
308,23,0,83
309,13,1,31
309,17,1,50
309,51,0,57
309,4,1,84
309,27,0,37
309,33,0,64
309,12,0,78
309,45,0,63
309,12,0,60
309,5,0,54
309,46,1,20
309,61,0,90
309,18,0,65
309,1,0,42
309,11,0,40
309,46,1,33
309,59,0,66
309,22,1,61
309,34,0,70
309,21,0,75
309,47,1,91
309,52,0,27
309,2,0,69
309,14,0,71
309,47,0,69
309,57,1,81
309,32,0,53
309,42,0,78
309,37,0,39
309,7,0,21
309,19,1,69
309,63,1,58
309,34,0,92
309,2,0,56
309,33,0,60
309,5,1,65
309,58,0,49
309,28,1,60
309,25,0,53
309,65,0,53
309,24,0,60
309,5,0,79
309,70,0,70
309,57,0,42
309,29,0,82
309,57,1,52
309,2,0,21
309,28,0,30
309,5,0,50
309,4,0,50
309,51,0,69
309,56,0,77
309,41,0,24
309,18,0,75
309,10,0,45
309,14,0,52
309,53,1,49
309,44,0,39
309,69,0,55
309,62,0,66
309,45,0,44
309,33,0,80
309,55,0,47
309,58,0,75
309,13,1,80
309,40,0,80
309,70,0,53
309,38,0,37
309,7,0,49
309,3,0,48
309,45,1,70
309,39,0,96
310,1,0,57
310,28,1,35
310,7,0,41
310,60,1,72
310,43,0,53
310,33,0,83
310,27,1,49
310,70,1,63
310,55,0,51
310,37,1,44
310,9,1,44
310,23,1,52
310,19,1,43
310,7,1,35
310,30,0,52
310,46,0,32
310,51,0,41
310,7,1,60
310,49,1,34
310,0,1,25
310,54,1,69
310,53,0,32
310,41,1,25
310,30,0,43
310,22,1,51
310,25,1,10
310,60,1,43
310,41,0,61
310,29,0,41
310,67,0,66
310,34,0,53
310,56,0,36
310,4,1,53
310,71,1,90
310,63,1,74
310,8,1,55
310,6,0,33
310,32,1,66
310,53,1,56
310,40,0,41
310,39,1,57
310,61,1,28
310,13,0,38
310,40,0,52
310,32,0,50
310,69,0,40
310,26,1,17
310,21,1,57
310,8,0,46
310,44,1,35
310,39,0,42
310,32,1,34
310,43,0,48
310,32,0,37
310,21,0,29
310,63,0,41
310,28,0,51
310,19,1,61
310,53,1,33
310,35,1,32
310,42,1,48
310,12,1,5
310,65,1,60
310,38,1,40
310,28,1,48
310,27,1,49
310,49,0,27
310,58,1,59
310,16,0,35
310,39,1,17
310,19,0,43
310,58,1,80
311,56,1,27
311,61,1,32
311,51,1,38
311,2,1,31
311,59,0,26
311,55,1,39
311,45,0,9
311,61,1,20
311,65,1,34
311,56,1,16
311,54,0,36
311,70,1,28
311,56,1,41
311,64,1,28
311,70,0,18
311,66,1,16
311,10,0,21
311,16,1,36
311,52,1,27
311,18,1,29
311,17,1,32
311,60,1,39
311,12,1,14
311,38,1,29
311,55,1,35
311,25,1,27
311,51,1,22
311,41,1,39
311,29,0,33
311,21,1,26
311,12,0,29
311,13,1,32
311,32,0,18
311,31,1,36
311,25,1,35
311,9,1,28
311,16,1,17
311,3,0,16
311,36,1,29
311,6,1,23
311,68,1,25
311,71,1,33
311,23,0,24
311,14,1,40
311,57,0,49
311,0,1,34
311,65,1,13
311,64,1,20
311,59,1,35
311,11,1,42
311,62,1,27
311,3,0,32
311,54,1,24
311,62,0,10
311,39,1,34
311,50,1,30
311,27,1,15
311,14,0,30
311,63,1,22
311,56,1,31
311,3,0,19
311,35,1,28
311,62,1,23
311,64,1,27
311,13,1,33
311,41,1,31
311,6,0,23
311,9,1,9
311,43,1,26
311,43,0,14
311,67,1,19
311,60,1,15
312,54,0,22
312,35,1,29
312,44,0,36
312,49,1,17
312,46,0,19
312,37,0,38
312,4,0,40
312,49,1,33
312,65,1,50
312,25,1,22
312,16,1,28
312,64,1,26
312,49,1,33
312,9,0,35
312,32,0,38
312,13,1,24
312,56,1,31
312,24,0,32
312,39,0,26
312,46,0,26
312,30,1,13
312,38,1,48
312,68,0,22
312,15,1,36
312,6,1,38
312,60,0,28
312,10,0,36
312,3,0,17
312,20,1,18
312,7,1,53
312,50,1,18
312,6,0,30
312,44,0,36
312,51,0,30
312,8,1,24
312,21,1,32
312,44,1,38
312,21,1,25
312,57,1,31
312,14,0,37
312,21,1,23
312,27,1,11
312,33,1,31
312,67,0,13
312,70,1,43
312,53,1,35
312,41,1,28
312,37,0,30
312,60,1,17
312,51,1,36
312,53,1,48
312,67,0,30
312,13,1,38
312,14,1,26
312,45,1,22
312,55,1,35
312,35,1,39
312,65,1,22
312,23,0,44
312,11,1,22
312,22,1,43
312,22,0,25
312,54,1,37
312,7,1,20
312,43,1,37
312,47,1,13
312,37,1,42
312,2,1,37
312,50,1,34
312,10,1,29
312,54,0,43
312,3,1,19
313,34,0,65
313,42,0,31
313,36,0,61
313,43,1,48
313,7,1,16
313,42,1,14
313,28,1,27
313,20,0,60
313,49,1,46
313,18,1,28
313,0,0,43
313,14,0,57
313,42,1,16
313,43,0,40
313,52,1,20
313,63,1,68
313,53,1,63
313,41,0,24
313,50,0,44
313,15,1,35
313,14,0,59
313,1,0,32
313,48,1,21
313,60,0,53
313,68,0,24
313,59,1,45
313,45,0,45
313,10,1,63
313,32,0,48
313,59,0,24
313,53,1,50
313,64,1,38
313,61,1,70
313,14,0,40
313,17,1,39
313,54,0,25
313,56,1,51
313,63,1,32
313,38,0,21
313,70,0,38
313,33,1,47
313,45,1,34
313,21,0,74
313,45,0,52
313,13,1,46
313,28,0,10
313,67,0,42
313,7,0,34
313,21,1,51
313,34,0,48
313,35,0,32
313,34,0,18
313,58,1,6
313,66,0,15
313,23,0,57
313,58,0,33
313,8,0,13
313,24,0,18
313,42,1,45
313,46,1,8
313,42,1,41
313,58,0,38
313,59,1,58
313,29,1,33
313,22,1,50
313,30,1,49
313,24,0,22
313,25,1,44
313,22,1,37
313,2,1,50
313,57,0,18
313,41,1,43
314,15,0,51
314,16,1,24
314,33,1,47
314,38,1,35
314,53,1,32
314,20,0,19
314,14,1,5
314,62,0,28
314,44,0,22
314,56,1,16
314,49,1,37
314,68,1,37
314,37,0,51
314,22,1,41
314,60,0,54
314,71,0,52
314,34,1,38
314,35,1,59
314,43,0,31
314,31,0,58
314,60,1,72
314,20,1,40
314,65,1,52
314,56,0,18
314,53,0,20
314,40,1,35
314,34,0,72
314,32,0,43
314,69,0,44
314,63,0,41
314,45,1,56
314,52,1,49
314,30,1,52
314,68,1,66
314,62,0,60
314,37,1,26
314,61,1,35
314,15,1,37
314,56,1,61
314,67,1,40
314,0,1,61
314,21,1,64
314,5,0,37
314,14,1,28
314,66,1,16
314,35,1,50
314,20,1,34
314,3,0,42
314,30,0,10
314,66,1,31
314,67,0,40
314,28,1,61
314,69,1,33
314,54,1,76
314,53,1,37
314,70,1,42
314,11,0,40
314,10,0,38
314,43,0,73
314,15,1,34
314,54,0,39
314,24,0,27
314,19,0,58
314,29,0,29
314,37,0,57
314,51,1,47
314,63,1,65
314,29,0,58
314,37,0,43
314,44,1,39
314,70,0,45
314,58,1,12
315,39,0,77
315,3,1,76
315,11,1,54
315,30,1,32
315,23,0,68
315,39,0,53
315,39,0,54
315,6,0,52
315,20,0,97
315,25,0,105
315,65,1,33
315,37,0,53
315,63,0,55
315,62,0,63
315,16,0,63
315,21,0,54
315,16,0,38
315,41,1,50
315,13,0,82
315,39,0,41
315,60,1,72
315,16,0,51
315,39,0,61
315,25,0,46
315,43,0,89
315,19,0,46
315,64,0,47
315,56,1,78
315,8,1,38
315,26,1,61
315,62,0,56
315,68,0,81
315,40,0,77
315,40,1,24
315,3,1,69
315,19,0,43
315,14,0,41
315,55,0,39
315,32,0,67
315,64,0,21
315,56,1,62
315,2,0,65
315,70,0,63
315,29,0,31
315,60,1,29
315,69,0,52
315,60,1,50
315,57,0,79
315,40,1,118
315,59,1,57
315,51,0,66
315,3,0,49
315,60,1,73
315,35,1,60
315,50,1,74
315,53,0,42
315,56,0,69
315,56,1,48
315,16,0,48
315,48,0,89
315,18,0,66
315,64,0,75
315,67,0,86
315,66,1,45
315,69,0,89
315,59,1,29
315,11,1,61
315,30,0,44
315,66,0,61
315,61,0,43
315,7,0,32
315,37,0,54
316,5,0,30
316,17,0,59
316,36,1,40
316,52,1,50
316,4,0,37
316,43,0,62
316,29,0,55
316,30,1,57
316,43,1,69
316,9,0,26
316,13,0,31
316,0,0,35
316,17,0,63
316,6,1,43
316,29,0,53
316,59,1,56
316,27,1,54
316,68,1,25
316,13,0,16
316,34,0,65
316,7,0,52
316,63,0,56
316,52,1,13
316,25,0,44
316,71,0,58
316,29,0,45
316,48,0,23
316,1,0,16
316,6,0,53
316,66,1,20
316,2,1,46
316,25,1,35
316,26,0,36
316,4,0,43
316,6,1,36
316,26,0,45
316,46,0,39
316,33,0,27
316,17,1,52
316,11,1,51
316,71,0,56
316,37,1,30
316,0,0,30
316,20,0,52
316,55,0,27
316,61,0,44
316,32,0,45
316,39,0,40
316,60,1,9
316,29,1,47
316,27,1,62
316,13,0,78
316,31,0,46
316,15,1,63
316,61,1,19
316,36,1,53
316,32,0,40
316,42,1,43
316,27,0,55
316,21,0,24
316,25,1,53
316,30,1,25
316,14,1,33
316,18,0,26
316,34,1,63
316,51,0,66
316,35,0,45
316,50,0,73
316,11,1,22
316,62,1,85
316,14,1,32
316,32,1,78
317,19,0,33
317,12,0,20
317,60,1,31
317,31,0,31
317,63,0,59
317,7,1,30
317,68,0,59
317,26,0,48
317,3,0,25
317,58,1,45
317,20,0,54
317,9,1,34
317,61,1,47
317,50,0,52
317,50,1,29
317,70,1,74
317,0,1,43
317,37,0,39
317,43,1,57
317,36,0,59
317,55,0,6
317,66,0,34
317,47,0,29
317,57,0,26
317,48,0,56
317,62,0,39
317,9,1,11
317,47,0,27
317,60,1,33
317,18,0,72
317,42,1,26
317,41,0,37
317,62,0,38
317,47,0,32
317,8,0,35
317,40,1,28
317,15,0,11
317,22,1,40
317,37,0,60
317,36,0,22
317,57,1,50
317,50,0,40
317,49,1,31
317,66,0,26
317,13,0,34
317,17,0,34
317,44,0,33
317,24,0,23
317,52,1,58
317,51,0,63
317,9,0,47
317,55,0,24
317,7,1,41
317,22,0,62
317,22,0,46
317,57,0,43
317,63,1,39
317,20,0,44
317,40,0,34
317,10,0,36
317,29,0,48
317,47,1,57
317,66,0,23
317,37,0,41
317,44,1,17
317,21,1,13
317,10,1,27
317,19,1,34
317,54,1,27
317,41,1,43
317,55,1,23
317,41,1,40
318,1,0,17
318,39,1,26
318,60,1,33
318,46,1,29
318,44,1,21
318,53,0,33
318,64,1,32
318,64,1,30
318,65,1,38
318,7,0,24
318,47,1,46
318,65,1,18
318,31,0,45
318,40,1,31
318,46,1,51
318,13,0,16
318,17,1,28
318,18,1,28
318,14,1,20
318,62,1,17
318,13,1,30
318,61,1,32
318,11,1,13
318,3,1,18
318,12,1,30
318,62,1,31
318,32,0,24
318,21,1,22
318,70,0,19
318,70,0,25
318,36,1,37
318,59,1,25
318,44,1,21
318,43,0,34
318,64,1,33
318,52,1,36
318,70,1,35
318,9,1,50
318,30,1,39
318,58,1,35
318,8,1,19
318,11,1,21
318,55,1,36
318,43,0,33
318,62,1,29
318,29,1,33
318,64,1,46
318,71,0,32
318,12,1,31
318,17,1,35
318,62,0,36
318,71,0,26
318,19,1,38
318,48,0,25
318,2,0,28
318,32,0,41
318,37,1,30
318,38,1,34
318,15,1,35
318,12,1,32
318,31,1,28
318,66,0,13
318,34,1,24
318,39,1,38
318,31,0,21
318,15,1,26
318,24,0,42
318,47,0,29
318,22,1,34
318,59,1,28
318,3,1,28
318,23,0,30
319,36,0,23
319,35,1,42
319,7,1,17
319,24,0,55
319,10,1,57
319,52,1,30
319,61,1,37
319,70,0,48
319,46,1,59
319,15,1,30
319,57,0,27
319,60,1,56
319,0,1,7
319,6,1,47
319,19,1,42
319,39,1,25
319,24,1,42
319,4,0,39
319,48,1,21
319,1,0,15
319,10,1,30
319,71,1,28
319,67,0,43
319,22,0,35
319,32,1,53
319,21,0,33
319,32,0,43
319,67,0,28
319,18,0,42
319,47,1,31
319,67,1,71
319,47,1,5
319,26,0,39
319,3,0,57
319,10,1,57
319,68,1,48
319,55,0,43
319,22,0,40
319,20,1,56
319,53,0,29
319,30,1,38
319,45,1,31
319,41,1,42
319,62,0,22
319,53,1,48
319,11,1,30
319,17,0,53
319,59,0,57
319,38,1,62
319,33,0,57
319,22,1,31
319,70,0,47
319,40,1,45
319,69,1,51
319,34,0,44
319,59,0,32
319,15,1,31
319,14,1,20
319,33,1,31
319,65,0,41
319,66,1,27
319,45,0,36
319,54,0,53
319,63,1,58
319,26,0,52
319,9,1,29
319,44,1,29
319,50,0,64
319,51,1,49
319,40,0,20
319,40,0,49
319,19,0,59
320,25,1,28
320,1,1,26
320,29,1,31
320,5,1,26
320,43,0,33
320,18,1,44
320,13,1,24
320,48,1,19
320,63,0,43
320,47,1,34
320,2,0,41
320,62,1,50
320,10,1,33
320,65,0,36
320,2,1,47
320,34,1,29
320,5,1,36
320,38,1,21
320,18,0,25
320,17,1,41
320,21,1,42
320,0,1,21
320,9,1,21
320,65,1,33
320,69,1,26
320,55,1,15
320,66,0,36
320,31,1,25
320,23,1,21
320,30,1,31
320,32,1,20
320,63,1,34
320,41,1,33
320,69,1,23
320,18,1,19
320,53,0,44
320,41,1,9
320,65,1,27
320,66,1,29
320,36,1,30
320,55,0,36
320,30,1,39
320,50,1,44
320,8,0,38
320,45,1,9
320,21,1,30
320,0,1,28
320,21,1,26
320,53,0,42
320,10,1,25
320,39,0,30
320,21,0,32
320,49,1,23
320,6,1,23
320,27,1,35
320,54,0,20
320,29,1,12
320,54,1,32
320,28,1,18
320,20,1,34
320,49,0,22
320,18,1,34
320,68,1,24
320,6,1,43
320,48,1,29
320,50,0,29
320,35,1,19
320,15,1,21
320,56,1,37
320,23,1,43
320,46,1,52
320,48,1,33
321,19,1,49
321,8,1,35
321,44,1,35
321,43,1,48
321,10,1,27
321,65,1,23
321,38,1,16
321,64,1,37
321,14,0,20
321,31,1,11
321,23,0,19
321,48,1,16
321,69,0,32
321,3,0,23
321,7,1,30
321,33,1,25
321,20,0,5
321,7,1,23
321,25,1,24
321,48,1,24
321,38,1,23
321,22,1,28
321,16,1,23
321,66,1,22
321,19,1,29
321,56,1,17
321,67,1,37
321,0,1,41
321,50,1,39
321,27,1,22
321,0,1,29
321,58,1,22
321,33,1,31
321,18,1,34
321,27,1,22
321,26,1,31
321,65,1,47
321,43,0,32
321,63,1,36
321,65,1,33
321,3,0,23
321,30,1,32
321,11,1,26
321,15,1,11
321,58,1,29
321,29,1,21
321,58,1,24
321,60,1,5
321,24,1,11
321,70,1,40
321,23,1,33
321,5,1,36
321,4,0,33
321,47,1,29
321,28,1,29
321,60,1,34
321,31,0,51
321,65,1,39
321,14,1,38
321,5,1,22
321,40,1,31
321,28,1,24
321,54,1,34
321,47,1,11
321,62,1,20
321,25,1,26
321,70,1,27
321,66,1,23
321,14,0,23
321,51,1,21
321,6,1,42
321,27,1,21
322,19,1,35
322,22,0,26
322,17,1,43
322,46,1,65
322,32,1,35
322,68,0,27
322,70,1,53
322,47,1,17
322,38,1,38
322,42,0,46
322,28,1,19
322,42,1,34
322,2,0,45
322,16,1,52
322,1,1,61
322,12,0,57
322,9,1,61
322,71,0,66
322,20,1,5
322,42,0,23
322,16,1,39
322,49,1,44
322,0,1,30
322,39,1,55
322,43,0,29
322,33,0,58
322,1,0,31
322,26,1,36
322,29,0,5
322,42,1,62
322,29,1,58
322,36,1,53
322,41,0,39
322,24,0,31
322,30,1,42
322,29,1,51
322,46,1,38
322,10,0,19
322,59,0,43
322,58,1,29
322,68,0,5
322,1,0,57
322,33,0,8
322,67,0,36
322,53,1,36
322,33,1,17
322,52,0,23
322,51,1,51
322,25,1,46
322,3,0,12
322,27,0,48
322,55,0,61
322,37,1,63
322,51,0,45
322,40,0,30
322,35,0,26
322,44,0,53
322,0,0,22
322,17,1,30
322,18,0,14
322,0,0,36
322,58,1,32
322,36,1,49
322,68,1,25
322,24,0,46
322,65,0,54
322,21,0,28
322,32,0,42
322,0,1,50
322,18,1,50
322,15,0,11
322,48,1,23
323,19,1,40
323,40,1,15
323,67,0,11
323,68,1,33
323,19,0,39
323,45,0,19
323,49,1,28
323,46,1,5
323,31,1,32
323,38,1,16
323,63,0,38
323,68,0,32
323,10,0,53
323,54,1,17
323,0,1,29
323,42,1,28
323,14,0,7
323,55,1,28
323,20,1,24
323,31,0,33
323,9,1,28
323,12,1,27
323,26,1,29
323,10,0,17
323,63,0,27
323,16,1,44
323,33,0,31
323,30,1,20
323,70,1,23
323,68,0,19
323,32,0,51
323,27,1,18
323,40,0,32
323,8,0,31
323,3,1,35
323,37,0,47
323,52,1,26
323,10,0,33
323,35,1,39
323,24,0,35
323,23,0,22
323,16,0,30
323,71,1,33
323,1,1,6
323,24,1,31
323,39,1,21
323,20,0,39
323,5,1,40
323,54,1,15
323,20,1,29
323,36,1,13
323,6,1,23
323,2,0,30
323,36,0,26
323,14,0,35
323,67,1,20
323,68,1,23
323,8,0,18
323,44,1,6
323,68,0,13
323,64,1,15
323,55,0,9
323,8,1,32
323,11,0,40
323,49,1,25
323,21,0,14
323,71,0,37
323,20,0,28
323,38,1,35
323,68,1,19
323,27,0,18
323,23,0,33
324,32,0,15
324,7,1,40
324,55,0,58
324,33,1,15
324,31,0,53
324,49,1,42
324,4,1,64
324,14,1,48
324,44,1,28
324,46,1,49
324,35,1,60
324,35,1,32
324,53,0,55
324,59,1,67
324,53,0,8
324,24,1,68
324,40,1,54
324,12,1,32
324,27,1,55
324,64,0,35
324,67,1,28
324,50,1,37
324,49,0,20
324,13,0,61
324,36,1,31
324,25,1,66
324,24,0,58
324,70,0,52
324,12,1,46
324,51,0,62
324,70,0,41
324,60,1,49
324,2,1,41
324,67,0,48
324,71,0,24
324,51,0,39
324,54,0,40
324,43,0,40
324,27,0,63
324,64,0,48
324,54,1,84
324,65,1,53
324,5,1,40
324,15,1,7
324,7,1,62
324,5,1,45
324,7,0,45
324,53,1,50
324,61,1,32
324,69,0,42
324,47,0,52
324,35,1,17
324,25,0,44
324,19,1,32
324,14,1,36
324,4,0,41
324,15,0,51
324,44,0,66
324,65,1,39
324,70,1,19
324,2,1,49
324,1,1,67
324,66,1,17
324,34,1,73
324,56,1,42
324,25,1,41
324,17,1,51
324,46,1,49
324,53,1,49
324,47,1,18
324,51,0,38
324,6,1,49
325,42,0,39
325,37,0,35
325,39,1,29
325,60,0,21
325,23,1,33
325,19,0,25
325,10,0,20
325,14,0,5
325,19,0,21
325,21,0,20
325,28,0,8
325,20,1,8
325,58,0,28
325,11,0,23
325,20,1,35
325,8,1,22
325,46,0,22
325,15,1,39
325,46,1,9
325,38,0,42
325,14,1,37
325,27,0,13
325,32,0,34
325,70,0,28
325,10,0,17
325,27,0,41
325,18,0,27
325,54,0,44
325,8,0,14
325,52,0,29
325,28,0,24
325,46,1,43
325,38,0,32
325,44,1,43
325,23,0,20
325,55,1,17
325,13,1,36
325,15,0,39
325,51,1,14
325,49,0,30
325,64,0,5
325,2,1,24
325,8,0,29
325,11,0,16
325,64,0,21
325,37,1,21
325,9,0,17
325,57,0,19
325,65,1,33
325,59,1,27
325,35,0,38
325,33,0,41
325,50,0,21
325,63,1,11
325,7,1,27
325,20,0,38
325,39,0,15
325,18,1,23
325,30,1,26
325,58,0,15
325,43,1,22
325,26,0,25
325,46,0,17
325,11,0,27
325,68,1,6
325,58,0,16
325,15,1,11
325,7,0,24
325,68,1,19
325,25,1,11
325,46,0,15
325,28,0,58
326,19,0,17
326,26,1,37
326,68,1,31
326,41,1,19
326,41,1,8
326,19,0,36
326,8,1,21
326,8,1,31
326,33,1,54
326,35,1,27
326,28,1,37
326,42,1,25
326,15,1,20
326,13,1,34
326,66,0,47
326,44,1,10
326,50,0,24
326,15,0,24
326,36,1,32
326,21,1,28
326,29,1,39
326,21,1,26
326,36,1,47
326,41,1,25
326,2,1,28
326,2,0,16
326,50,1,58
326,20,1,33
326,61,1,14
326,46,0,28
326,55,1,20
326,45,0,29
326,41,1,46
326,69,0,32
326,34,1,12
326,9,1,19
326,15,1,51
326,68,1,22
326,64,1,15
326,38,1,32
326,34,1,25
326,10,0,58
326,42,1,41
326,57,1,24
326,21,1,39
326,68,1,43
326,57,1,23
326,3,0,20
326,52,1,44
326,51,0,24
326,46,1,33
326,7,1,36
326,63,0,34
326,20,1,34
326,50,0,43
326,19,0,25
326,15,1,37
326,46,1,29
326,19,1,33
326,51,1,43
326,65,1,41
326,12,0,26
326,55,1,27
326,14,0,30
326,53,1,29
326,36,0,36
326,5,1,29
326,49,1,30
326,13,1,33
326,20,1,38
326,66,1,23
326,12,1,10
327,42,1,22
327,36,1,41
327,47,0,26
327,70,0,46
327,44,0,39
327,64,0,55
327,17,0,17
327,51,0,61
327,20,1,18
327,57,0,36
327,19,1,46
327,41,1,27
327,15,0,45
327,21,1,26
327,39,0,37
327,39,0,39
327,35,1,46
327,30,1,67
327,29,1,49
327,54,0,25
327,35,0,46
327,7,1,45
327,3,0,31
327,7,1,35
327,58,1,38
327,5,1,15
327,57,0,62
327,29,1,28
327,11,0,40
327,16,1,46
327,28,0,50
327,54,1,52
327,28,1,53
327,61,0,37
327,13,1,25
327,42,0,59
327,14,1,53
327,62,0,52
327,71,0,40
327,7,1,24
327,49,1,24
327,35,0,44
327,70,0,24
327,38,1,51
327,4,0,67
327,13,0,65
327,51,0,19
327,22,1,36
327,42,0,46
327,51,0,34
327,12,1,42
327,45,1,26
327,56,0,46
327,1,0,48
327,35,1,59
327,31,0,44
327,9,0,45
327,29,1,31
327,38,1,45
327,24,1,42
327,67,0,28
327,54,0,40
327,63,1,48
327,4,0,52
327,5,0,33
327,21,1,33
327,25,0,46
327,24,0,44
327,68,0,36
327,2,1,21
327,27,1,53
327,18,0,27
328,70,0,46
328,25,0,43
328,24,0,52
328,71,0,65
328,43,0,46
328,21,0,49
328,41,0,76
328,30,0,78
328,25,0,67
328,29,0,68
328,13,1,60
328,44,0,72
328,37,0,68
328,20,0,29
328,46,0,25
328,45,0,79
328,27,0,43
328,68,0,58
328,34,0,53
328,63,0,83
328,10,0,55
328,67,0,93
328,10,1,14
328,5,1,39
328,52,0,55
328,28,0,59
328,8,0,40
328,30,1,91
328,49,0,90
328,38,0,30
328,57,0,49
328,60,1,43
328,12,0,60
328,28,0,58
328,41,0,67
328,28,0,74
328,35,0,70
328,1,0,53
328,41,0,67
328,5,1,65
328,41,1,77
328,13,0,52
328,56,0,39
328,68,0,79
328,23,0,55
328,24,0,55
328,8,0,28
328,33,0,61
328,49,0,39
328,17,0,14
328,64,0,70
328,43,0,60
328,49,1,85
328,10,0,64
328,33,0,55
328,64,0,51
328,67,0,79
328,7,0,35
328,36,0,44
328,14,0,88
328,26,0,72
328,31,0,77
328,62,0,92
328,25,1,78
328,3,0,37
328,51,0,107
328,10,1,61
328,42,1,84
328,41,0,55
328,11,0,87
328,4,0,69
328,35,0,69
329,63,1,86
329,54,0,51
329,41,0,36
329,63,1,60
329,22,1,36
329,5,1,50
329,67,0,89
329,19,1,40
329,59,0,76
329,26,1,72
329,50,0,49
329,50,0,72
329,44,0,69
329,61,0,101
329,64,0,89
329,65,1,67
329,21,0,58
329,1,0,65
329,56,0,75
329,12,0,56
329,26,0,38
329,41,1,60
329,33,0,49
329,37,0,65
329,36,1,56
329,71,0,33
329,25,0,84
329,10,0,97
329,14,0,35
329,47,0,58
329,55,0,33
329,68,0,57
329,23,1,29
329,21,0,84
329,0,1,33
329,19,0,59
329,13,0,74
329,35,0,58
329,12,0,42
329,53,0,68
329,7,1,86
329,10,0,74
329,42,1,13
329,10,0,60
329,52,0,66
329,37,0,40
329,40,0,38
329,36,1,69
329,66,0,40
329,47,0,103
329,6,1,40
329,28,1,65
329,33,0,29
329,31,0,46
329,50,0,61
329,23,0,41
329,5,1,70
329,19,0,65
329,27,0,71
329,47,0,70
329,46,0,33
329,46,0,68
329,41,0,54
329,30,1,58
329,48,1,51
329,21,0,89
329,28,0,68
329,56,0,64
329,41,1,56
329,8,1,77
329,50,0,75
329,5,1,68
330,63,1,48
330,10,1,56
330,31,1,51
330,66,0,64
330,5,1,21
330,71,1,40
330,69,1,53
330,63,1,28
330,63,1,62
330,61,1,52
330,71,0,61
330,52,0,30
330,60,1,40
330,37,0,28
330,71,1,23
330,62,0,36
330,61,1,26
330,58,0,58
330,61,1,29
330,45,0,52
330,3,1,44
330,8,1,38
330,62,1,29
330,29,1,57
330,16,1,30
330,7,1,55
330,56,1,52
330,46,0,55
330,3,0,53
330,13,0,25
330,66,0,34
330,21,1,19
330,34,0,30
330,7,0,36
330,59,0,27
330,5,1,24
330,49,1,42
330,38,0,40
330,43,0,52
330,4,1,46
330,31,0,53
330,62,1,5
330,61,1,47
330,37,1,64
330,16,0,32
330,61,0,66
330,8,0,53
330,20,1,32
330,16,0,27
330,35,0,50
330,62,0,37
330,43,0,34
330,37,1,47
330,15,0,51
330,68,1,17
330,62,1,29
330,3,1,34
330,4,1,61
330,11,1,56
330,38,1,68
330,27,0,58
330,28,1,32
330,24,1,51
330,9,0,40
330,22,0,24
330,49,1,34
330,20,0,22
330,60,1,30
330,49,1,22
330,45,1,51
330,54,1,41
330,42,1,42
331,68,0,45
331,58,1,52
331,13,1,44
331,34,0,67
331,13,1,43
331,10,0,37
331,15,1,36
331,52,1,53
331,22,1,43
331,23,0,24
331,65,1,41
331,36,1,54
331,2,1,23
331,4,0,55
331,50,0,42
331,26,0,50
331,1,0,67
331,4,1,20
331,9,0,59
331,65,1,28
331,45,0,52
331,42,1,57
331,20,0,26
331,58,1,47
331,22,0,41
331,63,1,33
331,29,0,10
331,53,1,27
331,37,1,53
331,34,0,28
331,19,0,48
331,71,0,38
331,44,0,48
331,68,0,42
331,30,0,22
331,36,1,14
331,8,1,30
331,66,0,14
331,71,0,50
331,2,0,47
331,46,0,39
331,56,0,12
331,40,0,35
331,55,1,11
331,11,0,44
331,59,0,29
331,45,1,50
331,66,0,44
331,32,0,76
331,71,0,28
331,62,0,90
331,27,0,58
331,30,0,39
331,57,0,70
331,8,1,13
331,49,1,80
331,60,0,11
331,3,0,19
331,6,1,64
331,1,1,41
331,39,0,36
331,33,0,30
331,68,0,46
331,44,0,53
331,3,0,48
331,67,0,47
331,35,1,36
331,15,0,40
331,68,0,32
331,19,1,43
331,41,0,47
331,0,1,8
332,9,1,5
332,60,1,39
332,57,1,21
332,36,0,5
332,42,1,28
332,39,0,39
332,21,0,20
332,17,1,17
332,32,0,26
332,63,0,13
332,65,1,37
332,48,1,42
332,32,0,36
332,46,0,39
332,54,1,16
332,7,1,35
332,66,1,26
332,16,0,38
332,7,0,15
332,34,0,18
332,7,0,34
332,63,0,36
332,45,1,32
332,2,0,5
332,69,0,22
332,22,1,11
332,61,1,19
332,42,0,20
332,46,1,15
332,67,0,27
332,19,0,14
332,59,1,41
332,1,0,17
332,44,0,20
332,55,0,31
332,67,0,9
332,30,1,29
332,15,0,5
332,32,0,46
332,16,0,26
332,18,1,10
332,9,1,14
332,38,0,32
332,17,0,25
332,1,0,15
332,51,0,22
332,15,1,19
332,8,0,15
332,51,0,21
332,11,1,5
332,3,0,24
332,64,1,45
332,16,0,24
332,7,0,24
332,29,0,38
332,32,1,27
332,43,1,17
332,19,0,31
332,38,1,22
332,50,1,27
332,66,1,30
332,9,0,28
332,62,0,25
332,14,1,22
332,22,0,33
332,11,0,30
332,67,0,19
332,42,1,24
332,9,1,48
332,19,1,17
332,44,1,13
332,54,1,24
333,27,0,8
333,66,1,41
333,70,1,32
333,4,1,29
333,63,1,26
333,60,1,31
333,35,1,26
333,16,1,29
333,7,0,40
333,48,1,42
333,22,1,30
333,29,1,20
333,59,1,40
333,60,1,25
333,27,1,34
333,47,1,20
333,6,1,19
333,0,1,17
333,8,1,26
333,16,1,43
333,64,1,36
333,20,1,39
333,55,0,35
333,56,1,21
333,48,1,28
333,45,1,44
333,66,1,36
333,62,1,37
333,29,1,5
333,10,1,42
333,7,1,47
333,48,1,20
333,60,1,40
333,69,1,49
333,36,1,23
333,17,1,47
333,63,1,37
333,49,1,40
333,39,0,39
333,17,1,27
333,51,1,38
333,47,0,38
333,40,0,49
333,57,1,25
333,1,1,41
333,41,0,33
333,11,1,43
333,11,1,27
333,71,1,27
333,24,1,32
333,51,1,13
333,40,1,21
333,21,0,34
333,4,1,30
333,60,1,22
333,3,0,25
333,30,1,47
333,7,1,17
333,9,1,18
333,29,0,30
333,11,1,17
333,7,1,46
333,58,1,35
333,2,1,33
333,55,0,19
333,53,0,18
333,21,1,43
333,27,0,21
333,41,1,27
333,30,1,39
333,65,1,37
333,27,1,23
334,63,0,25
334,22,1,65
334,52,1,43
334,18,0,26
334,2,0,13
334,61,1,35
334,15,1,54
334,32,0,51
334,26,1,33
334,60,0,33
334,56,1,15
334,57,1,34
334,64,0,24
334,5,1,15
334,55,1,37
334,56,1,47
334,17,1,31
334,5,0,47
334,33,1,38
334,65,0,5
334,68,1,52
334,12,0,41
334,17,1,22
334,68,0,17
334,64,0,24
334,19,1,33
334,2,0,34
334,22,1,53
334,13,0,22
334,20,1,47
334,55,0,37
334,58,1,32
334,63,0,54
334,69,0,30
334,16,1,29
334,29,1,25
334,7,1,28
334,11,0,47
334,8,1,56
334,12,0,33
334,21,0,46
334,12,0,47
334,59,1,29
334,40,0,54
334,60,0,35
334,17,0,66
334,27,0,43
334,34,0,27
334,52,1,65
334,69,0,25
334,68,0,5
334,30,0,61
334,17,1,27
334,50,0,35
334,68,0,40
334,44,1,30
334,51,0,44
334,62,0,30
334,12,0,38
334,30,1,44
334,43,0,32
334,50,0,25
334,35,1,52
334,8,0,52
334,51,1,19
334,22,1,44
334,54,0,8
334,35,1,60
334,21,0,38
334,21,1,55
334,41,1,27
334,19,1,61
335,70,0,52
335,42,1,60
335,27,0,61
335,5,0,86
335,62,0,52
335,54,0,73
335,45,0,47
335,39,0,85
335,22,0,50
335,25,0,67
335,31,0,41
335,9,0,61
335,47,0,46
335,46,0,50
335,5,0,66
335,44,0,51
335,38,1,51
335,69,0,74
335,59,0,75
335,29,1,42
335,25,0,43
335,54,0,40
335,37,0,68
335,2,0,50
335,4,0,51
335,34,0,74
335,30,0,33
335,52,0,57
335,41,0,107
335,62,0,66
335,5,1,60
335,11,0,61
335,19,0,90
335,38,0,51
335,39,0,51
335,31,0,70
335,63,0,82
335,39,0,17
335,53,0,48
335,48,0,60
335,12,0,72
335,30,1,58
335,3,0,47
335,36,1,62
335,19,0,67
335,4,0,70
335,5,1,85
335,27,1,52
335,43,0,69
335,3,0,80
335,44,1,79
335,32,0,61
335,61,0,84
335,66,0,72
335,14,0,37
335,59,0,70
335,44,0,71
335,66,0,65
335,5,0,77
335,63,1,52
335,58,0,30
335,35,0,57
335,44,0,57
335,29,0,42
335,65,1,46
335,26,1,82
335,2,0,49
335,11,0,67
335,30,1,70
335,53,0,45
335,26,1,63
335,60,1,71
336,59,1,39
336,8,1,35
336,51,1,26
336,64,1,26
336,49,1,24
336,50,1,40
336,8,1,60
336,51,1,28
336,30,1,37
336,10,0,25
336,50,1,31
336,67,1,29
336,61,0,23
336,55,1,27
336,0,1,40
336,41,1,10
336,27,1,35
336,71,0,43
336,6,1,42
336,16,1,46
336,48,0,29
336,24,0,31
336,57,0,34
336,27,1,21
336,64,0,24
336,20,1,22
336,23,0,31
336,22,1,31
336,6,1,32
336,33,1,29
336,12,0,30
336,50,1,48
336,34,1,32
336,45,1,34
336,66,1,25
336,51,0,28
336,39,0,40
336,69,0,26
336,32,0,33
336,38,1,26
336,51,1,25
336,42,1,33
336,54,0,34
336,35,1,31
336,31,1,49
336,50,1,15
336,25,1,33
336,63,1,38
336,55,0,41
336,40,0,35
336,19,0,16
336,5,1,28
336,18,1,35
336,13,0,20
336,65,1,42
336,10,1,23
336,36,1,10
336,12,1,31
336,61,1,24
336,62,1,25
336,29,1,12
336,29,1,22
336,25,1,41
336,14,0,32
336,36,1,25
336,3,1,13
336,29,1,30
336,35,1,20
336,28,1,5
336,56,1,28
336,62,1,40
336,43,1,26
337,28,0,65
337,71,1,25
337,52,1,46
337,43,0,18
337,9,0,35
337,19,0,50
337,63,0,54
337,5,1,16
337,45,0,5
337,62,0,44
337,52,1,10
337,5,1,29
337,5,0,48
337,63,1,35
337,51,0,32
337,7,1,42
337,15,0,27
337,9,1,15
337,49,1,66
337,51,0,36
337,1,0,23
337,5,1,52
337,14,1,36
337,42,1,49
337,30,1,16
337,4,0,48
337,51,0,39
337,2,0,44
337,51,0,41
337,44,0,14
337,51,1,48
337,45,0,45
337,19,1,61
337,2,0,38
337,23,0,65
337,49,0,45
337,68,0,52
337,49,1,34
337,62,1,39
337,38,0,19
337,21,0,73
337,37,0,39
337,60,1,29
337,0,0,44
337,26,0,48
337,60,1,55
337,68,0,28
337,29,0,22
337,27,1,52
337,12,0,26
337,44,1,26
337,18,0,42
337,63,0,43
337,11,0,63
337,54,0,35
337,71,0,30
337,35,0,42
337,62,0,51
337,42,1,45
337,0,0,36
337,6,1,50
337,54,1,26
337,47,1,40
337,51,0,39
337,29,0,37
337,68,1,64
337,69,0,45
337,51,0,58
337,33,0,45
337,45,0,43
337,39,0,30
337,68,1,69
338,64,0,44
338,49,1,77
338,51,0,50
338,10,0,37
338,32,0,75
338,2,0,59
338,21,0,70
338,19,0,65
338,8,0,78
338,14,0,36
338,31,0,93
338,47,0,44
338,51,1,30
338,58,1,47
338,13,0,53
338,32,0,37
338,20,0,67
338,0,0,67
338,31,0,63
338,39,0,42
338,19,0,33
338,18,1,73
338,13,1,46
338,10,0,91
338,35,0,33
338,52,1,81
338,27,0,76
338,65,1,73
338,39,0,44
338,37,0,100
338,20,0,44
338,43,0,49
338,43,0,80
338,0,0,72
338,0,0,20
338,30,1,56
338,41,0,51
338,71,0,63
338,71,0,56
338,44,0,61
338,51,0,69
338,10,0,62
338,59,1,87
338,31,0,67
338,16,1,51
338,41,1,80
338,23,0,56
338,42,1,56
338,47,0,48
338,71,0,37
338,45,0,72
338,31,0,63
338,13,1,62
338,44,1,59
338,65,1,82
338,34,0,51
338,8,0,70
338,46,1,41
338,14,0,47
338,64,0,38
338,32,0,69
338,61,1,70
338,24,0,41
338,45,0,69
338,54,0,58
338,3,0,67
338,43,1,65
338,56,1,76
338,58,1,80
338,31,1,45
338,70,0,45
338,10,0,56
339,55,1,33
339,54,0,22
339,0,1,31
339,2,1,22
339,30,0,22
339,7,1,29
339,48,1,26
339,7,1,35
339,56,1,28
339,48,1,23
339,2,1,50
339,58,1,46
339,1,1,52
339,46,1,34
339,61,1,41
339,7,1,25
339,54,1,31
339,41,1,41
339,34,1,30
339,35,1,21
339,0,1,18
339,57,1,20
339,6,1,26
339,0,1,31
339,63,1,23
339,22,1,5
339,51,1,26
339,68,1,15
339,19,1,18
339,59,1,38
339,33,1,26
339,27,1,41
339,7,1,11
339,47,0,36
339,15,1,26
339,37,1,15
339,34,0,37
339,15,1,34
339,60,1,38
339,47,1,32
339,4,0,30
339,18,0,29
339,47,0,26
339,63,1,37
339,57,1,27
339,55,1,22
339,63,1,42
339,12,1,31
339,67,0,11
339,8,1,16
339,36,1,19
339,64,1,20
339,39,0,22
339,44,1,19
339,70,1,37
339,48,1,10
339,1,1,24
339,23,1,35
339,32,1,54
339,51,0,44
339,26,0,28
339,5,1,26
339,33,1,31
339,34,1,27
339,53,0,19
339,61,1,27
339,9,1,14
339,50,1,25
339,47,1,23
339,66,0,29
339,69,1,22
339,55,1,25
340,71,0,54
340,37,1,33
340,67,1,22
340,71,0,58
340,46,0,52
340,35,1,34
340,29,0,49
340,19,1,25
340,70,0,49
340,36,1,38
340,71,1,70
340,42,1,29
340,51,0,26
340,53,0,53
340,67,0,39
340,38,1,40
340,39,0,35
340,37,0,25
340,13,1,53
340,7,1,66
340,70,1,40
340,20,0,29
340,20,0,51
340,11,0,35
340,50,0,60
340,39,0,33
340,42,1,13
340,36,1,58
340,20,1,50
340,55,1,58
340,58,0,33
340,47,1,71
340,7,1,33
340,16,0,40
340,22,1,36
340,52,1,23
340,11,1,43
340,35,1,26
340,40,1,44
340,65,1,41
340,11,1,46
340,0,0,64
340,11,1,36
340,57,0,34
340,5,1,21
340,56,1,83
340,41,0,33
340,7,1,34
340,59,1,31
340,6,0,42
340,12,1,51
340,45,1,42
340,60,1,32
340,70,0,51
340,65,1,47
340,51,1,35
340,32,0,58
340,57,1,38
340,1,1,84
340,17,1,58
340,15,0,47
340,17,0,36
340,45,0,38
340,0,1,56
340,45,0,45
340,8,0,70
340,41,1,45
340,31,1,29
340,21,1,50
340,28,0,27
340,42,1,10
340,1,0,37
341,3,0,69
341,55,1,50
341,35,0,48
341,50,0,53
341,0,1,49
341,36,1,14
341,38,1,62
341,52,1,61
341,23,1,38
341,48,1,40
341,69,1,35
341,3,0,60
341,22,1,30
341,6,1,40
341,55,1,30
341,37,1,31
341,25,0,32
341,36,1,34
341,40,1,46
341,25,0,60
341,71,1,57
341,22,0,44
341,15,0,34
341,28,1,46
341,70,1,49
341,51,0,29
341,56,0,44
341,62,0,27
341,47,0,41
341,48,1,30
341,61,1,46
341,50,0,33
341,70,1,49
341,71,1,49
341,0,1,46
341,39,0,36
341,16,1,81
341,46,0,30
341,33,0,28
341,6,1,28
341,17,1,64
341,62,0,58
341,38,0,54
341,4,0,36
341,23,0,5
341,71,0,49
341,52,1,41
341,28,0,29
341,71,0,38
341,61,0,50
341,4,0,36
341,36,1,43
341,6,1,23
341,28,1,35
341,31,0,43
341,18,1,44
341,50,1,42
341,61,1,62
341,71,0,52
341,52,1,59
341,60,0,49
341,15,0,52
341,41,1,54
341,11,1,36
341,34,1,60
341,10,1,42
341,14,0,47
341,20,1,23
341,15,1,42
341,50,0,29
341,57,0,41
341,49,0,28
342,11,1,45
342,30,1,38
342,67,0,49
342,51,0,56
342,52,1,39
342,70,1,34
342,57,0,15
342,33,1,33
342,32,0,51
342,59,0,52
342,3,0,55
342,6,1,34
342,56,1,47
342,8,0,51
342,24,1,49
342,11,0,35
342,53,1,32
342,55,0,44
342,34,0,42
342,27,1,65
342,65,1,71
342,61,1,14
342,62,0,51
342,21,0,50
342,12,1,28
342,11,0,82
342,25,1,66
342,59,1,39
342,38,1,41
342,48,0,63
342,28,1,36
342,48,0,78
342,45,1,54
342,60,1,26
342,15,0,63
342,7,0,48
342,40,0,31
342,66,0,48
342,2,0,39
342,15,1,38
342,52,1,35
342,68,0,29
342,27,1,56
342,15,0,30
342,57,0,53
342,54,0,36
342,17,1,30
342,34,0,21
342,66,1,64
342,60,1,28
342,22,0,41
342,7,1,40
342,20,0,48
342,61,1,66
342,31,0,26
342,17,0,60
342,9,0,31
342,37,0,69
342,49,0,48
342,4,1,59
342,23,0,38
342,13,1,30
342,10,0,30
342,66,1,50
342,11,1,37
342,29,1,18
342,24,0,36
342,2,1,41
342,56,1,41
342,18,0,15
342,21,0,28
342,53,0,40
343,23,0,58
343,20,0,41
343,32,1,54
343,60,0,55
343,52,0,46
343,38,1,71
343,16,0,80
343,62,0,46
343,65,1,60
343,11,1,71
343,30,0,20
343,56,0,106
343,59,1,86
343,62,0,61
343,56,1,90
343,46,0,53
343,59,1,74
343,56,0,56
343,27,1,79
343,8,0,89
343,2,0,36
343,9,0,70
343,34,0,61
343,30,0,39
343,13,1,58
343,46,0,26
343,16,0,65
343,64,0,87
343,24,0,49
343,25,1,31
343,13,0,52
343,55,0,27
343,17,1,72
343,37,0,37
343,52,0,74
343,52,0,40
343,0,1,66
343,31,0,64
343,17,1,88
343,25,0,43
343,51,0,66
343,46,0,33
343,14,0,44
343,71,0,57
343,20,0,81
343,17,0,48
343,4,0,23
343,3,0,44
343,14,0,32
343,57,0,38
343,45,0,57
343,35,0,94
343,61,1,72
343,19,0,62
343,22,1,88
343,57,0,57
343,70,0,61
343,31,0,52
343,0,0,50
343,23,0,88
343,0,0,87
343,27,0,43
343,25,0,42
343,52,1,85
343,2,1,71
343,32,0,47
343,43,0,49
343,16,1,60
343,42,0,63
343,7,0,22
343,26,0,77
343,12,0,51
344,54,1,35
344,2,1,71
344,28,0,47
344,42,0,51
344,34,1,30
344,15,0,47
344,54,0,37
344,49,0,47
344,23,0,23
344,6,0,23
344,17,1,36
344,46,0,26
344,9,0,48
344,47,0,32
344,28,1,52
344,9,0,47
344,27,0,49
344,46,0,48
344,28,0,46
344,59,1,57
344,65,1,47
344,7,1,55
344,56,0,35
344,43,1,67
344,22,1,29
344,20,0,63
344,52,1,28
344,40,1,14
344,17,1,35
344,26,1,39
344,39,1,72
344,37,0,36
344,11,1,50
344,6,1,51
344,57,0,22
344,9,1,63
344,70,1,60
344,45,1,28
344,60,1,38
344,17,0,52
344,69,0,71
344,12,0,62
344,69,1,75
344,18,1,42
344,41,1,48
344,3,0,53
344,27,1,28
344,14,0,45
344,2,0,33
344,24,0,45
344,22,1,34
344,16,1,58
344,50,0,34
344,65,1,52
344,0,0,64
344,10,1,33
344,21,0,42
344,8,0,64
344,37,0,37
344,4,0,48
344,1,1,47
344,44,0,51
344,41,1,38
344,67,1,27
344,34,0,59
344,1,0,41
344,4,0,59
344,55,1,41
344,48,0,40
344,15,1,66
344,40,0,38
344,34,0,43
345,8,1,35
345,42,1,22
345,17,1,23
345,39,1,23
345,21,1,16
345,47,1,33
345,27,1,28
345,48,1,29
345,38,1,29
345,44,1,19
345,37,1,6
345,21,1,31
345,34,1,23
345,44,1,22
345,32,1,44
345,61,1,29
345,58,1,35
345,70,1,26
345,12,1,35
345,51,1,40
345,25,1,25
345,5,1,41
345,19,0,33
345,31,1,32
345,26,1,33
345,67,1,40
345,21,1,20
345,56,1,14
345,47,1,32
345,16,1,18
345,62,1,37
345,25,1,20
345,54,0,12
345,44,1,31
345,1,1,33
345,21,1,51
345,42,1,29
345,36,1,31
345,47,1,10
345,18,1,13
345,54,1,34
345,55,1,40
345,41,1,36
345,32,1,31
345,57,1,28
345,40,1,30
345,13,1,27
345,63,1,26
345,46,1,33
345,39,1,16
345,22,1,32
345,34,1,29
345,21,1,18
345,40,0,50
345,7,1,38
345,65,1,30
345,30,1,33
345,25,1,15
345,17,1,46
345,18,1,24
345,35,1,46
345,60,1,25
345,26,1,41
345,59,0,8
345,35,1,39
345,71,0,35
345,45,1,16
345,50,1,41
345,16,1,24
345,62,0,33
345,18,1,43
345,61,1,32
346,42,1,55
346,61,1,82
346,33,1,98
346,51,1,57
346,56,0,52
346,35,1,51
346,6,0,60
346,42,1,68
346,0,0,102
346,65,1,43
346,28,1,61
346,9,0,52
346,31,0,50
346,11,0,40
346,43,0,54
346,19,0,48
346,41,0,64
346,54,0,102
346,9,1,75
346,71,1,50
346,8,0,49
346,60,0,38
346,0,1,64
346,53,1,32
346,35,0,63
346,1,0,69
346,14,0,68
346,70,1,53
346,22,0,67
346,41,0,68
346,60,0,78
346,4,0,59
346,3,0,72
346,45,0,68
346,61,1,65
346,29,1,72
346,11,1,32
346,45,0,47
346,37,0,72
346,45,0,55
346,16,0,61
346,38,0,50
346,6,1,62
346,60,1,69
346,22,1,46
346,41,0,59
346,39,0,81
346,41,1,59
346,34,0,68
346,16,0,71
346,60,0,53
346,66,0,50
346,56,0,61
346,55,0,24
346,44,0,53
346,11,1,83
346,64,1,91
346,49,1,56
346,64,1,47
346,43,0,61
346,6,1,34
346,36,0,8
346,20,1,30
346,14,0,73
346,51,0,50
346,55,1,93
346,47,0,35
346,68,0,63
346,7,0,46
346,36,1,52
346,28,0,39
346,6,0,31
347,36,0,97
347,51,0,113
347,44,0,26
347,54,0,69
347,62,0,39
347,1,0,41
347,5,0,58
347,33,0,63
347,65,1,70
347,60,1,92
347,42,1,44
347,1,0,67
347,22,1,19
347,58,0,64
347,2,0,48
347,32,0,68
347,39,0,49
347,45,1,60
347,39,0,57
347,56,0,51
347,59,1,56
347,35,0,59
347,28,0,54
347,33,0,37
347,28,0,58
347,20,0,87
347,18,0,69
347,7,0,41
347,10,0,50
347,25,1,81
347,22,0,48
347,39,0,77
347,15,0,54
347,55,0,42
347,50,0,54
347,61,0,98
347,11,0,73
347,2,0,40
347,0,0,34
347,58,1,72
347,57,0,33
347,58,0,67
347,32,1,60
347,44,0,34
347,42,1,58
347,30,1,69
347,9,0,58
347,10,0,78
347,31,0,72
347,53,0,41
347,48,0,57
347,69,0,50
347,66,0,97
347,59,0,51
347,65,1,93
347,37,0,67
347,12,1,90
347,64,0,71
347,17,1,52
347,57,0,31
347,32,0,73
347,63,0,61
347,32,0,72
347,10,0,88
347,69,0,23
347,24,0,78
347,17,0,34
347,49,0,54
347,31,0,60
347,25,1,67
347,71,0,49
347,8,0,104
348,41,0,16
348,33,0,38
348,46,0,40
348,37,0,41
348,38,0,49
348,70,1,31
348,51,1,27
348,29,1,46
348,18,0,37
348,33,1,59
348,49,0,36
348,18,0,42
348,60,1,48
348,70,1,40
348,20,0,50
348,36,1,48
348,0,0,31
348,9,1,14
348,30,1,41
348,53,1,63
348,4,0,42
348,43,0,52
348,19,0,36
348,19,0,35
348,8,1,41
348,57,0,29
348,13,0,48
348,46,1,16
348,33,1,54
348,28,0,75
348,4,0,43
348,61,0,44
348,66,0,28
348,62,1,40
348,69,0,49
348,10,1,28
348,68,0,69
348,25,0,60
348,44,0,35
348,24,0,55
348,47,0,73
348,55,0,63
348,15,1,21
348,53,0,22
348,3,1,30
348,24,0,53
348,46,0,12
348,62,0,36
348,25,1,28
348,47,0,15
348,17,1,50
348,61,1,46
348,0,1,42
348,37,1,7
348,56,1,28
348,23,0,6
348,44,0,66
348,19,0,18
348,69,0,34
348,12,0,24
348,34,1,25
348,56,1,22
348,1,1,52
348,34,0,50
348,25,1,42
348,56,0,51
348,34,1,9
348,58,1,39
348,39,1,45
348,56,0,67
348,47,0,33
348,21,1,36
349,5,1,26
349,50,0,12
349,39,1,31
349,60,0,36
349,20,1,40
349,48,0,25
349,4,0,32
349,40,1,43
349,46,1,33
349,61,1,10
349,41,0,45
349,25,1,44
349,71,0,37
349,43,0,50
349,37,0,27
349,71,0,56
349,71,1,46
349,28,1,47
349,62,0,23
349,69,1,34
349,0,0,22
349,38,1,25
349,20,1,34
349,5,1,20
349,64,1,12
349,53,1,42
349,32,0,25
349,18,1,32
349,67,1,26
349,60,1,14
349,68,1,28
349,32,0,27
349,24,1,35
349,44,1,42
349,37,0,36
349,36,1,33
349,51,1,38
349,11,1,25
349,46,1,22
349,20,1,39
349,12,1,26
349,43,0,9
349,27,1,32
349,50,1,23
349,9,1,25
349,19,1,23
349,54,0,21
349,47,1,40
349,54,0,41
349,8,1,27
349,37,1,28
349,23,1,17
349,26,1,22
349,37,1,37
349,63,1,27
349,58,1,30
349,7,0,32
349,13,1,18
349,47,1,26
349,4,1,45
349,35,1,5
349,6,0,5
349,26,1,36
349,13,1,23
349,17,1,36
349,43,1,19
349,11,1,31
349,0,1,17
349,23,1,5
349,10,0,15
349,36,1,38
349,41,1,19
350,12,1,33
350,40,1,22
350,58,1,30
350,39,0,30
350,47,1,36
350,13,1,44
350,56,1,27
350,17,1,36
350,6,1,5
350,56,1,38
350,46,0,41
350,52,1,43
350,54,0,44
350,30,1,35
350,36,1,33
350,71,0,25
350,45,0,28
350,14,1,35
350,42,1,33
350,48,1,37
350,58,1,36
350,40,0,42
350,1,1,43
350,23,1,37
350,56,1,24
350,3,0,29
350,60,1,22
350,59,1,31
350,13,1,27
350,67,0,44
350,62,0,24
350,56,0,24
350,68,1,23
350,54,1,35
350,22,1,33
350,33,0,27
350,67,0,32
350,48,1,30
350,48,1,45
350,29,1,32
350,28,1,35
350,63,0,31
350,19,1,37
350,70,1,34
350,22,1,33
350,64,1,42
350,47,1,29
350,32,1,21
350,67,0,51
350,50,0,32
350,35,1,30
350,3,1,34
350,18,1,36
350,32,1,23
350,2,1,25
350,24,1,28
350,12,0,29
350,8,0,31
350,13,0,38
350,37,1,18
350,58,1,25
350,31,0,40
350,5,1,39
350,16,1,33
350,58,1,14
350,32,1,23
350,70,1,30
350,13,1,30
350,32,0,18
350,39,0,34
350,24,1,43
350,20,1,36
351,45,1,57
351,53,0,38
351,15,1,75
351,23,1,36
351,70,0,91
351,12,0,68
351,31,0,37
351,70,0,40
351,42,0,98
351,22,0,91
351,11,0,70
351,70,1,64
351,41,1,78
351,16,0,44
351,61,1,50
351,61,0,49
351,45,0,65
351,3,1,74
351,68,0,74
351,20,0,46
351,24,0,90
351,16,1,67
351,5,0,40
351,31,0,52
351,51,0,87
351,25,0,47
351,64,1,62
351,26,1,73
351,29,0,54
351,4,0,64
351,47,0,64
351,56,0,26
351,48,0,64
351,9,0,93
351,10,0,39
351,9,0,79
351,71,0,29
351,69,1,51
351,12,0,78
351,11,1,24
351,65,0,36
351,3,0,82
351,23,0,54
351,0,1,54
351,63,0,29
351,43,0,65
351,63,0,18
351,35,1,43
351,62,0,85
351,31,0,32
351,32,0,75
351,33,1,63
351,47,0,47
351,14,0,74
351,27,0,31
351,32,0,77
351,8,0,56
351,41,1,26
351,36,1,22
351,62,0,79
351,38,1,65
351,57,0,77
351,56,0,29
351,67,0,68
351,5,1,62
351,30,1,57
351,50,0,34
351,4,0,53
351,15,0,74
351,71,0,87
351,34,0,61
351,44,0,51
352,29,0,52
352,18,1,45
352,46,0,15
352,47,0,29
352,31,0,24
352,45,1,21
352,6,1,32
352,21,1,16
352,56,0,22
352,51,0,22
352,2,0,31
352,41,0,17
352,53,1,32
352,70,1,11
352,50,1,32
352,49,1,14
352,44,1,22
352,48,0,24
352,69,0,23
352,1,1,22
352,25,1,28
352,13,0,18
352,42,1,24
352,37,1,9
352,6,1,25
352,47,1,5
352,17,0,33
352,56,0,39
352,40,0,23
352,1,0,37
352,38,1,30
352,66,1,22
352,2,1,26
352,25,0,33
352,45,1,37
352,70,1,26
352,18,0,15
352,40,0,30
352,51,0,50
352,44,0,26
352,41,1,27
352,3,0,21
352,63,0,33
352,50,0,22
352,54,1,22
352,29,0,29
352,62,0,12
352,56,0,28
352,45,0,32
352,63,0,40
352,1,0,22
352,54,0,34
352,9,0,22
352,22,0,22
352,0,0,5
352,58,0,28
352,26,1,19
352,33,1,29
352,52,1,26
352,47,1,35
352,5,1,16
352,22,1,28
352,17,1,20
352,6,1,14
352,13,0,22
352,21,0,17
352,15,1,13
352,50,1,47
352,14,0,20
352,21,1,34
352,14,1,6
352,35,1,26
353,20,0,58
353,52,1,51
353,71,0,62
353,61,1,71
353,2,1,44
353,14,0,48
353,54,0,67
353,24,0,47
353,26,1,50
353,39,1,46
353,43,1,16
353,38,0,38
353,14,0,30
353,64,0,50
353,17,0,31
353,69,0,38
353,59,0,31
353,9,0,43
353,27,1,57
353,11,0,23
353,42,0,49
353,23,1,64
353,37,1,27
353,52,0,17
353,7,0,46
353,18,0,62
353,11,1,51
353,47,0,21
353,25,0,44
353,21,0,36
353,6,1,39
353,46,0,78
353,38,0,55
353,36,0,47
353,42,0,30
353,60,1,51
353,12,0,45
353,38,1,27
353,20,0,44
353,68,0,39
353,22,1,34
353,8,0,33
353,23,0,47
353,52,1,44
353,29,0,53
353,57,1,43
353,48,1,43
353,48,0,23
353,24,0,58
353,68,1,30
353,53,0,20
353,17,0,21
353,55,0,33
353,55,0,13
353,8,1,60
353,68,0,70
353,16,1,52
353,9,0,48
353,36,1,68
353,34,0,64
353,67,0,62
353,31,0,29
353,0,0,64
353,22,1,56
353,33,0,51
353,11,1,58
353,63,1,54
353,47,0,51
353,46,0,44
353,9,0,57
353,19,1,44
353,58,0,54
354,68,1,17
354,65,1,38
354,59,0,37
354,50,0,34
354,59,1,35
354,8,1,26
354,27,1,19
354,62,1,27
354,3,0,34
354,34,1,30
354,53,1,27
354,13,1,33
354,29,1,24
354,18,1,29
354,17,1,27
354,3,0,18
354,14,1,30
354,4,1,21
354,11,0,28
354,35,1,46
354,45,0,31
354,44,1,24
354,36,1,46
354,67,0,41
354,48,1,26
354,16,0,7
354,18,1,35
354,12,1,44
354,32,0,31
354,65,1,31
354,2,1,21
354,40,0,18
354,69,1,20
354,53,1,23
354,8,0,23
354,62,1,23
354,12,0,26
354,21,0,31
354,5,1,44
354,8,1,40
354,8,1,23
354,48,1,29
354,68,1,32
354,32,0,19
354,47,1,37
354,11,1,20
354,11,1,41
354,17,1,28
354,16,1,29
354,18,1,31
354,32,0,36
354,51,1,44
354,49,1,25
354,21,1,21
354,27,0,30
354,12,1,35
354,13,1,26
354,47,0,37
354,0,1,49
354,10,1,40
354,19,1,30
354,64,1,34
354,2,1,40
354,63,1,24
354,19,1,42
354,10,0,28
354,46,0,48
354,10,0,43
354,6,0,32
354,18,1,33
354,45,0,50
354,61,1,37
355,55,1,25
355,39,1,38
355,6,0,28
355,56,0,34
355,69,0,15
355,64,0,20
355,35,0,29
355,28,1,38
355,37,0,30
355,4,1,31
355,69,1,16
355,66,0,41
355,71,0,28
355,13,0,15
355,53,0,20
355,66,0,36
355,17,1,33
355,64,0,32
355,40,0,22
355,19,1,25
355,8,0,26
355,33,1,16
355,58,1,24
355,66,0,35
355,24,0,23
355,70,0,20
355,4,0,44
355,21,0,49
355,48,0,25
355,51,1,31
355,2,0,14
355,30,1,24
355,66,0,25
355,16,0,29
355,65,1,24
355,12,0,43
355,38,0,26
355,70,1,26
355,45,0,39
355,67,0,20
355,3,0,5
355,70,0,18
355,19,0,18
355,5,1,39
355,29,0,40
355,15,1,6
355,65,0,25
355,33,0,21
355,27,0,34
355,10,0,22
355,65,1,12
355,5,0,27
355,6,0,31
355,23,0,23
355,38,0,47
355,14,0,35
355,50,0,20
355,47,0,9
355,5,0,23
355,58,0,38
355,36,0,31
355,36,0,23
355,21,0,6
355,14,0,9
355,28,1,21
355,14,0,25
355,4,0,36
355,23,0,35
355,29,1,14
355,15,0,26
355,4,0,41
355,20,1,15
356,38,0,20
356,2,1,22
356,24,0,14
356,42,1,31
356,36,1,38
356,3,0,28
356,45,1,12
356,52,1,33
356,8,1,21
356,13,1,49
356,46,0,17
356,71,0,36
356,20,0,28
356,33,1,31
356,22,0,19
356,39,1,22
356,68,1,8
356,15,1,35
356,1,0,13
356,38,1,26
356,3,1,33
356,28,1,13
356,41,1,27
356,56,0,46
356,13,0,28
356,3,0,13
356,49,0,21
356,69,0,17
356,52,0,19
356,10,0,18
356,66,1,26
356,51,0,8
356,51,0,20
356,50,1,29
356,68,1,28
356,19,1,26
356,33,0,30
356,46,1,13
356,38,1,33
356,36,0,8
356,71,0,23
356,60,0,29
356,55,1,35
356,16,1,18
356,5,1,36
356,33,0,38
356,42,1,5
356,69,1,24
356,67,0,14
356,26,1,19
356,70,1,11
356,44,0,29
356,38,1,33
356,10,1,37
356,52,1,23
356,54,1,13
356,3,0,22
356,12,1,22
356,51,1,29
356,40,1,19
356,63,1,22
356,70,1,17
356,53,1,38
356,52,1,20
356,41,1,33
356,61,1,26
356,52,1,22
356,61,1,29
356,38,0,14
356,21,0,6
356,7,1,33
356,19,1,13
357,45,0,52
357,51,1,39
357,5,1,49
357,61,1,33
357,45,0,63
357,71,0,33
357,16,1,54
357,59,1,59
357,19,1,61
357,19,0,32
357,10,0,65
357,42,1,53
357,63,1,37
357,8,1,43
357,42,1,51
357,54,1,46
357,34,1,76
357,48,1,54
357,13,0,27
357,62,1,68
357,40,0,37
357,12,1,14
357,29,0,35
357,37,0,62
357,8,0,9
357,32,1,65
357,26,1,35
357,65,0,55
357,45,1,35
357,45,0,30
357,42,0,39
357,26,1,22
357,69,0,60
357,3,0,52
357,26,0,52
357,23,0,24
357,17,1,34
357,58,0,63
357,42,1,43
357,3,0,51
357,35,1,48
357,59,0,58
357,54,1,54
357,35,1,68
357,45,0,50
357,52,0,52
357,31,0,5
357,10,1,24
357,18,0,56
357,33,0,35
357,28,0,43
357,21,1,33
357,40,0,34
357,44,1,44
357,18,0,28
357,28,1,64
357,35,1,35
357,33,1,55
357,31,0,71
357,5,1,28
357,22,0,25
357,21,0,31
357,18,0,29
357,14,0,67
357,48,0,66
357,22,1,33
357,23,0,74
357,60,1,50
357,10,1,37
357,48,1,35
357,58,1,42
357,50,0,41
358,55,0,23
358,66,0,18
358,1,1,48
358,61,1,42
358,57,1,13
358,3,1,50
358,42,1,36
358,68,1,46
358,31,0,59
358,44,1,45
358,24,1,45
358,51,1,29
358,8,1,37
358,19,1,46
358,31,0,64
358,48,1,55
358,21,0,65
358,42,1,44
358,43,0,42
358,58,1,41
358,39,1,41
358,41,1,34
358,36,1,5
358,11,1,35
358,55,1,32
358,50,1,81
358,34,0,28
358,19,1,30
358,57,0,40
358,6,0,24
358,35,0,66
358,56,0,54
358,60,1,41
358,33,0,51
358,28,0,24
358,54,1,59
358,64,1,39
358,5,1,45
358,21,0,11
358,29,1,39
358,65,1,23
358,44,0,23
358,30,1,49
358,62,1,55
358,32,1,57
358,43,1,32
358,9,0,53
358,50,0,48
358,33,0,13
358,69,1,50
358,26,0,15
358,41,0,34
358,47,0,26
358,71,0,21
358,18,0,15
358,62,1,61
358,6,1,48
358,39,1,46
358,29,1,32
358,34,1,47
358,69,1,32
358,36,1,17
358,29,0,43
358,43,1,35
358,25,1,31
358,56,0,5
358,3,1,37
358,35,1,51
358,27,1,46
358,27,1,39
358,66,1,51
358,67,0,48
359,3,0,31
359,16,0,47
359,13,1,27
359,3,0,28
359,54,1,49
359,12,1,38
359,36,1,12
359,43,1,14
359,23,0,51
359,52,0,38
359,63,1,51
359,11,1,74
359,32,0,49
359,20,1,47
359,7,1,69
359,15,1,56
359,70,0,38
359,19,0,56
359,57,1,51
359,1,1,56
359,12,0,38
359,19,0,59
359,28,1,66
359,36,1,53
359,6,1,34
359,40,1,19
359,48,1,42
359,16,1,69
359,16,1,51
359,3,1,51
359,55,0,21
359,1,1,30
359,12,0,34
359,15,1,55
359,67,0,48
359,17,1,39
359,18,1,28
359,57,0,58
359,37,1,48
359,61,1,63
359,47,1,41
359,25,1,36
359,70,1,50
359,64,1,49
359,61,1,44
359,20,1,55
359,19,1,36
359,0,0,31
359,39,1,30
359,5,1,15
359,71,0,48
359,31,0,36
359,41,0,48
359,41,1,23
359,1,1,69
359,41,1,32
359,16,0,46
359,48,1,65
359,29,1,31
359,0,1,34
359,23,0,38
359,47,1,38
359,64,0,43
359,5,1,76
359,26,1,45
359,61,1,61
359,55,1,85
359,11,1,40
359,15,0,62
359,59,1,61
359,19,0,38
359,19,1,50
360,4,1,49
360,58,0,7
360,7,1,39
360,39,0,12
360,20,1,46
360,13,1,58
360,24,0,45
360,57,1,7
360,29,1,23
360,62,0,53
360,22,1,43
360,11,1,64
360,13,1,38
360,16,1,31
360,26,0,5
360,64,0,34
360,2,0,42
360,43,0,48
360,8,0,41
360,31,1,26
360,7,0,46
360,20,1,32
360,40,1,68
360,54,1,54
360,10,1,20
360,60,1,51
360,33,0,39
360,7,0,52
360,61,1,48
360,10,1,44
360,33,0,34
360,36,1,5
360,57,1,27
360,43,0,39
360,41,1,32
360,34,0,45
360,57,1,59
360,36,1,55
360,41,1,51
360,41,0,16
360,32,0,15
360,16,0,45
360,2,1,32
360,4,0,46
360,8,0,45
360,65,1,66
360,44,1,49
360,38,0,46
360,40,0,50
360,17,1,80
360,62,0,18
360,49,0,43
360,62,0,33
360,48,0,46
360,41,0,30
360,4,0,32
360,58,0,23
360,46,0,51
360,33,0,68
360,37,1,48
360,32,0,43
360,3,0,50
360,9,1,20
360,54,1,46
360,23,0,51
360,67,0,28
360,37,1,36
360,60,0,27
360,59,1,5
360,27,1,35
360,53,1,51
360,29,1,52
361,34,0,47
361,47,0,48
361,33,1,70
361,34,1,71
361,70,1,20
361,24,0,52
361,5,1,39
361,51,1,61
361,24,0,39
361,38,1,71
361,36,1,34
361,24,1,41
361,59,1,23
361,2,0,48
361,19,0,46
361,56,1,57
361,33,0,41
361,47,0,20
361,28,0,56
361,65,1,42
361,7,1,45
361,64,1,45
361,26,0,44
361,51,1,50
361,50,0,69
361,49,0,63
361,6,1,40
361,47,0,69
361,26,1,51
361,67,0,31
361,8,0,68
361,25,1,40
361,56,1,35
361,19,1,50
361,51,1,24
361,1,1,33
361,15,0,58
361,68,1,39
361,67,0,27
361,42,0,40
361,46,0,36
361,64,1,22
361,64,1,44
361,34,0,52
361,31,0,55
361,35,1,21
361,3,1,21
361,42,1,55
361,49,1,45
361,18,0,47
361,22,0,56
361,62,0,54
361,51,0,29
361,60,1,42
361,22,1,46
361,61,1,43
361,42,1,35
361,4,0,38
361,39,0,33
361,38,1,38
361,50,1,66
361,12,0,34
361,2,0,45
361,24,0,46
361,59,1,71
361,64,0,26
361,23,0,40
361,15,1,68
361,69,0,37
361,50,0,50
361,61,1,35
361,35,0,62
362,42,1,38
362,27,1,58
362,18,0,52
362,43,1,32
362,49,1,58
362,17,1,36
362,60,1,40
362,17,1,37
362,9,0,63
362,30,1,44
362,71,0,39
362,35,1,53
362,58,1,42
362,69,1,44
362,58,1,47
362,8,1,71
362,68,0,34
362,52,1,66
362,14,1,42
362,42,1,31
362,50,0,54
362,56,1,27
362,26,1,53
362,12,0,55
362,53,0,29
362,21,1,79
362,56,0,62
362,58,0,26
362,67,0,32
362,17,1,36
362,18,0,37
362,29,1,38
362,16,0,38
362,29,1,28
362,18,1,37
362,12,1,51
362,55,0,41
362,46,1,51
362,16,0,46
362,12,1,45
362,63,1,23
362,58,1,51
362,35,1,56
362,8,0,47
362,13,0,50
362,32,0,48
362,64,1,64
362,5,1,59
362,37,0,42
362,67,0,50
362,48,1,33
362,71,0,35
362,18,0,5
362,66,0,7
362,43,0,49
362,52,1,45
362,28,0,30
362,48,0,62
362,54,0,32
362,16,0,46
362,35,1,54
362,45,0,23
362,27,0,23
362,33,0,29
362,41,1,53
362,62,1,63
362,54,1,19
362,61,1,56
362,49,0,62
362,32,1,21
362,31,0,43
362,64,0,69
363,37,1,34
363,31,0,32
363,14,1,42
363,52,0,24
363,24,0,42
363,7,1,39
363,17,1,62
363,6,1,28
363,10,1,46
363,31,0,54
363,58,1,20
363,28,0,57
363,17,1,39
363,48,0,43
363,18,0,61
363,68,1,65
363,53,0,47
363,41,1,29
363,67,0,35
363,61,1,33
363,24,1,68
363,67,0,39
363,46,0,44
363,9,1,45
363,22,0,77
363,0,0,27
363,30,1,79
363,35,1,50
363,58,1,42
363,44,0,52
363,24,0,47
363,32,1,47
363,59,0,51
363,27,1,53
363,41,0,15
363,4,1,30
363,69,0,58
363,58,0,72
363,27,1,25
363,18,0,41
363,18,1,34
363,30,1,55
363,50,0,53
363,70,1,31
363,64,0,65
363,69,0,31
363,1,1,54
363,24,0,33
363,70,1,31
363,54,1,9
363,48,0,61
363,38,1,65
363,13,1,54
363,10,0,46
363,40,0,37
363,61,1,19
363,45,0,75
363,2,0,59
363,51,0,63
363,10,0,36
363,38,1,46
363,59,1,45
363,29,1,48
363,5,1,51
363,7,0,38
363,11,1,36
363,39,1,27
363,2,1,49
363,64,1,27
363,28,0,50
363,7,1,23
363,57,0,52
364,43,0,43
364,30,1,62
364,30,1,80
364,61,1,52
364,10,0,66
364,7,0,99
364,37,0,76
364,1,0,40
364,15,0,85
364,24,0,46
364,43,0,88
364,13,0,46
364,10,0,83
364,41,1,60
364,37,0,45
364,65,1,67
364,52,1,54
364,68,0,48
364,12,0,86
364,5,1,85
364,30,0,45
364,11,1,62
364,24,0,44
364,27,0,64
364,53,1,79
364,60,1,61
364,68,0,77
364,68,1,87
364,13,1,39
364,33,0,22
364,70,1,68
364,25,1,72
364,0,0,46
364,54,1,57
364,29,1,59
364,45,1,38
364,41,1,113
364,37,0,44
364,68,0,64
364,35,0,74
364,58,1,47
364,6,0,59
364,41,1,42
364,24,1,66
364,51,0,57
364,3,0,46
364,38,0,58
364,4,0,70
364,37,0,66
364,51,0,95
364,36,1,63
364,10,0,66
364,27,0,55
364,31,1,70
364,6,0,53
364,18,1,14
364,45,0,86
364,30,1,86
364,27,0,56
364,43,0,60
364,18,0,64
364,58,1,79
364,56,0,39
364,14,0,66
364,31,0,10
364,56,1,33
364,32,0,72
364,24,0,55
364,3,0,65
364,2,0,65
364,47,0,59
364,0,1,99
365,56,0,29
365,35,0,31
365,31,0,28
365,50,0,19
365,10,1,20
365,58,1,22
365,9,0,26
365,50,1,13
365,67,1,29
365,41,1,42
365,66,0,22
365,23,0,17
365,7,1,40
365,13,1,19
365,61,1,32
365,13,1,18
365,46,0,29
365,40,0,30
365,18,1,28
365,21,1,5
365,63,1,10
365,54,0,28
365,58,0,32
365,18,0,50
365,38,1,26
365,9,0,26
365,59,1,26
365,57,1,26
365,49,1,22
365,18,0,33
365,5,0,19
365,61,1,20
365,70,1,23
365,25,0,30
365,58,0,22
365,50,1,35
365,17,0,27
365,46,0,18
365,34,0,19
365,64,0,38
365,42,1,38
365,3,1,31
365,66,0,5
365,34,0,33
365,28,1,36
365,11,1,24
365,19,1,16
365,51,1,33
365,0,0,9
365,45,0,40
365,53,0,40
365,28,0,31
365,59,1,16
365,44,0,24
365,70,1,33
365,49,1,27
365,6,0,12
365,57,1,25
365,61,1,32
365,39,1,33
365,31,1,19
365,40,0,27
365,3,0,25
365,8,0,29
365,8,0,19
365,68,0,41
365,37,0,19
365,34,0,29
365,22,0,26
365,30,1,32
365,6,1,22
365,33,1,24
366,42,1,49
366,22,0,17
366,12,0,12
366,24,1,52
366,36,1,18
366,36,1,61
366,60,0,44
366,62,1,35
366,61,1,47
366,39,1,51
366,35,0,45
366,60,1,49
366,54,1,41
366,49,0,10
366,42,1,19
366,53,0,42
366,50,0,46
366,24,0,39
366,63,1,45
366,48,1,9
366,9,0,15
366,48,0,51
366,28,1,38
366,27,0,30
366,70,1,18
366,0,0,62
366,34,0,21
366,62,0,50
366,15,0,44
366,45,1,67
366,8,0,61
366,47,1,43
366,58,1,24
366,69,0,46
366,53,1,34
366,55,0,50
366,34,0,46
366,31,1,14
366,51,0,27
366,23,0,52
366,48,0,51
366,52,1,42
366,71,0,41
366,4,0,28
366,70,1,66
366,56,1,32
366,27,0,35
366,12,1,16
366,68,0,52
366,61,1,55
366,51,0,43
366,50,0,48
366,32,0,20
366,71,0,26
366,63,0,27
366,63,1,73
366,60,0,44
366,50,0,73
366,19,0,37
366,42,0,40
366,33,0,24
366,21,0,10
366,52,1,23
366,35,1,43
366,63,0,36
366,19,1,37
366,60,0,59
366,43,0,21
366,59,0,18
366,28,0,41
366,31,0,55
366,17,0,39
367,70,0,81
367,4,0,65
367,62,0,26
367,56,0,89
367,6,0,62
367,37,0,53
367,24,0,50
367,4,0,78
367,2,0,27
367,1,0,23
367,1,0,54
367,64,0,79
367,7,1,26
367,7,1,61
367,14,0,38
367,2,0,86
367,12,0,70
367,34,0,51
367,63,0,81
367,62,0,103
367,52,0,26
367,21,1,53
367,3,0,58
367,8,0,50
367,33,1,59
367,34,0,66
367,26,0,73
367,24,0,61
367,55,0,58
367,59,1,58
367,68,0,51
367,49,0,16
367,0,0,58
367,52,0,61
367,28,0,103
367,48,0,44
367,18,0,40
367,2,1,89
367,25,0,57
367,48,0,70
367,57,0,33
367,25,0,61
367,6,0,22
367,39,0,56
367,26,0,20
367,32,0,56
367,2,0,67
367,52,0,33
367,56,0,53
367,41,0,83
367,31,1,72
367,47,0,52
367,43,0,60
367,69,0,51
367,68,0,47
367,26,0,69
367,12,0,73
367,29,0,63
367,23,0,104
367,43,1,63
367,2,0,75
367,60,0,63
367,47,0,69
367,34,0,56
367,23,0,76
367,21,0,77
367,18,0,45
367,24,0,47
367,65,1,50
367,39,0,104
367,6,0,91
367,58,1,86
368,0,1,24
368,64,1,56
368,63,1,33
368,45,1,47
368,71,0,43
368,70,0,62
368,50,0,60
368,23,0,59
368,71,0,53
368,25,0,16
368,33,0,51
368,29,1,36
368,26,1,57
368,43,0,24
368,38,1,26
368,1,1,31
368,54,0,39
368,33,0,57
368,66,0,42
368,71,0,18
368,53,1,56
368,41,1,51
368,67,0,28
368,21,0,44
368,69,1,47
368,0,1,38
368,0,0,28
368,49,1,37
368,27,0,52
368,29,0,34
368,18,0,44
368,29,1,21
368,52,1,27
368,45,1,58
368,34,1,60
368,2,0,39
368,3,0,36
368,48,1,18
368,15,1,31
368,54,0,18
368,50,0,59
368,61,1,40
368,53,1,32
368,41,1,45
368,58,1,24
368,44,1,17
368,31,0,38
368,13,1,42
368,55,0,55
368,13,1,59
368,49,1,57
368,71,0,30
368,18,1,68
368,46,0,60
368,67,1,33
368,40,0,59
368,38,1,38
368,40,0,52
368,25,1,47
368,47,0,53
368,45,1,38
368,63,1,44
368,6,0,19
368,69,0,49
368,5,1,31
368,43,0,61
368,18,0,23
368,46,1,57
368,57,0,45
368,28,1,25
368,65,0,59
368,32,0,35
369,18,1,34
369,3,1,21
369,51,1,23
369,63,1,49
369,1,1,9
369,55,1,30
369,67,0,31
369,6,1,19
369,8,1,31
369,21,1,42
369,42,1,32
369,51,1,5
369,15,1,30
369,20,1,20
369,38,0,28
369,14,1,28
369,43,1,26
369,52,1,15
369,26,1,39
369,19,0,37
369,1,1,47
369,7,1,16
369,30,1,27
369,30,1,31
369,41,0,46
369,23,0,17
369,63,1,20
369,60,1,21
369,41,1,31
369,30,1,10
369,5,1,38
369,46,1,25
369,39,0,39
369,39,1,38
369,57,0,31
369,50,0,18
369,18,1,39
369,10,1,55
369,12,0,17
369,56,1,12
369,37,0,25
369,1,1,48
369,14,1,26
369,37,1,34
369,22,1,38
369,6,1,40
369,29,1,25
369,65,1,32
369,64,1,24
369,41,1,23
369,60,1,41
369,19,1,45
369,68,1,47
369,22,1,24
369,70,1,40
369,1,1,13
369,26,1,25
369,53,1,18
369,1,1,18
369,12,1,43
369,47,1,21
369,71,0,27
369,25,1,20
369,54,0,17
369,59,1,41
369,24,1,15
369,27,1,20
369,57,1,39
369,23,1,32
369,64,1,36
369,68,1,31
369,47,0,30
370,18,1,5
370,11,1,23
370,47,1,44
370,54,1,41
370,28,1,15
370,8,1,22
370,24,1,20
370,70,1,31
370,49,1,12
370,3,1,37
370,39,1,25
370,65,0,9
370,23,0,31
370,66,1,31
370,55,1,38
370,66,1,18
370,14,0,40
370,34,1,34
370,27,1,25
370,2,1,24
370,4,1,30
370,71,1,22
370,31,1,38
370,24,1,7
370,11,0,33
370,9,1,27
370,15,0,55
370,66,1,34
370,19,1,43
370,35,1,31
370,13,1,40
370,60,1,41
370,3,1,29
370,18,1,24
370,23,1,27
370,16,1,48
370,26,1,42
370,16,1,39
370,28,1,47
370,4,1,39
370,35,1,25
370,15,1,36
370,46,1,33
370,25,1,27
370,71,1,45
370,52,1,24
370,43,1,20
370,68,1,20
370,45,1,38
370,62,0,32
370,31,1,25
370,70,1,36
370,26,0,31
370,39,1,28
370,19,1,28
370,46,0,27
370,1,1,32
370,7,1,22
370,0,1,30
370,12,1,43
370,2,1,16
370,3,1,20
370,48,1,36
370,63,1,36
370,51,0,17
370,26,1,30
370,13,1,32
370,71,0,32
370,25,1,19
370,12,1,27
370,2,1,37
370,12,1,42
371,54,0,36
371,48,1,27
371,27,1,48
371,24,0,29
371,14,0,26
371,22,1,65
371,1,1,19
371,64,0,12
371,5,0,45
371,67,1,35
371,49,0,34
371,67,0,38
371,66,1,27
371,25,1,38
371,6,0,25
371,33,0,55
371,51,1,44
371,50,0,19
371,10,1,43
371,55,0,32
371,53,0,14
371,64,1,53
371,60,1,40
371,4,0,31
371,62,0,22
371,19,1,39
371,62,0,19
371,36,1,43
371,20,1,32
371,53,0,42
371,60,0,32
371,2,0,59
371,61,1,44
371,19,0,50
371,39,1,56
371,36,1,20
371,48,1,50
371,67,1,5
371,69,0,43
371,68,0,57
371,7,0,32
371,13,0,35
371,36,1,30
371,14,1,37
371,0,0,41
371,70,1,25
371,20,1,25
371,10,1,33
371,5,0,54
371,4,0,48
371,14,0,34
371,9,0,55
371,55,0,45
371,57,1,49
371,24,1,32
371,1,0,27
371,38,0,35
371,9,1,42
371,71,1,41
371,4,0,63
371,20,1,48
371,14,1,42
371,61,1,50
371,32,1,43
371,27,0,51
371,50,0,11
371,19,0,50
371,3,0,44
371,42,1,41
371,51,1,21
371,27,0,47
371,30,1,49
372,34,1,56
372,46,1,35
372,43,1,25
372,19,0,21
372,10,1,40
372,29,1,42
372,50,0,48
372,69,1,56
372,9,1,45
372,27,1,11
372,55,1,41
372,14,1,32
372,67,1,48
372,36,1,53
372,26,1,50
372,45,1,16
372,71,0,43
372,14,1,16
372,41,0,22
372,34,1,24
372,46,1,49
372,10,1,51
372,63,1,38
372,13,1,50
372,30,1,50
372,42,1,26
372,40,1,41
372,9,1,48
372,68,1,17
372,51,1,29
372,64,1,65
372,34,0,60
372,50,0,5
372,65,1,44
372,26,1,46
372,18,1,27
372,11,1,40
372,65,1,31
372,63,1,56
372,45,1,27
372,68,0,19
372,31,1,42
372,57,1,33
372,25,1,31
372,42,1,43
372,1,0,53
372,21,1,43
372,4,0,63
372,9,1,42
372,53,1,57
372,6,0,15
372,22,1,36
372,41,1,35
372,51,0,45
372,41,1,20
372,28,1,24
372,43,1,41
372,0,1,72
372,5,1,48
372,46,1,48
372,27,0,50
372,36,1,7
372,41,0,55
372,62,0,28
372,31,0,39
372,58,0,28
372,42,1,39
372,17,0,23
372,58,1,45
372,17,1,43
372,21,0,61
372,9,1,36
373,28,0,57
373,37,0,50
373,37,0,104
373,8,0,63
373,61,1,55
373,27,1,41
373,15,0,78
373,50,0,61
373,35,1,78
373,44,0,49
373,57,1,84
373,67,0,81
373,53,1,103
373,28,1,28
373,69,0,82
373,33,0,74
373,25,0,102
373,46,0,76
373,68,1,87
373,15,0,78
373,23,1,66
373,17,1,72
373,2,0,60
373,65,0,79
373,18,0,67
373,3,0,40
373,39,0,95
373,2,0,36
373,35,1,55
373,4,1,60
373,65,1,46
373,22,0,43
373,43,0,52
373,26,1,78
373,34,0,69
373,41,0,58
373,38,1,21
373,1,0,91
373,44,1,67
373,2,0,77
373,25,0,81
373,50,1,49
373,68,0,58
373,56,0,61
373,71,1,80
373,57,0,91
373,28,1,66
373,40,0,26
373,61,0,88
373,0,1,88
373,8,1,68
373,27,0,68
373,45,0,18
373,36,0,69
373,17,1,55
373,17,1,48
373,56,1,53
373,56,0,61
373,12,0,11
373,4,0,44
373,43,1,36
373,58,0,68
373,53,0,47
373,14,0,88
373,33,0,77
373,49,1,60
373,3,0,73
373,44,0,96
373,49,1,53
373,2,1,37
373,39,0,73
373,24,0,54
374,46,0,48
374,16,1,43
374,16,0,8
374,60,0,52
374,58,1,32
374,64,1,67
374,14,0,39
374,12,1,43
374,62,0,42
374,29,0,8
374,61,1,28
374,43,0,58
374,9,0,51
374,17,1,74
374,34,1,40
374,64,0,72
374,44,1,36
374,27,1,20
374,64,1,59
374,40,0,58
374,23,0,28
374,21,0,52
374,27,1,50
374,26,0,36
374,0,0,41
374,36,1,41
374,65,1,50
374,16,0,33
374,1,0,62
374,13,0,24
374,46,1,68
374,35,1,34
374,33,0,61
374,0,0,49
374,69,0,66
374,25,0,5
374,70,0,46
374,57,1,58
374,42,1,46
374,39,0,41
374,60,0,55
374,69,0,68
374,17,1,58
374,40,0,77
374,32,0,45
374,25,1,40
374,3,0,32
374,57,0,66
374,65,1,43
374,4,0,30
374,44,0,39
374,31,0,52
374,26,1,44
374,41,1,53
374,49,0,32
374,28,1,72
374,24,0,19
374,60,1,43
374,27,1,48
374,55,0,44
374,15,1,42
374,26,1,26
374,22,1,46
374,56,0,43
374,4,0,36
374,42,1,42
374,60,1,27
374,4,0,17
374,64,1,50
374,30,1,45
374,40,0,63
374,28,1,51
375,26,0,57
375,61,1,38
375,32,0,29
375,57,1,43
375,60,0,32
375,30,1,45
375,19,0,28
375,4,0,47
375,19,0,26
375,19,0,42
375,24,0,29
375,33,0,58
375,29,1,46
375,68,1,21
375,8,0,50
375,39,1,65
375,16,0,66
375,21,0,31
375,5,1,30
375,42,0,39
375,46,1,28
375,19,1,36
375,31,0,60
375,18,0,29
375,41,0,63
375,9,0,37
375,16,1,24
375,56,0,16
375,23,0,36
375,36,0,19
375,19,0,88
375,35,1,50
375,46,0,52
375,55,0,63
375,49,0,6
375,58,0,62
375,42,0,50
375,15,1,33
375,36,0,34
375,30,1,39
375,20,0,40
375,9,0,44
375,51,1,35
375,17,1,48
375,1,0,40
375,7,0,39
375,46,0,25
375,57,0,62
375,32,0,44
375,52,1,37
375,17,1,64
375,9,0,65
375,0,1,23
375,54,1,35
375,65,0,55
375,32,0,55
375,39,0,56
375,41,1,76
375,25,0,55
375,4,1,43
375,23,1,18
375,15,1,19
375,27,1,44
375,2,0,33
375,6,1,37
375,5,1,24
375,49,0,49
375,63,1,26
375,23,1,61
375,25,0,33
375,32,0,38
375,5,0,70
376,53,1,66
376,46,1,30
376,71,0,34
376,67,1,29
376,32,1,46
376,61,1,25
376,50,0,70
376,54,0,63
376,54,0,27
376,41,0,28
376,53,1,44
376,24,0,33
376,8,0,49
376,15,1,22
376,49,0,49
376,38,1,54
376,8,0,40
376,39,0,38
376,19,0,62
376,31,0,52
376,18,0,37
376,68,1,68
376,70,0,25
376,3,0,50
376,56,1,39
376,48,0,25
376,60,1,15
376,38,1,37
376,56,0,57
376,50,0,41
376,11,0,17
376,7,0,58
376,22,1,35
376,58,1,46
376,44,1,69
376,13,1,22
376,47,1,39
376,39,1,36
376,39,0,49
376,26,0,40
376,33,1,54
376,44,0,67
376,64,1,27
376,41,1,51
376,45,1,53
376,22,1,31
376,31,0,45
376,17,0,75
376,8,0,67
376,33,1,37
376,47,0,63
376,32,0,58
376,8,1,52
376,37,0,49
376,46,0,39
376,24,1,64
376,52,1,52
376,64,0,53
376,4,0,52
376,35,1,31
376,38,0,35
376,61,1,25
376,15,0,56
376,57,0,52
376,24,0,26
376,6,0,49
376,44,1,29
376,1,0,45
376,63,1,65
376,51,1,49
376,55,1,22
376,64,0,36
377,65,1,61
377,25,1,39
377,8,0,40
377,9,1,45
377,56,0,62
377,65,0,46
377,12,1,43
377,61,1,45
377,70,0,28
377,29,1,26
377,63,1,40
377,38,1,27
377,49,1,32
377,46,1,40
377,5,1,25
377,59,0,53
377,34,1,31
377,51,1,49
377,71,0,61
377,14,0,29
377,7,0,32
377,38,1,39
377,57,1,28
377,22,0,37
377,55,1,42
377,41,1,24
377,4,0,38
377,66,1,9
377,24,0,45
377,30,0,15
377,59,1,68
377,34,0,33
377,57,1,75
377,58,0,22
377,56,1,37
377,69,1,48
377,43,0,44
377,28,1,69
377,3,0,52
377,31,0,40
377,65,1,49
377,10,0,33
377,48,1,25
377,12,1,52
377,48,0,27
377,51,0,29
377,55,0,40
377,14,1,21
377,32,0,35
377,24,1,23
377,10,1,21
377,60,1,21
377,71,0,43
377,45,1,45
377,29,0,34
377,12,1,52
377,12,0,43
377,34,1,42
377,70,0,28
377,36,1,37
377,14,0,57
377,71,0,56
377,24,1,43
377,4,0,18
377,49,1,40
377,21,1,50
377,39,1,45
377,25,1,32
377,53,1,39
377,29,1,53
377,25,0,39
377,19,1,32
378,14,0,39
378,61,1,30
378,59,1,38
378,31,0,39
378,55,1,45
378,43,1,32
378,32,0,29
378,42,1,16
378,4,0,30
378,58,1,41
378,45,0,51
378,23,0,41
378,50,1,28
378,34,1,19
378,41,1,43
378,28,1,43
378,69,1,38
378,42,0,30
378,30,1,42
378,24,1,25
378,53,1,27
378,5,1,19
378,46,1,30
378,18,1,28
378,62,0,34
378,27,1,49
378,39,1,29
378,10,1,38
378,71,0,48
378,35,1,36
378,60,1,33
378,15,1,39
378,65,1,48
378,33,1,26
378,10,1,33
378,55,1,18
378,39,0,19
378,20,1,19
378,61,1,16
378,56,1,43
378,58,0,41
378,59,1,42
378,23,0,14
378,45,1,32
378,15,1,46
378,30,1,25
378,2,1,26
378,67,1,31
378,40,0,23
378,20,1,15
378,8,0,5
378,16,1,21
378,66,1,45
378,60,1,29
378,47,1,30
378,25,0,52
378,25,1,24
378,50,0,29
378,65,1,30
378,44,1,25
378,16,1,28
378,6,1,34
378,41,1,49
378,13,1,39
378,71,0,28
378,34,1,40
378,55,1,39
378,63,1,31
378,58,1,31
378,8,1,20
378,6,1,31
378,70,1,32
379,58,1,19
379,22,1,37
379,50,0,19
379,30,1,24
379,8,0,6
379,1,0,31
379,39,1,26
379,62,0,23
379,32,0,28
379,49,0,34
379,64,0,32
379,2,0,26
379,69,0,33
379,33,1,32
379,38,0,31
379,21,1,29
379,67,0,22
379,34,0,16
379,7,0,32
379,63,1,29
379,63,1,38
379,17,1,9
379,20,1,33
379,27,1,12
379,24,1,24
379,52,1,14
379,45,0,9
379,45,0,16
379,52,1,25
379,49,0,46
379,32,0,40
379,47,1,31
379,56,0,16
379,34,0,35
379,59,1,15
379,38,1,32
379,22,1,27
379,32,0,28
379,64,0,20
379,54,0,28
379,38,1,48
379,19,0,29
379,58,1,5
379,62,1,30
379,44,0,36
379,49,1,21
379,61,1,43
379,50,1,25
379,15,0,5
379,63,1,5
379,71,0,25
379,57,0,17
379,36,0,20
379,49,1,17
379,12,1,19
379,60,1,20
379,54,0,22
379,43,0,12
379,58,1,45
379,21,1,20
379,71,0,40
379,20,0,45
379,29,1,18
379,36,1,22
379,46,0,35
379,11,1,41
379,51,0,26
379,9,1,5
379,29,1,22
379,61,1,6
379,20,0,29
379,45,0,26
380,49,1,32
380,41,1,42
380,35,1,61
380,15,0,32
380,31,0,54
380,24,0,52
380,69,0,57
380,14,0,49
380,53,1,25
380,15,1,32
380,18,0,47
380,17,1,41
380,20,0,50
380,9,0,28
380,19,0,45
380,57,0,40
380,5,1,50
380,57,0,22
380,37,0,57
380,33,0,24
380,30,1,5
380,67,1,53
380,47,1,19
380,31,0,60
380,57,0,35
380,37,0,13
380,37,1,30
380,70,0,42
380,69,0,63
380,5,0,43
380,69,1,41
380,25,0,37
380,61,1,51
380,4,0,52
380,44,0,35
380,18,0,27
380,42,1,28
380,67,1,50
380,16,1,23
380,35,1,38
380,44,0,41
380,47,0,37
380,32,1,19
380,4,0,35
380,61,1,53
380,42,0,28
380,2,1,8
380,46,1,39
380,58,1,43
380,37,0,45
380,51,1,51
380,59,0,39
380,9,1,35
380,55,1,33
380,36,1,60
380,58,0,49
380,52,0,5
380,58,1,54
380,45,0,41
380,62,0,32
380,21,0,29
380,33,0,62
380,13,0,53
380,14,0,41
380,4,0,47
380,49,0,30
380,30,1,26
380,47,0,58
380,24,1,35
380,62,0,6
380,35,1,37
380,7,0,21
381,64,1,37
381,5,1,20
381,41,1,27
381,15,1,28
381,55,1,33
381,19,0,44
381,18,0,36
381,29,1,10
381,3,0,24
381,0,1,22
381,32,0,33
381,15,1,40
381,39,1,29
381,70,1,24
381,34,1,43
381,25,0,31
381,52,1,15
381,37,0,18
381,15,0,45
381,19,1,18
381,30,1,24
381,54,1,30
381,7,1,30
381,60,1,27
381,68,1,52
381,11,1,23
381,70,1,22
381,17,1,25
381,50,1,35
381,0,1,37
381,48,1,27
381,54,0,36
381,53,0,8
381,61,1,5
381,13,1,24
381,46,1,15
381,1,0,39
381,17,1,38
381,58,1,37
381,26,1,37
381,9,0,28
381,54,0,26
381,55,0,5
381,31,1,37
381,69,1,27
381,16,1,21
381,64,1,32
381,45,1,37
381,19,0,30
381,69,1,27
381,35,1,19
381,59,1,27
381,11,1,23
381,6,1,40
381,13,0,28
381,46,1,32
381,6,0,25
381,41,1,35
381,18,1,47
381,23,1,23
381,53,1,25
381,67,0,51
381,30,1,15
381,5,1,14
381,57,1,20
381,13,1,47
381,60,1,13
381,15,1,23
381,57,1,25
381,19,1,14
381,9,1,29
381,67,1,38
382,48,0,26
382,10,0,36
382,50,1,51
382,49,1,47
382,58,1,38
382,70,0,30
382,59,1,55
382,60,1,37
382,12,1,40
382,31,0,62
382,56,1,35
382,48,0,51
382,32,0,41
382,58,0,74
382,32,0,48
382,67,1,39
382,42,1,48
382,44,0,72
382,46,0,59
382,15,1,47
382,0,1,52
382,55,0,33
382,29,1,63
382,30,1,19
382,1,0,36
382,22,1,46
382,28,1,55
382,23,0,48
382,6,1,65
382,23,0,54
382,51,1,43
382,4,0,50
382,3,0,68
382,2,0,40
382,56,1,40
382,32,0,44
382,22,1,51
382,68,1,76
382,36,1,47
382,20,0,23
382,32,0,25
382,67,0,16
382,40,0,16
382,50,0,10
382,65,1,51
382,7,1,21
382,64,0,59
382,59,1,36
382,66,1,34
382,48,1,53
382,64,0,44
382,35,1,28
382,0,1,31
382,20,1,34
382,60,1,43
382,9,0,44
382,12,0,50
382,28,1,78
382,56,0,78
382,14,0,39
382,17,0,62
382,48,1,80
382,43,1,60
382,8,0,51
382,29,1,70
382,28,1,61
382,58,0,19
382,24,0,43
382,12,1,46
382,8,0,54
382,31,1,56
382,54,0,38
383,51,0,61
383,60,1,33
383,5,0,66
383,23,0,23
383,46,0,25
383,9,0,35
383,3,0,50
383,37,0,30
383,47,0,49
383,65,1,42
383,31,0,27
383,25,0,41
383,28,0,17
383,32,1,60
383,46,1,26
383,1,1,19
383,66,1,21
383,60,0,57
383,54,0,38
383,63,0,39
383,50,0,47
383,39,0,59
383,53,1,48
383,0,1,71
383,6,0,71
383,29,1,27
383,17,1,35
383,33,0,5
383,20,0,40
383,67,1,49
383,48,1,74
383,9,0,22
383,47,0,19
383,62,1,29
383,63,1,51
383,16,0,5
383,42,1,44
383,0,1,57
383,21,0,45
383,29,1,8
383,42,1,17
383,33,1,34
383,38,1,53
383,29,0,33
383,53,1,17
383,24,1,43
383,23,0,48
383,7,1,45
383,66,0,45
383,1,0,27
383,10,0,30
383,24,0,67
383,17,0,42
383,1,0,50
383,33,0,32
383,43,0,46
383,39,1,55
383,66,0,51
383,25,0,26
383,0,0,15
383,61,1,60
383,57,0,23
383,11,1,21
383,18,1,23
383,6,1,58
383,2,0,88
383,32,0,60
383,22,0,43
383,19,1,53
383,8,0,52
383,46,0,51
383,62,0,41
384,58,1,87
384,38,1,38
384,39,1,35
384,63,1,43
384,11,0,69
384,7,1,45
384,37,0,33
384,39,1,23
384,34,0,20
384,34,0,31
384,33,0,44
384,52,1,38
384,31,0,46
384,11,1,26
384,41,1,32
384,63,0,47
384,65,1,52
384,38,0,32
384,52,0,56
384,7,1,56
384,49,1,63
384,38,1,32
384,3,0,38
384,26,1,53
384,17,1,61
384,71,1,42
384,68,0,59
384,1,0,24
384,13,1,50
384,65,1,68
384,31,0,38
384,25,0,38
384,68,0,54
384,53,1,17
384,17,1,36
384,18,0,59
384,56,0,27
384,54,1,38
384,9,0,31
384,47,1,48
384,36,0,27
384,24,0,22
384,16,0,27
384,63,1,37
384,31,0,68
384,69,0,45
384,47,0,85
384,29,1,24
384,56,0,19
384,54,1,50
384,7,1,82
384,11,0,61
384,39,1,54
384,46,1,79
384,47,0,32
384,23,1,43
384,45,1,38
384,20,0,33
384,16,1,50
384,64,1,74
384,16,1,40
384,7,0,39
384,51,1,55
384,13,0,39
384,67,0,29
384,6,1,37
384,39,0,75
384,8,0,32
384,31,0,35
384,36,1,51
384,46,0,43
384,53,0,41
385,21,1,39
385,61,1,46
385,14,0,36
385,2,0,51
385,6,1,45
385,18,1,64
385,50,1,62
385,27,1,5
385,31,1,47
385,50,0,62
385,47,1,62
385,53,0,65
385,6,1,59
385,36,1,35
385,27,1,62
385,11,0,42
385,12,0,49
385,12,0,36
385,33,0,28
385,11,0,27
385,31,1,52
385,36,1,63
385,17,1,43
385,39,0,21
385,13,0,32
385,5,1,65
385,44,1,72
385,56,1,14
385,22,1,63
385,3,1,48
385,54,1,34
385,55,0,59
385,35,0,19
385,16,1,56
385,6,1,44
385,69,0,50
385,30,0,49
385,44,0,70
385,68,0,63
385,43,0,65
385,24,0,53
385,19,1,30
385,41,1,64
385,16,0,32
385,34,0,57
385,20,0,51
385,19,0,5
385,30,1,21
385,24,0,22
385,8,1,35
385,12,0,43
385,2,1,25
385,1,0,45
385,43,0,41
385,67,0,50
385,17,1,69
385,25,1,40
385,71,0,41
385,40,0,30
385,27,1,43
385,9,1,29
385,31,0,59
385,60,1,23
385,39,0,49
385,58,0,31
385,68,1,47
385,32,0,63
385,47,1,44
385,34,1,47
385,13,0,47
385,70,0,49
385,34,0,51
386,31,1,61
386,24,0,29
386,62,0,54
386,9,1,67
386,59,0,38
386,42,1,33
386,10,1,44
386,33,0,63
386,10,0,52
386,63,1,43
386,20,0,11
386,20,0,31
386,16,1,67
386,21,0,51
386,34,0,24
386,22,0,37
386,49,1,43
386,21,0,30
386,50,0,44
386,51,1,42
386,47,1,27
386,71,0,45
386,1,1,31
386,33,1,25
386,52,1,29
386,50,1,42
386,15,0,56
386,11,1,61
386,71,0,42
386,67,1,57
386,15,0,54
386,48,1,55
386,63,0,36
386,4,0,14
386,51,1,54
386,52,1,35
386,26,1,68
386,23,1,35
386,71,0,61
386,35,1,24
386,20,0,49
386,9,1,63
386,2,0,49
386,49,1,40
386,14,0,51
386,66,0,60
386,6,0,41
386,2,0,57
386,65,1,38
386,49,0,45
386,29,1,34
386,17,1,44
386,40,0,53
386,51,1,47
386,47,1,28
386,26,0,33
386,53,1,44
386,57,0,26
386,14,0,46
386,64,0,51
386,67,1,49
386,47,0,21
386,56,0,48
386,55,1,38
386,67,0,68
386,55,0,70
386,30,1,44
386,55,1,39
386,64,0,31
386,3,0,21
386,15,1,33
386,55,0,42
387,31,0,57
387,35,0,49
387,29,1,60
387,20,0,34
387,52,1,33
387,56,1,69
387,27,1,64
387,10,1,26
387,46,0,40
387,28,1,38
387,38,1,36
387,6,1,48
387,3,1,38
387,59,0,44
387,44,1,31
387,1,1,48
387,32,0,48
387,50,1,45
387,25,0,45
387,66,0,50
387,46,1,65
387,40,0,51
387,49,0,40
387,13,1,53
387,32,1,16
387,42,0,51
387,17,1,57
387,4,1,51
387,34,0,34
387,59,1,45
387,60,1,51
387,22,1,36
387,41,1,91
387,60,1,31
387,41,0,26
387,65,1,34
387,54,1,74
387,55,1,39
387,60,0,62
387,52,1,58
387,67,1,34
387,35,1,63
387,35,1,48
387,27,1,73
387,28,1,51
387,9,1,54
387,19,0,48
387,2,1,72
387,41,0,34
387,49,1,36
387,16,1,57
387,69,1,26
387,60,1,35
387,54,1,72
387,58,1,32
387,39,0,39
387,10,1,47
387,58,1,51
387,41,1,50
387,55,1,46
387,53,1,48
387,47,0,27
387,11,1,42
387,2,0,22
387,15,1,41
387,14,0,55
387,2,0,36
387,45,0,60
387,21,1,36
387,32,0,30
387,9,1,53
387,8,1,30
388,20,0,36
388,38,1,68
388,37,0,19
388,62,0,43
388,31,1,49
388,65,1,25
388,3,1,74
388,61,1,41
388,50,0,41
388,71,0,58
388,69,1,28
388,3,1,52
388,26,0,22
388,51,0,66
388,36,1,16
388,48,0,25
388,34,0,44
388,20,0,38
388,20,0,34
388,26,1,52
388,6,0,51
388,6,1,28
388,32,1,39
388,46,0,48
388,38,1,27
388,51,1,43
388,0,0,22
388,22,1,51
388,29,0,77
388,62,0,61
388,49,1,28
388,32,1,43
388,49,1,38
388,20,0,54
388,60,1,33
388,18,1,55
388,57,0,32
388,60,1,23
388,8,1,60
388,55,1,40
388,29,0,53
388,48,0,35
388,42,1,75
388,51,1,21
388,66,1,45
388,9,1,63
388,66,1,22
388,45,1,64
388,37,1,51
388,55,0,39
388,28,0,57
388,25,1,41
388,17,1,37
388,68,0,44
388,26,1,26
388,52,1,35
388,19,0,37
388,47,0,47
388,40,0,41
388,28,0,38
388,18,0,27
388,56,0,32
388,34,0,26
388,1,1,33
388,56,1,45
388,3,1,35
388,60,1,70
388,66,1,49
388,57,0,26
388,4,0,61
388,35,1,59
388,56,1,25
389,6,0,35
389,17,1,50
389,63,0,22
389,20,1,41
389,16,1,37
389,55,0,45
389,5,0,38
389,17,1,33
389,70,0,30
389,70,0,40
389,36,0,27
389,15,1,39
389,14,0,68
389,50,0,38
389,51,1,37
389,13,1,39
389,47,0,58
389,54,0,35
389,3,0,72
389,20,0,22
389,59,1,44
389,7,0,41
389,45,1,58
389,33,0,45
389,43,1,15
389,60,1,37
389,64,1,33
389,31,0,60
389,60,1,58
389,27,1,48
389,16,0,25
389,4,0,41
389,1,0,41
389,21,0,57
389,24,1,38
389,66,1,50
389,38,1,63
389,10,0,54
389,53,0,71
389,17,1,34
389,15,1,27
389,45,0,44
389,66,0,32
389,1,1,44
389,71,1,33
389,34,0,41
389,6,1,54
389,60,1,26
389,32,1,62
389,30,0,5
389,50,0,32
389,27,0,40
389,25,1,59
389,64,0,75
389,4,0,61
389,55,0,32
389,22,0,48
389,48,0,62
389,60,0,30
389,44,0,46
389,13,0,60
389,62,0,47
389,21,0,35
389,55,1,42
389,37,0,50
389,45,0,59
389,26,1,46
389,68,1,60
389,55,1,38
389,53,0,64
389,63,1,45
389,62,0,47
390,66,1,10
390,24,1,21
390,29,0,46
390,27,1,30
390,17,1,31
390,20,0,47
390,59,1,16
390,6,0,20
390,20,0,22
390,18,1,18
390,27,1,7
390,20,1,18
390,4,1,44
390,36,1,14
390,59,1,29
390,32,1,20
390,69,1,31
390,57,0,15
390,16,1,16
390,31,1,5
390,7,0,19
390,19,0,7
390,40,0,5
390,48,1,20
390,62,0,33
390,33,0,44
390,24,1,28
390,16,0,30
390,19,0,5
390,52,1,16
390,53,0,29
390,52,0,5
390,5,1,36
390,8,0,35
390,8,1,25
390,43,0,23
390,12,0,26
390,2,0,30
390,64,0,15
390,31,0,45
390,22,0,20
390,29,0,30
390,4,0,28
390,15,0,13
390,14,0,28
390,27,1,33
390,54,0,30
390,15,1,28
390,63,0,23
390,44,1,14
390,23,1,15
390,49,1,26
390,51,1,12
390,66,1,35
390,31,0,33
390,34,1,38
390,39,1,25
390,30,0,23
390,60,1,14
390,49,1,18
390,32,0,39
390,27,0,22
390,7,1,30
390,61,1,17
390,51,1,20
390,5,1,39
390,40,0,21
390,26,1,34
390,42,0,24
390,69,0,26
390,20,1,32
390,19,0,33
391,52,1,33
391,4,0,34
391,7,0,61
391,21,1,32
391,46,0,46
391,37,1,50
391,46,1,24
391,30,1,26
391,50,0,55
391,69,1,51
391,16,0,53
391,67,0,29
391,0,1,48
391,49,1,49
391,62,1,29
391,50,0,73
391,31,0,38
391,42,0,59
391,39,1,24
391,31,0,61
391,0,1,63
391,38,1,26
391,35,1,31
391,43,1,57
391,25,1,21
391,11,0,71
391,37,1,69
391,32,0,83
391,61,1,60
391,4,0,56
391,41,1,35
391,17,1,42
391,13,1,50
391,17,1,37
391,6,1,28
391,32,1,49
391,4,0,51
391,30,0,44
391,58,1,52
391,16,0,15
391,15,0,67
391,2,1,48
391,12,0,43
391,15,1,53
391,62,1,41
391,59,0,63
391,48,1,35
391,12,0,61
391,42,1,50
391,41,1,67
391,16,0,16
391,31,0,44
391,17,1,40
391,21,1,68
391,57,1,38
391,11,1,38
391,18,1,61
391,60,0,44
391,19,1,52
391,8,1,61
391,31,0,29
391,62,1,34
391,13,1,26
391,37,0,54
391,20,0,41
391,23,1,16
391,52,0,78
391,69,1,72
391,8,1,30
391,27,1,73
391,19,0,38
391,31,1,34
392,70,1,40
392,9,1,39
392,15,0,33
392,18,1,36
392,37,0,36
392,35,0,28
392,34,1,9
392,33,1,15
392,6,1,48
392,34,1,36
392,14,1,16
392,46,0,35
392,54,1,22
392,60,0,43
392,64,1,35
392,47,1,18
392,66,1,35
392,10,1,25
392,44,1,28
392,28,1,41
392,22,1,24
392,68,0,38
392,34,1,13
392,23,1,44
392,57,1,40
392,66,1,46
392,26,1,32
392,8,1,34
392,33,1,24
392,41,1,31
392,58,1,17
392,67,1,39
392,20,0,47
392,6,1,21
392,28,1,34
392,42,1,54
392,38,1,31
392,69,0,25
392,32,0,15
392,33,0,24
392,30,1,40
392,6,1,47
392,58,1,22
392,63,1,34
392,16,1,25
392,57,1,30
392,11,0,21
392,5,1,32
392,30,1,56
392,0,1,41
392,58,1,11
392,66,0,21
392,23,1,29
392,29,1,39
392,29,1,43
392,7,1,27
392,58,0,42
392,61,1,5
392,62,0,37
392,30,1,31
392,20,0,42
392,54,0,33
392,36,1,24
392,60,1,46
392,54,0,40
392,64,1,30
392,65,1,20
392,20,0,20
392,14,0,40
392,29,1,18
392,22,1,30
392,70,1,23
393,24,1,25
393,28,1,25
393,67,0,21
393,54,1,17
393,22,1,28
393,20,0,36
393,22,1,38
393,65,1,26
393,60,1,24
393,7,1,32
393,15,1,12
393,2,1,25
393,60,1,15
393,45,0,31
393,5,1,33
393,49,1,20
393,56,0,25
393,58,0,16
393,34,0,21
393,41,1,21
393,26,0,12
393,58,1,26
393,59,0,22
393,23,0,18
393,58,1,27
393,62,1,34
393,45,0,9
393,11,1,16
393,27,1,45
393,68,0,23
393,26,1,5
393,30,1,34
393,9,0,8
393,32,0,27
393,64,0,19
393,66,0,43
393,21,0,16
393,18,1,24
393,3,0,34
393,67,0,25
393,18,1,21
393,43,0,12
393,53,0,27
393,52,1,11
393,17,1,22
393,2,1,6
393,40,0,22
393,50,0,14
393,13,1,46
393,23,1,29
393,21,0,34
393,39,0,25
393,27,1,42
393,55,0,32
393,16,1,29
393,39,0,31
393,7,0,10
393,68,0,21
393,12,1,35
393,15,1,10
393,24,1,25
393,14,1,28
393,12,0,27
393,51,1,13
393,33,0,33
393,3,0,25
393,25,0,9
393,64,1,8
393,24,0,18
393,20,0,21
393,43,0,5
393,53,1,30
394,7,1,39
394,55,0,43
394,36,0,36
394,11,1,33
394,22,0,59
394,45,1,37
394,34,0,56
394,4,1,74
394,18,1,60
394,43,0,53
394,23,1,26
394,70,0,38
394,0,1,21
394,13,0,26
394,44,1,41
394,0,1,33
394,42,0,26
394,3,0,63
394,64,0,41
394,64,0,53
394,9,1,38
394,59,0,16
394,7,1,14
394,53,0,67
394,64,0,58
394,42,0,26
394,45,1,33
394,13,1,31
394,46,0,60
394,12,0,40
394,71,0,39
394,12,1,26
394,41,1,49
394,18,0,33
394,57,0,28
394,28,1,44
394,34,0,60
394,33,0,33
394,36,0,45
394,0,1,59
394,46,1,53
394,19,1,51
394,48,0,56
394,11,1,32
394,8,0,37
394,65,0,45
394,14,1,54
394,46,0,36
394,58,1,46
394,34,0,29
394,6,0,39
394,44,1,50
394,13,1,46
394,19,0,39
394,33,0,28
394,38,0,31
394,71,0,70
394,13,1,27
394,6,1,42
394,32,0,36
394,60,1,53
394,33,1,51
394,26,1,30
394,26,1,31
394,58,1,34
394,22,0,34
394,49,1,36
394,5,0,5
394,71,0,32
394,39,0,30
394,37,1,48
394,7,1,41
395,40,1,76
395,41,0,100
395,9,0,69
395,63,1,28
395,59,1,66
395,42,0,33
395,18,0,47
395,64,1,39
395,63,0,74
395,62,0,50
395,32,0,62
395,27,1,24
395,61,1,45
395,49,0,67
395,42,1,31
395,3,1,61
395,45,0,34
395,41,1,60
395,65,1,76
395,53,1,62
395,33,0,84
395,67,0,70
395,48,0,63
395,16,1,63
395,18,1,46
395,18,0,98
395,41,0,61
395,45,0,67
395,56,0,59
395,55,0,77
395,17,0,18
395,31,0,85
395,63,0,52
395,21,1,73
395,33,0,76
395,69,1,83
395,20,1,49
395,37,1,48
395,18,0,51
395,58,0,78
395,15,0,77
395,16,1,74
395,24,0,60
395,61,0,76
395,3,0,41
395,66,0,43
395,38,0,22
395,8,0,51
395,16,1,55
395,8,1,92
395,20,0,33
395,6,0,89
395,65,0,67
395,17,1,34
395,71,0,75
395,70,0,86
395,60,1,55
395,42,0,67
395,50,0,62
395,33,1,77
395,51,0,64
395,4,1,65
395,66,0,66
395,1,0,47
395,56,0,67
395,63,0,44
395,49,0,45
395,54,0,87
395,27,1,45
395,29,0,79
395,61,0,48
395,31,0,64
396,29,0,15
396,1,1,21
396,20,1,35
396,50,1,28
396,27,1,39
396,38,1,20
396,23,1,46
396,0,0,48
396,18,1,15
396,61,1,38
396,54,1,32
396,67,0,24
396,14,0,21
396,42,1,23
396,25,1,39
396,54,0,35
396,15,1,9
396,3,1,28
396,12,1,32
396,66,0,28
396,43,0,22
396,14,0,44
396,67,1,29
396,54,0,21
396,48,0,5
396,46,0,26
396,55,1,32
396,42,1,21
396,31,0,12
396,44,1,16
396,27,1,20
396,19,0,32
396,61,1,42
396,58,1,27
396,11,0,42
396,59,1,13
396,13,1,11
396,13,1,32
396,31,0,24
396,59,0,6
396,11,1,29
396,40,1,26
396,10,1,42
396,13,0,29
396,71,0,13
396,5,1,24
396,36,1,39
396,18,1,25
396,45,1,39
396,62,1,40
396,61,1,20
396,43,1,31
396,68,1,32
396,35,1,16
396,11,1,7
396,59,1,21
396,59,0,20
396,27,1,34
396,57,1,33
396,57,0,5
396,10,1,25
396,49,1,18
396,48,1,18
396,17,1,31
396,20,1,41
396,26,1,30
396,1,0,22
396,26,1,13
396,6,1,28
396,29,1,39
396,27,0,41
396,20,0,43
397,40,0,37
397,32,0,86
397,59,0,56
397,30,0,74
397,17,1,63
397,4,0,34
397,37,1,86
397,26,0,89
397,28,0,56
397,37,0,84
397,8,1,60
397,40,0,80
397,60,1,59
397,9,1,54
397,21,0,43
397,45,1,51
397,13,0,93
397,26,0,41
397,14,0,47
397,17,1,25
397,10,0,83
397,26,0,59
397,8,0,73
397,27,0,63
397,5,1,65
397,51,0,62
397,18,0,43
397,33,0,55
397,37,0,36
397,25,0,81
397,2,1,49
397,61,1,64
397,2,0,56
397,45,1,39
397,56,0,97
397,71,0,86
397,35,1,44
397,43,0,11
397,13,0,23
397,49,1,62
397,40,1,69
397,42,0,14
397,22,0,54
397,52,0,81
397,12,0,53
397,27,0,66
397,58,0,75
397,66,0,75
397,14,0,56
397,7,0,48
397,65,0,63
397,65,1,68
397,58,1,24
397,56,0,70
397,67,0,93
397,32,0,44
397,52,1,57
397,36,0,61
397,51,0,28
397,31,0,27
397,32,0,51
397,45,0,106
397,30,1,48
397,45,0,47
397,28,1,36
397,56,1,35
397,18,0,97
397,60,0,65
397,49,0,47
397,32,0,53
397,46,1,69
397,12,0,46
398,1,1,39
398,21,1,39
398,4,0,16
398,14,0,27
398,15,1,17
398,40,0,19
398,22,1,19
398,36,1,28
398,38,1,19
398,25,1,46
398,1,1,31
398,54,1,28
398,47,1,22
398,70,1,28
398,36,1,24
398,11,0,16
398,56,0,37
398,65,1,31
398,30,1,46
398,31,1,63
398,19,1,24
398,50,0,49
398,47,1,14
398,4,1,40
398,54,1,39
398,47,1,30
398,70,1,23
398,49,1,35
398,18,1,40
398,68,1,38
398,37,1,46
398,29,1,38
398,31,0,48
398,51,1,40
398,2,1,44
398,16,1,22
398,33,1,30
398,24,0,35
398,43,0,20
398,24,1,41
398,26,1,37
398,43,0,39
398,64,1,49
398,59,1,45
398,53,1,41
398,33,1,14
398,8,1,24
398,63,1,13
398,25,1,41
398,68,1,58
398,51,1,8
398,17,1,33
398,9,1,22
398,36,1,47
398,38,1,25
398,40,0,18
398,69,1,32
398,66,1,12
398,66,1,22
398,54,1,19
398,63,0,57
398,15,1,50
398,20,0,40
398,57,1,31
398,63,1,28
398,4,0,37
398,21,1,39
398,20,1,22
398,15,1,25
398,52,1,28
398,70,0,19
398,29,0,23
399,63,1,19
399,38,1,28
399,15,0,18
399,27,1,34
399,54,1,22
399,50,0,17
399,29,0,23
399,9,0,26
399,55,0,28
399,69,1,37
399,14,0,22
399,52,1,23
399,27,1,34
399,1,0,37
399,55,0,20
399,49,1,32
399,14,0,41
399,38,1,20
399,38,1,29
399,40,0,21
399,40,1,19
399,12,1,35
399,35,1,12
399,45,0,39
399,41,1,41
399,0,0,26
399,5,1,35
399,53,0,24
399,52,1,12
399,53,1,27
399,0,0,24
399,23,0,26
399,54,1,6
399,69,1,28
399,27,0,34
399,11,0,14
399,21,1,21
399,18,1,34
399,33,0,29
399,10,0,22
399,6,1,13
399,57,1,19
399,8,1,25
399,40,0,31
399,1,1,14
399,24,0,26
399,25,1,21
399,5,1,17
399,46,0,26
399,71,1,24
399,10,0,25
399,6,0,20
399,60,1,44
399,37,1,5
399,53,0,29
399,29,1,41
399,27,1,19
399,45,1,37
399,20,1,28
399,69,0,17
399,62,0,17
399,23,0,11
399,32,0,29
399,32,1,9
399,40,0,8
399,21,1,20
399,7,1,24
399,46,1,8
399,0,0,29
399,45,1,19
399,58,1,29
399,51,1,39
400,50,0,7
400,2,0,19
400,49,1,16
400,38,1,22
400,61,1,22
400,31,0,25
400,49,0,13
400,4,1,23
400,29,0,5
400,53,0,21
400,66,0,31
400,54,1,10
400,70,1,14
400,10,0,22
400,40,0,12
400,18,1,40
400,35,0,24
400,64,1,8
400,27,0,7
400,39,0,28
400,42,1,42
400,40,0,19
400,44,0,28
400,40,0,31
400,3,0,26
400,21,1,31
400,64,0,24
400,63,1,21
400,17,1,28
400,34,1,24
400,4,0,30
400,17,1,30
400,21,1,5
400,38,1,26
400,23,0,34
400,42,1,31
400,37,0,15
400,2,0,30
400,35,1,33
400,63,0,12
400,66,0,33
400,16,0,40
400,24,1,28
400,10,0,28
400,31,0,20
400,51,0,36
400,17,0,22
400,23,0,29
400,22,0,20
400,27,1,23
400,11,0,36
400,9,0,27
400,28,1,29
400,71,0,18
400,38,0,31
400,25,1,39
400,53,0,12
400,62,0,30
400,57,0,28
400,24,0,39
400,53,1,46
400,57,0,12
400,38,0,32
400,67,1,34
400,35,0,20
400,16,0,16
400,51,1,29
400,69,1,30
400,28,1,18
400,18,0,21
400,33,1,31
400,66,0,13
401,48,0,9
401,34,1,30
401,52,0,54
401,55,0,60
401,25,1,16
401,10,0,52
401,51,1,46
401,71,0,13
401,13,1,28
401,13,0,52
401,19,0,55
401,54,0,30
401,57,1,33
401,68,1,26
401,70,0,42
401,49,1,47
401,26,0,36
401,71,0,58
401,65,0,54
401,37,0,69
401,34,1,56
401,60,1,55
401,43,0,38
401,58,0,18
401,36,1,41
401,71,0,29
401,30,1,36
401,70,0,36
401,63,0,40
401,36,1,5
401,57,0,53
401,18,0,41
401,67,1,17
401,6,0,21
401,51,0,35
401,70,0,24
401,11,0,57
401,56,1,49
401,22,1,53
401,34,0,52
401,20,0,52
401,63,0,39
401,50,0,24
401,7,1,20
401,13,1,31
401,48,1,29
401,7,0,35
401,17,1,50
401,19,0,32
401,56,0,31
401,2,0,46
401,23,0,42
401,69,1,51
401,47,0,36
401,30,0,68
401,12,1,26
401,25,0,58
401,39,0,17
401,17,0,44
401,48,1,34
401,61,1,20
401,60,0,31
401,54,0,5
401,5,1,68
401,64,0,25
401,7,1,48
401,23,0,44
401,12,1,36
401,31,1,42
401,39,0,39
401,53,0,49
401,31,0,41
402,1,0,27
402,39,0,33
402,62,0,39
402,29,1,40
402,56,0,36
402,47,0,13
402,35,0,26
402,60,0,18
402,25,1,21
402,44,1,25
402,57,1,18
402,44,0,30
402,19,0,19
402,57,1,23
402,18,0,42
402,39,0,37
402,65,1,22
402,33,1,30
402,15,1,23
402,41,0,32
402,57,0,38
402,13,1,25
402,19,1,15
402,10,0,16
402,30,0,19
402,21,0,17
402,58,0,42
402,26,0,15
402,49,0,32
402,56,0,37
402,7,1,26
402,8,0,23
402,26,0,38
402,36,1,16
402,63,0,39
402,12,1,20
402,16,0,11
402,9,0,52
402,11,0,9
402,67,0,32
402,24,1,19
402,26,0,28
402,26,1,26
402,68,0,27
402,49,1,5
402,54,0,14
402,18,1,40
402,21,0,30
402,63,0,5
402,63,1,11
402,24,0,41
402,23,1,26
402,27,1,25
402,19,0,7
402,32,1,38
402,43,1,25
402,29,0,27
402,31,1,33
402,37,0,42
402,62,0,39
402,51,0,37
402,64,1,25
402,36,0,23
402,71,1,37
402,36,0,12
402,48,1,27
402,24,0,23
402,64,1,23
402,15,1,10
402,35,1,30
402,12,0,29
402,57,1,44
403,6,0,53
403,54,0,79
403,58,0,63
403,37,0,85
403,38,0,58
403,19,0,35
403,1,0,21
403,48,0,36
403,28,0,57
403,19,0,64
403,9,1,82
403,15,0,83
403,3,0,40
403,58,1,45
403,38,1,28
403,20,0,39
403,62,0,60
403,69,1,79
403,65,1,63
403,40,0,12
403,32,0,78
403,38,0,56
403,13,0,70
403,23,1,40
403,53,0,75
403,48,0,60
403,1,0,53
403,6,1,75
403,0,0,94
403,26,0,57
403,22,1,44
403,50,0,68
403,28,0,50
403,54,0,49
403,31,0,68
403,28,0,66
403,60,0,58
403,12,0,56
403,32,0,5
403,47,1,28
403,35,0,63
403,55,0,88
403,65,1,35
403,58,1,81
403,40,0,71
403,47,0,25
403,47,0,31
403,30,1,39
403,14,0,78
403,67,0,83
403,59,0,58
403,21,1,36
403,28,0,56
403,39,0,82
403,61,1,59
403,21,1,36
403,65,1,90
403,14,0,59
403,13,0,39
403,70,0,54
403,44,0,51
403,48,0,55
403,14,0,94
403,68,1,56
403,66,1,85
403,28,0,81
403,9,1,69
403,65,1,5
403,59,0,42
403,14,0,47
403,36,0,46
403,48,1,74
404,39,0,36
404,19,1,29
404,36,1,31
404,43,1,24
404,16,1,24
404,43,0,26
404,60,1,34
404,46,0,14
404,62,0,26
404,22,0,22
404,6,1,14
404,54,0,31
404,11,1,25
404,30,1,11
404,21,1,30
404,32,0,5
404,37,0,28
404,28,1,42
404,67,0,16
404,59,1,20
404,16,0,25
404,9,0,21
404,67,0,20
404,63,0,14
404,34,1,29
404,65,1,22
404,10,1,29
404,61,1,24
404,8,1,12
404,24,0,26
404,59,0,51
404,48,0,30
404,40,0,16
404,16,1,19
404,29,1,34
404,33,1,41
404,50,0,23
404,53,1,27
404,10,1,30
404,41,0,54
404,67,0,35
404,23,0,16
404,39,0,32
404,8,0,27
404,52,1,14
404,28,1,23
404,32,1,20
404,20,0,23
404,41,1,19
404,62,0,39
404,35,1,18
404,71,0,5
404,54,0,26
404,37,1,34
404,53,0,27
404,29,0,24
404,13,0,33
404,70,1,19
404,0,0,14
404,37,0,24
404,25,0,10
404,11,1,21
404,50,1,26
404,54,1,17
404,1,1,17
404,2,1,21
404,63,0,5
404,16,1,31
404,19,0,30
404,5,1,27
404,6,1,20
404,36,1,23
405,41,1,33
405,70,1,62
405,37,0,45
405,7,0,36
405,0,1,57
405,54,1,49
405,28,1,30
405,59,0,58
405,7,1,34
405,11,1,36
405,23,0,75
405,30,0,55
405,34,1,55
405,33,0,52
405,41,1,60
405,29,0,32
405,69,0,25
405,14,0,73
405,28,1,68
405,30,1,57
405,43,0,38
405,40,1,70
405,28,1,33
405,60,1,31
405,38,1,48
405,2,0,32
405,16,1,55
405,46,0,28
405,14,0,35
405,45,0,17
405,10,1,35
405,64,0,57
405,52,1,54
405,17,1,29
405,47,1,47
405,62,1,66
405,3,0,57
405,9,1,36
405,45,1,48
405,44,0,63
405,60,0,39
405,51,0,35
405,9,1,47
405,67,0,23
405,21,0,34
405,28,1,51
405,47,1,48
405,38,0,58
405,12,1,45
405,38,1,50
405,27,0,40
405,21,0,47
405,62,0,60
405,60,1,61
405,23,0,42
405,48,0,29
405,16,1,53
405,57,1,20
405,1,1,61
405,55,1,47
405,8,0,31
405,50,1,32
405,20,1,46
405,51,1,48
405,19,0,50
405,45,1,46
405,49,1,42
405,11,1,20
405,61,1,54
405,70,1,47
405,32,0,31
405,68,1,56
406,45,0,35
406,18,1,55
406,7,1,46
406,47,1,24
406,68,1,36
406,62,0,57
406,60,1,25
406,2,0,28
406,71,1,61
406,9,0,20
406,30,0,36
406,12,0,27
406,62,0,38
406,50,1,45
406,56,0,58
406,15,1,43
406,3,0,48
406,62,0,46
406,12,1,68
406,18,0,46
406,49,1,45
406,56,0,41
406,62,0,32
406,52,1,38
406,13,0,62
406,31,0,37
406,30,0,54
406,38,0,43
406,50,0,54
406,71,0,78
406,54,1,79
406,23,0,50
406,58,1,5
406,54,0,12
406,6,0,30
406,3,0,40
406,70,1,39
406,68,0,49
406,4,0,72
406,32,0,12
406,35,0,46
406,45,0,34
406,15,1,16
406,54,1,36
406,45,1,38
406,3,0,42
406,41,1,61
406,34,0,31
406,20,1,38
406,62,0,22
406,50,1,53
406,2,1,35
406,9,0,33
406,49,1,29
406,1,0,35
406,21,1,26
406,58,0,83
406,35,1,42
406,37,1,45
406,13,0,38
406,64,1,53
406,10,1,43
406,9,1,9
406,7,1,31
406,47,0,38
406,13,0,43
406,28,1,29
406,15,1,39
406,5,0,26
406,29,1,25
406,43,1,27
406,67,0,17
407,64,0,64
407,13,0,35
407,70,0,83
407,52,1,44
407,39,0,43
407,3,0,74
407,19,0,67
407,50,1,49
407,54,1,65
407,62,0,44
407,41,0,35
407,53,0,63
407,47,0,57
407,42,0,53
407,60,1,93
407,24,0,71
407,27,0,102
407,19,0,105
407,70,1,32
407,56,0,38
407,39,0,52
407,71,0,69
407,52,1,68
407,24,0,71
407,0,0,52
407,23,0,25
407,11,1,64
407,5,1,78
407,50,0,45
407,24,1,48
407,51,1,68
407,57,0,39
407,19,0,41
407,10,0,68
407,49,1,19
407,10,1,27
407,3,0,53
407,20,0,43
407,14,0,46
407,38,1,77
407,64,0,36
407,5,1,46
407,52,0,75
407,59,0,74
407,49,1,84
407,5,1,67
407,51,0,47
407,45,0,56
407,13,0,78
407,38,0,25
407,49,1,35
407,34,0,84
407,33,0,74
407,66,0,53
407,22,1,81
407,27,0,52
407,20,0,47
407,9,0,51
407,65,1,64
407,22,0,69
407,55,0,100
407,52,0,48
407,54,0,49
407,6,0,76
407,1,1,101
407,27,1,44
407,70,0,42
407,33,0,84
407,48,1,40
407,23,0,72
407,30,1,45
407,7,0,82
408,40,0,27
408,58,1,25
408,37,0,25
408,38,0,32
408,32,1,24
408,51,0,22
408,21,0,38
408,56,1,34
408,24,0,23
408,19,0,31
408,14,0,13
408,48,1,36
408,60,1,20
408,28,1,28
408,10,0,20
408,2,1,41
408,11,0,16
408,6,0,38
408,4,0,9
408,9,1,25
408,12,1,30
408,1,0,23
408,25,0,35
408,18,1,5
408,64,1,24
408,5,1,24
408,6,0,16
408,28,0,18
408,11,0,39
408,1,0,15
408,26,1,23
408,60,0,40
408,40,1,40
408,48,1,30
408,39,1,37
408,4,0,22
408,10,0,22
408,33,0,23
408,39,1,24
408,44,1,20
408,64,1,18
408,3,0,31
408,64,1,40
408,43,1,13
408,37,1,5
408,29,1,17
408,61,1,35
408,29,1,19
408,60,0,19
408,16,0,27
408,21,1,38
408,21,0,28
408,70,1,31
408,33,1,21
408,11,1,19
408,26,0,10
408,4,1,31
408,64,1,35
408,21,1,11
408,39,0,24
408,54,1,13
408,70,0,39
408,22,0,8
408,0,0,29
408,44,1,28
408,56,0,19
408,41,1,24
408,2,0,19
408,1,0,27
408,7,1,33
408,31,0,22
408,0,0,10
409,5,0,61
409,63,1,38
409,13,1,53
409,8,1,17
409,57,1,54
409,28,1,30
409,44,1,46
409,70,0,37
409,27,0,19
409,35,1,29
409,30,1,40
409,45,0,50
409,33,0,47
409,45,0,41
409,20,1,25
409,55,1,29
409,71,0,50
409,27,1,69
409,25,1,50
409,69,1,57
409,32,0,62
409,25,0,34
409,4,1,22
409,44,1,46
409,34,1,69
409,54,1,46
409,6,0,25
409,58,1,28
409,49,1,37
409,56,1,53
409,6,0,45
409,12,1,27
409,2,1,40
409,23,0,35
409,71,1,59
409,42,0,5
409,8,1,65
409,16,1,54
409,48,1,56
409,32,1,64
409,32,0,38
409,54,0,60
409,37,1,68
409,60,1,16
409,16,1,27
409,69,0,31
409,56,1,45
409,64,1,28
409,30,1,39
409,23,0,37
409,56,0,37
409,2,1,45
409,24,1,36
409,56,0,55
409,65,1,38
409,54,1,35
409,36,1,48
409,51,0,16
409,17,0,56
409,30,1,32
409,17,0,50
409,12,0,44
409,55,1,66
409,21,1,28
409,13,1,31
409,24,0,43
409,1,1,46
409,61,1,62
409,29,0,24
409,45,1,42
409,1,1,47
409,63,0,60
410,68,1,31
410,59,0,38
410,47,0,14
410,9,1,19
410,58,1,14
410,5,1,28
410,64,1,20
410,26,1,31
410,14,0,17
410,25,1,29
410,3,1,44
410,21,0,22
410,15,1,19
410,46,0,24
410,56,0,20
410,9,1,26
410,25,1,18
410,41,1,42
410,70,0,20
410,57,0,20
410,45,1,11
410,33,0,10
410,47,0,34
410,10,0,29
410,54,0,29
410,34,0,32
410,12,1,6
410,51,0,25
410,23,1,24
410,35,0,28
410,15,1,29
410,25,0,29
410,9,0,46
410,58,1,31
410,48,0,24
410,18,1,41
410,26,1,31
410,31,1,26
410,16,1,30
410,52,1,27
410,46,0,38
410,4,1,22
410,71,1,17
410,60,1,23
410,4,1,21
410,54,1,34
410,38,1,13
410,61,1,15
410,44,1,23
410,54,1,21
410,66,0,31
410,37,1,33
410,24,1,15
410,68,1,26
410,18,0,21
410,49,1,19
410,58,1,36
410,44,0,21
410,65,0,28
410,52,1,18
410,45,0,5
410,12,0,24
410,8,0,27
410,30,1,27
410,56,0,39
410,55,1,32
410,37,1,23
410,41,1,26
410,17,1,20
410,21,1,37
410,31,0,34
410,50,0,41
411,66,1,49
411,14,0,17
411,23,1,35
411,28,1,27
411,50,1,41
411,30,1,58
411,51,0,43
411,20,1,26
411,30,0,28
411,54,1,56
411,46,1,36
411,65,0,32
411,10,1,33
411,4,1,30
411,38,0,55
411,59,1,46
411,61,1,55
411,45,0,54
411,6,1,63
411,4,1,35
411,48,0,7
411,71,1,35
411,36,0,30
411,53,1,51
411,22,1,32
411,16,0,51
411,10,1,40
411,63,1,32
411,40,0,39
411,3,1,50
411,48,0,39
411,2,1,37
411,34,1,37
411,1,1,37
411,58,1,42
411,48,1,20
411,13,1,53
411,49,1,46
411,23,1,43
411,37,0,36
411,70,0,32
411,59,0,21
411,34,1,20
411,50,0,5
411,48,1,42
411,31,1,37
411,68,1,36
411,11,1,11
411,33,1,61
411,62,0,38
411,66,1,27
411,38,1,33
411,6,1,39
411,7,0,44
411,47,1,35
411,56,1,30
411,49,1,34
411,35,1,30
411,4,0,54
411,29,0,41
411,51,1,21
411,58,1,52
411,2,0,65
411,67,1,70
411,19,1,46
411,28,1,21
411,14,1,29
411,34,0,41
411,49,0,58
411,6,1,32
411,42,1,38
411,15,1,56
412,69,0,21
412,8,1,13
412,71,1,14
412,22,1,33
412,70,1,13
412,67,0,33
412,61,1,21
412,5,1,29
412,50,1,13
412,25,1,31
412,70,1,24
412,0,1,34
412,17,1,9
412,10,1,23
412,19,1,17
412,7,0,34
412,50,1,40
412,0,1,24
412,30,0,20
412,27,1,17
412,34,0,31
412,21,1,35
412,68,0,42
412,40,0,27
412,8,0,25
412,4,0,40
412,41,1,7
412,10,0,19
412,48,0,21
412,49,0,30
412,62,0,34
412,47,0,40
412,6,1,5
412,32,0,24
412,26,0,35
412,55,1,26
412,16,1,23
412,64,1,27
412,18,0,23
412,62,0,29
412,59,1,26
412,46,0,20
412,33,1,48
412,14,0,21
412,25,1,35
412,65,1,31
412,45,1,23
412,41,1,30
412,10,1,21
412,5,1,17
412,34,1,29
412,68,1,31
412,50,0,25
412,52,1,38
412,0,1,24
412,60,1,23
412,35,0,26
412,46,0,5
412,71,1,8
412,70,1,16
412,36,1,23
412,38,1,19
412,4,1,19
412,56,0,25
412,66,0,26
412,54,1,22
412,63,0,18
412,46,0,27
412,69,0,34
412,30,1,30
412,64,1,28
412,26,0,26
413,6,0,6
413,8,0,27
413,16,1,5
413,65,1,32
413,54,0,29
413,8,1,24
413,17,1,20
413,45,1,20
413,37,1,24
413,62,0,24
413,41,1,34
413,21,1,23
413,10,1,26
413,40,1,34
413,68,0,37
413,8,1,24
413,65,1,41
413,5,0,20
413,34,0,41
413,44,1,44
413,54,1,31
413,71,0,9
413,27,1,17
413,42,1,25
413,4,1,25
413,25,0,17
413,36,1,10
413,32,0,20
413,27,1,23
413,54,0,22
413,52,1,22
413,27,0,38
413,47,1,15
413,53,1,23
413,27,1,27
413,15,1,27
413,23,1,32
413,28,1,23
413,67,0,28
413,63,1,18
413,7,1,30
413,0,1,28
413,32,1,34
413,57,1,26
413,49,1,15
413,31,1,23
413,52,0,10
413,45,1,22
413,64,0,33
413,61,1,28
413,47,1,16
413,46,0,18
413,38,1,13
413,28,1,9
413,66,1,26
413,43,0,39
413,0,1,28
413,34,1,22
413,15,1,16
413,28,1,7
413,16,1,20
413,32,0,40
413,7,0,9
413,24,1,32
413,43,0,8
413,8,1,24
413,13,1,29
413,27,1,23
413,32,1,12
413,53,0,11
413,37,1,42
413,62,1,39
414,39,0,31
414,29,1,26
414,66,1,18
414,13,0,28
414,19,0,24
414,15,1,32
414,30,1,12
414,21,1,33
414,50,1,37
414,29,0,41
414,49,0,34
414,25,1,18
414,14,0,39
414,38,1,16
414,66,0,29
414,12,1,27
414,25,1,20
414,15,1,43
414,0,0,10
414,3,0,22
414,46,1,15
414,56,1,5
414,7,0,6
414,58,1,24
414,3,1,8
414,25,1,26
414,9,0,35
414,36,1,32
414,29,0,14
414,13,0,21
414,57,1,27
414,52,1,22
414,4,0,34
414,61,0,16
414,68,1,31
414,49,1,31
414,43,0,25
414,65,1,27
414,19,0,23
414,19,0,23
414,69,0,24
414,18,0,10
414,18,1,24
414,69,0,8
414,69,0,49
414,18,0,30
414,25,0,33
414,58,0,26
414,55,0,10
414,56,0,21
414,16,0,30
414,28,1,23
414,36,1,30
414,7,1,17
414,53,1,37
414,54,1,17
414,4,0,22
414,3,0,35
414,6,0,22
414,42,1,39
414,53,0,26
414,11,0,29
414,4,1,32
414,29,0,5
414,53,0,40
414,64,1,37
414,52,1,18
414,5,1,7
414,4,0,22
414,57,1,28
414,47,1,33
414,48,1,21
415,47,0,51
415,56,0,69
415,15,0,47
415,44,0,36
415,36,0,43
415,65,1,58
415,32,0,66
415,1,0,62
415,57,0,71
415,71,1,29
415,30,0,77
415,32,0,56
415,12,0,53
415,70,0,61
415,59,0,49
415,1,0,73
415,63,1,52
415,22,0,70
415,2,1,68
415,61,0,45
415,5,1,76
415,51,1,67
415,10,0,72
415,50,0,75
415,24,0,82
415,27,0,76
415,7,0,62
415,2,1,39
415,47,0,53
415,47,1,107
415,47,0,27
415,2,0,40
415,62,0,89
415,12,1,70
415,13,0,39
415,2,0,59
415,26,0,35
415,36,1,60
415,29,0,89
415,23,0,46
415,25,0,63
415,20,0,63
415,32,0,48
415,68,0,48
415,46,0,79
415,25,1,43
415,17,0,45
415,3,0,73
415,28,1,36
415,58,0,40
415,3,1,48
415,42,0,39
415,57,0,35
415,30,1,49
415,23,1,104
415,1,0,78
415,19,1,66
415,71,0,67
415,55,0,54
415,1,1,34
415,28,1,75
415,19,0,98
415,69,1,92
415,57,0,28
415,66,0,31
415,42,0,82
415,17,0,44
415,66,0,51
415,70,0,65
415,62,0,31
415,7,1,77
415,38,0,72
416,20,1,11
416,37,1,14
416,6,0,13
416,0,1,22
416,63,0,36
416,59,1,32
416,37,1,30
416,65,0,5
416,48,0,27
416,49,0,33
416,67,1,37
416,49,1,25
416,34,0,20
416,39,1,21
416,1,0,23
416,4,0,31
416,40,0,23
416,22,1,32
416,18,1,17
416,59,1,18
416,30,1,25
416,52,1,30
416,40,1,26
416,1,0,47
416,8,0,30
416,32,0,14
416,39,0,28
416,65,1,15
416,69,0,8
416,56,0,24
416,15,1,25
416,36,1,14
416,35,1,11
416,4,0,38
416,3,0,36
416,16,0,30
416,47,1,39
416,20,1,40
416,20,0,11
416,53,1,20
416,51,1,16
416,67,1,32
416,11,0,19
416,71,1,27
416,41,1,52
416,37,1,11
416,29,1,16
416,71,0,12
416,17,0,26
416,4,0,21
416,25,0,19
416,37,0,28
416,28,1,14
416,56,0,27
416,12,0,13
416,55,1,34
416,26,0,29
416,22,0,26
416,17,0,16
416,31,0,31
416,32,0,25
416,40,0,11
416,39,0,29
416,8,0,13
416,59,0,31
416,25,1,15
416,26,1,41
416,28,0,16
416,5,1,36
416,2,1,21
416,26,0,25
416,68,0,25
417,22,1,42
417,59,1,59
417,27,0,73
417,64,0,71
417,23,1,52
417,58,1,69
417,19,0,49
417,4,0,24
417,58,1,39
417,56,1,53
417,15,0,9
417,22,1,49
417,20,0,42
417,23,0,66
417,58,0,39
417,64,0,26
417,16,1,22
417,26,1,59
417,23,0,38
417,56,0,25
417,30,1,40
417,39,1,44
417,28,0,46
417,67,0,46
417,26,0,65
417,57,0,48
417,61,1,27
417,50,0,52
417,33,1,47
417,60,1,21
417,15,1,39
417,25,1,58
417,67,1,53
417,9,1,44
417,48,1,66
417,31,0,44
417,37,0,54
417,14,1,58
417,71,1,38
417,65,0,33
417,13,0,54
417,8,0,24
417,50,0,43
417,43,1,38
417,36,0,43
417,1,1,58
417,61,1,49
417,71,0,29
417,67,0,30
417,35,0,41
417,54,0,43
417,24,0,40
417,6,1,29
417,44,0,23
417,44,1,30
417,12,0,48
417,60,1,27
417,43,0,31
417,61,1,55
417,23,0,53
417,53,0,53
417,22,1,44
417,43,0,28
417,52,1,30
417,54,0,56
417,8,0,51
417,59,1,29
417,3,0,45
417,20,0,62
417,58,1,61
417,31,0,37
417,71,1,27
418,69,1,16
418,29,1,14
418,26,1,22
418,52,1,18
418,5,0,27
418,49,1,26
418,46,1,38
418,68,1,18
418,18,0,22
418,62,0,23
418,42,1,31
418,27,0,26
418,50,0,11
418,51,1,10
418,44,1,35
418,38,1,23
418,27,1,5
418,38,0,26
418,61,1,24
418,48,0,18
418,37,0,15
418,26,1,30
418,28,0,23
418,41,1,22
418,46,1,20
418,8,1,21
418,19,0,26
418,0,0,23
418,16,1,30
418,66,1,16
418,21,1,11
418,28,0,31
418,48,1,22
418,59,1,41
418,71,0,25
418,36,0,32
418,61,1,16
418,18,0,20
418,8,0,36
418,53,0,29
418,19,1,20
418,4,1,19
418,1,0,18
418,20,0,15
418,29,0,20
418,12,0,21
418,8,1,15
418,26,0,24
418,38,1,13
418,29,1,35
418,41,0,25
418,26,0,22
418,12,0,11
418,65,0,25
418,34,0,17
418,9,1,26
418,0,1,28
418,69,0,42
418,59,0,42
418,51,1,12
418,71,1,22
418,57,0,15
418,40,0,35
418,17,1,41
418,38,0,33
418,6,1,6
418,28,1,5
418,56,1,27
418,7,1,14
418,18,1,42
418,66,1,32
418,14,0,26
419,58,1,65
419,38,1,82
419,61,1,33
419,53,1,73
419,4,0,30
419,49,1,59
419,27,0,35
419,39,0,44
419,45,0,27
419,16,1,49
419,46,0,16
419,60,0,75
419,64,0,62
419,51,0,7
419,57,0,60
419,32,1,61
419,66,1,82
419,1,0,52
419,10,0,72
419,25,1,84
419,36,0,41
419,34,0,39
419,1,0,90
419,68,1,55
419,44,0,38
419,26,1,65
419,8,0,43
419,30,0,29
419,18,0,91
419,5,0,78
419,21,0,65
419,40,0,86
419,58,0,31
419,17,1,77
419,60,1,28
419,60,1,46
419,34,0,66
419,58,0,42
419,37,0,61
419,23,0,49
419,35,1,66
419,18,0,56
419,14,0,82
419,5,1,75
419,27,1,64
419,39,1,50
419,9,1,99
419,58,1,52
419,12,0,38
419,55,0,82
419,50,1,49
419,16,0,25
419,22,0,13
419,37,0,38
419,38,1,23
419,40,1,29
419,64,1,52
419,43,1,63
419,52,1,106
419,69,1,63
419,67,0,82
419,58,0,66
419,13,0,79
419,69,1,57
419,63,0,57
419,58,0,81
419,30,1,53
419,61,1,84
419,1,0,30
419,13,1,87
419,17,0,77
419,57,0,68
420,59,1,35
420,13,1,41
420,4,0,25
420,26,1,28
420,60,1,21
420,47,1,32
420,56,1,5
420,25,1,37
420,29,0,27
420,62,0,7
420,56,0,26
420,67,1,36
420,63,0,54
420,5,1,18
420,11,1,23
420,58,1,19
420,4,1,39
420,12,0,37
420,37,0,47
420,24,0,26
420,51,0,25
420,68,0,17
420,22,1,31
420,4,0,14
420,56,0,28
420,34,0,21
420,9,1,37
420,49,1,24
420,45,1,13
420,38,1,34
420,10,1,16
420,23,0,17
420,60,1,37
420,15,1,41
420,69,1,18
420,9,1,32
420,18,0,9
420,68,0,32
420,70,1,25
420,32,0,23
420,64,0,22
420,64,1,34
420,9,0,25
420,19,0,19
420,68,0,10
420,10,1,14
420,27,1,25
420,31,1,22
420,64,1,20
420,28,0,31
420,12,0,12
420,71,0,38
420,42,0,26
420,58,0,24
420,42,1,24
420,46,0,30
420,54,0,24
420,52,1,37
420,8,0,11
420,33,1,25
420,41,0,29
420,1,0,12
420,20,1,14
420,46,0,19
420,45,0,22
420,1,1,26
420,57,0,29
420,4,0,24
420,7,0,21
420,3,0,15
420,5,1,34
420,52,1,27
421,32,1,31
421,12,1,34
421,50,1,32
421,21,1,15
421,60,1,36
421,15,1,10
421,57,1,18
421,12,1,46
421,9,0,37
421,65,1,33
421,59,1,32
421,30,1,17
421,62,1,5
421,71,1,46
421,43,1,38
421,43,1,43
421,58,1,16
421,11,1,7
421,55,1,21
421,15,1,21
421,38,1,28
421,69,1,27
421,26,1,29
421,27,1,25
421,67,1,57
421,19,1,37
421,34,1,39
421,50,0,55
421,49,1,19
421,53,1,28
421,20,1,31
421,22,1,55
421,52,1,43
421,18,1,31
421,25,1,40
421,32,1,35
421,8,1,17
421,50,0,24
421,42,1,16
421,51,1,19
421,48,1,25
421,20,0,39
421,59,1,12
421,63,1,25
421,10,1,37
421,16,1,30
421,60,1,25
421,57,1,39
421,15,0,26
421,25,1,43
421,27,1,57
421,60,1,9
421,71,1,25
421,34,0,21
421,4,0,23
421,58,1,40
421,56,1,42
421,58,1,46
421,13,1,29
421,34,1,24
421,42,1,5
421,9,1,22
421,69,1,26
421,8,1,44
421,28,1,37
421,68,1,32
421,25,1,47
421,71,0,32
421,37,1,22
421,70,1,31
421,27,1,24
421,2,1,35
422,59,0,73
422,68,0,53
422,37,0,70
422,27,1,63
422,23,0,29
422,7,0,76
422,26,0,89
422,57,0,50
422,6,1,72
422,41,0,66
422,18,1,38
422,49,1,84
422,71,0,77
422,33,0,79
422,7,0,66
422,67,0,79
422,37,0,45
422,67,0,52
422,15,0,81
422,53,0,97
422,5,1,38
422,58,0,16
422,6,0,52
422,28,0,63
422,63,0,60
422,43,0,57
422,66,0,37
422,20,0,51
422,1,0,71
422,14,0,71
422,21,0,48
422,64,0,57
422,69,0,58
422,47,0,64
422,53,0,91
422,59,0,69
422,18,0,34
422,59,0,23
422,26,1,80
422,45,1,124
422,58,0,61
422,17,0,69
422,46,0,41
422,29,0,83
422,53,0,55
422,31,0,61
422,12,0,99
422,60,1,28
422,4,0,42
422,39,0,78
422,23,1,33
422,29,0,52
422,17,1,37
422,15,0,51
422,48,0,29
422,58,1,87
422,33,1,39
422,9,1,69
422,43,0,52
422,44,0,42
422,25,0,88
422,6,1,92
422,17,0,5
422,10,0,71
422,59,0,85
422,51,0,61
422,5,1,48
422,16,0,59
422,27,1,52
422,32,0,44
422,9,0,32
422,51,0,46
423,1,1,40
423,61,1,24
423,50,0,34
423,65,1,41
423,5,0,40
423,42,1,39
423,5,0,25
423,7,1,63
423,15,0,64
423,41,1,52
423,38,1,69
423,45,0,34
423,33,0,51
423,62,0,26
423,24,0,54
423,14,0,35
423,3,1,49
423,50,1,33
423,45,1,12
423,63,0,55
423,52,1,15
423,0,0,55
423,16,1,45
423,70,0,53
423,66,0,5
423,55,0,40
423,53,0,53
423,62,0,50
423,24,1,24
423,42,1,23
423,1,1,9
423,13,1,39
423,23,0,67
423,5,0,18
423,1,1,79
423,25,0,37
423,60,0,52
423,37,1,62
423,35,0,47
423,12,1,44
423,68,1,25
423,68,0,66
423,18,0,18
423,40,0,51
423,29,0,23
423,33,0,31
423,11,1,44
423,61,1,47
423,47,0,29
423,51,0,47
423,53,0,23
423,10,1,46
423,51,1,25
423,52,1,32
423,15,1,40
423,53,1,44
423,48,0,62
423,48,1,40
423,26,0,46
423,58,0,55
423,22,1,46
423,8,1,33
423,69,1,40
423,9,1,40
423,63,0,34
423,31,0,21
423,13,1,37
423,5,1,23
423,23,0,35
423,22,1,16
423,33,0,43
423,19,0,47
424,54,0,41
424,51,0,29
424,66,0,32
424,0,1,29
424,1,0,31
424,61,1,36
424,39,0,14
424,21,1,36
424,15,0,32
424,30,1,48
424,65,1,31
424,2,1,26
424,27,1,9
424,58,1,15
424,49,0,40
424,5,1,25
424,61,1,33
424,42,1,28
424,7,1,32
424,17,1,41
424,40,1,45
424,19,0,30
424,70,0,31
424,30,1,22
424,55,1,31
424,14,1,39
424,30,1,27
424,34,0,34
424,30,1,38
424,32,1,33
424,44,0,37
424,20,1,22
424,37,1,39
424,9,0,27
424,52,1,24
424,59,1,27
424,53,1,29
424,70,0,14
424,17,1,36
424,53,1,27
424,65,1,40
424,70,1,28
424,44,0,43
424,56,1,26
424,24,0,35
424,39,0,32
424,29,1,33
424,25,1,17
424,56,0,31
424,57,0,19
424,22,1,31
424,36,1,57
424,50,0,23
424,19,0,27
424,35,1,27
424,64,1,37
424,71,0,21
424,36,1,29
424,16,0,32
424,46,0,24
424,29,0,33
424,5,1,43
424,59,1,18
424,21,1,29
424,62,0,26
424,68,1,36
424,42,1,20
424,58,1,38
424,37,0,26
424,28,1,27
424,5,1,26
424,6,1,38
425,1,0,84
425,49,1,49
425,52,1,42
425,62,0,45
425,45,0,62
425,55,1,25
425,3,0,77
425,55,0,101
425,62,0,47
425,43,0,72
425,31,0,82
425,27,1,76
425,37,0,79
425,21,1,57
425,45,0,102
425,50,0,44
425,69,0,102
425,56,0,64
425,9,0,50
425,24,0,53
425,35,1,46
425,52,1,49
425,16,1,25
425,57,1,78
425,67,1,66
425,11,0,65
425,71,0,50
425,71,0,70
425,32,0,80
425,8,1,68
425,55,0,57
425,14,0,73
425,40,0,57
425,47,0,62
425,66,0,66
425,70,1,68
425,56,0,71
425,61,1,59
425,27,0,35
425,30,1,50
425,3,0,40
425,4,0,56
425,68,0,75
425,12,0,21
425,22,0,28
425,47,0,54
425,11,0,72
425,29,0,46
425,54,0,59
425,12,0,92
425,35,0,45
425,33,0,42
425,8,0,109
425,50,1,93
425,13,0,65
425,69,0,82
425,8,0,73
425,51,0,45
425,55,0,61
425,60,0,59
425,17,1,42
425,36,1,21
425,10,1,16
425,62,0,57
425,66,0,43
425,56,0,43
425,26,0,78
425,37,1,78
425,25,1,82
425,14,0,70
425,12,0,75
425,53,1,52
426,60,1,26
426,5,1,34
426,53,0,25
426,28,1,45
426,44,1,34
426,29,1,25
426,50,1,32
426,39,1,39
426,43,0,12
426,59,1,16
426,23,1,15
426,33,1,23
426,39,0,24
426,41,1,37
426,41,1,31
426,18,0,28
426,69,1,13
426,30,1,20
426,56,1,35
426,25,1,20
426,45,0,27
426,36,1,34
426,27,1,12
426,57,1,30
426,67,0,21
426,57,0,24
426,38,1,17
426,57,1,15
426,6,1,18
426,58,1,7
426,63,1,32
426,16,1,26
426,25,1,32
426,5,1,38
426,24,1,52
426,49,1,22
426,26,1,49
426,31,0,24
426,5,1,30
426,44,0,57
426,16,1,26
426,5,1,40
426,27,1,44
426,31,0,16
426,10,1,52
426,38,1,8
426,51,1,17
426,15,1,39
426,56,1,30
426,43,0,50
426,49,0,5
426,56,1,39
426,24,1,26
426,32,1,25
426,3,1,26
426,17,1,17
426,69,0,26
426,6,1,40
426,9,1,25
426,24,1,28
426,27,1,5
426,60,1,39
426,57,1,38
426,46,1,28
426,4,1,35
426,28,1,29
426,70,1,16
426,58,1,32
426,33,0,20
426,55,1,43
426,71,1,41
426,11,1,6
427,58,1,47
427,57,0,28
427,38,1,72
427,39,0,44
427,49,1,40
427,5,1,65
427,7,1,44
427,56,0,59
427,48,1,41
427,17,0,45
427,15,1,41
427,16,1,32
427,38,0,46
427,68,1,5
427,3,0,43
427,69,1,48
427,6,0,54
427,14,1,24
427,60,0,22
427,4,0,38
427,11,1,50
427,29,1,9
427,33,0,44
427,68,1,29
427,24,1,24
427,23,1,16
427,31,1,50
427,3,0,20
427,50,0,34
427,8,1,46
427,57,1,27
427,29,0,71
427,47,1,38
427,44,1,13
427,0,1,43
427,36,0,10
427,4,1,19
427,44,1,30
427,32,0,42
427,49,1,40
427,13,1,41
427,61,1,16
427,4,0,33
427,54,1,51
427,30,1,49
427,44,0,37
427,48,1,34
427,2,0,38
427,10,1,48
427,6,1,38
427,3,0,23
427,53,1,37
427,18,1,33
427,43,0,54
427,70,0,19
427,55,1,44
427,52,1,63
427,60,1,63
427,13,1,5
427,17,1,38
427,18,0,15
427,53,0,44
427,63,0,51
427,0,1,54
427,38,1,36
427,15,0,29
427,63,1,41
427,24,0,39
427,12,0,51
427,35,1,33
427,6,1,38
427,45,0,48
428,68,1,57
428,2,1,39
428,9,1,45
428,59,1,56
428,67,1,33
428,9,1,86
428,59,1,46
428,28,0,33
428,34,1,28
428,41,0,44
428,7,0,79
428,39,1,22
428,8,0,45
428,26,1,37
428,5,1,61
428,63,1,52
428,20,0,33
428,2,0,54
428,19,1,46
428,58,0,62
428,48,0,46
428,68,1,29
428,68,0,30
428,8,1,70
428,3,1,36
428,28,0,43
428,53,0,93
428,48,1,41
428,61,1,63
428,31,1,48
428,24,1,45
428,55,1,58
428,70,1,43
428,41,0,77
428,5,0,26
428,23,1,40
428,53,0,57
428,21,1,64
428,43,0,31
428,48,0,40
428,70,1,41
428,1,1,45
428,56,1,29
428,38,1,65
428,60,0,40
428,7,0,64
428,70,1,40
428,38,1,69
428,25,0,58
428,67,1,51
428,35,1,28
428,31,0,65
428,50,0,44
428,60,1,45
428,46,1,47
428,61,1,28
428,21,1,46
428,39,0,20
428,69,0,27
428,27,0,33
428,4,0,59
428,39,0,20
428,51,0,25
428,44,0,42
428,57,0,31
428,54,1,39
428,7,1,47
428,61,1,60
428,38,1,51
428,61,1,66
428,53,0,83
428,54,0,70
429,47,1,35
429,59,1,35
429,36,1,14
429,47,1,35
429,12,1,25
429,45,1,24
429,68,0,38
429,58,1,44
429,31,1,6
429,40,0,25
429,18,1,35
429,61,1,22
429,67,1,29
429,48,1,50
429,59,1,20
429,29,1,38
429,15,1,39
429,55,0,11
429,69,1,32
429,49,1,40
429,42,1,34
429,66,1,32
429,31,1,29
429,40,1,33
429,22,1,31
429,8,1,34
429,0,1,26
429,43,1,35
429,48,0,13
429,35,1,48
429,6,1,32
429,48,1,22
429,22,1,32
429,41,1,33
429,36,0,19
429,44,1,26
429,13,1,28
429,53,1,12
429,15,1,37
429,33,1,24
429,61,1,22
429,52,1,21
429,43,0,16
429,66,1,29
429,21,1,27
429,56,1,39
429,20,1,10
429,49,1,30
429,66,0,31
429,28,1,33
429,51,1,49
429,25,1,47
429,71,1,35
429,31,1,29
429,35,1,33
429,45,1,36
429,66,0,30
429,52,1,19
429,14,0,39
429,22,1,41
429,63,1,18
429,7,1,42
429,48,1,40
429,36,1,35
429,0,0,18
429,41,1,22
429,61,1,27
429,58,1,44
429,34,1,36
429,26,1,13
429,66,1,28
429,66,1,23
430,22,0,83
430,19,0,43
430,58,1,41
430,37,0,44
430,2,1,62
430,7,0,54
430,57,1,83
430,34,0,56
430,29,0,55
430,47,0,52
430,19,0,91
430,47,0,26
430,26,0,36
430,20,0,73
430,47,0,40
430,34,1,69
430,42,0,55
430,55,0,71
430,29,1,43
430,8,1,58
430,38,1,47
430,62,0,56
430,56,1,39
430,59,0,34
430,58,0,84
430,52,0,41
430,4,0,61
430,10,0,44
430,58,0,69
430,7,1,65
430,33,0,47
430,28,0,89
430,39,0,97
430,60,0,49
430,59,0,65
430,58,0,62
430,68,0,37
430,47,0,48
430,1,1,64
430,43,0,71
430,32,0,44
430,9,0,38
430,61,1,65
430,11,0,66
430,60,0,40
430,61,0,91
430,47,1,89
430,66,1,62
430,29,0,90
430,46,0,42
430,64,0,63
430,5,1,58
430,23,0,20
430,48,0,43
430,7,0,73
430,42,0,54
430,26,0,91
430,23,0,25
430,71,0,73
430,3,0,90
430,38,1,21
430,71,0,62
430,9,0,23
430,51,0,104
430,70,0,74
430,47,0,37
430,37,0,61
430,59,0,77
430,5,0,59
430,47,1,46
430,25,1,62
430,57,0,95
431,12,0,39
431,1,0,95
431,62,0,34
431,34,0,8
431,31,0,72
431,67,1,24
431,44,0,82
431,32,0,64
431,6,1,52
431,50,0,73
431,24,0,70
431,50,0,17
431,10,1,52
431,31,0,52
431,59,0,76
431,8,1,35
431,16,0,66
431,8,0,58
431,29,0,92
431,26,0,52
431,38,0,39
431,25,1,83
431,36,0,97
431,47,1,40
431,53,0,53
431,27,0,26
431,51,0,102
431,41,1,37
431,6,0,83
431,1,1,102
431,48,0,55
431,43,1,63
431,29,1,79
431,52,0,42
431,16,0,96
431,43,0,71
431,0,0,35
431,0,0,40
431,68,0,79
431,58,1,33
431,43,0,41
431,48,0,87
431,48,0,68
431,20,1,51
431,70,0,84
431,71,0,62
431,9,0,56
431,48,0,54
431,53,0,79
431,39,0,55
431,52,0,96
431,66,0,79
431,30,1,53
431,3,0,82
431,47,0,82
431,36,1,70
431,4,0,50
431,38,1,64
431,66,1,74
431,52,0,82
431,5,0,20
431,57,0,48
431,1,0,38
431,71,0,25
431,59,0,44
431,25,1,41
431,23,0,86
431,57,0,51
431,35,0,85
431,2,0,34
431,30,0,54
431,19,0,54
432,47,0,52
432,20,0,54
432,63,0,36
432,30,0,50
432,6,1,36
432,63,1,52
432,14,1,32
432,2,1,57
432,45,0,56
432,44,0,37
432,22,1,45
432,10,1,20
432,19,0,47
432,53,0,40
432,53,1,55
432,46,0,8
432,3,0,47
432,69,1,20
432,23,0,52
432,45,1,37
432,67,0,16
432,26,1,29
432,3,0,35
432,66,0,47
432,53,0,32
432,5,0,58
432,37,0,58
432,29,1,33
432,6,1,62
432,2,0,23
432,23,0,49
432,66,0,29
432,27,1,44
432,46,0,26
432,16,1,60
432,71,0,58
432,27,1,39
432,71,0,35
432,31,1,62
432,13,0,43
432,11,0,52
432,60,1,41
432,49,1,35
432,15,0,55
432,47,1,30
432,48,0,22
432,63,1,63
432,46,1,40
432,54,0,55
432,8,1,39
432,59,1,18
432,71,0,25
432,71,0,23
432,63,1,34
432,1,0,25
432,69,0,50
432,10,1,39
432,69,0,60
432,67,0,20
432,42,0,63
432,63,1,21
432,33,0,41
432,6,0,23
432,23,0,27
432,36,1,39
432,40,0,74
432,7,0,9
432,51,0,54
432,66,0,52
432,57,1,28
432,18,0,44
432,48,1,38
433,9,0,60
433,10,1,44
433,27,0,51
433,7,0,33
433,32,0,16
433,26,1,45
433,71,0,26
433,57,1,51
433,53,1,34
433,37,0,54
433,19,0,63
433,47,1,16
433,14,0,78
433,44,1,57
433,23,0,58
433,20,0,63
433,45,1,35
433,19,1,31
433,39,0,49
433,46,0,48
433,31,0,37
433,45,0,25
433,2,0,35
433,57,0,39
433,46,1,50
433,46,0,27
433,21,0,46
433,33,0,44
433,19,0,48
433,29,1,65
433,56,0,56
433,10,0,32
433,7,1,56
433,56,0,50
433,62,0,43
433,6,1,22
433,3,0,72
433,8,1,40
433,24,1,31
433,63,0,62
433,57,1,37
433,16,1,43
433,40,0,59
433,62,0,10
433,10,0,68
433,62,0,25
433,17,1,46
433,26,1,44
433,1,0,49
433,8,0,36
433,70,0,56
433,1,1,48
433,70,1,42
433,24,1,46
433,15,1,68
433,49,1,41
433,62,1,57
433,0,1,44
433,14,0,47
433,58,1,29
433,7,0,55
433,55,1,66
433,31,0,57
433,2,0,61
433,63,0,46
433,67,1,66
433,20,1,55
433,48,0,47
433,53,0,35
433,42,0,27
433,48,1,39
433,49,0,53
434,1,0,42
434,56,1,28
434,13,1,23
434,62,0,38
434,13,1,20
434,12,1,26
434,18,1,39
434,53,1,12
434,52,1,16
434,17,1,9
434,55,1,26
434,64,1,19
434,9,1,24
434,36,1,37
434,35,1,26
434,29,1,30
434,27,1,40
434,71,0,50
434,28,1,9
434,45,0,38
434,48,0,33
434,40,1,16
434,28,1,30
434,17,1,29
434,19,0,36
434,38,1,26
434,55,0,24
434,32,1,13
434,18,1,9
434,49,1,16
434,34,0,31
434,29,1,35
434,21,1,33
434,48,1,42
434,71,1,43
434,46,0,27
434,34,1,39
434,58,1,21
434,39,1,29
434,56,1,34
434,17,1,40
434,70,0,32
434,20,0,26
434,4,0,58
434,59,1,25
434,56,1,15
434,48,1,35
434,59,1,15
434,71,1,28
434,14,0,42
434,32,0,43
434,25,1,28
434,62,0,19
434,67,1,38
434,9,0,39
434,59,1,24
434,48,1,18
434,11,1,27
434,64,1,35
434,69,1,36
434,16,1,27
434,17,1,30
434,29,0,33
434,44,0,27
434,35,1,36
434,28,1,31
434,47,1,28
434,39,1,25
434,65,1,28
434,29,0,27
434,69,0,34
434,63,1,20
435,7,1,76
435,51,0,65
435,19,0,49
435,39,0,63
435,29,0,60
435,7,0,22
435,17,0,84
435,16,1,111
435,66,1,71
435,51,1,63
435,56,0,69
435,0,0,45
435,2,1,80
435,67,0,49
435,38,0,53
435,24,0,101
435,25,1,62
435,59,0,38
435,18,0,70
435,63,0,47
435,39,0,40
435,66,0,36
435,51,0,30
435,4,1,39
435,12,0,49
435,19,0,83
435,67,0,61
435,4,1,60
435,34,0,73
435,10,0,68
435,15,0,70
435,69,0,52
435,5,1,49
435,20,0,73
435,57,0,65
435,15,0,52
435,68,0,52
435,34,0,71
435,69,0,43
435,2,0,52
435,54,0,44
435,0,1,38
435,32,0,105
435,22,1,62
435,14,0,60
435,51,0,52
435,53,0,57
435,49,1,85
435,13,0,81
435,45,1,63
435,17,0,36
435,17,0,66
435,18,0,63
435,20,0,33
435,11,0,61
435,70,0,78
435,4,0,50
435,7,0,39
435,44,0,90
435,11,0,52
435,52,1,30
435,51,0,44
435,52,0,80
435,51,0,45
435,13,1,25
435,6,0,56
435,65,1,73
435,31,0,66
435,54,1,75
435,45,0,52
435,11,0,65
435,57,0,61
436,36,1,13
436,2,1,34
436,7,1,42
436,50,1,40
436,33,0,32
436,4,1,5
436,69,0,33
436,27,1,38
436,29,0,30
436,28,0,14
436,33,1,22
436,53,1,27
436,39,1,8
436,54,0,21
436,26,0,36
436,30,1,41
436,18,0,34
436,38,0,17
436,27,1,10
436,32,1,28
436,45,0,38
436,54,0,28
436,13,1,57
436,63,1,17
436,26,1,19
436,39,1,24
436,19,1,34
436,64,0,19
436,5,1,26
436,12,1,12
436,71,1,13
436,55,0,33
436,53,1,18
436,11,1,21
436,17,1,38
436,42,1,23
436,50,0,17
436,56,1,32
436,55,0,24
436,71,1,5
436,62,1,12
436,12,0,29
436,21,0,22
436,28,1,20
436,46,0,38
436,23,1,26
436,65,1,26
436,12,0,8
436,11,0,32
436,64,1,27
436,56,1,33
436,35,1,31
436,47,0,38
436,65,1,14
436,33,0,31
436,35,1,15
436,23,1,26
436,58,0,17
436,40,0,35
436,35,1,7
436,67,0,21
436,66,0,8
436,18,1,29
436,38,1,11
436,61,1,9
436,50,0,30
436,67,1,24
436,10,0,27
436,27,0,35
436,56,1,25
436,43,1,36
436,27,0,17
437,49,0,74
437,63,1,50
437,62,0,43
437,46,0,48
437,18,0,83
437,39,0,51
437,54,1,93
437,45,0,14
437,11,0,27
437,60,1,54
437,35,0,48
437,68,1,89
437,45,1,49
437,3,0,86
437,47,0,37
437,1,0,40
437,34,0,47
437,64,0,83
437,4,0,46
437,70,1,59
437,49,1,54
437,23,0,80
437,53,1,90
437,11,0,62
437,46,0,74
437,34,0,40
437,44,0,78
437,35,1,32
437,52,1,48
437,21,1,74
437,29,0,58
437,13,0,51
437,0,1,66
437,0,0,44
437,25,1,32
437,59,0,51
437,17,0,38
437,38,0,30
437,71,0,101
437,65,1,72
437,37,1,70
437,11,1,39
437,46,0,73
437,29,1,54
437,68,0,52
437,54,0,73
437,13,0,60
437,45,0,51
437,1,0,24
437,49,0,54
437,13,0,53
437,0,0,50
437,32,0,72
437,27,0,104
437,5,0,62
437,44,0,28
437,35,1,34
437,27,0,43
437,14,1,48
437,66,0,84
437,14,0,48
437,62,0,48
437,15,0,71
437,67,0,52
437,56,1,67
437,10,0,48
437,14,0,94
437,25,0,50
437,45,0,21
437,19,0,45
437,50,0,79
437,16,0,40
438,33,0,45
438,10,0,47
438,56,0,86
438,24,0,61
438,3,0,55
438,1,0,34
438,51,0,64
438,30,0,67
438,60,1,50
438,29,0,45
438,24,0,67
438,47,0,60
438,39,0,63
438,36,0,92
438,21,0,66
438,63,0,20
438,33,0,42
438,32,0,60
438,13,0,93
438,46,0,48
438,32,0,60
438,21,0,34
438,60,0,41
438,68,0,45
438,35,0,37
438,33,0,94
438,46,0,37
438,8,0,42
438,34,0,47
438,35,0,51
438,10,0,81
438,8,0,69
438,59,0,32
438,66,0,90
438,4,0,72
438,66,0,66
438,69,0,63
438,11,0,75
438,64,0,25
438,2,0,89
438,47,0,30
438,15,1,72
438,20,0,20
438,4,0,74
438,13,1,79
438,34,1,59
438,52,0,90
438,62,0,58
438,10,0,47
438,64,0,38
438,18,0,35
438,5,0,42
438,53,0,72
438,15,0,68
438,53,0,25
438,28,0,39
438,11,0,38
438,19,0,86
438,70,0,85
438,58,0,67
438,70,0,52
438,12,1,51
438,13,0,69
438,25,1,43
438,35,0,45
438,38,0,72
438,45,0,46
438,52,1,93
438,1,0,25
438,68,1,64
438,18,0,80
438,43,0,47
439,28,1,22
439,67,0,47
439,32,0,43
439,15,1,37
439,0,0,55
439,0,1,49
439,40,1,48
439,12,1,42
439,1,0,49
439,56,1,25
439,18,1,58
439,20,1,52
439,49,1,36
439,9,1,63
439,38,0,16
439,67,0,25
439,14,0,47
439,69,0,48
439,21,1,54
439,50,0,52
439,60,1,26
439,65,1,36
439,14,0,32
439,9,1,58
439,55,1,66
439,29,0,34
439,39,0,39
439,63,0,62
439,37,0,43
439,57,0,48
439,42,0,32
439,7,1,43
439,64,0,37
439,14,0,9
439,63,1,51
439,21,1,44
439,17,0,34
439,4,1,44
439,6,1,63
439,53,1,17
439,39,1,47
439,31,0,39
439,6,1,64
439,4,0,16
439,70,0,16
439,20,0,38
439,55,0,5
439,70,1,59
439,40,0,57
439,45,0,34
439,43,0,73
439,56,1,54
439,19,1,36
439,65,1,77
439,8,1,57
439,1,0,67
439,62,1,33
439,64,1,32
439,61,1,44
439,13,1,28
439,59,1,39
439,62,0,43
439,54,1,49
439,24,1,61
439,11,1,37
439,6,1,13
439,14,0,46
439,55,0,72
439,48,1,56
439,62,0,25
439,23,1,24
439,12,0,27
440,68,1,35
440,35,1,41
440,1,1,31
440,49,1,25
440,34,1,11
440,33,1,34
440,43,0,41
440,21,0,22
440,59,1,40
440,49,1,39
440,53,1,44
440,49,1,29
440,47,1,19
440,7,1,11
440,71,1,36
440,11,1,26
440,32,0,22
440,41,0,26
440,27,1,21
440,36,1,34
440,16,0,16
440,34,0,47
440,39,1,31
440,69,1,21
440,40,1,33
440,10,1,23
440,12,1,32
440,49,1,26
440,37,1,38
440,17,1,24
440,56,1,27
440,14,0,22
440,62,0,38
440,31,1,41
440,71,0,39
440,2,1,24
440,25,1,20
440,32,0,36
440,16,1,31
440,56,1,43
440,45,0,21
440,3,0,31
440,35,1,44
440,51,1,43
440,28,1,39
440,37,0,29
440,61,1,47
440,25,1,38
440,56,1,25
440,24,1,26
440,2,1,29
440,54,1,25
440,0,1,16
440,48,1,11
440,15,1,8
440,40,1,39
440,18,0,42
440,34,1,41
440,63,1,22
440,35,1,35
440,47,0,18
440,16,1,28
440,27,1,41
440,54,0,24
440,10,1,38
440,27,1,13
440,47,1,27
440,44,1,13
440,9,1,43
440,12,1,36
440,57,1,38
440,32,0,31
441,12,1,21
441,26,1,29
441,56,0,41
441,25,0,28
441,65,1,36
441,56,1,28
441,68,1,14
441,25,0,20
441,63,0,25
441,29,1,22
441,66,0,31
441,17,1,29
441,12,1,31
441,12,1,24
441,36,1,25
441,0,0,12
441,37,1,31
441,17,1,25
441,39,1,37
441,47,1,37
441,6,1,34
441,48,1,20
441,7,1,31
441,10,1,27
441,55,1,22
441,63,1,30
441,2,1,11
441,45,0,21
441,71,0,38
441,51,1,32
441,36,1,35
441,25,1,20
441,23,1,13
441,7,1,43
441,44,0,26
441,28,1,20
441,9,1,41
441,66,1,24
441,56,1,33
441,12,1,50
441,16,1,31
441,15,1,32
441,27,1,27
441,39,1,18
441,14,1,40
441,68,1,41
441,46,1,49
441,71,0,39
441,15,1,22
441,68,1,25
441,66,0,35
441,34,0,28
441,59,1,45
441,20,1,22
441,60,1,20
441,10,1,39
441,12,0,24
441,19,1,35
441,45,1,55
441,17,1,42
441,60,1,36
441,65,1,17
441,0,1,23
441,0,1,25
441,13,1,33
441,7,1,34
441,62,0,50
441,1,1,30
441,55,1,37
441,64,0,23
441,18,1,27
441,23,1,31
442,15,0,68
442,63,1,31
442,14,0,18
442,21,0,49
442,67,0,36
442,44,1,32
442,37,0,53
442,53,1,25
442,46,1,32
442,5,1,65
442,57,0,68
442,20,0,34
442,44,0,40
442,71,0,59
442,57,0,53
442,68,0,37
442,26,1,37
442,8,1,17
442,45,0,14
442,56,0,45
442,36,1,30
442,59,0,30
442,44,0,48
442,47,0,51
442,45,0,25
442,68,0,32
442,44,1,55
442,43,0,63
442,16,1,40
442,7,0,47
442,23,0,39
442,2,0,14
442,6,1,18
442,1,1,45
442,45,0,54
442,56,0,44
442,1,0,64
442,40,0,31
442,0,1,46
442,19,0,74
442,9,0,39
442,15,1,30
442,6,1,32
442,64,0,63
442,62,0,55
442,12,1,34
442,38,0,51
442,42,0,38
442,45,0,44
442,18,0,58
442,24,1,43
442,68,0,55
442,17,0,17
442,51,0,47
442,45,0,45
442,68,0,51
442,67,0,39
442,7,1,36
442,45,0,55
442,17,0,32
442,23,0,49
442,23,0,9
442,63,0,42
442,64,0,32
442,39,1,39
442,51,0,21
442,57,0,48
442,33,1,58
442,0,1,35
442,25,0,45
442,43,0,48
442,31,0,39
443,21,0,17
443,4,0,29
443,31,0,21
443,12,0,24
443,62,0,38
443,2,1,33
443,24,0,33
443,62,1,9
443,23,1,31
443,35,1,15
443,47,0,23
443,39,0,34
443,38,1,31
443,22,1,30
443,41,1,21
443,2,0,25
443,0,0,22
443,46,1,24
443,13,1,23
443,63,1,30
443,35,1,9
443,10,1,21
443,14,0,33
443,42,1,17
443,58,1,29
443,48,1,36
443,34,0,31
443,68,1,32
443,13,1,22
443,57,1,42
443,31,1,25
443,3,0,32
443,57,0,26
443,67,0,20
443,33,1,15
443,0,0,18
443,61,1,42
443,33,1,42
443,11,1,44
443,47,1,23
443,71,0,26
443,34,0,17
443,22,1,24
443,51,0,23
443,10,1,25
443,19,1,19
443,5,1,18
443,36,1,16
443,14,0,23
443,6,1,15
443,50,0,36
443,8,0,10
443,57,0,26
443,9,1,22
443,10,1,21
443,0,1,38
443,9,0,25
443,60,1,20
443,7,1,22
443,30,1,17
443,51,0,35
443,58,1,34
443,24,1,32
443,40,1,24
443,52,0,36
443,69,0,15
443,46,0,6
443,28,1,41
443,2,0,32
443,17,1,31
443,40,1,8
443,14,1,35
444,12,0,32
444,17,1,23
444,62,1,44
444,67,1,23
444,34,1,21
444,28,1,39
444,57,1,21
444,21,1,33
444,69,1,36
444,22,1,26
444,12,1,34
444,5,1,21
444,4,1,24
444,31,1,18
444,27,1,6
444,37,1,44
444,16,0,40
444,37,1,23
444,7,1,19
444,57,1,32
444,10,1,7
444,21,1,36
444,2,1,37
444,64,1,12
444,55,1,46
444,34,1,40
444,66,0,28
444,0,1,26
444,50,1,42
444,66,1,22
444,50,1,23
444,67,1,26
444,10,1,19
444,31,1,52
444,10,1,27
444,28,1,33
444,66,1,24
444,3,1,25
444,43,1,29
444,51,1,25
444,71,1,27
444,27,0,27
444,50,1,26
444,66,0,21
444,40,0,43
444,52,1,23
444,42,1,40
444,15,1,47
444,63,1,38
444,60,0,39
444,0,1,20
444,34,1,30
444,46,1,44
444,17,1,47
444,4,1,26
444,19,1,24
444,58,0,16
444,14,1,43
444,37,1,32
444,1,1,16
444,44,1,25
444,71,0,36
444,33,1,43
444,65,1,21
444,15,1,33
444,40,1,18
444,57,1,20
444,23,1,18
444,11,1,45
444,44,1,23
444,1,1,46
444,50,1,31
445,47,0,44
445,63,0,63
445,18,0,36
445,17,1,60
445,37,0,74
445,0,0,73
445,28,0,71
445,39,0,100
445,13,0,72
445,54,1,41
445,27,0,49
445,46,0,63
445,10,0,46
445,20,0,50
445,60,0,77
445,12,1,55
445,71,0,63
445,22,0,48
445,3,1,66
445,50,1,45
445,13,1,86
445,58,1,70
445,68,1,67
445,67,1,74
445,31,0,39
445,52,1,28
445,44,0,47
445,16,0,56
445,69,0,37
445,35,1,59
445,52,0,55
445,34,0,70
445,65,1,61
445,59,1,124
445,56,0,49
445,13,0,55
445,46,0,79
445,48,0,44
445,59,0,34
445,21,0,46
445,50,0,94
445,71,0,61
445,67,0,72
445,50,0,77
445,7,0,36
445,59,0,5
445,47,1,50
445,63,0,91
445,69,0,68
445,54,0,36
445,13,0,53
445,27,0,87
445,4,0,77
445,60,1,87
445,65,0,72
445,14,0,54
445,38,0,32
445,4,0,52
445,39,0,44
445,17,0,77
445,16,1,54
445,35,0,94
445,49,0,90
445,28,0,38
445,51,0,81
445,29,0,71
445,10,0,99
445,18,1,68
445,35,0,60
445,31,1,69
445,44,1,50
445,70,0,48
446,20,0,40
446,24,0,35
446,61,0,43
446,5,1,28
446,50,0,38
446,33,1,29
446,24,0,22
446,70,1,29
446,39,0,38
446,8,1,21
446,35,1,29
446,28,1,39
446,18,0,30
446,39,1,27
446,8,1,40
446,45,1,27
446,23,0,25
446,26,1,20
446,71,0,38
446,24,1,29
446,13,0,39
446,68,1,32
446,19,1,29
446,28,1,32
446,18,0,40
446,40,1,24
446,28,1,5
446,46,1,32
446,15,1,23
446,70,0,39
446,36,1,28
446,54,1,38
446,29,1,15
446,71,0,36
446,40,1,31
446,9,1,40
446,58,1,22
446,41,1,49
446,16,1,22
446,50,0,38
446,5,1,19
446,63,1,25
446,3,0,33
446,46,1,40
446,51,0,14
446,42,1,29
446,57,0,13
446,62,0,7
446,70,1,40
446,63,0,29
446,68,1,33
446,0,1,36
446,24,1,16
446,11,1,20
446,51,1,38
446,1,0,25
446,4,0,42
446,66,0,33
446,60,0,18
446,19,0,25
446,0,1,38
446,11,1,31
446,21,1,18
446,63,0,45
446,9,1,27
446,46,1,29
446,69,1,31
446,41,1,13
446,61,1,36
446,27,0,23
446,25,1,29
446,4,1,45
447,21,1,45
447,57,1,16
447,42,1,26
447,0,1,21
447,7,1,21
447,18,1,40
447,40,1,16
447,51,1,37
447,50,1,37
447,59,1,12
447,71,1,23
447,69,1,10
447,42,1,29
447,9,1,47
447,34,1,5
447,10,1,15
447,21,1,33
447,51,1,14
447,47,1,27
447,39,1,31
447,43,1,24
447,54,1,23
447,29,1,36
447,51,1,31
447,49,1,36
447,21,1,30
447,56,1,37
447,35,1,47
447,57,0,34
447,10,0,40
447,49,1,47
447,51,1,27
447,37,1,26
447,12,1,25
447,52,1,24
447,16,1,23
447,43,0,21
447,8,1,39
447,5,1,46
447,71,0,38
447,63,1,25
447,46,1,45
447,38,1,41
447,0,1,23
447,25,1,19
447,66,1,16
447,10,1,32
447,37,1,6
447,57,1,29
447,3,1,32
447,32,0,12
447,71,0,47
447,23,1,36
447,45,0,42
447,30,1,34
447,24,1,27
447,34,0,5
447,53,1,24
447,34,1,20
447,39,0,43
447,32,1,38
447,10,1,44
447,42,1,30
447,21,1,26
447,57,1,45
447,33,1,15
447,37,0,39
447,10,1,18
447,66,0,35
447,40,1,31
447,66,1,38
447,65,1,41
448,14,0,68
448,57,0,46
448,3,0,69
448,11,0,77
448,25,1,77
448,70,1,52
448,13,0,54
448,7,0,60
448,65,1,97
448,58,0,84
448,42,1,67
448,61,1,66
448,8,0,62
448,30,0,68
448,25,0,52
448,70,0,71
448,57,0,66
448,65,1,44
448,47,0,14
448,70,0,49
448,53,0,24
448,25,0,102
448,46,1,59
448,18,0,85
448,38,0,32
448,23,0,108
448,32,0,35
448,47,0,41
448,10,0,49
448,56,0,56
448,27,0,56
448,51,0,39
448,30,0,71
448,49,1,58
448,43,0,94
448,32,0,53
448,62,1,45
448,13,0,73
448,59,0,64
448,11,0,45
448,15,1,77
448,37,0,79
448,58,0,114
448,68,1,70
448,52,0,68
448,38,0,56
448,33,0,87
448,54,0,57
448,55,0,41
448,17,0,51
448,8,0,56
448,6,0,22
448,66,0,69
448,13,1,63
448,17,0,62
448,20,1,64
448,67,0,61
448,10,0,72
448,57,0,65
448,4,0,76
448,50,0,27
448,7,0,58
448,45,0,80
448,38,0,81
448,69,1,60
448,21,0,67
448,58,1,76
448,55,0,87
448,44,0,68
448,7,0,99
448,28,0,96
448,61,1,60
449,2,0,26
449,68,1,55
449,43,0,43
449,29,0,65
449,46,1,28
449,41,1,14
449,26,1,30
449,71,0,31
449,1,1,62
449,61,1,42
449,62,1,31
449,21,1,30
449,35,0,40
449,68,0,31
449,54,1,58
449,71,1,51
449,1,0,54
449,22,0,46
449,0,1,62
449,37,1,57
449,69,0,33
449,68,0,31
449,22,1,35
449,38,1,37
449,3,1,32
449,6,1,39
449,54,1,38
449,40,1,43
449,69,0,57
449,56,1,47
449,48,1,39
449,8,1,13
449,30,0,13
449,67,1,38
449,56,1,26
449,63,1,41
449,33,0,5
449,33,1,37
449,64,1,56
449,41,0,38
449,43,0,19
449,41,1,40
449,25,1,50
449,59,1,30
449,35,0,14
449,20,1,43
449,2,1,9
449,24,1,44
449,9,1,49
449,36,1,52
449,25,1,38
449,55,1,5
449,35,1,62
449,54,1,46
449,68,1,36
449,45,1,13
449,40,1,28
449,36,1,47
449,33,1,30
449,32,0,5
449,16,1,32
449,49,1,51
449,40,0,53
449,49,1,42
449,36,1,30
449,5,1,19
449,8,1,18
449,10,1,48
449,42,1,30
449,18,0,43
449,13,1,47
449,69,0,70
450,16,1,37
450,5,1,100
450,62,0,64
450,68,1,62
450,2,1,33
450,9,0,62
450,2,0,63
450,13,1,74
450,31,0,19
450,60,0,79
450,25,0,59
450,12,0,75
450,35,1,82
450,55,1,60
450,48,0,41
450,31,0,68
450,29,0,76
450,60,0,50
450,33,0,71
450,32,0,54
450,6,0,67
450,20,0,76
450,53,0,46
450,28,0,84
450,17,1,16
450,34,0,47
450,28,1,76
450,54,1,40
450,58,1,22
450,4,0,72
450,57,1,49
450,54,0,43
450,54,0,74
450,14,0,75
450,29,0,52
450,19,0,75
450,22,1,49
450,44,0,72
450,48,0,68
450,1,1,75
450,6,0,57
450,13,1,52
450,57,0,84
450,51,1,85
450,10,0,66
450,31,0,38
450,52,0,85
450,25,0,95
450,27,0,65
450,0,1,56
450,52,0,37
450,34,0,73
450,30,1,76
450,52,1,81
450,55,1,56
450,16,1,60
450,17,1,81
450,39,1,40
450,22,1,84
450,23,0,54
450,20,0,89
450,64,0,93
450,61,1,69
450,30,1,52
450,7,0,69
450,34,1,97
450,48,0,59
450,12,1,30
450,20,0,49
450,35,1,34
450,49,0,72
450,62,0,57
451,57,1,28
451,12,1,33
451,41,1,31
451,43,0,23
451,55,1,43
451,50,1,27
451,32,1,52
451,17,1,40
451,37,1,35
451,55,1,29
451,66,1,7
451,29,1,31
451,23,0,44
451,37,1,45
451,12,0,30
451,41,1,20
451,36,1,33
451,60,1,29
451,32,1,18
451,61,1,25
451,42,1,40
451,50,1,24
451,13,1,37
451,60,1,23
451,9,1,31
451,52,1,33
451,48,1,18
451,54,1,13
451,16,1,53
451,68,0,42
451,24,1,35
451,67,1,35
451,5,1,41
451,36,1,22
451,43,0,25
451,31,0,20
451,42,1,5
451,70,1,23
451,69,0,32
451,13,1,23
451,38,1,38
451,18,0,28
451,29,1,50
451,24,1,12
451,39,1,25
451,25,1,31
451,2,1,36
451,38,1,22
451,54,1,38
451,71,1,29
451,50,1,13
451,60,1,18
451,56,1,33
451,33,1,21
451,44,1,29
451,58,1,36
451,71,1,8
451,53,1,39
451,19,1,15
451,66,1,31
451,42,1,35
451,20,1,44
451,56,1,27
451,10,1,42
451,43,0,25
451,4,1,43
451,4,1,28
451,59,1,20
451,71,1,32
451,60,1,25
451,14,1,27
451,51,1,41
452,67,1,35
452,20,1,35
452,53,1,47
452,5,1,21
452,53,1,14
452,70,1,30
452,47,1,28
452,11,1,34
452,28,1,25
452,15,1,23
452,37,1,32
452,67,1,27
452,45,1,38
452,7,1,19
452,51,1,23
452,57,1,29
452,19,1,14
452,2,1,38
452,47,1,44
452,45,1,28
452,65,1,32
452,7,1,25
452,53,1,31
452,32,0,29
452,8,1,31
452,39,1,24
452,22,1,26
452,48,0,24
452,61,1,33
452,49,1,28
452,12,1,22
452,49,1,47
452,64,1,40
452,54,1,20
452,54,1,31
452,31,1,24
452,44,1,43
452,11,1,20
452,39,1,22
452,0,1,33
452,63,1,36
452,36,1,31
452,36,1,30
452,13,1,29
452,6,1,29
452,48,1,35
452,67,1,31
452,27,1,27
452,9,1,32
452,20,1,19
452,19,1,22
452,4,1,36
452,27,1,28
452,30,1,34
452,13,1,34
452,10,1,33
452,4,1,35
452,51,1,22
452,66,1,21
452,61,1,24
452,25,1,33
452,19,1,26
452,28,1,32
452,40,1,5
452,0,1,36
452,50,1,34
452,68,1,33
452,11,1,36
452,19,0,33
452,63,0,27
452,10,1,16
452,38,1,49
453,13,1,5
453,24,0,42
453,42,1,25
453,43,0,32
453,43,0,26
453,49,1,29
453,40,0,39
453,18,0,30
453,13,1,20
453,18,1,28
453,62,1,30
453,11,1,27
453,55,1,36
453,71,1,21
453,40,1,31
453,54,1,33
453,29,1,41
453,47,1,13
453,21,1,39
453,24,1,33
453,63,1,35
453,7,1,12
453,51,1,36
453,51,0,15
453,33,1,38
453,3,1,28
453,30,1,17
453,32,0,25
453,31,0,30
453,54,1,43
453,64,1,34
453,69,0,35
453,52,0,5
453,66,0,37
453,29,1,45
453,49,1,33
453,10,1,41
453,12,1,32
453,57,1,31
453,57,0,34
453,20,0,41
453,55,1,26
453,42,1,31
453,62,1,19
453,30,1,29
453,30,1,31
453,30,1,35
453,27,0,38
453,21,1,30
453,45,1,26
453,66,1,17
453,14,1,29
453,59,0,5
453,24,1,16
453,64,1,26
453,41,1,43
453,11,1,38
453,58,1,21
453,26,1,21
453,3,0,17
453,2,1,34
453,30,1,35
453,31,1,52
453,19,1,28
453,52,1,18
453,13,1,35
453,40,1,20
453,64,1,32
453,41,1,30
453,35,0,9
453,24,1,29
453,50,1,26
454,15,1,5
454,63,1,32
454,35,1,21
454,16,0,30
454,34,0,11
454,23,1,37
454,18,0,21
454,61,0,34
454,13,1,5
454,33,1,31
454,9,1,23
454,66,0,32
454,10,1,5
454,45,1,21
454,47,1,5
454,68,1,7
454,43,1,25
454,33,0,43
454,33,0,18
454,15,0,24
454,30,1,29
454,56,1,36
454,70,0,26
454,65,1,19
454,12,1,22
454,44,0,32
454,42,1,35
454,16,0,18
454,29,0,25
454,14,1,11
454,47,0,11
454,3,0,13
454,36,1,25
454,63,1,22
454,4,1,27
454,6,0,18
454,65,1,20
454,18,0,22
454,71,1,20
454,3,1,33
454,71,0,19
454,9,0,45
454,24,0,34
454,68,1,23
454,57,1,12
454,25,1,22
454,42,1,29
454,55,1,29
454,64,1,15
454,19,1,12
454,69,1,21
454,61,0,20
454,10,1,22
454,55,1,21
454,18,1,41
454,38,1,39
454,5,0,22
454,15,1,21
454,64,1,30
454,46,1,25
454,59,1,31
454,25,0,15
454,60,1,35
454,44,1,28
454,71,0,22
454,51,0,19
454,21,1,34
454,66,0,20
454,44,1,18
454,31,1,40
454,31,1,11
454,23,0,25
455,4,1,38
455,51,0,38
455,51,0,41
455,5,1,32
455,25,1,18
455,24,0,31
455,61,1,50
455,19,0,34
455,37,0,47
455,68,1,46
455,26,0,39
455,70,0,34
455,50,1,50
455,48,0,39
455,31,0,34
455,64,1,29
455,12,1,45
455,4,1,28
455,42,0,30
455,58,1,41
455,18,1,56
455,70,0,55
455,11,1,47
455,12,1,66
455,21,0,55
455,35,1,49
455,20,1,5
455,7,1,70
455,10,0,18
455,6,1,44
455,6,1,54
455,31,0,34
455,7,0,41
455,8,0,16
455,58,1,21
455,63,1,40
455,43,0,37
455,55,1,53
455,52,1,24
455,55,1,6
455,39,0,49
455,19,0,8
455,8,1,11
455,49,1,63
455,57,1,56
455,12,0,42
455,33,0,49
455,38,1,46
455,25,1,57
455,16,1,9
455,23,0,46
455,23,1,8
455,12,0,46
455,38,1,34
455,19,0,43
455,38,0,31
455,40,0,30
455,2,0,70
455,48,1,46
455,32,0,65
455,42,1,37
455,16,0,55
455,5,0,13
455,5,0,14
455,4,0,31
455,63,1,43
455,50,1,45
455,62,1,41
455,18,0,31
455,67,0,45
455,22,0,40
455,63,1,34
456,70,0,73
456,57,1,36
456,31,0,48
456,37,0,46
456,20,1,76
456,46,0,90
456,2,0,42
456,68,0,72
456,11,0,78
456,1,0,77
456,4,1,60
456,36,1,37
456,18,0,12
456,10,0,88
456,38,1,41
456,46,0,30
456,67,0,60
456,43,0,58
456,61,1,55
456,61,1,80
456,26,0,87
456,32,0,19
456,30,0,73
456,43,0,80
456,26,0,57
456,63,0,49
456,8,0,41
456,49,0,68
456,27,0,57
456,42,0,65
456,54,0,89
456,61,0,67
456,13,0,88
456,47,1,69
456,40,0,74
456,53,0,33
456,62,0,44
456,21,0,60
456,70,0,60
456,24,1,21
456,17,0,61
456,50,0,60
456,42,0,39
456,25,0,33
456,70,0,64
456,61,1,56
456,12,0,63
456,71,0,88
456,51,0,66
456,29,1,56
456,22,0,67
456,6,1,53
456,34,0,49
456,58,0,16
456,40,0,16
456,51,0,30
456,56,0,34
456,13,0,79
456,51,0,62
456,22,1,56
456,41,0,37
456,4,0,38
456,16,0,39
456,24,0,38
456,4,0,64
456,58,0,74
456,2,1,62
456,26,0,56
456,10,1,65
456,21,0,56
456,64,0,61
456,15,0,55
457,43,1,26
457,7,1,20
457,43,0,39
457,25,1,15
457,1,0,27
457,18,1,20
457,37,1,35
457,20,1,27
457,25,1,42
457,27,0,22
457,5,1,25
457,9,1,34
457,41,1,18
457,17,0,25
457,60,1,34
457,69,0,30
457,51,0,33
457,65,1,23
457,40,0,23
457,36,0,25
457,40,0,20
457,20,0,40
457,52,1,21
457,63,1,15
457,10,0,12
457,26,1,9
457,6,1,48
457,63,1,29
457,20,0,33
457,25,1,13
457,49,1,53
457,10,0,32
457,45,1,28
457,10,0,21
457,33,0,31
457,21,1,27
457,31,0,29
457,16,1,16
457,62,0,26
457,34,1,24
457,13,1,21
457,29,1,22
457,64,1,28
457,49,0,37
457,7,1,26
457,39,1,17
457,46,0,13
457,20,1,16
457,63,0,26
457,50,0,27
457,16,1,24
457,15,0,27
457,18,1,32
457,40,0,29
457,65,1,34
457,34,1,27
457,40,1,31
457,70,1,23
457,40,0,17
457,57,1,22
457,54,1,26
457,15,1,26
457,71,0,21
457,2,1,15
457,44,0,22
457,2,0,18
457,55,1,20
457,49,1,41
457,37,0,28
457,68,1,36
457,4,0,16
457,7,0,6
458,70,0,56
458,46,0,55
458,23,0,57
458,36,0,33
458,48,1,67
458,47,1,71
458,55,1,49
458,20,0,66
458,60,0,45
458,30,1,33
458,8,1,50
458,23,0,76
458,42,1,81
458,30,0,65
458,46,1,72
458,70,0,64
458,16,0,75
458,62,0,70
458,23,0,32
458,45,0,69
458,23,1,54
458,63,0,38
458,30,1,83
458,50,0,109
458,47,1,46
458,20,0,58
458,22,0,37
458,56,0,54
458,4,1,59
458,38,1,41
458,24,0,75
458,66,0,89
458,43,0,53
458,40,0,54
458,22,0,52
458,20,0,79
458,8,1,51
458,58,1,68
458,13,1,66
458,22,1,96
458,30,0,60
458,44,0,40
458,38,0,71
458,13,1,61
458,27,0,48
458,56,0,36
458,14,0,45
458,37,0,60
458,56,1,96
458,37,0,34
458,70,0,65
458,32,1,46
458,67,0,55
458,19,0,46
458,45,0,63
458,17,1,84
458,12,0,101
458,34,0,20
458,40,1,94
458,41,1,30
458,25,0,48
458,11,1,77
458,21,1,61
458,7,1,56
458,30,1,34
458,6,0,38
458,3,0,61
458,52,1,64
458,48,0,34
458,24,0,105
458,13,0,59
458,67,0,74
459,55,1,77
459,13,0,62
459,8,0,66
459,30,1,54
459,38,0,67
459,3,0,64
459,37,1,102
459,21,1,61
459,65,1,60
459,8,1,62
459,34,0,54
459,55,1,41
459,24,0,60
459,21,1,59
459,16,0,63
459,26,0,55
459,28,0,73
459,43,0,49
459,5,0,56
459,46,0,87
459,17,0,47
459,69,0,59
459,25,0,34
459,55,0,71
459,20,0,39
459,53,1,65
459,30,0,76
459,26,0,88
459,50,0,53
459,33,0,70
459,33,1,58
459,12,0,35
459,19,0,55
459,12,1,45
459,42,0,22
459,53,0,85
459,11,0,58
459,40,0,47
459,44,1,61
459,28,0,29
459,24,0,89
459,29,0,66
459,64,0,77
459,27,0,50
459,46,1,53
459,31,0,49
459,57,0,42
459,12,1,68
459,55,0,26
459,36,1,25
459,55,0,44
459,67,0,40
459,61,1,19
459,36,0,82
459,33,0,83
459,35,1,47
459,71,1,69
459,6,1,70
459,52,1,53
459,1,0,91
459,12,0,71
459,36,0,57
459,21,1,66
459,63,0,70
459,26,0,59
459,51,0,68
459,14,0,53
459,49,1,71
459,40,0,59
459,20,0,66
459,38,1,48
459,37,0,34
460,56,1,30
460,46,0,33
460,20,1,10
460,62,1,22
460,34,1,32
460,64,0,18
460,58,1,34
460,26,0,29
460,71,0,45
460,20,1,6
460,41,1,29
460,1,1,22
460,56,1,7
460,64,0,38
460,38,1,30
460,25,1,24
460,55,1,5
460,0,0,14
460,71,0,20
460,16,0,40
460,56,1,29
460,19,0,32
460,20,0,17
460,42,1,5
460,31,1,36
460,6,1,22
460,26,1,44
460,44,0,17
460,29,0,41
460,61,0,11
460,69,0,29
460,58,1,37
460,22,0,12
460,52,1,33
460,47,1,29
460,2,1,5
460,61,1,20
460,26,0,28
460,48,0,38
460,67,1,21
460,49,1,34
460,39,1,28
460,33,1,30
460,38,1,29
460,66,0,40
460,9,1,21
460,35,0,17
460,58,0,11
460,44,0,23
460,67,0,14
460,20,0,26
460,68,1,16
460,13,1,29
460,63,1,24
460,27,1,5
460,4,1,20
460,34,1,19
460,32,0,21
460,12,1,27
460,56,1,38
460,67,0,8
460,43,1,27
460,55,0,7
460,0,1,28
460,22,1,26
460,1,1,23
460,47,0,34
460,24,0,29
460,60,1,22
460,27,1,27
460,27,1,8
460,47,1,5
461,70,1,37
461,40,0,21
461,52,0,21
461,31,0,37
461,36,1,29
461,66,0,28
461,32,1,21
461,8,1,40
461,24,0,25
461,69,0,39
461,39,0,19
461,46,1,18
461,11,1,18
461,56,0,23
461,5,0,18
461,31,0,24
461,16,0,33
461,46,1,13
461,39,0,15
461,58,0,42
461,69,0,32
461,33,0,8
461,31,0,32
461,7,0,5
461,9,1,29
461,28,0,25
461,15,1,25
461,12,1,30
461,31,0,20
461,28,0,18
461,56,0,20
461,63,1,5
461,7,0,12
461,54,0,18
461,6,0,24
461,22,1,30
461,29,0,12
461,67,1,23
461,8,1,29
461,22,0,6
461,17,1,15
461,14,0,35
461,59,0,39
461,32,1,17
461,18,0,23
461,40,1,26
461,20,0,23
461,47,1,21
461,29,1,30
461,7,0,30
461,20,0,35
461,57,0,33
461,0,0,10
461,49,1,37
461,19,0,10
461,63,0,20
461,34,0,25
461,38,1,30
461,34,0,23
461,27,0,37
461,68,0,39
461,55,0,29
461,38,1,30
461,26,1,24
461,10,1,13
461,59,0,39
461,50,0,22
461,17,1,15
461,45,0,33
461,17,1,28
461,51,0,28
461,54,0,9
462,13,0,32
462,36,1,26
462,65,1,21
462,51,1,42
462,63,0,57
462,66,1,52
462,39,1,43
462,45,0,49
462,1,1,58
462,62,0,42
462,71,0,43
462,49,1,15
462,4,1,52
462,46,1,24
462,31,1,43
462,17,0,49
462,53,0,41
462,8,1,64
462,40,1,75
462,10,0,40
462,20,0,52
462,60,1,55
462,44,1,33
462,63,1,65
462,51,0,52
462,55,1,49
462,4,0,51
462,35,1,35
462,52,1,36
462,3,0,26
462,12,1,32
462,28,1,20
462,39,0,39
462,43,0,63
462,31,0,50
462,38,0,24
462,7,1,32
462,41,0,18
462,12,1,67
462,18,0,66
462,44,1,34
462,53,0,31
462,67,1,34
462,23,0,29
462,43,0,43
462,41,0,51
462,41,0,45
462,23,1,68
462,5,1,44
462,23,0,22
462,10,0,34
462,48,1,37
462,3,0,49
462,10,1,21
462,55,1,52
462,12,1,21
462,15,1,50
462,16,0,32
462,2,1,36
462,0,0,54
462,33,0,63
462,1,1,60
462,24,1,37
462,7,0,52
462,15,1,37
462,3,0,40
462,46,1,40
462,32,0,36
462,30,1,33
462,7,1,20
462,26,1,47
462,36,0,34
463,28,0,38
463,70,1,63
463,54,0,10
463,68,0,29
463,9,1,36
463,9,0,31
463,7,0,69
463,28,1,33
463,24,0,47
463,45,0,66
463,62,0,57
463,54,1,44
463,15,0,73
463,41,0,55
463,57,0,81
463,14,0,54
463,24,1,73
463,57,1,41
463,57,0,34
463,7,0,53
463,3,1,61
463,36,0,25
463,71,0,61
463,51,1,51
463,59,0,75
463,41,1,41
463,16,0,45
463,16,0,41
463,19,1,53
463,36,1,27
463,36,1,12
463,58,1,69
463,42,1,56
463,41,1,50
463,52,0,39
463,23,0,54
463,39,0,15
463,14,0,47
463,68,0,21
463,50,1,42
463,43,0,35
463,50,0,75
463,48,0,47
463,4,0,83
463,35,1,40
463,6,1,57
463,71,0,49
463,37,0,31
463,17,1,63
463,33,0,48
463,4,1,28
463,1,0,78
463,11,0,32
463,17,0,44
463,61,1,53
463,26,1,41
463,18,1,68
463,0,1,30
463,68,0,46
463,0,0,61
463,11,1,51
463,12,0,52
463,64,0,50
463,46,1,52
463,30,1,41
463,30,1,20
463,48,0,59
463,20,0,64
463,7,0,49
463,25,1,47
463,7,0,65
463,71,0,65
464,54,1,48
464,0,0,87
464,57,0,68
464,32,1,31
464,1,0,37
464,4,0,57
464,5,1,86
464,40,0,51
464,7,0,57
464,3,0,80
464,23,0,63
464,66,0,82
464,71,0,42
464,4,0,56
464,4,0,65
464,71,0,49
464,10,0,124
464,8,0,95
464,54,0,77
464,57,0,73
464,14,0,44
464,53,0,39
464,12,0,71
464,11,1,43
464,37,0,70
464,20,0,67
464,69,0,38
464,59,0,42
464,41,0,45
464,15,1,40
464,24,0,66
464,41,1,60
464,15,0,62
464,32,0,75
464,8,1,62
464,68,0,63
464,12,0,88
464,68,0,65
464,41,0,21
464,10,0,45
464,66,0,77
464,20,0,61
464,69,1,75
464,30,0,88
464,49,0,71
464,57,1,68
464,10,0,45
464,10,1,51
464,27,1,20
464,19,1,59
464,30,0,49
464,71,0,89
464,22,0,65
464,28,1,103
464,69,0,88
464,59,0,42
464,5,1,56
464,9,0,78
464,57,1,70
464,36,0,58
464,11,1,63
464,55,1,72
464,16,0,53
464,64,0,67
464,15,0,80
464,18,0,78
464,32,0,63
464,40,0,78
464,40,0,78
464,9,0,59
464,14,0,30
464,66,0,56
465,29,1,49
465,39,1,36
465,25,1,38
465,68,0,30
465,17,1,35
465,51,1,26
465,41,1,34
465,56,1,35
465,45,0,19
465,58,1,26
465,2,1,22
465,30,1,29
465,67,1,10
465,1,0,14
465,46,0,41
465,40,0,24
465,11,1,21
465,41,1,36
465,48,1,11
465,30,1,19
465,5,1,25
465,37,0,26
465,11,0,32
465,65,1,28
465,34,1,27
465,44,0,32
465,42,1,24
465,53,0,34
465,29,1,6
465,29,1,28
465,3,1,16
465,45,0,31
465,35,1,38
465,2,1,20
465,51,1,43
465,7,1,41
465,41,0,38
465,38,1,12
465,45,0,22
465,51,1,36
465,8,1,27
465,27,1,16
465,47,1,24
465,48,0,37
465,15,1,26
465,65,1,20
465,24,0,27
465,13,0,19
465,26,1,45
465,12,0,38
465,44,1,51
465,71,1,30
465,68,1,27
465,70,1,37
465,14,1,30
465,63,1,29
465,44,1,33
465,52,1,36
465,50,1,33
465,1,1,40
465,48,0,38
465,43,0,37
465,59,0,5
465,58,1,29
465,57,1,31
465,21,0,23
465,41,1,26
465,57,1,30
465,44,0,32
465,47,1,32
465,23,0,33
465,1,0,28
466,58,1,61
466,43,0,40
466,4,0,38
466,53,1,53
466,17,1,38
466,18,1,22
466,70,0,31
466,52,1,41
466,14,1,43
466,59,1,40
466,25,1,72
466,67,1,65
466,1,1,36
466,43,1,49
466,37,0,36
466,17,1,44
466,68,0,56
466,27,0,47
466,71,0,24
466,55,1,58
466,35,1,32
466,3,1,31
466,28,1,11
466,54,0,53
466,46,1,53
466,1,0,62
466,13,1,41
466,1,0,49
466,30,1,38
466,64,0,39
466,63,1,28
466,42,1,61
466,39,0,28
466,31,0,55
466,2,1,44
466,4,1,46
466,37,0,53
466,53,0,35
466,2,1,25
466,26,1,43
466,37,1,19
466,54,0,34
466,5,1,58
466,66,0,63
466,26,0,52
466,56,1,59
466,31,0,35
466,71,1,57
466,17,1,35
466,2,0,82
466,63,1,47
466,18,0,49
466,0,1,22
466,56,1,65
466,56,0,16
466,0,0,29
466,43,1,34
466,56,0,43
466,8,0,23
466,7,1,47
466,28,1,46
466,35,1,34
466,23,1,25
466,58,1,50
466,19,1,30
466,17,1,44
466,21,0,44
466,15,0,39
466,70,1,44
466,64,1,64
466,62,0,48
466,30,1,51
467,1,1,33
467,67,0,49
467,69,1,36
467,58,1,48
467,31,1,47
467,60,1,72
467,2,0,48
467,38,1,68
467,64,0,11
467,49,1,32
467,21,1,53
467,35,1,31
467,47,1,21
467,71,0,55
467,35,1,23
467,64,1,49
467,26,1,41
467,54,0,39
467,9,0,60
467,11,1,30
467,60,1,32
467,35,1,63
467,52,1,36
467,46,0,50
467,62,1,27
467,36,0,41
467,26,1,85
467,36,1,36
467,38,1,24
467,59,0,15
467,49,0,40
467,14,0,18
467,63,1,26
467,3,0,34
467,70,0,78
467,57,0,31
467,43,0,42
467,64,0,39
467,32,0,48
467,63,1,42
467,67,1,41
467,24,0,56
467,39,1,26
467,61,1,35
467,25,1,39
467,51,0,40
467,12,1,63
467,58,1,52
467,60,1,43
467,26,1,56
467,36,1,25
467,28,1,43
467,14,0,37
467,65,0,42
467,55,1,63
467,71,0,28
467,63,1,42
467,12,1,34
467,60,1,64
467,68,1,49
467,5,0,23
467,42,1,50
467,66,0,15
467,58,0,25
467,43,1,43
467,11,1,58
467,49,1,40
467,60,1,41
467,71,0,23
467,1,0,42
467,25,1,40
467,33,0,34
468,15,1,67
468,16,1,47
468,23,0,70
468,40,0,69
468,17,1,42
468,27,0,59
468,39,0,22
468,34,0,55
468,15,0,55
468,68,0,50
468,44,0,61
468,54,0,44
468,8,0,36
468,9,0,66
468,0,0,80
468,6,1,66
468,27,0,70
468,23,0,47
468,40,0,82
468,31,0,74
468,20,0,21
468,58,1,65
468,63,0,96
468,62,0,29
468,3,0,84
468,4,0,68
468,46,0,63
468,27,0,31
468,66,0,77
468,25,0,54
468,49,1,82
468,5,1,62
468,29,1,49
468,68,0,60
468,40,0,44
468,50,0,97
468,45,1,49
468,46,0,74
468,49,1,43
468,17,0,62
468,35,0,80
468,53,0,76
468,57,0,66
468,23,0,54
468,4,0,61
468,11,0,78
468,44,0,43
468,34,1,38
468,41,0,17
468,33,0,55
468,17,0,67
468,39,1,32
468,28,0,55
468,60,1,72
468,6,1,59
468,44,0,45
468,46,1,82
468,68,1,88
468,48,0,33
468,67,0,65
468,0,1,53
468,70,0,85
468,51,0,48
468,37,0,32
468,71,0,39
468,46,0,77
468,69,0,37
468,28,1,44
468,39,0,38
468,29,0,50
468,63,1,76
468,42,0,66
469,40,1,40
469,46,0,34
469,29,1,14
469,36,1,40
469,0,1,37
469,56,1,24
469,33,1,45
469,34,1,29
469,2,1,37
469,6,1,24
469,11,0,32
469,69,0,47
469,38,0,34
469,16,1,38
469,29,1,46
469,2,1,18
469,23,0,18
469,65,1,38
469,4,0,27
469,68,1,19
469,10,1,41
469,13,1,29
469,22,1,8
469,57,0,20
469,44,1,31
469,22,1,29
469,25,1,14
469,24,0,43
469,14,1,21
469,65,1,32
469,54,0,20
469,21,1,42
469,65,0,30
469,8,1,47
469,25,1,38
469,50,0,45
469,8,1,19
469,4,0,22
469,24,0,29
469,43,0,29
469,44,1,32
469,25,0,19
469,53,0,18
469,26,1,22
469,71,1,43
469,54,0,33
469,39,0,22
469,1,1,31
469,5,1,18
469,0,0,26
469,62,0,38
469,27,0,32
469,6,1,37
469,49,1,31
469,31,0,20
469,45,0,45
469,9,0,44
469,67,0,29
469,40,1,19
469,62,1,39
469,3,1,17
469,37,0,44
469,19,0,21
469,59,1,26
469,29,1,44
469,17,1,33
469,42,1,35
469,9,0,51
469,60,1,15
469,63,0,33
469,20,1,39
469,52,1,35
470,34,1,50
470,34,0,33
470,65,0,52
470,33,1,25
470,68,0,56
470,30,1,31
470,11,1,51
470,5,0,34
470,65,0,18
470,71,0,5
470,20,0,47
470,48,0,50
470,16,1,47
470,10,1,46
470,47,1,31
470,4,1,37
470,9,1,26
470,27,1,51
470,35,1,46
470,25,1,39
470,68,0,51
470,66,0,27
470,4,0,29
470,41,0,57
470,5,1,30
470,50,1,37
470,47,1,32
470,12,0,19
470,8,1,43
470,21,0,42
470,16,0,46
470,35,0,25
470,17,1,58
470,8,0,36
470,21,0,49
470,1,0,59
470,54,1,38
470,22,0,24
470,37,1,54
470,5,1,45
470,34,0,29
470,49,1,57
470,15,1,25
470,65,0,37
470,56,0,39
470,69,1,43
470,25,0,30
470,5,0,48
470,3,0,49
470,63,1,28
470,22,1,34
470,55,0,30
470,15,1,49
470,62,0,32
470,19,0,50
470,35,1,72
470,25,1,39
470,37,0,56
470,49,1,54
470,14,1,38
470,14,0,29
470,37,1,31
470,62,0,54
470,63,1,50
470,71,0,44
470,34,1,39
470,64,1,5
470,57,0,43
470,69,0,57
470,50,0,32
470,21,0,30
470,51,1,12
471,19,0,66
471,12,0,84
471,24,1,48
471,47,0,51
471,1,0,79
471,24,0,38
471,14,0,92
471,18,0,85
471,51,0,83
471,47,0,54
471,12,0,55
471,62,0,33
471,44,1,81
471,16,1,73
471,60,1,78
471,5,0,65
471,27,0,11
471,66,0,33
471,45,0,47
471,43,0,70
471,60,0,52
471,16,0,61
471,67,0,95
471,26,1,66
471,53,0,72
471,59,0,64
471,69,0,30
471,69,0,25
471,62,0,75
471,43,0,73
471,52,0,29
471,58,1,55
471,57,0,27
471,59,0,23
471,1,0,58
471,70,1,66
471,26,0,43
471,6,1,69
471,65,1,77
471,19,0,37
471,28,1,74
471,42,1,42
471,45,1,45
471,55,0,90
471,24,1,49
471,55,0,89
471,58,0,42
471,17,1,99
471,42,1,43
471,61,1,90
471,71,0,52
471,5,1,40
471,64,0,55
471,29,0,31
471,40,0,40
471,55,1,48
471,32,0,65
471,11,1,59
471,46,0,83
471,26,0,31
471,64,1,63
471,69,0,56
471,7,0,60
471,53,0,45
471,12,1,45
471,45,0,50
471,39,1,30
471,63,0,46
471,27,1,78
471,42,1,27
471,58,1,56
471,13,1,31
472,44,1,12
472,48,0,35
472,35,1,25
472,43,1,36
472,57,1,20
472,64,1,23
472,5,0,32
472,33,0,32
472,65,1,29
472,71,1,5
472,55,1,7
472,69,1,26
472,6,0,30
472,43,0,25
472,48,0,27
472,57,1,20
472,42,1,23
472,47,0,36
472,59,0,5
472,20,0,19
472,28,0,28
472,17,1,24
472,25,1,15
472,19,0,25
472,63,0,39
472,6,0,17
472,60,1,5
472,56,0,27
472,57,1,17
472,39,1,24
472,27,1,25
472,5,1,23
472,55,0,7
472,13,1,28
472,68,0,29
472,48,0,5
472,28,1,21
472,14,0,19
472,46,0,34
472,8,1,17
472,59,0,31
472,0,0,7
472,38,1,12
472,50,1,11
472,71,0,25
472,50,1,23
472,0,0,25
472,55,0,22
472,58,1,31
472,8,0,16
472,47,0,22
472,22,1,32
472,45,0,20
472,47,0,35
472,67,1,21
472,55,0,51
472,9,1,31
472,27,1,30
472,68,1,37
472,3,0,5
472,59,0,27
472,71,0,22
472,19,0,22
472,71,1,39
472,3,1,17
472,42,1,27
472,17,0,32
472,64,0,15
472,9,0,25
472,20,1,29
472,58,1,5
472,2,1,14
473,26,0,24
473,36,0,18
473,33,0,24
473,66,1,30
473,0,0,5
473,11,1,25
473,4,0,31
473,50,0,28
473,62,0,31
473,16,1,13
473,19,1,5
473,26,1,36
473,31,1,14
473,44,0,19
473,67,1,25
473,22,0,24
473,16,0,22
473,63,1,39
473,23,1,23
473,15,0,5
473,48,1,29
473,24,0,44
473,70,1,23
473,5,1,38
473,53,1,33
473,2,1,5
473,24,1,15
473,7,1,5
473,68,1,35
473,68,0,33
473,41,1,31
473,69,1,15
473,16,0,27
473,45,1,5
473,14,0,32
473,0,1,35
473,48,1,10
473,12,0,37
473,49,1,10
473,1,1,17
473,41,1,44
473,31,0,11
473,53,1,26
473,14,0,15
473,65,1,46
473,3,0,33
473,70,0,5
473,51,0,46
473,34,0,14
473,16,0,14
473,22,1,29
473,8,0,20
473,61,1,23
473,32,1,8
473,14,0,17
473,51,1,35
473,23,1,28
473,7,0,28
473,6,0,23
473,18,0,5
473,35,1,21
473,10,0,16
473,4,0,28
473,31,0,40
473,46,0,32
473,65,1,28
473,0,1,27
473,63,1,6
473,23,0,5
473,6,1,24
473,2,1,31
473,35,0,23
474,29,1,41
474,63,1,27
474,9,0,14
474,24,1,19
474,60,1,5
474,31,1,33
474,63,1,37
474,15,1,52
474,68,1,32
474,2,1,37
474,3,1,16
474,6,1,23
474,62,1,42
474,20,0,23
474,55,1,28
474,49,1,34
474,34,0,42
474,21,1,8
474,36,1,28
474,22,1,40
474,66,0,37
474,71,0,30
474,25,1,42
474,28,1,34
474,59,1,26
474,2,1,27
474,45,1,32
474,10,0,43
474,41,1,37
474,64,0,32
474,10,1,19
474,30,1,26
474,5,1,38
474,10,0,36
474,55,1,30
474,29,1,26
474,59,0,18
474,10,0,8
474,33,1,22
474,56,1,32
474,52,1,39
474,16,0,38
474,67,0,31
474,32,0,26
474,14,1,34
474,28,1,32
474,42,1,25
474,48,0,47
474,2,1,42
474,49,1,19
474,53,1,39
474,59,1,38
474,69,1,28
474,44,0,38
474,51,1,31
474,65,1,33
474,39,1,42
474,71,0,14
474,16,1,25
474,16,0,28
474,67,1,23
474,54,0,37
474,32,0,32
474,18,1,35
474,67,0,23
474,37,0,23
474,46,1,36
474,68,1,36
474,27,1,29
474,10,0,15
474,68,0,30
474,49,1,37
475,56,1,61
475,2,1,52
475,23,0,36
475,31,0,43
475,49,0,39
475,8,0,58
475,41,1,42
475,46,0,38
475,58,1,28
475,40,0,42
475,48,0,34
475,65,1,65
475,63,1,46
475,58,1,35
475,63,0,51
475,47,1,26
475,55,0,15
475,13,0,25
475,61,0,38
475,1,0,77
475,45,1,32
475,57,1,53
475,21,1,38
475,44,1,31
475,11,0,56
475,43,0,57
475,30,0,39
475,34,0,73
475,27,0,50
475,24,1,61
475,54,1,8
475,7,0,8
475,11,0,37
475,47,1,36
475,42,0,36
475,12,1,32
475,1,0,25
475,18,0,57
475,2,0,46
475,35,1,46
475,7,1,33
475,46,0,34
475,21,1,33
475,44,1,51
475,46,1,41
475,64,0,49
475,20,0,42
475,53,0,33
475,8,0,53
475,15,0,33
475,54,0,45
475,25,0,35
475,53,0,58
475,7,0,39
475,11,1,42
475,4,0,31
475,68,0,37
475,53,1,60
475,33,0,38
475,40,1,48
475,64,0,35
475,56,0,32
475,33,1,31
475,3,0,23
475,9,0,26
475,19,0,48
475,30,1,44
475,41,1,22
475,5,1,32
475,71,0,37
475,21,1,28
475,64,1,75
476,40,1,36
476,12,0,49
476,23,0,49
476,26,1,76
476,42,0,68
476,40,0,62
476,20,1,58
476,18,1,48
476,15,1,36
476,39,0,57
476,10,0,65
476,16,1,81
476,61,1,46
476,22,1,62
476,42,1,57
476,57,1,46
476,20,1,30
476,1,0,35
476,49,1,68
476,33,1,36
476,18,0,86
476,7,0,16
476,28,1,27
476,37,0,65
476,55,0,63
476,55,0,41
476,50,1,18
476,31,0,62
476,49,1,55
476,16,0,33
476,12,1,82
476,17,0,42
476,68,1,52
476,18,1,57
476,42,0,60
476,62,0,73
476,47,0,15
476,8,0,56
476,7,0,32
476,67,0,45
476,8,0,50
476,67,0,56
476,22,1,60
476,48,0,70
476,34,1,52
476,36,1,23
476,17,1,33
476,69,0,29
476,6,1,53
476,28,1,53
476,29,0,70
476,24,0,47
476,43,0,34
476,69,1,24
476,19,0,43
476,0,1,32
476,20,0,46
476,55,1,60
476,35,1,56
476,6,1,42
476,52,1,52
476,42,1,45
476,37,0,17
476,6,1,17
476,6,1,38
476,37,0,65
476,48,1,51
476,23,0,60
476,51,0,52
476,27,1,30
476,66,0,35
476,38,1,66
477,3,0,47
477,53,0,68
477,62,1,36
477,68,0,37
477,50,0,38
477,28,1,41
477,57,1,46
477,55,0,48
477,63,1,74
477,50,0,46
477,25,1,20
477,41,0,45
477,46,0,51
477,41,1,77
477,66,0,64
477,49,1,33
477,17,1,43
477,47,1,33
477,44,0,41
477,71,0,37
477,18,1,28
477,13,1,48
477,71,0,70
477,30,1,48
477,57,1,50
477,64,1,59
477,9,0,42
477,57,1,42
477,20,0,77
477,57,1,40
477,69,0,30
477,58,0,73
477,57,1,59
477,3,1,39
477,7,1,50
477,9,0,54
477,0,1,44
477,68,0,53
477,19,1,27
477,34,1,51
477,36,1,55
477,53,0,25
477,59,1,79
477,42,1,30
477,30,1,55
477,59,1,36
477,18,1,29
477,54,0,50
477,50,0,38
477,66,1,26
477,27,1,49
477,31,1,36
477,64,0,34
477,47,0,24
477,67,1,32
477,67,0,37
477,56,0,36
477,30,0,35
477,37,0,51
477,16,1,57
477,2,0,17
477,2,1,41
477,7,1,36
477,43,0,71
477,59,1,33
477,59,1,62
477,32,0,53
477,47,1,53
477,44,0,61
477,52,0,22
477,0,0,41
477,63,0,34
478,0,1,57
478,47,0,69
478,54,0,5
478,20,0,34
478,28,1,68
478,70,0,62
478,31,0,47
478,3,0,35
478,29,0,61
478,6,1,56
478,31,0,41
478,47,0,48
478,34,1,15
478,70,1,54
478,57,0,5
478,17,1,8
478,40,0,35
478,1,0,23
478,46,1,62
478,22,1,21
478,13,0,50
478,67,0,34
478,5,0,31
478,7,1,40
478,31,0,34
478,39,1,53
478,44,0,40
478,25,1,38
478,61,1,49
478,46,0,25
478,71,0,30
478,14,0,40
478,59,1,50
478,50,0,38
478,70,1,39
478,60,0,28
478,22,0,56
478,65,0,16
478,47,1,46
478,6,1,57
478,34,0,27
478,24,1,46
478,5,1,42
478,65,1,48
478,14,0,44
478,45,0,34
478,38,1,49
478,46,1,12
478,60,0,25
478,70,0,30
478,11,0,62
478,65,0,32
478,51,1,37
478,31,0,47
478,59,1,61
478,47,1,16
478,58,1,29
478,68,0,31
478,69,0,35
478,63,0,64
478,63,1,29
478,8,0,51
478,33,0,21
478,12,0,60
478,65,1,19
478,12,1,39
478,36,1,54
478,71,0,73
478,24,0,20
478,58,0,45
478,50,0,28
478,41,1,62
479,51,0,43
479,52,0,33
479,71,0,38
479,42,1,18
479,13,1,28
479,9,0,37
479,39,1,32
479,15,0,59
479,57,0,49
479,56,0,59
479,46,1,52
479,16,1,40
479,62,0,21
479,61,1,25
479,40,1,59
479,54,1,50
479,55,0,48
479,21,1,84
479,61,1,8
479,26,1,26
479,20,0,35
479,44,0,30
479,25,0,34
479,38,0,61
479,39,0,44
479,46,0,36
479,46,1,38
479,44,1,52
479,38,0,49
479,47,1,40
479,36,1,46
479,25,1,69
479,59,1,54
479,43,0,30
479,55,0,24
479,4,0,59
479,28,1,44
479,15,1,34
479,66,0,34
479,7,1,55
479,21,1,58
479,22,1,23
479,28,1,38
479,57,0,36
479,5,1,21
479,6,0,18
479,6,0,46
479,0,0,24
479,15,1,22
479,23,1,64
479,62,0,63
479,17,0,64
479,70,0,41
479,32,0,24
479,66,0,36
479,45,0,34
479,4,0,57
479,31,0,42
479,2,0,30
479,24,0,39
479,42,1,26
479,43,0,25
479,54,0,31
479,50,0,19
479,59,1,40
479,52,0,45
479,62,0,67
479,51,1,26
479,66,0,37
479,19,1,50
479,38,1,56
479,24,1,53
480,6,1,43
480,43,1,44
480,66,0,38
480,1,0,42
480,68,1,29
480,19,1,52
480,55,1,64
480,5,1,41
480,71,0,49
480,6,1,55
480,17,1,32
480,58,1,38
480,70,1,26
480,55,0,72
480,34,1,40
480,43,1,56
480,56,1,19
480,62,0,23
480,71,0,64
480,10,1,9
480,29,0,45
480,49,1,34
480,53,1,35
480,36,1,50
480,46,0,40
480,54,1,28
480,61,0,33
480,22,1,41
480,9,1,46
480,27,1,16
480,11,0,69
480,6,1,47
480,55,1,27
480,58,1,49
480,54,1,39
480,18,0,38
480,16,1,48
480,66,1,63
480,18,1,49
480,15,1,75
480,38,1,66
480,51,0,66
480,35,0,38
480,45,0,31
480,30,0,31
480,34,1,62
480,4,0,54
480,11,1,55
480,57,1,29
480,33,1,26
480,56,0,32
480,1,0,22
480,67,0,40
480,48,1,23
480,0,0,37
480,30,1,60
480,41,1,27
480,32,1,63
480,69,0,31
480,16,1,64
480,35,0,6
480,16,1,24
480,70,1,50
480,17,1,30
480,8,1,30
480,17,1,10
480,21,1,38
480,29,1,42
480,37,1,51
480,48,1,44
480,10,1,36
480,22,1,44
481,15,0,46
481,68,1,26
481,13,1,25
481,13,0,19
481,30,1,11
481,16,1,13
481,46,1,22
481,55,1,34
481,61,1,33
481,41,0,32
481,54,0,21
481,62,0,18
481,26,0,31
481,28,0,5
481,18,0,30
481,25,0,30
481,1,0,13
481,29,1,17
481,53,0,9
481,58,1,27
481,58,1,35
481,37,0,31
481,49,1,21
481,58,1,6
481,18,0,8
481,41,1,41
481,57,0,43
481,63,1,19
481,8,1,34
481,68,0,32
481,64,0,32
481,58,1,30
481,43,0,27
481,69,1,20
481,55,0,8
481,68,1,28
481,6,0,19
481,48,0,15
481,56,1,33
481,46,0,27
481,12,0,45
481,31,0,26
481,19,0,37
481,61,1,34
481,23,0,37
481,36,1,15
481,46,1,19
481,34,1,28
481,66,1,15
481,8,1,50
481,58,1,42
481,71,0,25
481,55,0,43
481,49,1,24
481,5,1,28
481,22,1,15
481,42,0,12
481,10,1,28
481,42,1,35
481,46,0,38
481,36,1,28
481,33,0,28
481,27,1,33
481,25,0,25
481,1,0,40
481,17,1,41
481,37,1,24
481,22,1,39
481,2,0,23
481,2,0,23
481,57,0,30
481,65,1,31
482,45,0,68
482,12,0,47
482,2,1,55
482,16,0,109
482,68,0,96
482,69,0,47
482,52,1,64
482,43,0,60
482,1,0,52
482,0,0,54
482,25,0,64
482,29,0,44
482,30,1,89
482,19,0,66
482,70,0,34
482,32,0,62
482,69,0,19
482,28,0,77
482,2,0,81
482,41,1,88
482,11,1,75
482,21,0,83
482,3,0,47
482,26,0,28
482,39,0,54
482,59,0,80
482,36,1,80
482,12,0,47
482,32,1,67
482,61,0,8
482,14,0,65
482,25,1,67
482,53,0,95
482,5,1,47
482,59,1,67
482,15,0,66
482,56,1,57
482,50,0,36
482,53,0,36
482,31,0,58
482,49,1,55
482,65,1,59
482,27,1,45
482,39,0,54
482,49,1,49
482,20,0,75
482,36,0,40
482,51,1,65
482,24,0,41
482,54,0,56
482,63,0,51
482,40,0,66
482,20,0,43
482,41,0,67
482,69,1,31
482,56,1,87
482,3,1,76
482,24,0,48
482,47,1,32
482,68,0,56
482,30,1,41
482,44,1,101
482,22,1,63
482,49,1,58
482,2,1,63
482,26,1,50
482,19,0,60
482,11,0,84
482,22,0,71
482,17,1,75
482,21,1,74
482,50,1,62
483,24,0,16
483,38,0,36
483,11,0,35
483,45,1,38
483,2,0,67
483,29,0,14
483,21,1,14
483,42,0,54
483,48,1,36
483,42,1,53
483,23,1,43
483,21,1,36
483,66,1,42
483,48,0,35
483,57,1,26
483,10,0,11
483,37,1,5
483,21,1,12
483,7,1,51
483,48,0,36
483,6,0,25
483,40,0,37
483,29,0,46
483,46,1,55
483,12,0,42
483,44,1,73
483,13,0,24
483,54,0,16
483,48,1,11
483,2,0,57
483,61,0,59
483,34,0,50
483,19,0,33
483,8,0,39
483,69,1,15
483,43,0,20
483,9,1,26
483,10,0,50
483,68,0,17
483,5,1,25
483,47,0,17
483,20,0,31
483,20,0,48
483,34,0,30
483,33,1,45
483,63,0,79
483,15,1,27
483,27,0,5
483,22,0,53
483,58,1,60
483,22,1,42
483,64,0,37
483,57,1,29
483,30,0,9
483,26,0,22
483,71,1,50
483,70,0,26
483,41,0,47
483,12,0,22
483,68,1,57
483,45,1,37
483,70,1,12
483,2,0,36
483,3,1,39
483,10,1,34
483,44,0,51
483,55,0,41
483,11,1,32
483,26,1,70
483,35,0,28
483,48,0,58
483,44,0,15
484,9,0,51
484,7,1,39
484,3,1,54
484,39,0,34
484,55,0,33
484,21,1,51
484,41,0,26
484,15,0,32
484,49,1,12
484,35,1,64
484,27,1,27
484,50,1,27
484,40,0,9
484,22,1,36
484,65,1,42
484,45,1,43
484,44,0,29
484,29,1,35
484,27,0,26
484,38,1,35
484,53,1,31
484,53,1,51
484,1,0,44
484,24,1,37
484,3,0,37
484,37,0,31
484,69,1,65
484,15,1,72
484,46,0,44
484,17,0,23
484,15,1,72
484,6,0,65
484,60,1,50
484,48,0,52
484,68,1,15
484,64,1,36
484,52,1,40
484,62,0,50
484,41,1,49
484,57,1,50
484,38,0,42
484,3,0,67
484,30,0,54
484,62,0,23
484,40,0,31
484,6,1,5
484,2,0,20
484,6,1,56
484,37,1,34
484,16,0,35
484,25,0,30
484,68,1,23
484,66,0,26
484,1,1,34
484,6,0,40
484,59,0,28
484,57,1,51
484,53,1,32
484,40,0,44
484,58,1,40
484,39,0,38
484,18,0,42
484,15,0,16
484,61,0,26
484,16,0,43
484,54,1,50
484,33,0,43
484,8,1,30
484,17,0,78
484,32,0,21
484,55,0,37
484,66,0,41
485,37,1,24
485,46,0,30
485,1,0,37
485,9,0,37
485,59,1,31
485,45,0,57
485,16,0,51
485,18,1,33
485,5,0,45
485,56,0,75
485,49,1,72
485,5,1,29
485,52,1,36
485,5,1,32
485,27,0,40
485,44,1,31
485,19,0,55
485,8,1,54
485,39,1,56
485,39,1,41
485,52,1,49
485,31,0,67
485,18,1,36
485,4,0,36
485,21,1,27
485,39,1,42
485,16,0,61
485,57,1,29
485,63,1,28
485,54,1,30
485,2,1,55
485,5,1,36
485,9,0,28
485,54,1,35
485,58,0,25
485,25,0,73
485,31,0,16
485,64,0,35
485,5,0,40
485,1,0,36
485,6,1,58
485,34,1,62
485,8,0,65
485,11,1,39
485,18,0,30
485,34,1,38
485,56,1,26
485,4,0,34
485,39,0,54
485,70,0,22
485,22,1,58
485,58,1,60
485,71,0,24
485,59,1,15
485,61,1,35
485,35,1,49
485,49,1,44
485,3,1,64
485,65,1,60
485,26,0,46
485,21,0,35
485,59,0,36
485,62,1,41
485,67,0,46
485,25,0,46
485,68,1,42
485,1,1,33
485,38,1,56
485,39,1,30
485,21,1,61
485,16,0,58
485,22,0,22
486,66,0,41
486,0,1,5
486,6,0,44
486,21,1,25
486,21,1,41
486,62,1,46
486,36,0,27
486,44,0,23
486,42,0,43
486,9,1,44
486,58,0,38
486,41,1,52
486,28,1,34
486,0,1,34
486,38,1,31
486,29,0,59
486,70,1,46
486,61,1,32
486,23,0,14
486,55,1,17
486,6,1,56
486,36,1,38
486,66,1,50
486,45,1,26
486,17,1,40
486,62,1,65
486,46,1,55
486,12,0,27
486,41,1,32
486,65,1,42
486,70,0,30
486,62,0,23
486,48,1,34
486,36,0,37
486,4,1,36
486,15,0,35
486,13,1,35
486,65,1,53
486,14,0,26
486,51,1,48
486,36,0,29
486,67,0,41
486,63,1,47
486,64,0,44
486,29,0,72
486,36,1,48
486,45,0,36
486,33,1,67
486,21,1,43
486,45,0,33
486,13,1,53
486,12,0,67
486,67,1,42
486,47,0,37
486,67,0,36
486,71,0,42
486,40,0,41
486,53,0,52
486,34,1,46
486,52,1,24
486,20,1,76
486,22,1,49
486,24,1,42
486,45,1,35
486,66,1,43
486,37,1,38
486,17,1,63
486,71,1,48
486,44,1,43
486,22,0,41
486,2,1,27
486,58,1,54
487,64,0,85
487,16,0,77
487,33,0,66
487,66,0,91
487,4,0,52
487,58,1,51
487,1,1,53
487,57,0,40
487,66,1,50
487,5,1,45
487,63,1,70
487,1,0,54
487,58,1,57
487,52,0,42
487,68,0,59
487,71,1,40
487,56,1,77
487,66,0,41
487,46,0,53
487,34,0,35
487,40,0,29
487,2,0,18
487,11,0,76
487,62,0,78
487,38,1,61
487,42,0,48
487,26,1,51
487,65,1,83
487,67,1,27
487,44,1,64
487,3,0,70
487,64,0,52
487,62,0,86
487,29,0,40
487,3,1,52
487,7,1,81
487,51,0,95
487,6,1,57
487,15,0,36
487,54,0,73
487,49,1,19
487,44,1,44
487,29,0,46
487,30,1,53
487,19,0,38
487,28,0,57
487,69,0,16
487,49,1,49
487,27,0,101
487,38,1,40
487,44,0,53
487,1,0,44
487,39,0,33
487,70,0,67
487,45,0,63
487,18,0,41
487,60,1,48
487,46,1,31
487,48,0,70
487,18,0,5
487,67,0,78
487,62,0,89
487,34,0,53
487,66,1,72
487,59,0,57
487,34,1,60
487,26,1,32
487,48,0,31
487,9,1,75
487,47,1,93
487,19,0,79
487,53,0,60
488,38,0,13
488,8,1,24
488,37,0,45
488,10,0,67
488,52,1,44
488,44,1,48
488,40,1,32
488,40,0,41
488,29,1,58
488,1,1,68
488,33,0,23
488,42,1,39
488,59,1,60
488,40,1,53
488,58,0,47
488,57,0,44
488,7,1,31
488,4,0,12
488,52,1,55
488,1,0,12
488,35,1,25
488,13,1,75
488,46,1,19
488,13,1,43
488,32,0,49
488,65,1,51
488,63,1,40
488,25,0,47
488,63,0,54
488,10,0,41
488,11,0,19
488,55,0,32
488,4,0,19
488,3,1,45
488,16,0,55
488,39,1,41
488,68,1,42
488,6,1,34
488,14,0,40
488,58,1,27
488,22,1,19
488,1,0,15
488,52,0,8
488,44,0,45
488,24,0,24
488,39,0,17
488,32,0,29
488,3,0,22
488,29,1,7
488,64,1,66
488,45,1,64
488,35,1,41
488,59,0,52
488,60,1,27
488,71,0,43
488,8,1,34
488,5,0,6
488,49,1,59
488,30,1,33
488,45,0,30
488,55,0,60
488,2,1,48
488,48,1,22
488,35,0,59
488,61,1,39
488,50,1,31
488,23,1,43
488,33,0,64
488,25,0,49
488,19,0,70
488,44,0,45
488,56,1,33
489,14,0,36
489,49,0,30
489,18,1,30
489,5,1,16
489,12,0,43
489,47,1,32
489,7,0,18
489,60,0,29
489,47,0,49
489,0,0,5
489,71,0,28
489,48,0,23
489,44,1,5
489,2,1,34
489,30,1,30
489,52,1,13
489,6,0,24
489,32,0,30
489,37,0,10
489,22,1,34
489,68,0,25
489,52,0,22
489,9,0,19
489,67,0,28
489,21,1,19
489,32,0,35
489,38,1,37
489,32,1,36
489,53,1,13
489,47,0,33
489,47,1,6
489,16,1,14
489,66,0,37
489,42,1,7
489,18,1,24
489,40,1,16
489,65,1,5
489,47,0,23
489,39,1,19
489,1,1,32
489,50,0,32
489,55,1,22
489,4,0,29
489,17,1,35
489,1,1,14
489,46,0,18
489,51,1,23
489,41,0,12
489,64,1,14
489,69,0,31
489,23,1,23
489,7,1,25
489,38,1,29
489,50,1,36
489,3,1,30
489,30,0,25
489,20,0,17
489,29,1,19
489,40,1,17
489,70,1,17
489,68,0,32
489,31,1,25
489,19,1,34
489,19,0,36
489,54,0,31
489,51,0,22
489,56,1,22
489,36,1,25
489,39,1,20
489,57,0,19
489,21,1,16
489,5,1,28
490,24,1,59
490,57,0,48
490,28,0,47
490,45,0,42
490,30,1,63
490,45,1,47
490,55,1,27
490,57,0,60
490,25,0,41
490,42,1,68
490,2,1,40
490,26,1,40
490,58,1,69
490,31,0,50
490,63,1,36
490,36,0,69
490,1,0,57
490,41,0,40
490,21,0,43
490,39,1,44
490,17,0,34
490,69,0,39
490,20,0,30
490,70,1,48
490,7,1,28
490,37,1,5
490,11,1,47
490,25,1,72
490,4,1,30
490,24,0,49
490,4,0,38
490,58,1,20
490,38,1,62
490,8,0,56
490,41,0,36
490,6,0,10
490,30,1,39
490,63,1,18
490,31,0,47
490,51,0,55
490,10,1,9
490,1,0,43
490,9,0,49
490,27,1,32
490,8,1,59
490,18,0,45
490,61,0,56
490,48,0,8
490,33,1,44
490,47,1,57
490,53,0,63
490,62,0,87
490,2,1,63
490,44,1,44
490,26,0,65
490,15,1,50
490,45,0,41
490,65,1,53
490,15,1,67
490,33,0,54
490,40,1,43
490,38,0,53
490,59,1,39
490,20,0,34
490,20,1,45
490,24,1,64
490,35,1,45
490,0,1,39
490,16,1,29
490,14,0,59
490,1,0,55
490,11,1,60
491,3,0,62
491,24,0,61
491,44,0,80
491,36,0,70
491,46,0,101
491,23,0,66
491,28,0,38
491,27,0,60
491,31,1,53
491,11,1,31
491,70,0,56
491,36,0,74
491,44,0,57
491,9,0,58
491,5,1,66
491,65,1,42
491,15,0,49
491,32,0,61
491,17,0,55
491,36,0,58
491,38,1,44
491,1,0,80
491,40,0,50
491,32,0,27
491,46,0,76
491,31,0,35
491,4,0,57
491,40,0,54
491,71,0,58
491,32,0,37
491,67,0,44
491,15,0,84
491,22,1,96
491,65,1,49
491,32,0,63
491,3,0,71
491,38,1,54
491,39,0,65
491,21,0,42
491,56,0,38
491,66,1,55
491,60,0,33
491,58,0,59
491,60,1,101
491,32,0,37
491,22,1,74
491,67,0,92
491,22,1,73
491,50,0,87
491,5,1,108
491,59,0,87
491,2,1,66
491,23,0,71
491,34,0,54
491,18,0,77
491,59,0,85
491,66,0,67
491,28,0,56
491,27,0,40
491,15,1,81
491,10,0,59
491,30,1,61
491,23,0,80
491,64,0,65
491,6,0,21
491,25,0,48
491,52,0,30
491,2,1,74
491,5,1,64
491,35,1,68
491,43,0,62
491,24,0,34
492,53,0,41
492,67,1,24
492,66,0,57
492,25,1,30
492,60,1,54
492,25,1,44
492,37,1,19
492,24,0,32
492,37,0,52
492,57,1,37
492,62,0,30
492,50,1,51
492,54,0,48
492,0,0,36
492,67,1,51
492,29,0,51
492,22,1,14
492,0,0,14
492,47,1,45
492,26,1,33
492,44,0,65
492,64,0,61
492,48,0,34
492,45,1,15
492,19,1,27
492,39,1,65
492,41,1,70
492,29,0,32
492,30,1,24
492,35,0,29
492,57,0,25
492,71,0,42
492,20,1,40
492,15,0,50
492,41,1,34
492,0,1,35
492,61,1,29
492,11,1,67
492,69,1,50
492,55,0,53
492,32,0,32
492,51,1,41
492,6,0,58
492,66,1,36
492,60,0,30
492,61,0,56
492,50,1,49
492,67,1,50
492,15,1,22
492,27,1,34
492,23,0,37
492,69,0,42
492,35,1,32
492,28,0,27
492,26,0,18
492,38,0,35
492,48,1,49
492,36,1,40
492,48,1,41
492,2,1,46
492,49,0,29
492,46,1,48
492,25,1,34
492,69,0,47
492,44,1,68
492,9,1,23
492,2,1,49
492,41,0,17
492,65,1,46
492,35,1,44
492,29,1,26
492,49,1,32
493,11,0,43
493,53,0,54
493,44,0,31
493,64,0,73
493,22,0,37
493,26,1,53
493,47,1,52
493,38,1,36
493,8,0,46
493,65,0,46
493,31,1,41
493,17,0,49
493,26,0,13
493,54,1,27
493,10,1,38
493,27,1,58
493,51,0,39
493,10,1,64
493,10,0,22
493,36,1,49
493,24,0,36
493,1,0,32
493,59,1,19
493,49,1,52
493,62,1,47
493,53,1,65
493,59,1,26
493,43,0,54
493,22,0,34
493,20,0,33
493,54,0,45
493,27,0,11
493,61,0,45
493,71,0,45
493,8,0,13
493,43,0,37
493,38,0,16
493,17,1,26
493,56,1,40
493,15,1,45
493,28,0,33
493,6,1,28
493,70,1,52
493,64,1,46
493,11,0,59
493,51,0,32
493,37,0,68
493,48,0,50
493,41,1,33
493,1,0,31
493,60,0,58
493,48,0,67
493,26,0,46
493,61,1,39
493,26,1,32
493,56,0,20
493,3,0,39
493,47,0,76
493,16,0,13
493,50,0,69
493,68,0,34
493,1,1,34
493,44,0,46
493,51,0,59
493,33,0,19
493,70,0,26
493,50,0,25
493,43,0,51
493,56,1,22
493,51,0,39
493,45,1,6
493,25,1,17
494,17,1,31
494,18,0,46
494,33,1,47
494,54,1,26
494,69,1,52
494,13,1,69
494,45,0,33
494,2,1,28
494,56,1,67
494,8,1,65
494,49,1,44
494,35,1,56
494,60,1,53
494,13,1,59
494,2,0,58
494,70,1,51
494,16,0,57
494,58,0,55
494,31,0,64
494,21,0,52
494,62,0,22
494,13,1,46
494,64,0,46
494,39,1,20
494,57,1,24
494,24,0,53
494,30,1,55
494,42,0,48
494,19,0,36
494,68,0,17
494,21,0,13
494,39,1,38
494,22,1,52
494,14,0,5
494,64,1,31
494,25,0,26
494,26,0,22
494,19,0,59
494,57,0,53
494,70,0,25
494,32,1,70
494,42,1,43
494,55,0,24
494,38,1,40
494,25,1,28
494,35,1,59
494,50,0,66
494,62,1,66
494,35,0,54
494,56,1,68
494,17,1,34
494,14,0,22
494,69,0,49
494,51,0,59
494,69,1,47
494,1,0,21
494,29,0,28
494,36,1,54
494,32,0,43
494,47,1,38
494,44,1,58
494,57,0,41
494,42,1,36
494,23,1,40
494,38,1,50
494,65,1,41
494,38,1,8
494,63,0,48
494,66,0,36
494,35,1,65
494,3,0,23
494,13,1,42
495,64,1,41
495,49,1,23
495,23,0,22
495,20,0,29
495,1,0,20
495,38,0,57
495,36,1,41
495,20,0,47
495,0,1,61
495,64,1,34
495,61,1,47
495,34,0,33
495,6,1,53
495,29,0,55
495,40,1,31
495,34,1,39
495,55,1,49
495,32,0,39
495,43,0,63
495,62,0,19
495,0,0,61
495,53,1,34
495,18,0,44
495,9,1,12
495,28,0,38
495,59,1,19
495,68,1,28
495,52,1,42
495,10,1,42
495,65,0,46
495,64,0,28
495,45,0,53
495,30,0,49
495,67,0,27
495,61,0,38
495,58,1,68
495,30,1,32
495,51,0,27
495,62,0,26
495,40,0,50
495,5,1,60
495,53,0,44
495,30,1,45
495,59,0,46
495,8,1,40
495,45,1,32
495,67,0,52
495,3,0,49
495,35,1,32
495,7,0,63
495,1,1,42
495,40,0,33
495,60,1,24
495,29,0,18
495,47,0,34
495,22,1,76
495,61,1,13
495,4,1,41
495,50,1,24
495,16,1,51
495,60,1,24
495,6,1,26
495,24,1,53
495,17,0,54
495,29,0,59
495,49,0,43
495,41,1,31
495,7,1,55
495,20,1,59
495,53,1,69
495,42,1,53
495,69,1,35
496,32,0,30
496,51,0,45
496,16,0,20
496,39,0,28
496,67,0,39
496,27,1,23
496,31,1,23
496,41,0,33
496,44,0,14
496,62,0,21
496,49,0,24
496,49,1,11
496,53,0,28
496,50,0,21
496,70,0,18
496,36,1,28
496,18,0,10
496,0,1,30
496,16,1,19
496,37,0,22
496,32,1,27
496,39,1,30
496,32,0,25
496,0,1,35
496,33,0,12
496,31,0,31
496,12,0,22
496,6,0,5
496,67,1,25
496,33,1,20
496,39,1,20
496,11,0,21
496,24,0,33
496,35,1,19
496,67,0,41
496,68,1,17
496,60,1,34
496,28,1,14
496,27,1,9
496,44,0,28
496,29,1,31
496,56,1,33
496,48,1,16
496,25,1,42
496,25,1,11
496,5,1,25
496,71,0,14
496,48,0,16
496,45,1,5
496,70,1,24
496,2,1,21
496,62,0,44
496,45,1,41
496,67,0,28
496,18,0,37
496,54,0,5
496,3,0,23
496,38,0,11
496,25,0,25
496,56,0,26
496,27,0,35
496,21,0,31
496,26,1,25
496,42,1,18
496,28,1,21
496,69,0,13
496,67,0,29
496,44,1,29
496,41,0,35
496,29,1,31
496,57,0,28
496,22,0,12
497,26,0,48
497,69,0,59
497,52,1,80
497,55,1,48
497,45,0,48
497,71,0,83
497,39,0,56
497,18,0,61
497,30,0,27
497,30,1,33
497,57,0,25
497,44,0,73
497,47,0,54
497,61,0,105
497,7,0,58
497,21,0,65
497,56,1,53
497,41,0,77
497,23,0,75
497,48,0,73
497,66,0,82
497,12,0,45
497,30,0,82
497,58,1,20
497,54,0,79
497,71,0,40
497,56,0,110
497,22,0,32
497,12,1,31
497,58,0,43
497,26,0,61
497,3,0,54
497,60,1,71
497,56,0,78
497,20,0,32
497,27,0,37
497,15,0,51
497,8,0,57
497,45,0,54
497,41,0,43
497,7,0,57
497,32,0,73
497,4,0,76
497,44,0,84
497,61,1,69
497,21,0,29
497,69,0,91
497,25,0,58
497,32,1,84
497,24,0,79
497,52,0,68
497,59,0,72
497,14,0,40
497,45,0,41
497,41,1,38
497,45,0,47
497,17,1,57
497,43,0,75
497,33,1,70
497,50,0,67
497,45,1,34
497,42,0,96
497,2,0,40
497,13,1,83
497,30,1,51
497,27,0,105
497,71,0,59
497,6,1,88
497,56,0,56
497,1,1,71
497,12,0,57
497,50,0,33
498,36,1,22
498,32,0,20
498,14,1,39
498,7,1,37
498,4,0,45
498,68,1,35
498,23,1,36
498,51,1,32
498,33,1,22
498,2,1,43
498,20,1,20
498,49,1,31
498,19,1,41
498,48,1,25
498,64,1,29
498,36,0,20
498,38,1,28
498,54,0,7
498,16,0,24
498,8,1,27
498,7,1,40
498,36,1,16
498,34,1,9
498,15,1,29
498,8,1,38
498,51,1,17
498,14,1,22
498,64,1,39
498,26,1,36
498,43,1,19
498,65,1,34
498,41,1,35
498,40,1,29
498,18,0,25
498,22,1,24
498,13,1,40
498,55,0,38
498,7,1,12
498,22,1,27
498,5,1,15
498,62,0,26
498,58,0,25
498,14,1,26
498,23,0,32
498,17,1,14
498,17,1,34
498,67,0,24
498,22,1,26
498,8,1,28
498,18,1,25
498,3,0,30
498,4,1,33
498,16,1,30
498,10,0,30
498,4,0,35
498,30,1,39
498,49,1,21
498,23,0,31
498,35,1,24
498,38,0,24
498,8,1,47
498,30,1,30
498,8,0,47
498,3,0,45
498,17,1,42
498,52,1,17
498,48,1,24
498,30,0,38
498,39,1,41
498,42,1,27
498,68,1,22
498,39,1,35
499,63,1,30
499,8,1,32
499,57,1,20
499,47,1,16
499,34,1,25
499,6,0,41
499,11,1,47
499,41,1,41
499,16,1,21
499,68,0,26
499,27,1,30
499,58,1,35
499,26,1,42
499,51,1,7
499,68,1,30
499,39,1,30
499,54,1,9
499,42,1,22
499,38,1,39
499,7,1,13
499,39,0,24
499,65,1,32
499,49,1,50
499,63,1,31
499,0,1,34
499,68,1,38
499,60,1,26
499,3,1,31
499,36,1,42
499,35,0,9
499,31,1,15
499,38,1,26
499,58,1,46
499,55,1,26
499,66,0,31
499,48,1,37
499,52,1,15
499,57,1,26
499,54,0,30
499,51,1,44
499,69,1,34
499,52,0,17
499,45,1,19
499,36,1,9
499,14,1,28
499,51,0,31
499,50,1,23
499,59,1,24
499,10,1,52
499,39,0,29
499,58,1,42
499,53,1,16
499,26,1,37
499,6,1,58
499,20,1,38
499,6,1,28
499,63,1,27
499,53,1,18
499,9,0,40
499,5,1,25
499,7,1,48
499,43,1,21
499,44,1,30
499,62,1,42
499,14,1,23
499,38,1,33
499,50,1,34
499,69,1,22
499,4,1,23
499,0,1,25
499,10,1,42
499,2,0,37
500,57,1,62
500,29,1,32
500,53,1,74
500,67,1,31
500,20,1,31
500,67,1,45
500,40,1,42
500,30,1,23
500,68,1,27
500,33,0,7
500,29,1,29
500,26,1,46
500,62,0,30
500,44,1,57
500,61,1,34
500,63,0,40
500,51,1,51
500,8,1,42
500,7,1,29
500,44,1,56
500,19,0,25
500,0,1,53
500,37,1,46
500,70,0,44
500,59,1,38
500,59,0,71
500,19,1,47
500,43,0,42
500,53,0,22
500,35,1,29
500,68,0,34
500,1,1,24
500,67,1,42
500,13,1,45
500,12,0,43
500,70,1,34
500,40,0,39
500,32,1,28
500,19,0,41
500,12,1,40
500,33,0,49
500,1,0,40
500,16,1,46
500,22,1,40
500,7,1,64
500,9,1,36
500,29,1,23
500,54,0,30
500,40,1,65
500,16,1,68
500,53,1,64
500,19,0,37
500,64,1,30
500,8,1,54
500,7,1,62
500,3,1,32
500,20,0,13
500,17,1,37
500,16,1,51
500,41,1,50
500,49,1,35
500,14,1,61
500,45,1,46
500,54,1,40
500,12,1,23
500,55,1,59
500,17,1,53
500,18,1,54
500,33,0,5
500,54,1,59
500,44,0,61
500,7,1,42
501,12,1,21
501,17,0,26
501,4,0,47
501,30,1,35
501,62,1,24
501,43,0,34
501,10,0,54
501,52,1,43
501,52,0,22
501,38,1,26
501,12,0,24
501,40,1,51
501,18,0,25
501,70,1,60
501,70,1,23
501,43,0,35
501,12,0,36
501,36,1,40
501,1,1,62
501,36,1,36
501,69,1,15
501,35,0,53
501,9,1,31
501,63,1,56
501,37,0,44
501,49,1,10
501,22,1,63
501,4,0,40
501,23,0,52
501,30,0,25
501,53,1,21
501,30,1,44
501,12,0,11
501,13,1,25
501,19,0,77
501,16,0,45
501,51,0,29
501,39,1,37
501,45,1,65
501,14,0,51
501,59,0,22
501,70,1,23
501,30,1,21
501,10,0,28
501,11,0,18
501,41,0,38
501,6,1,76
501,10,1,38
501,69,0,19
501,19,0,17
501,60,0,31
501,32,0,38
501,29,0,60
501,1,1,24
501,32,1,23
501,67,0,49
501,35,1,34
501,60,0,37
501,12,0,49
501,3,0,41
501,10,0,63
501,46,1,62
501,2,0,31
501,40,1,22
501,22,1,22
501,16,0,41
501,57,0,39
501,18,1,40
501,7,0,65
501,39,1,81
501,17,0,27
501,6,0,54
502,28,1,8
502,17,0,18
502,3,0,20
502,5,1,48
502,33,1,12
502,16,1,36
502,24,0,28
502,48,1,28
502,62,1,23
502,62,0,26
502,60,1,36
502,41,0,15
502,29,1,20
502,16,0,5
502,58,0,29
502,36,1,15
502,59,1,39
502,18,0,27
502,50,0,15
502,49,1,27
502,0,0,6
502,62,0,21
502,21,1,32
502,0,1,5
502,12,0,19
502,15,1,27
502,39,0,22
502,11,1,15
502,44,0,20
502,11,0,23
502,47,0,34
502,50,1,19
502,60,0,17
502,48,1,33
502,51,1,24
502,30,1,20
502,69,0,37
502,38,1,41
502,1,1,26
502,37,0,23
502,54,1,33
502,55,0,24
502,62,0,26
502,49,1,24
502,59,1,32
502,70,1,38
502,27,1,26
502,57,1,24
502,49,1,18
502,35,1,29
502,24,0,11
502,53,0,18
502,49,1,26
502,47,1,26
502,15,1,17
502,49,1,21
502,29,0,34
502,47,0,5
502,45,0,29
502,51,0,31
502,9,0,18
502,71,0,19
502,65,1,25
502,28,1,11
502,38,1,16
502,15,0,29
502,36,0,32
502,61,1,39
502,12,0,20
502,1,0,48
502,51,0,17
502,0,1,21
503,14,1,32
503,48,1,51
503,68,1,8
503,50,1,27
503,5,1,40
503,24,1,21
503,71,1,50
503,49,0,24
503,36,1,25
503,25,1,14
503,71,0,39
503,29,1,5
503,58,1,25
503,62,1,16
503,29,1,31
503,37,1,22
503,4,1,43
503,15,1,39
503,47,1,27
503,37,1,43
503,4,0,27
503,2,1,14
503,25,1,28
503,10,1,23
503,52,1,18
503,39,1,25
503,63,1,33
503,55,0,27
503,1,1,32
503,58,0,23
503,44,1,36
503,62,0,25
503,61,1,22
503,22,1,20
503,52,1,17
503,59,1,26
503,63,1,49
503,56,1,31
503,35,1,37
503,3,0,17
503,38,1,38
503,54,1,15
503,71,0,28
503,36,1,26
503,71,1,24
503,15,1,34
503,68,1,31
503,54,1,28
503,20,1,27
503,45,1,27
503,1,0,25
503,33,1,14
503,71,0,13
503,25,1,28
503,65,1,31
503,44,0,30
503,60,1,32
503,26,1,31
503,9,1,53
503,35,1,24
503,18,1,30
503,12,1,44
503,41,1,25
503,69,1,42
503,61,1,12
503,14,0,27
503,64,1,38
503,5,1,32
503,44,0,19
503,71,1,15
503,13,1,20
503,51,1,52
504,4,0,24
504,45,1,28
504,27,1,27
504,15,1,27
504,16,1,19
504,45,1,31
504,65,1,25
504,58,1,50
504,18,1,28
504,69,0,32
504,53,1,29
504,43,0,24
504,50,0,35
504,38,1,16
504,45,1,21
504,0,0,23
504,28,1,25
504,16,0,33
504,37,1,46
504,32,1,21
504,66,1,37
504,30,1,42
504,62,0,30
504,52,1,50
504,11,1,35
504,17,1,43
504,2,1,32
504,55,1,29
504,30,1,45
504,11,0,21
504,1,0,35
504,26,1,27
504,39,1,47
504,34,1,42
504,3,1,29
504,30,1,47
504,8,1,24
504,51,1,49
504,69,1,14
504,19,1,20
504,38,1,23
504,70,1,11
504,0,1,22
504,12,1,24
504,39,1,32
504,20,0,34
504,51,1,33
504,18,1,22
504,33,1,26
504,24,1,36
504,21,1,31
504,27,1,23
504,43,0,30
504,8,1,42
504,50,1,16
504,24,1,29
504,3,0,24
504,30,1,31
504,14,0,32
504,66,1,19
504,57,1,23
504,43,1,31
504,9,1,23
504,34,1,33
504,70,1,31
504,1,1,40
504,16,1,29
504,42,1,38
504,33,1,34
504,32,0,35
504,39,1,32
504,37,1,39
505,65,1,46
505,66,1,59
505,12,0,39
505,17,1,37
505,70,1,64
505,35,0,52
505,64,0,37
505,68,0,5
505,39,0,47
505,56,1,56
505,24,0,75
505,38,1,36
505,67,0,61
505,55,1,45
505,37,1,47
505,24,0,29
505,39,1,41
505,29,0,34
505,36,1,35
505,54,0,53
505,39,1,53
505,16,0,49
505,7,1,62
505,24,0,9
505,36,1,53
505,40,0,59
505,55,0,34
505,37,0,53
505,17,0,32
505,19,0,50
505,18,0,27
505,68,1,56
505,40,0,55
505,17,0,66
505,48,0,18
505,24,0,65
505,71,1,68
505,34,0,60
505,67,0,64
505,18,0,55
505,40,0,62
505,48,0,64
505,16,0,65
505,4,1,55
505,34,0,58
505,49,1,33
505,60,0,60
505,59,0,30
505,42,1,50
505,11,0,80
505,0,0,42
505,63,0,52
505,70,1,41
505,42,0,36
505,26,1,37
505,30,0,49
505,28,0,34
505,40,0,20
505,17,1,53
505,23,0,42
505,58,0,46
505,59,0,34
505,51,0,25
505,19,0,37
505,8,0,48
505,14,0,53
505,34,1,39
505,49,0,36
505,43,0,39
505,28,0,33
505,12,0,44
505,51,0,41
506,38,1,45
506,56,1,40
506,70,1,47
506,43,1,61
506,49,1,36
506,29,1,66
506,11,1,8
506,47,0,51
506,39,0,37
506,36,1,48
506,62,0,45
506,60,1,30
506,13,1,53
506,48,0,48
506,46,1,36
506,41,0,5
506,21,1,37
506,28,1,31
506,69,1,35
506,12,0,52
506,7,1,20
506,39,1,52
506,47,0,20
506,22,1,30
506,71,0,19
506,54,1,35
506,27,1,54
506,44,1,29
506,13,1,38
506,60,0,44
506,51,1,48
506,41,1,45
506,24,0,40
506,36,1,32
506,67,0,51
506,18,1,41
506,36,1,41
506,40,0,53
506,22,1,58
506,11,1,46
506,34,1,60
506,0,1,42
506,46,0,40
506,60,0,59
506,49,1,61
506,14,0,45
506,33,0,42
506,9,1,54
506,51,0,79
506,16,1,82
506,54,0,31
506,29,1,69
506,20,1,71
506,23,1,43
506,31,0,33
506,1,1,26
506,15,1,52
506,8,1,43
506,53,1,36
506,51,0,62
506,67,0,44
506,26,0,45
506,39,1,51
506,70,1,36
506,70,0,86
506,14,0,53
506,39,1,39
506,57,1,39
506,48,0,15
506,43,1,36
506,45,0,32
506,28,0,40
507,63,1,56
507,6,1,84
507,51,1,36
507,2,0,51
507,19,0,36
507,15,1,37
507,70,1,63
507,8,1,19
507,24,1,47
507,44,0,45
507,52,1,50
507,47,1,54
507,28,1,23
507,29,0,31
507,40,0,9
507,52,1,50
507,38,1,68
507,14,0,61
507,13,1,48
507,32,0,43
507,20,1,54
507,57,0,36
507,28,1,12
507,48,1,57
507,67,0,39
507,14,1,61
507,49,1,44
507,65,0,33
507,56,1,26
507,0,0,37
507,57,1,30
507,29,0,62
507,49,0,55
507,15,1,39
507,25,1,18
507,58,0,63
507,54,0,56
507,71,1,54
507,10,0,17
507,23,0,45
507,40,1,8
507,50,0,21
507,40,0,26
507,62,0,51
507,13,0,33
507,66,1,49
507,25,1,63
507,27,0,42
507,28,0,46
507,5,1,59
507,8,1,30
507,12,0,27
507,10,0,60
507,68,1,26
507,68,1,30
507,4,1,33
507,46,1,32
507,27,1,34
507,16,1,49
507,2,0,52
507,43,1,27
507,1,0,23
507,36,1,33
507,51,0,47
507,33,1,55
507,18,0,49
507,63,0,38
507,6,1,44
507,5,0,50
507,0,0,39
507,66,1,17
507,63,1,56
508,18,1,27
508,55,0,24
508,30,1,28
508,21,1,7
508,16,1,17
508,46,0,24
508,15,1,5
508,34,0,27
508,35,1,36
508,8,1,32
508,58,0,5
508,71,0,33
508,69,1,15
508,15,1,22
508,40,0,20
508,41,1,26
508,65,1,16
508,29,1,19
508,24,1,21
508,39,1,38
508,37,0,22
508,3,0,33
508,41,1,38
508,36,1,17
508,59,0,16
508,36,1,22
508,6,0,27
508,47,0,37
508,8,0,19
508,42,1,31
508,34,0,5
508,23,1,30
508,14,0,43
508,21,1,7
508,5,1,29
508,32,0,25
508,62,1,18
508,23,1,36
508,12,0,36
508,19,1,21
508,51,0,23
508,32,0,22
508,22,1,17
508,10,1,21
508,71,0,35
508,11,1,25
508,35,1,13
508,62,0,15
508,66,0,17
508,58,1,25
508,54,0,22
508,14,1,11
508,44,1,28
508,55,0,25
508,23,0,13
508,0,1,26
508,7,0,28
508,42,0,7
508,56,1,20
508,61,1,11
508,20,0,16
508,43,1,28
508,38,1,15
508,66,0,32
508,62,1,29
508,27,1,15
508,5,1,22
508,67,0,21
508,7,1,5
508,41,0,24
508,20,1,9
508,28,0,25
509,42,0,33
509,0,0,22
509,52,0,8
509,49,0,21
509,18,0,23
509,18,1,28
509,29,1,12
509,7,1,12
509,26,0,33
509,14,1,28
509,51,0,21
509,15,0,28
509,27,0,28
509,48,1,24
509,63,1,32
509,67,0,30
509,15,0,28
509,32,1,34
509,17,0,16
509,57,1,35
509,10,1,18
509,71,0,37
509,13,1,33
509,6,0,13
509,16,0,16
509,40,0,38
509,44,0,44
509,56,0,34
509,47,0,31
509,63,1,37
509,37,0,34
509,37,0,34
509,67,0,41
509,63,0,33
509,42,1,34
509,22,1,33
509,56,0,5
509,25,1,36
509,24,1,24
509,43,0,20
509,32,0,23
509,13,0,31
509,52,1,29
509,67,0,33
509,11,0,13
509,63,1,15
509,22,1,33
509,62,0,35
509,23,0,27
509,40,0,26
509,5,1,46
509,38,0,23
509,50,0,48
509,14,0,19
509,49,0,28
509,7,0,10
509,52,1,29
509,61,1,31
509,30,1,31
509,14,0,34
509,12,1,12
509,8,0,21
509,55,1,36
509,60,0,23
509,13,0,27
509,54,0,20
509,46,0,22
509,1,0,24
509,13,1,17
509,57,1,9
509,28,1,25
509,43,1,34
510,57,0,19
510,46,0,21
510,63,1,21
510,68,0,27
510,58,0,37
510,21,1,18
510,11,1,35
510,51,0,24
510,52,1,8
510,23,0,18
510,8,1,11
510,25,1,31
510,36,1,15
510,27,1,31
510,13,0,31
510,58,1,49
510,61,1,8
510,15,1,49
510,28,1,25
510,60,1,34
510,0,1,40
510,64,1,33
510,32,1,28
510,44,0,21
510,6,1,30
510,54,1,22
510,33,1,35
510,34,1,24
510,37,0,19
510,34,0,34
510,0,0,18
510,4,0,25
510,16,1,26
510,32,1,44
510,10,0,48
510,5,1,23
510,37,1,38
510,7,0,38
510,44,0,48
510,46,0,23
510,47,1,35
510,29,1,28
510,36,1,41
510,14,0,42
510,29,1,28
510,60,1,30
510,60,1,30
510,8,1,41
510,0,1,18
510,51,1,41
510,32,0,17
510,38,1,26
510,15,1,35
510,26,1,37
510,29,1,47
510,39,0,38
510,65,1,32
510,7,1,37
510,30,1,40
510,67,1,31
510,58,1,32
510,0,1,32
510,57,1,22
510,36,1,22
510,52,1,17
510,40,0,34
510,14,1,33
510,8,1,23
510,62,0,19
510,64,1,46
510,37,0,32
510,49,1,31
511,62,1,55
511,19,1,28
511,4,0,51
511,14,1,28
511,69,1,66
511,40,0,17
511,45,1,62
511,64,1,58
511,34,0,31
511,20,1,40
511,14,0,30
511,0,0,27
511,69,0,58
511,69,1,45
511,54,0,45
511,15,0,52
511,57,1,15
511,13,1,49
511,57,1,48
511,35,1,31
511,39,0,26
511,37,0,50
511,17,1,33
511,66,0,39
511,13,0,49
511,0,0,38
511,16,0,47
511,54,1,45
511,42,1,56
511,1,1,57
511,15,0,51
511,24,0,46
511,4,1,48
511,38,1,43
511,25,0,34
511,25,1,70
511,2,1,49
511,31,0,58
511,48,0,7
511,27,0,44
511,0,0,63
511,23,1,54
511,47,0,45
511,10,0,34
511,66,1,60
511,11,1,30
511,57,0,42
511,11,0,11
511,2,1,35
511,59,1,66
511,66,1,45
511,42,1,32
511,28,1,61
511,44,0,36
511,2,0,18
511,13,0,39
511,47,0,57
511,55,1,36
511,36,0,62
511,13,0,44
511,64,0,40
511,11,1,37
511,5,1,40
511,0,1,27
511,57,0,52
511,8,0,42
511,16,0,33
511,18,1,63
511,17,1,29
511,71,0,68
511,50,0,39
511,52,1,38
512,52,1,32
512,68,0,43
512,32,1,36
512,20,0,31
512,5,1,11
512,4,0,40
512,1,1,34
512,36,0,59
512,42,1,47
512,11,0,30
512,44,1,46
512,13,1,35
512,16,1,36
512,8,0,38
512,64,0,39
512,48,0,48
512,5,1,28
512,7,1,32
512,57,0,49
512,5,1,37
512,57,0,24
512,17,1,60
512,40,0,61
512,53,1,54
512,62,0,28
512,27,1,47
512,52,1,48
512,0,0,64
512,9,1,60
512,18,0,53
512,32,0,22
512,62,0,34
512,17,1,58
512,20,1,38
512,24,1,51
512,6,1,36
512,24,0,23
512,58,1,24
512,29,1,30
512,22,0,52
512,65,1,53
512,65,1,66
512,53,1,32
512,33,1,64
512,37,0,42
512,25,1,36
512,59,0,51
512,25,0,39
512,64,0,23
512,36,0,29
512,45,1,24
512,30,0,36
512,13,1,62
512,12,0,67
512,14,0,23
512,48,0,52
512,59,1,25
512,11,1,30
512,31,0,6
512,16,0,39
512,62,0,14
512,44,0,39
512,17,0,62
512,34,1,10
512,35,1,69
512,10,0,41
512,16,1,33
512,29,0,55
512,55,1,37
512,48,0,26
512,24,1,53
512,68,0,58
513,14,0,18
513,54,1,42
513,24,0,24
513,69,1,22
513,0,0,26
513,19,0,13
513,22,0,18
513,58,1,31
513,25,0,13
513,50,0,30
513,12,0,7
513,4,1,17
513,60,1,32
513,20,0,35
513,35,1,5
513,62,0,39
513,12,0,22
513,58,1,22
513,59,0,32
513,62,1,15
513,50,0,19
513,62,0,18
513,48,0,29
513,28,0,24
513,41,1,28
513,43,0,44
513,17,1,30
513,64,0,13
513,36,0,35
513,71,1,15
513,58,1,20
513,40,1,44
513,5,0,25
513,13,1,14
513,60,0,17
513,15,1,27
513,36,1,45
513,16,0,5
513,47,0,34
513,42,1,8
513,66,1,18
513,31,0,29
513,27,0,31
513,46,1,22
513,51,0,21
513,37,1,36
513,49,1,9
513,5,0,27
513,68,1,23
513,6,1,13
513,59,1,17
513,14,1,25
513,71,1,15
513,43,1,26
513,68,1,39
513,55,1,8
513,9,0,28
513,53,0,40
513,9,0,24
513,56,1,12
513,14,1,17
513,13,1,15
513,46,0,30
513,43,1,15
513,41,1,32
513,39,1,24
513,57,1,17
513,69,1,17
513,4,0,32
513,31,0,10
513,1,0,44
513,46,0,39
514,51,1,70
514,4,0,5
514,4,0,56
514,0,0,59
514,8,1,79
514,13,1,68
514,12,0,59
514,9,0,36
514,57,0,52
514,56,1,39
514,8,0,66
514,29,0,65
514,5,0,82
514,34,0,71
514,42,0,49
514,2,0,73
514,20,0,32
514,12,0,78
514,15,0,71
514,6,1,79
514,9,1,100
514,12,0,70
514,63,1,35
514,26,1,44
514,42,0,28
514,60,1,47
514,56,1,67
514,40,0,40
514,20,0,93
514,36,0,56
514,40,0,50
514,71,0,53
514,63,0,36
514,37,1,67
514,2,0,61
514,64,0,30
514,69,0,100
514,60,0,92
514,35,1,36
514,71,0,54
514,30,0,79
514,30,1,77
514,31,0,57
514,48,0,78
514,25,1,65
514,64,1,42
514,44,1,88
514,44,1,98
514,44,0,55
514,12,0,37
514,38,1,57
514,3,0,52
514,49,0,71
514,6,1,66
514,15,1,29
514,55,0,69
514,20,0,85
514,52,1,95
514,62,0,34
514,55,0,49
514,7,0,66
514,64,1,44
514,20,0,51
514,69,1,73
514,58,1,60
514,51,0,43
514,15,1,78
514,23,0,79
514,32,0,68
514,23,0,49
514,27,0,51
514,5,1,26
515,41,1,36
515,49,0,33
515,20,0,46
515,38,0,35
515,40,1,30
515,10,1,35
515,10,1,50
515,10,1,39
515,58,1,47
515,44,1,27
515,57,1,17
515,0,0,20
515,50,1,18
515,67,0,32
515,48,0,22
515,20,0,9
515,67,0,20
515,43,0,55
515,71,1,53
515,68,1,66
515,23,1,43
515,22,1,67
515,57,0,17
515,23,0,37
515,14,0,26
515,18,1,28
515,52,1,37
515,56,1,32
515,70,0,24
515,15,0,20
515,53,1,51
515,33,1,18
515,63,1,43
515,43,0,39
515,68,0,47
515,55,0,25
515,55,1,11
515,7,0,38
515,55,0,65
515,50,0,41
515,9,1,23
515,60,0,41
515,61,0,72
515,53,0,55
515,67,0,26
515,14,1,40
515,21,0,28
515,39,1,33
515,58,1,29
515,9,1,43
515,39,0,30
515,21,0,31
515,52,0,22
515,47,1,49
515,6,1,51
515,32,0,29
515,30,0,47
515,54,0,31
515,54,0,30
515,53,1,11
515,37,0,50
515,62,0,53
515,2,0,34
515,21,1,28
515,39,1,30
515,55,0,27
515,66,0,38
515,52,1,36
515,24,1,51
515,10,1,54
515,53,0,16
515,39,1,34
516,8,1,31
516,66,1,27
516,51,1,38
516,9,1,36
516,55,1,37
516,57,0,16
516,13,1,27
516,42,1,42
516,16,1,31
516,4,0,18
516,57,1,37
516,52,1,29
516,22,1,33
516,66,0,31
516,35,1,27
516,53,1,18
516,26,1,38
516,40,0,35
516,9,1,18
516,36,1,33
516,67,1,30
516,20,1,35
516,11,1,46
516,57,1,21
516,16,1,19
516,65,1,18
516,64,1,32
516,22,1,42
516,15,1,31
516,0,1,47
516,68,1,55
516,6,1,34
516,4,1,19
516,49,1,48
516,12,0,33
516,56,1,36
516,50,1,30
516,29,1,44
516,45,1,25
516,37,1,35
516,57,1,34
516,62,0,33
516,59,1,51
516,28,1,39
516,62,1,16
516,10,1,28
516,10,1,14
516,8,0,35
516,42,1,34
516,11,1,18
516,13,1,22
516,58,1,45
516,29,1,32
516,20,0,22
516,35,1,22
516,6,1,26
516,17,1,29
516,34,0,37
516,23,0,39
516,40,1,26
516,58,1,32
516,28,1,26
516,24,0,26
516,44,1,26
516,20,1,43
516,69,0,36
516,27,1,24
516,62,0,20
516,2,1,22
516,33,0,31
516,56,0,28
516,65,1,40
517,58,1,37
517,29,1,21
517,12,0,25
517,22,1,31
517,4,0,13
517,16,1,17
517,14,0,21
517,9,0,27
517,60,1,5
517,55,1,39
517,35,1,7
517,0,0,16
517,28,0,26
517,47,0,25
517,16,1,18
517,18,1,25
517,5,1,42
517,48,0,21
517,2,0,22
517,18,1,22
517,42,0,34
517,27,0,19
517,5,1,20
517,45,1,39
517,53,0,19
517,46,0,32
517,46,0,45
517,27,0,52
517,39,1,29
517,27,1,39
517,42,1,34
517,65,1,26
517,38,1,23
517,66,1,20
517,28,1,32
517,48,1,19
517,15,0,21
517,14,0,27
517,43,1,29
517,52,0,38
517,33,0,28
517,52,1,25
517,15,1,31
517,38,0,32
517,52,1,15
517,69,1,7
517,1,0,33
517,2,1,30
517,54,0,25
517,15,0,23
517,43,1,29
517,60,1,28
517,30,0,29
517,43,0,21
517,19,0,24
517,28,0,18
517,1,0,20
517,34,1,38
517,54,0,32
517,14,0,20
517,23,1,42
517,32,0,32
517,52,1,22
517,69,0,16
517,20,0,5
517,70,1,35
517,71,0,5
517,4,1,16
517,53,0,36
517,42,1,14
517,60,0,19
517,14,1,24
518,53,0,51
518,41,1,62
518,41,0,27
518,57,0,87
518,0,0,39
518,1,0,61
518,9,0,79
518,47,1,75
518,64,0,66
518,12,0,64
518,16,1,66
518,27,1,52
518,14,1,61
518,34,1,79
518,26,0,50
518,41,0,77
518,12,0,29
518,57,0,71
518,18,0,77
518,50,0,53
518,30,0,61
518,5,1,48
518,45,1,38
518,0,0,99
518,29,0,61
518,0,0,74
518,61,1,79
518,7,0,105
518,19,0,66
518,3,0,21
518,25,1,59
518,28,0,83
518,69,0,89
518,54,0,45
518,7,1,47
518,47,0,21
518,50,0,76
518,39,0,40
518,25,0,66
518,47,0,54
518,35,1,79
518,69,0,69
518,39,0,35
518,3,0,64
518,2,1,74
518,60,1,76
518,1,0,32
518,1,0,45
518,13,1,69
518,46,0,40
518,44,0,70
518,35,0,42
518,35,0,32
518,24,0,58
518,42,1,74
518,66,1,73
518,3,0,73
518,54,0,52
518,56,0,74
518,29,0,32
518,0,0,53
518,63,1,77
518,9,1,58
518,38,0,74
518,48,0,86
518,43,0,21
518,42,0,94
518,42,1,60
518,56,0,55
518,66,0,102
518,71,0,53
518,12,0,71
519,1,1,72
519,50,1,48
519,16,0,80
519,69,0,54
519,32,0,75
519,35,1,68
519,54,1,72
519,70,1,63
519,12,1,42
519,43,0,95
519,53,1,77
519,52,0,47
519,30,0,49
519,69,0,84
519,48,0,45
519,47,0,65
519,63,0,55
519,9,0,71
519,66,0,73
519,26,0,79
519,27,0,77
519,7,1,51
519,32,0,99
519,58,0,69
519,60,1,89
519,23,0,45
519,50,0,53
519,28,0,36
519,43,0,79
519,6,0,86
519,25,1,74
519,24,0,106
519,46,0,6
519,21,0,55
519,61,1,60
519,35,0,36
519,17,0,54
519,13,1,45
519,63,1,52
519,54,0,64
519,36,0,47
519,56,0,47
519,10,0,81
519,55,0,90
519,44,0,53
519,54,1,50
519,15,0,51
519,41,1,61
519,65,1,45
519,48,1,29
519,61,1,91
519,63,0,80
519,10,0,42
519,26,0,41
519,9,0,71
519,58,0,43
519,16,0,68
519,28,0,95
519,40,0,72
519,61,1,51
519,29,0,83
519,29,0,72
519,23,1,79
519,5,1,95
519,58,0,60
519,19,1,71
519,29,0,64
519,28,0,94
519,52,0,53
519,32,0,56
519,26,0,72
519,30,0,60
520,30,0,43
520,17,1,23
520,59,0,59
520,52,1,47
520,58,1,90
520,66,0,77
520,56,0,55
520,18,1,43
520,44,0,48
520,14,0,56
520,50,1,35
520,30,0,85
520,57,0,71
520,64,0,30
520,71,0,60
520,22,0,101
520,37,0,45
520,25,1,111
520,71,0,60
520,12,0,76
520,34,0,32
520,66,0,68
520,56,0,53
520,37,0,60
520,59,0,115
520,12,0,52
520,38,0,43
520,22,1,48
520,41,0,58
520,17,0,48
520,71,0,67
520,38,0,74
520,71,0,12
520,38,0,69
520,24,0,74
520,10,0,63
520,34,1,47
520,56,1,97
520,61,0,49
520,36,1,116
520,45,0,80
520,1,1,78
520,55,0,22
520,15,1,57
520,3,0,96
520,62,0,71
520,33,0,79
520,35,1,62
520,17,1,27
520,0,0,41
520,43,0,72
520,30,0,42
520,39,1,50
520,35,0,74
520,65,0,71
520,27,0,73
520,23,0,68
520,54,0,51
520,2,0,43
520,46,0,104
520,37,0,43
520,16,0,27
520,48,0,73
520,3,0,58
520,56,0,76
520,14,0,63
520,30,1,59
520,52,0,42
520,56,0,92
520,20,0,45
520,43,0,55
520,40,0,78
521,6,0,57
521,20,1,52
521,44,0,37
521,19,1,41
521,57,1,37
521,6,1,37
521,50,1,27
521,28,0,32
521,10,0,40
521,39,0,33
521,18,1,6
521,50,0,30
521,61,1,35
521,33,0,17
521,40,0,66
521,67,0,33
521,62,0,20
521,0,1,45
521,3,1,40
521,19,0,51
521,48,1,53
521,71,1,39
521,39,0,24
521,69,1,45
521,38,1,40
521,22,0,41
521,15,0,65
521,71,0,35
521,4,0,37
521,41,1,47
521,3,0,45
521,60,0,43
521,27,1,50
521,3,1,62
521,13,0,46
521,27,1,26
521,22,0,43
521,17,0,39
521,48,0,27
521,57,1,14
521,5,0,54
521,53,0,30
521,12,0,57
521,62,0,42
521,54,0,32
521,70,1,40
521,29,1,65
521,40,0,54
521,32,0,10
521,16,1,15
521,68,1,32
521,41,0,19
521,67,1,14
521,27,0,59
521,41,0,75
521,31,0,24
521,11,1,31
521,28,1,35
521,29,1,23
521,30,1,51
521,67,0,49
521,50,1,55
521,17,1,17
521,67,0,30
521,63,0,69
521,24,0,26
521,33,0,61
521,68,0,61
521,49,0,30
521,19,1,24
521,39,0,46
521,25,0,7
522,27,1,30
522,37,0,32
522,25,1,51
522,38,1,43
522,62,1,15
522,42,1,18
522,7,1,12
522,45,1,24
522,14,1,18
522,32,1,32
522,21,1,22
522,8,1,12
522,0,0,17
522,70,1,25
522,28,0,37
522,34,1,52
522,49,1,39
522,56,1,25
522,32,0,35
522,37,1,32
522,6,1,34
522,52,1,34
522,13,1,32
522,42,1,19
522,51,1,26
522,41,1,24
522,68,1,48
522,10,0,48
522,46,1,28
522,61,1,31
522,66,1,19
522,61,1,41
522,32,0,34
522,36,1,33
522,48,0,31
522,66,1,34
522,1,1,30
522,16,1,31
522,47,1,29
522,34,1,17
522,18,1,36
522,3,0,19
522,7,1,31
522,20,1,37
522,22,1,43
522,34,1,22
522,21,1,31
522,0,0,25
522,13,1,55
522,2,1,34
522,51,1,13
522,32,1,32
522,16,1,22
522,35,1,23
522,67,1,16
522,19,0,41
522,3,1,28
522,4,1,22
522,32,0,24
522,18,1,21
522,17,1,25
522,29,1,43
522,23,0,28
522,3,1,18
522,43,0,37
522,41,1,10
522,21,0,8
522,9,1,33
522,31,0,39
522,14,0,39
522,21,1,29
522,38,1,7
523,69,0,13
523,39,0,49
523,38,0,80
523,67,0,17
523,34,0,27
523,71,0,38
523,66,1,25
523,0,0,33
523,60,1,38
523,24,0,27
523,33,0,53
523,21,1,39
523,14,1,37
523,33,1,29
523,27,0,9
523,42,1,29
523,43,0,31
523,42,1,46
523,5,1,44
523,48,0,31
523,32,0,42
523,51,0,68
523,69,0,57
523,57,1,59
523,18,0,51
523,51,1,32
523,1,1,19
523,56,1,45
523,71,0,67
523,50,0,24
523,60,0,17
523,10,0,50
523,30,1,59
523,64,0,63
523,8,0,46
523,34,0,30
523,41,1,43
523,30,1,55
523,51,0,22
523,2,0,43
523,10,1,46
523,39,1,45
523,3,0,28
523,16,0,46
523,63,1,22
523,25,1,51
523,0,1,30
523,54,0,40
523,5,0,40
523,17,0,43
523,29,1,28
523,15,0,40
523,54,0,33
523,53,1,43
523,51,0,39
523,52,1,80
523,41,0,54
523,4,0,16
523,60,1,51
523,38,0,27
523,2,0,42
523,8,1,49
523,47,0,22
523,64,1,48
523,22,0,41
523,50,0,38
523,56,1,40
523,69,0,48
523,1,1,36
523,46,0,48
523,49,1,7
523,48,0,15
524,47,1,20
524,69,1,43
524,69,0,31
524,60,1,52
524,48,1,14
524,20,0,23
524,35,1,29
524,48,1,51
524,50,0,26
524,52,1,39
524,8,1,42
524,1,0,34
524,29,1,27
524,31,1,16
524,33,1,46
524,5,1,30
524,25,1,24
524,49,1,45
524,23,1,20
524,44,1,21
524,45,1,33
524,68,1,34
524,25,1,26
524,66,1,31
524,54,1,42
524,49,1,28
524,5,1,23
524,16,1,35
524,24,0,40
524,44,1,27
524,51,1,36
524,63,1,21
524,31,1,38
524,22,0,24
524,11,1,28
524,64,0,33
524,43,1,30
524,56,1,37
524,4,0,15
524,6,1,39
524,65,1,29
524,34,1,20
524,37,1,24
524,0,1,39
524,40,1,32
524,6,1,31
524,2,1,20
524,40,1,26
524,18,1,20
524,47,1,48
524,12,0,36
524,10,1,40
524,70,1,25
524,22,1,38
524,56,1,32
524,47,1,32
524,38,1,40
524,8,0,37
524,58,1,52
524,21,1,21
524,57,1,39
524,54,0,16
524,17,1,31
524,25,1,24
524,22,1,31
524,42,1,41
524,61,1,39
524,60,1,33
524,46,0,50
524,11,1,27
524,53,1,15
524,64,1,14
525,24,1,30
525,69,0,45
525,53,0,69
525,17,0,74
525,34,0,65
525,57,0,64
525,24,0,46
525,35,0,75
525,63,0,41
525,32,0,54
525,49,0,57
525,32,0,66
525,30,1,28
525,26,1,51
525,48,1,19
525,16,1,67
525,61,0,74
525,9,1,69
525,8,0,37
525,38,0,74
525,32,0,36
525,57,1,61
525,61,1,57
525,17,1,20
525,25,0,55
525,70,0,45
525,63,0,78
525,63,0,49
525,40,0,53
525,15,0,49
525,12,0,47
525,70,1,69
525,0,1,70
525,39,0,48
525,44,1,85
525,51,0,51
525,34,0,61
525,19,1,56
525,35,0,69
525,5,1,81
525,43,0,44
525,13,0,60
525,2,0,97
525,17,0,71
525,29,1,56
525,57,0,58
525,27,0,40
525,45,1,41
525,58,1,38
525,26,0,60
525,11,0,24
525,32,0,38
525,10,0,61
525,67,0,54
525,22,0,49
525,10,0,42
525,62,0,55
525,21,0,75
525,14,0,52
525,20,0,50
525,57,0,79
525,50,1,69
525,24,0,40
525,13,0,54
525,30,0,74
525,20,0,45
525,31,0,43
525,13,1,71
525,3,0,76
525,5,0,40
525,53,1,36
525,68,0,66
526,69,0,52
526,34,0,51
526,44,0,43
526,19,0,45
526,41,0,39
526,59,1,58
526,68,0,22
526,66,0,36
526,24,0,45
526,2,0,30
526,25,0,35
526,61,0,54
526,40,0,35
526,6,1,52
526,44,0,27
526,41,1,59
526,18,0,26
526,37,0,47
526,50,0,41
526,52,1,24
526,50,1,37
526,56,0,45
526,52,1,55
526,1,1,31
526,43,0,36
526,30,1,45
526,51,0,21
526,55,0,31
526,49,1,39
526,27,0,24
526,48,1,20
526,0,1,20
526,16,0,43
526,52,0,53
526,35,1,54
526,5,0,37
526,59,1,38
526,60,1,55
526,50,0,30
526,26,1,61
526,9,0,43
526,19,0,60
526,19,0,34
526,4,0,53
526,16,1,34
526,70,1,48
526,62,0,27
526,68,1,25
526,40,1,38
526,18,0,8
526,68,1,57
526,68,1,39
526,42,0,66
526,6,0,5
526,5,0,35
526,20,1,53
526,58,0,49
526,55,1,42
526,27,0,39
526,18,0,43
526,32,1,26
526,41,1,50
526,35,1,56
526,29,0,63
526,29,0,47
526,39,1,32
526,50,0,42
526,25,0,78
526,55,0,39
526,52,1,51
526,12,0,26
526,4,0,45
527,55,1,25
527,9,1,34
527,15,1,31
527,54,1,35
527,50,0,28
527,18,1,23
527,35,1,24
527,66,1,25
527,2,0,43
527,42,1,41
527,30,1,30
527,17,1,34
527,67,1,49
527,60,1,40
527,34,1,25
527,46,1,30
527,56,1,38
527,71,1,42
527,26,1,34
527,2,1,25
527,7,1,37
527,32,0,18
527,54,0,14
527,5,1,47
527,43,0,33
527,32,1,21
527,42,1,17
527,22,1,20
527,9,1,23
527,48,1,44
527,65,1,29
527,29,1,36
527,40,1,13
527,50,1,39
527,10,0,31
527,53,0,42
527,50,1,35
527,25,1,43
527,64,1,27
527,43,0,41
527,38,1,30
527,29,1,43
527,40,0,25
527,28,1,25
527,19,1,29
527,2,1,29
527,5,1,23
527,33,1,18
527,58,1,35
527,47,1,27
527,2,1,21
527,13,1,34
527,25,1,25
527,56,1,35
527,43,0,29
527,46,0,32
527,62,1,36
527,32,0,42
527,42,1,42
527,14,0,38
527,36,1,16
527,59,1,5
527,1,1,36
527,11,1,45
527,28,1,16
527,15,1,25
527,11,1,32
527,2,1,32
527,39,1,38
527,28,1,21
527,12,1,15
527,27,1,39
528,20,0,38
528,56,1,22
528,24,0,32
528,15,0,39
528,31,0,50
528,48,1,49
528,14,0,20
528,16,0,33
528,22,0,73
528,1,1,54
528,18,1,39
528,61,1,48
528,17,1,52
528,35,1,50
528,60,1,5
528,35,0,20
528,51,0,49
528,71,0,59
528,51,1,36
528,48,0,29
528,6,1,42
528,31,1,57
528,46,0,53
528,28,0,28
528,41,1,30
528,15,1,40
528,11,0,52
528,58,1,69
528,38,0,37
528,38,1,43
528,9,1,24
528,15,0,8
528,2,0,36
528,35,1,55
528,3,1,50
528,39,0,45
528,31,0,45
528,29,1,46
528,66,0,41
528,5,1,56
528,52,0,59
528,9,0,32
528,35,1,49
528,42,1,51
528,9,1,16
528,61,1,22
528,14,0,59
528,39,1,56
528,49,1,63
528,53,0,33
528,41,0,52
528,18,0,51
528,66,1,50
528,36,1,47
528,71,0,52
528,6,1,43
528,46,0,48
528,64,0,49
528,13,1,23
528,37,0,63
528,26,1,39
528,41,1,49
528,33,1,24
528,2,0,41
528,65,1,55
528,44,0,37
528,52,1,40
528,63,1,57
528,29,0,46
528,20,0,55
528,65,1,46
528,61,1,10
529,15,1,29
529,62,0,31
529,45,1,31
529,28,1,45
529,46,1,34
529,70,0,35
529,15,1,15
529,58,1,40
529,65,1,25
529,47,0,5
529,55,1,54
529,12,1,26
529,50,1,18
529,9,1,28
529,29,0,26
529,0,0,37
529,12,1,35
529,59,1,35
529,51,0,18
529,6,1,33
529,46,1,44
529,18,0,26
529,5,1,21
529,62,1,33
529,69,1,32
529,38,1,27
529,19,1,28
529,4,0,7
529,70,1,40
529,12,1,47
529,54,1,18
529,71,0,14
529,71,1,32
529,51,1,18
529,60,1,35
529,5,1,6
529,68,0,27
529,69,1,32
529,29,1,14
529,66,0,35
529,17,1,10
529,26,0,26
529,61,1,40
529,26,1,30
529,53,0,15
529,50,0,31
529,45,0,21
529,28,1,18
529,59,1,35
529,8,1,23
529,0,1,35
529,46,0,31
529,68,1,33
529,46,0,31
529,40,1,36
529,23,0,34
529,71,0,28
529,30,1,36
529,15,1,44
529,50,1,33
529,40,1,31
529,61,1,27
529,37,1,23
529,62,1,13
529,62,0,28
529,56,0,32
529,28,1,30
529,52,1,46
529,38,1,44
529,21,0,26
529,24,1,18
529,2,1,34
530,33,0,59
530,18,0,49
530,5,0,66
530,59,1,25
530,9,0,33
530,25,0,37
530,18,0,17
530,59,0,55
530,0,0,11
530,33,0,59
530,15,0,60
530,28,1,14
530,20,0,48
530,8,1,47
530,30,1,46
530,67,1,22
530,51,0,51
530,67,0,22
530,0,0,20
530,12,1,43
530,49,1,33
530,17,1,31
530,2,1,31
530,45,0,40
530,11,0,36
530,45,1,45
530,37,0,32
530,24,0,50
530,55,0,41
530,46,0,44
530,35,1,31
530,2,1,41
530,68,0,61
530,64,0,64
530,17,0,10
530,36,1,64
530,44,0,68
530,37,0,49
530,27,0,24
530,43,1,42
530,38,1,44
530,15,0,28
530,65,1,42
530,54,1,31
530,19,0,52
530,64,0,21
530,34,0,36
530,31,0,32
530,15,0,52
530,14,1,43
530,48,0,48
530,45,0,48
530,14,0,54
530,22,1,30
530,26,0,44
530,68,0,47
530,3,0,55
530,48,0,36
530,70,1,34
530,24,0,54
530,32,0,12
530,40,0,33
530,56,0,40
530,33,0,26
530,13,0,50
530,20,0,63
530,38,0,40
530,70,0,32
530,15,0,39
530,5,0,24
530,63,0,45
530,9,0,38
531,27,0,38
531,43,0,51
531,48,0,30
531,17,1,50
531,60,1,41
531,44,1,5
531,2,0,37
531,67,0,33
531,53,1,35
531,38,1,35
531,15,1,42
531,7,0,43
531,19,0,39
531,26,1,37
531,10,1,51
531,25,1,64
531,49,1,68
531,6,0,55
531,62,0,47
531,55,0,49
531,32,0,52
531,36,1,75
531,12,0,44
531,10,1,36
531,44,1,45
531,14,0,35
531,63,1,32
531,59,1,46
531,9,0,56
531,15,0,77
531,63,1,52
531,23,0,40
531,50,0,48
531,32,0,35
531,15,0,55
531,44,0,23
531,49,1,36
531,34,0,72
531,9,1,34
531,21,1,65
531,60,0,46
531,39,0,31
531,15,1,24
531,33,0,18
531,0,1,45
531,65,1,22
531,22,0,48
531,28,1,46
531,53,1,43
531,63,0,33
531,56,1,34
531,19,0,49
531,44,0,45
531,16,1,73
531,10,1,46
531,7,1,25
531,59,0,48
531,2,1,53
531,47,1,22
531,14,0,56
531,20,1,44
531,54,0,37
531,51,0,41
531,37,0,40
531,60,1,71
531,5,0,49
531,17,1,27
531,2,0,54
531,51,1,55
531,47,1,66
531,35,1,39
531,50,0,35
532,64,1,45
532,9,0,31
532,18,0,20
532,56,0,44
532,8,0,72
532,69,1,37
532,22,1,31
532,33,1,39
532,64,0,13
532,38,1,8
532,33,0,51
532,67,0,10
532,44,0,68
532,10,0,11
532,34,1,31
532,7,0,38
532,37,0,90
532,66,1,44
532,30,1,36
532,18,0,20
532,19,1,30
532,68,0,16
532,16,0,54
532,8,0,32
532,10,0,48
532,18,1,19
532,13,1,36
532,54,1,43
532,50,0,22
532,6,1,36
532,46,1,43
532,9,1,53
532,55,0,25
532,5,1,48
532,21,0,41
532,61,1,25
532,15,0,23
532,53,0,45
532,33,0,35
532,23,0,27
532,51,0,57
532,30,1,38
532,67,0,39
532,63,0,35
532,40,1,49
532,48,0,32
532,55,1,30
532,4,0,20
532,45,0,44
532,18,0,41
532,10,1,28
532,3,0,24
532,21,0,32
532,35,1,33
532,63,1,27
532,16,1,60
532,37,1,26
532,59,1,18
532,65,0,26
532,63,0,49
532,46,1,42
532,54,1,62
532,65,0,44
532,56,0,46
532,41,1,19
532,71,0,50
532,6,1,14
532,63,0,36
532,29,1,40
532,27,1,55
532,58,1,25
532,61,1,39
533,45,0,55
533,50,1,29
533,37,1,52
533,11,1,25
533,0,1,52
533,38,1,40
533,70,1,54
533,59,1,25
533,7,1,40
533,52,1,56
533,71,0,45
533,36,1,42
533,20,1,61
533,0,0,33
533,62,0,49
533,19,1,56
533,22,1,37
533,37,0,61
533,16,1,69
533,55,1,57
533,58,1,59
533,32,0,59
533,4,0,53
533,43,0,42
533,29,1,35
533,10,0,50
533,56,1,36
533,4,1,44
533,49,1,34
533,57,0,50
533,71,0,19
533,33,1,54
533,2,0,12
533,61,0,47
533,50,0,30
533,10,0,54
533,16,1,65
533,37,1,41
533,60,0,22
533,53,1,40
533,1,0,17
533,6,1,50
533,66,0,62
533,61,1,60
533,49,1,44
533,29,1,50
533,23,0,73
533,2,1,31
533,63,1,31
533,49,1,53
533,29,1,48
533,42,1,49
533,71,0,44
533,35,0,59
533,62,0,34
533,47,0,24
533,31,1,39
533,57,0,23
533,59,1,41
533,67,0,36
533,45,0,57
533,70,0,41
533,3,1,46
533,64,1,59
533,23,1,71
533,62,0,35
533,48,0,51
533,29,0,24
533,64,0,49
533,5,0,47
533,9,0,41
533,17,1,44
534,49,1,28
534,3,1,44
534,39,1,30
534,66,0,27
534,20,0,21
534,36,1,19
534,60,0,32
534,65,1,33
534,62,1,14
534,56,1,22
534,58,1,24
534,7,1,11
534,2,1,30
534,28,0,26
534,69,0,30
534,1,1,21
534,65,0,5
534,64,1,21
534,39,0,45
534,35,1,29
534,9,0,11
534,28,1,31
534,40,1,15
534,42,1,30
534,42,1,30
534,17,1,5
534,66,0,31
534,2,0,35
534,58,1,37
534,8,1,22
534,35,1,31
534,14,0,23
534,26,1,5
534,35,1,24
534,39,0,14
534,41,1,17
534,26,1,5
534,28,1,34
534,17,1,18
534,57,0,28
534,53,0,25
534,16,1,42
534,0,1,19
534,30,1,16
534,45,1,16
534,65,1,21
534,52,1,9
534,65,1,26
534,55,1,12
534,53,1,25
534,16,0,35
534,62,0,39
534,59,0,22
534,36,1,24
534,42,1,13
534,14,1,24
534,9,1,30
534,23,0,31
534,7,0,28
534,65,1,35
534,53,0,16
534,38,1,5
534,47,0,27
534,12,1,26
534,6,1,38
534,67,1,31
534,24,0,35
534,17,0,27
534,0,1,8
534,27,1,31
534,19,1,29
534,66,1,34
535,63,1,43
535,41,0,66
535,31,1,44
535,49,0,54
535,46,0,57
535,22,0,31
535,6,0,35
535,43,0,52
535,12,1,35
535,3,1,48
535,17,1,51
535,16,1,36
535,28,1,41
535,33,1,49
535,8,1,50
535,62,1,48
535,60,0,35
535,6,0,41
535,25,1,47
535,37,1,65
535,26,0,45
535,3,0,44
535,71,0,49
535,20,1,31
535,35,0,39
535,9,1,52
535,44,1,34
535,16,1,30
535,49,1,12
535,35,1,55
535,68,1,17
535,54,0,33
535,3,1,52
535,71,1,52
535,2,1,32
535,30,0,47
535,19,1,40
535,14,0,28
535,61,1,51
535,35,0,62
535,13,0,41
535,11,1,59
535,22,1,32
535,59,1,49
535,16,0,40
535,3,0,62
535,17,1,37
535,54,1,43
535,31,0,32
535,66,1,32
535,69,1,55
535,0,0,56
535,35,1,50
535,31,0,30
535,26,0,49
535,0,1,55
535,22,1,37
535,42,1,56
535,52,1,47
535,62,1,12
535,22,0,51
535,69,0,45
535,61,1,67
535,36,1,46
535,9,1,43
535,33,1,46
535,69,0,63
535,49,1,21
535,11,0,36
535,60,1,44
535,28,1,58
535,64,1,27
536,27,0,82
536,51,0,60
536,47,0,81
536,67,0,68
536,37,0,63
536,50,0,75
536,1,0,63
536,13,0,74
536,0,0,46
536,14,0,73
536,50,0,80
536,2,1,32
536,41,0,43
536,7,1,51
536,56,0,46
536,1,1,41
536,31,0,66
536,13,1,55
536,6,0,64
536,52,1,60
536,36,0,57
536,2,0,35
536,1,0,69
536,51,0,17
536,7,1,71
536,23,0,74
536,47,0,64
536,54,0,77
536,44,1,71
536,53,0,67
536,10,0,68
536,56,0,57
536,51,1,69
536,31,1,52
536,27,1,61
536,20,1,20
536,65,0,82
536,55,0,22
536,11,0,52
536,0,0,32
536,71,0,72
536,45,0,62
536,56,1,54
536,44,0,73
536,0,0,57
536,13,0,62
536,9,0,58
536,30,1,54
536,1,0,90
536,39,0,103
536,42,0,42
536,2,1,59
536,35,1,64
536,58,0,83
536,55,0,47
536,61,1,51
536,64,1,70
536,14,0,61
536,49,0,70
536,0,0,21
536,59,0,53
536,32,0,42
536,1,0,80
536,64,0,59
536,15,0,67
536,54,0,84
536,18,0,32
536,34,0,101
536,48,0,45
536,13,0,64
536,20,0,47
536,29,0,45
537,23,1,24
537,58,1,34
537,47,0,29
537,58,1,33
537,65,1,21
537,30,1,25
537,23,0,23
537,19,0,40
537,58,1,26
537,37,1,19
537,71,0,18
537,61,1,31
537,56,1,27
537,58,1,14
537,66,1,17
537,63,0,10
537,23,0,45
537,10,1,12
537,32,1,27
537,61,1,18
537,53,1,26
537,15,1,13
537,32,1,22
537,53,0,5
537,57,0,25
537,59,1,18
537,29,1,21
537,17,1,32
537,70,1,12
537,63,1,27
537,25,1,26
537,61,1,25
537,68,0,28
537,13,1,10
537,17,1,31
537,14,1,24
537,12,0,29
537,71,1,31
537,3,1,9
537,14,1,21
537,23,0,23
537,50,1,16
537,62,1,5
537,24,1,6
537,55,1,13
537,18,0,25
537,67,0,27
537,64,0,29
537,40,1,25
537,55,1,25
537,47,1,24
537,48,0,47
537,30,0,29
537,23,0,12
537,6,1,33
537,45,0,23
537,6,1,39
537,4,0,17
537,56,1,41
537,15,1,22
537,64,1,29
537,34,1,17
537,68,1,16
537,2,1,24
537,59,0,19
537,57,1,8
537,11,0,34
537,2,0,26
537,64,0,18
537,41,1,25
537,38,1,27
537,10,1,42
538,37,0,38
538,25,1,37
538,68,1,28
538,9,1,25
538,37,0,45
538,28,1,35
538,55,1,33
538,60,1,18
538,0,0,40
538,28,1,27
538,36,1,33
538,48,1,23
538,10,1,17
538,68,0,16
538,63,0,36
538,22,1,37
538,2,1,22
538,28,0,35
538,39,0,39
538,68,1,28
538,13,1,55
538,32,0,36
538,64,0,33
538,63,0,29
538,10,0,10
538,2,1,34
538,17,1,27
538,59,1,16
538,53,0,49
538,15,0,27
538,18,0,42
538,26,1,31
538,71,1,27
538,16,1,42
538,29,1,34
538,21,1,10
538,16,0,10
538,2,1,35
538,19,0,30
538,57,0,35
538,23,0,27
538,11,0,29
538,65,0,25
538,32,0,31
538,31,1,21
538,7,0,28
538,8,0,48
538,25,1,33
538,45,0,30
538,39,1,40
538,63,1,24
538,55,1,31
538,15,1,18
538,1,0,35
538,58,1,32
538,62,0,14
538,20,0,36
538,19,1,37
538,53,1,17
538,31,1,7
538,34,1,18
538,29,1,22
538,17,1,30
538,46,0,16
538,19,1,28
538,37,1,23
538,63,1,35
538,55,1,31
538,31,1,29
538,26,1,17
538,23,1,28
538,57,1,31
539,24,0,35
539,2,1,21
539,8,1,18
539,46,1,26
539,61,1,8
539,71,1,26
539,9,0,36
539,34,1,35
539,57,1,49
539,32,1,33
539,4,1,22
539,43,1,26
539,3,0,31
539,14,0,28
539,30,1,29
539,45,1,55
539,46,1,21
539,51,0,25
539,2,1,30
539,14,1,15
539,64,1,28
539,18,1,40
539,28,1,26
539,63,0,29
539,8,0,39
539,20,1,26
539,29,1,32
539,62,0,25
539,68,1,28
539,12,1,12
539,7,1,45
539,34,1,11
539,35,1,28
539,48,0,21
539,10,0,36
539,64,1,23
539,69,0,14
539,24,0,10
539,13,1,15
539,46,1,41
539,42,1,20
539,21,1,34
539,13,1,35
539,7,1,34
539,68,1,31
539,19,1,32
539,11,1,31
539,19,1,40
539,4,0,11
539,7,1,41
539,41,1,34
539,62,1,29
539,4,0,32
539,57,1,41
539,70,1,8
539,65,1,40
539,49,1,31
539,58,1,36
539,20,0,50
539,25,1,24
539,51,1,11
539,32,0,30
539,30,1,41
539,21,1,21
539,44,1,19
539,28,1,30
539,67,1,16
539,30,1,35
539,33,1,28
539,41,1,18
539,58,1,29
539,20,0,28
540,70,1,17
540,1,1,21
540,24,0,32
540,16,0,24
540,22,1,39
540,38,1,20
540,67,0,39
540,30,1,13
540,65,0,30
540,2,1,19
540,39,0,37
540,51,0,34
540,61,1,31
540,45,0,54
540,60,0,36
540,25,1,33
540,22,0,29
540,67,0,34
540,41,1,33
540,2,1,30
540,37,0,30
540,32,0,27
540,8,0,16
540,26,1,26
540,62,0,29
540,4,1,18
540,71,0,47
540,50,0,5
540,51,1,30
540,55,0,48
540,10,1,39
540,43,0,32
540,16,1,34
540,16,0,24
540,66,0,31
540,48,1,32
540,68,1,29
540,56,1,39
540,40,0,25
540,48,0,20
540,5,1,45
540,45,0,29
540,55,1,36
540,19,0,18
540,40,0,41
540,17,1,9
540,29,0,28
540,54,1,25
540,8,0,25
540,6,1,18
540,63,1,37
540,62,0,6
540,30,1,41
540,54,1,38
540,71,1,38
540,71,0,29
540,21,1,35
540,60,1,42
540,55,1,7
540,10,1,39
540,17,1,33
540,34,1,36
540,38,1,22
540,3,1,47
540,12,0,40
540,43,0,12
540,1,0,30
540,13,1,22
540,20,0,22
540,61,1,37
540,24,0,37
540,44,1,29
541,19,0,24
541,6,0,33
541,4,0,21
541,63,1,11
541,28,0,40
541,5,1,11
541,20,0,26
541,39,0,22
541,51,1,18
541,40,0,19
541,22,1,26
541,48,1,16
541,28,1,16
541,53,1,20
541,44,1,32
541,47,0,18
541,50,1,22
541,40,0,26
541,20,1,37
541,22,1,13
541,53,0,19
541,6,1,37
541,48,0,27
541,64,1,28
541,57,1,50
541,38,1,15
541,8,0,20
541,60,1,18
541,68,0,30
541,8,1,29
541,34,1,25
541,48,0,22
541,64,1,42
541,20,1,14
541,38,1,24
541,68,1,27
541,49,0,32
541,69,0,24
541,34,1,33
541,68,0,17
541,11,1,35
541,2,1,28
541,53,0,25
541,55,0,5
541,9,0,36
541,59,1,16
541,64,0,19
541,4,1,12
541,45,0,19
541,68,0,34
541,28,1,13
541,14,1,16
541,68,1,31
541,61,1,10
541,47,0,29
541,14,1,22
541,19,1,21
541,14,1,28
541,42,1,29
541,34,0,21
541,3,1,12
541,4,0,25
541,70,1,33
541,9,0,16
541,40,1,27
541,29,1,15
541,22,1,30
541,54,0,43
541,61,1,18
541,58,0,27
541,1,1,29
541,42,1,38
542,35,0,26
542,5,1,47
542,20,0,36
542,0,1,63
542,71,1,22
542,32,1,63
542,55,1,57
542,43,0,13
542,27,1,69
542,1,1,41
542,65,1,49
542,35,1,44
542,45,1,55
542,23,1,18
542,2,1,39
542,25,1,56
542,58,1,50
542,46,1,28
542,0,1,20
542,58,0,49
542,66,0,34
542,27,1,38
542,66,1,54
542,5,1,24
542,46,0,41
542,36,1,5
542,25,1,46
542,54,1,51
542,27,1,45
542,25,1,39
542,50,1,53
542,46,1,37
542,4,0,34
542,18,0,42
542,22,1,44
542,13,1,43
542,25,1,53
542,37,0,45
542,66,0,49
542,21,1,49
542,7,0,36
542,15,1,24
542,28,0,29
542,68,1,35
542,32,1,39
542,46,1,39
542,69,1,42
542,46,1,32
542,50,1,45
542,48,0,50
542,40,1,25
542,8,1,56
542,41,1,28
542,23,0,69
542,35,0,61
542,18,0,40
542,44,1,11
542,30,1,45
542,47,1,36
542,1,1,49
542,38,1,69
542,13,0,51
542,9,1,44
542,57,1,51
542,61,1,62
542,67,1,5
542,28,1,59
542,4,1,11
542,71,0,19
542,13,0,31
542,46,1,32
542,8,1,47
543,24,0,51
543,69,0,25
543,12,0,36
543,41,0,45
543,3,0,33
543,6,1,40
543,50,1,38
543,30,1,48
543,10,1,15
543,19,0,84
543,63,1,61
543,34,0,40
543,22,1,73
543,36,1,54
543,51,1,33
543,55,1,50
543,65,1,70
543,19,0,48
543,60,1,26
543,5,1,38
543,27,0,37
543,21,0,67
543,24,0,19
543,45,1,75
543,67,1,66
543,40,0,18
543,17,0,54
543,19,0,22
543,22,0,49
543,71,0,48
543,7,0,44
543,20,0,76
543,59,1,82
543,62,1,34
543,56,1,27
543,32,0,35
543,16,1,49
543,23,0,44
543,22,1,33
543,18,1,32
543,21,0,57
543,54,0,64
543,9,1,30
543,49,1,29
543,33,0,9
543,1,0,20
543,12,0,50
543,10,0,38
543,5,1,50
543,30,1,31
543,30,1,33
543,18,0,30
543,55,1,33
543,28,1,28
543,55,0,20
543,35,1,55
543,61,1,48
543,3,1,49
543,52,1,43
543,32,1,59
543,5,0,59
543,34,1,36
543,41,1,44
543,70,1,34
543,26,0,51
543,28,1,60
543,26,0,35
543,39,0,73
543,9,0,54
543,13,1,57
543,58,1,65
543,70,1,50
544,63,1,55
544,9,0,61
544,50,1,44
544,50,0,64
544,37,1,41
544,67,0,48
544,65,1,25
544,41,1,38
544,19,0,36
544,57,1,14
544,16,1,56
544,57,1,64
544,6,1,38
544,62,0,67
544,25,1,51
544,9,0,39
544,9,0,28
544,26,0,72
544,14,1,45
544,70,0,39
544,69,1,37
544,12,1,41
544,31,0,71
544,46,0,27
544,66,1,69
544,13,1,43
544,11,1,41
544,69,0,31
544,41,1,39
544,29,1,54
544,40,1,70
544,8,1,48
544,53,0,44
544,45,1,47
544,18,0,31
544,18,1,46
544,43,0,16
544,45,0,69
544,27,1,44
544,38,0,38
544,13,1,55
544,71,0,15
544,30,1,60
544,15,1,65
544,64,1,30
544,6,1,37
544,61,1,44
544,37,0,48
544,14,1,34
544,49,1,47
544,34,1,32
544,4,0,21
544,6,1,41
544,5,1,25
544,15,1,56
544,47,1,53
544,60,0,35
544,63,0,62
544,65,1,44
544,1,1,26
544,23,0,50
544,34,0,51
544,15,0,53
544,4,1,60
544,24,0,54
544,71,0,52
544,47,0,50
544,33,1,63
544,36,1,36
544,31,0,26
544,53,1,42
544,66,0,54
545,10,1,29
545,61,1,21
545,2,1,23
545,21,1,26
545,42,0,18
545,54,1,30
545,16,1,37
545,39,1,29
545,18,1,41
545,49,1,34
545,39,1,23
545,28,1,50
545,30,1,42
545,37,1,36
545,35,1,42
545,11,1,36
545,38,1,27
545,36,1,26
545,60,1,43
545,60,1,29
545,6,1,36
545,67,0,32
545,7,1,19
545,23,0,18
545,48,1,29
545,6,1,32
545,55,1,31
545,12,1,29
545,56,1,21
545,23,1,47
545,60,0,28
545,44,1,18
545,1,1,43
545,51,0,19
545,24,1,48
545,53,1,23
545,4,0,36
545,54,1,44
545,43,0,39
545,53,0,37
545,66,1,26
545,13,1,19
545,19,1,49
545,25,1,24
545,48,1,27
545,21,1,34
545,0,0,12
545,37,1,32
545,4,1,37
545,69,0,26
545,31,1,29
545,6,1,32
545,11,1,32
545,53,1,40
545,65,1,29
545,67,1,35
545,0,0,24
545,51,0,5
545,35,1,5
545,27,1,36
545,20,1,41
545,4,1,5
545,53,1,12
545,28,1,35
545,6,0,29
545,0,1,31
545,29,1,37
545,18,1,36
545,9,0,20
545,30,1,27
545,13,1,37
545,6,1,32
546,30,0,32
546,30,1,10
546,37,1,12
546,59,0,23
546,68,0,19
546,33,1,24
546,68,1,14
546,51,1,16
546,57,0,29
546,6,1,42
546,37,0,16
546,25,1,27
546,5,1,11
546,30,1,41
546,36,1,11
546,56,0,24
546,0,0,35
546,46,1,34
546,3,1,16
546,46,1,29
546,65,1,26
546,70,1,5
546,70,1,37
546,31,1,40
546,24,1,22
546,38,1,34
546,23,1,30
546,12,1,34
546,10,1,24
546,37,0,36
546,30,1,23
546,42,1,14
546,23,0,26
546,33,0,21
546,6,1,7
546,40,0,39
546,29,0,19
546,44,0,21
546,28,1,30
546,67,1,17
546,52,1,8
546,66,0,16
546,4,0,34
546,33,0,12
546,0,0,32
546,0,1,18
546,37,0,36
546,52,1,22
546,64,1,35
546,64,0,35
546,30,1,31
546,8,0,21
546,49,1,22
546,46,1,19
546,1,1,22
546,31,0,51
546,19,0,34
546,59,0,20
546,37,0,21
546,31,0,36
546,34,1,27
546,17,0,13
546,34,0,11
546,14,1,30
546,65,1,31
546,6,1,23
546,59,1,25
546,49,1,23
546,24,0,13
546,65,1,21
546,39,0,24
546,12,0,29
547,48,1,47
547,61,1,28
547,48,0,27
547,7,1,36
547,60,1,64
547,57,0,73
547,9,0,74
547,32,1,34
547,5,1,36
547,61,1,35
547,18,0,57
547,44,0,59
547,38,1,40
547,62,0,50
547,37,0,56
547,45,0,61
547,61,1,40
547,7,1,10
547,37,1,47
547,59,1,66
547,39,1,64
547,39,1,59
547,45,0,59
547,15,1,57
547,70,0,40
547,18,0,64
547,5,1,52
547,22,1,42
547,67,0,49
547,19,0,53
547,52,1,38
547,28,1,30
547,33,0,52
547,8,1,31
547,59,1,55
547,29,1,50
547,65,0,32
547,42,0,24
547,58,1,64
547,43,0,25
547,3,1,51
547,58,1,70
547,12,0,42
547,27,1,41
547,55,0,55
547,30,1,46
547,23,1,50
547,23,1,59
547,5,1,47
547,41,1,50
547,52,1,60
547,38,0,49
547,30,1,50
547,25,1,37
547,12,1,42
547,31,1,31
547,17,1,41
547,55,1,29
547,0,1,24
547,13,1,61
547,50,1,40
547,71,0,27
547,47,1,58
547,51,0,27
547,28,1,42
547,31,0,44
547,21,1,53
547,31,0,52
547,16,1,54
547,38,1,19
547,1,1,25
547,64,0,81
548,70,0,28
548,57,0,41
548,0,0,22
548,32,0,23
548,34,1,19
548,24,1,21
548,59,0,35
548,30,0,17
548,40,1,31
548,5,1,20
548,19,1,30
548,32,1,17
548,57,1,9
548,14,1,40
548,54,0,5
548,54,0,25
548,11,1,20
548,22,1,27
548,17,0,35
548,50,1,31
548,20,1,22
548,42,0,21
548,67,0,28
548,62,0,24
548,33,1,24
548,40,0,28
548,68,1,39
548,42,0,37
548,11,0,38
548,35,0,15
548,31,0,31
548,49,1,21
548,56,1,5
548,71,0,26
548,19,1,16
548,27,0,36
548,42,1,17
548,6,1,37
548,21,0,29
548,39,0,19
548,54,1,18
548,42,1,26
548,51,0,27
548,34,1,26
548,62,1,30
548,8,0,22
548,28,1,37
548,22,1,29
548,8,0,20
548,64,0,30
548,2,1,26
548,40,0,21
548,40,0,15
548,2,1,7
548,67,0,5
548,50,0,22
548,28,1,33
548,66,1,23
548,59,1,37
548,53,1,42
548,65,1,22
548,61,1,26
548,56,1,17
548,52,1,23
548,61,1,21
548,57,0,22
548,31,0,23
548,0,1,31
548,39,1,16
548,15,1,17
548,42,1,41
548,8,1,50
549,49,1,40
549,34,0,69
549,48,0,45
549,32,0,91
549,60,1,70
549,7,0,79
549,62,0,75
549,62,0,93
549,48,0,28
549,18,0,76
549,25,1,57
549,6,0,68
549,33,0,79
549,68,1,36
549,57,0,42
549,2,0,82
549,21,0,58
549,3,1,42
549,48,0,85
549,26,0,41
549,38,0,54
549,45,0,39
549,63,0,100
549,27,1,70
549,48,0,39
549,35,1,40
549,65,1,76
549,26,1,52
549,29,1,57
549,11,0,34
549,48,0,44
549,57,1,56
549,25,1,60
549,16,0,65
549,53,0,47
549,33,0,28
549,61,0,47
549,40,0,43
549,46,0,48
549,36,0,38
549,38,1,47
549,54,0,49
549,63,1,37
549,31,0,82
549,39,0,66
549,57,0,47
549,35,1,81
549,60,1,57
549,25,0,53
549,29,0,69
549,64,0,69
549,11,0,108
549,17,1,80
549,6,1,65
549,52,0,14
549,36,0,65
549,39,0,6
549,68,0,61
549,22,0,36
549,71,0,61
549,29,1,50
549,12,1,17
549,36,1,35
549,26,1,44
549,60,0,68
549,39,0,41
549,64,0,46
549,16,0,52
549,49,1,28
549,4,0,34
549,15,0,81
549,48,0,70
550,1,1,19
550,53,1,34
550,29,1,19
550,33,1,30
550,22,1,24
550,54,0,26
550,29,1,19
550,47,0,28
550,37,1,11
550,43,1,38
550,3,0,10
550,26,1,19
550,0,0,29
550,69,1,40
550,54,0,15
550,59,1,50
550,32,0,37
550,26,1,40
550,23,1,36
550,71,0,21
550,24,0,45
550,44,0,40
550,65,1,25
550,1,1,17
550,60,0,24
550,8,1,41
550,9,0,28
550,59,1,31
550,31,1,42
550,61,1,23
550,42,0,46
550,10,0,27
550,53,1,34
550,54,1,22
550,0,0,23
550,1,0,41
550,4,1,28
550,59,1,35
550,25,1,5
550,24,0,16
550,8,0,21
550,26,0,33
550,40,0,20
550,40,1,25
550,7,1,34
550,27,1,29
550,35,0,15
550,51,1,37
550,58,0,35
550,70,1,13
550,54,0,15
550,61,1,27
550,68,0,21
550,26,1,28
550,59,0,32
550,45,1,36
550,50,0,29
550,16,1,10
550,19,1,39
550,17,1,17
550,71,0,34
550,60,1,36
550,51,1,28
550,22,1,14
550,10,1,40
550,68,0,28
550,18,0,30
550,28,1,14
550,38,0,43
550,58,1,36
550,6,1,32
550,32,0,5
551,7,0,38
551,68,1,39
551,58,1,31
551,45,1,31
551,29,0,38
551,49,1,14
551,47,0,18
551,54,0,21
551,49,1,27
551,53,0,18
551,31,0,42
551,13,1,23
551,12,1,29
551,25,0,9
551,64,1,5
551,2,0,16
551,38,1,29
551,10,1,11
551,6,1,23
551,5,1,14
551,30,1,26
551,49,1,23
551,43,1,35
551,57,1,17
551,50,1,11
551,22,1,27
551,34,1,12
551,61,1,25
551,38,0,28
551,59,1,32
551,30,1,16
551,21,1,43
551,29,1,28
551,70,0,45
551,28,1,46
551,18,1,18
551,6,1,6
551,65,1,26
551,6,1,13
551,64,1,14
551,1,0,11
551,56,0,26
551,55,1,30
551,64,1,13
551,62,0,33
551,62,0,5
551,51,1,30
551,59,0,28
551,47,1,24
551,21,1,23
551,12,1,26
551,44,1,17
551,45,0,27
551,16,0,17
551,19,1,18
551,37,1,19
551,17,1,24
551,66,1,33
551,46,1,26
551,38,1,30
551,1,1,37
551,24,0,5
551,43,0,14
551,30,1,23
551,26,1,27
551,51,0,25
551,42,1,33
551,22,0,8
551,51,1,11
551,50,0,27
551,25,1,37
551,42,1,30
552,17,1,15
552,45,0,31
552,16,0,37
552,14,0,6
552,43,1,38
552,9,0,12
552,10,0,24
552,21,0,28
552,45,1,37
552,9,0,15
552,54,1,28
552,52,0,21
552,55,0,21
552,52,1,31
552,8,1,30
552,68,0,33
552,29,1,21
552,42,1,18
552,29,1,11
552,71,0,5
552,25,1,23
552,61,1,27
552,19,0,33
552,63,0,5
552,70,1,27
552,12,1,18
552,15,1,37
552,54,1,20
552,66,1,29
552,70,0,15
552,55,0,58
552,63,1,29
552,49,1,12
552,16,1,13
552,65,1,26
552,53,1,19
552,25,0,33
552,69,1,41
552,13,0,29
552,58,1,10
552,39,0,13
552,62,1,27
552,39,1,14
552,12,0,20
552,44,0,22
552,38,1,33
552,67,1,8
552,64,1,30
552,16,1,34
552,49,1,23
552,37,1,33
552,13,1,16
552,33,0,10
552,25,0,14
552,24,1,19
552,51,1,11
552,3,0,15
552,61,1,33
552,6,1,27
552,44,1,38
552,10,0,30
552,22,1,16
552,66,1,31
552,65,0,18
552,5,1,15
552,64,0,21
552,18,1,14
552,70,0,18
552,8,0,34
552,17,1,32
552,67,1,9
552,58,1,34
553,37,1,32
553,22,0,21
553,21,1,64
553,19,1,27
553,12,1,27
553,42,1,62
553,14,0,32
553,25,0,35
553,41,1,39
553,64,1,52
553,22,0,50
553,66,0,43
553,42,1,41
553,16,1,57
553,62,0,20
553,61,1,15
553,15,1,39
553,12,0,30
553,69,1,45
553,66,0,32
553,58,1,63
553,11,0,58
553,52,0,28
553,7,1,39
553,47,0,22
553,10,0,41
553,3,1,50
553,48,1,63
553,66,1,43
553,32,1,25
553,62,0,41
553,61,0,29
553,1,1,37
553,39,1,40
553,34,0,36
553,22,1,5
553,37,1,46
553,37,0,58
553,65,1,31
553,33,0,39
553,17,1,21
553,40,1,24
553,28,1,58
553,8,0,35
553,59,0,18
553,10,1,51
553,12,1,44
553,34,0,38
553,10,0,51
553,43,0,51
553,31,0,42
553,67,1,27
553,46,1,18
553,71,0,60
553,27,1,32
553,38,1,53
553,50,1,46
553,32,0,45
553,56,0,38
553,30,0,21
553,71,0,38
553,17,1,29
553,53,1,46
553,23,0,46
553,46,1,60
553,24,0,20
553,27,0,50
553,32,1,45
553,28,0,5
553,23,0,47
553,16,1,7
553,31,0,63
554,67,0,60
554,24,0,49
554,48,0,36
554,27,0,50
554,65,1,56
554,25,1,47
554,65,0,54
554,49,1,41
554,12,0,59
554,67,1,48
554,7,0,41
554,18,1,47
554,71,1,19
554,61,1,52
554,28,1,42
554,11,0,36
554,14,0,61
554,60,1,48
554,29,0,41
554,9,0,74
554,43,0,58
554,30,1,48
554,13,1,47
554,48,1,43
554,18,0,63
554,59,0,19
554,19,0,43
554,33,0,52
554,12,0,52
554,71,0,57
554,29,1,55
554,65,1,59
554,26,0,28
554,26,1,36
554,17,0,57
554,20,1,8
554,40,0,39
554,70,0,46
554,30,0,59
554,69,0,31
554,32,0,53
554,45,0,63
554,44,0,36
554,32,0,77
554,56,0,44
554,25,0,57
554,51,1,58
554,61,1,23
554,23,1,62
554,68,0,52
554,32,0,35
554,15,1,59
554,34,0,17
554,7,0,51
554,18,1,39
554,23,1,36
554,56,0,51
554,1,0,38
554,18,0,31
554,68,1,66
554,1,0,42
554,45,1,44
554,34,0,38
554,43,1,54
554,33,0,48
554,61,1,73
554,71,0,42
554,15,0,58
554,43,1,35
554,24,1,23
554,26,0,60
554,29,0,39
555,19,0,48
555,54,0,55
555,16,0,27
555,43,0,46
555,22,0,62
555,67,1,52
555,39,0,27
555,31,0,62
555,6,0,62
555,67,1,58
555,38,1,66
555,21,1,46
555,68,0,35
555,37,1,38
555,12,0,57
555,52,1,35
555,0,0,29
555,30,1,36
555,59,1,42
555,71,0,49
555,25,1,46
555,57,0,41
555,12,1,76
555,9,1,55
555,23,1,32
555,38,1,71
555,44,0,21
555,65,1,56
555,61,1,40
555,38,1,33
555,61,1,55
555,28,1,34
555,22,1,45
555,52,0,38
555,67,1,33
555,21,1,38
555,41,1,33
555,66,1,71
555,31,1,41
555,19,0,38
555,63,0,47
555,70,0,38
555,28,0,66
555,5,1,49
555,69,0,22
555,21,1,48
555,48,0,23
555,30,1,40
555,23,1,36
555,44,0,40
555,22,1,36
555,43,0,44
555,34,0,43
555,69,0,37
555,42,1,56
555,71,0,53
555,47,0,49
555,48,0,45
555,59,1,25
555,21,0,45
555,12,1,49
555,24,1,32
555,8,1,64
555,2,1,50
555,38,1,42
555,25,0,49
555,9,0,26
555,5,0,78
555,62,1,60
555,59,1,61
555,13,1,53
555,57,1,20
556,1,1,57
556,56,1,24
556,4,1,50
556,16,1,45
556,61,1,39
556,66,0,45
556,62,1,63
556,59,1,61
556,7,0,53
556,63,1,43
556,49,1,26
556,3,0,35
556,42,1,44
556,17,1,47
556,20,0,53
556,37,1,32
556,19,1,6
556,53,1,53
556,15,1,59
556,48,1,39
556,71,0,43
556,29,1,38
556,42,1,44
556,10,1,42
556,53,0,31
556,59,0,59
556,25,1,63
556,5,1,33
556,58,1,62
556,1,0,44
556,32,0,55
556,5,1,45
556,16,1,12
556,59,1,33
556,24,1,9
556,21,1,31
556,32,0,24
556,44,0,26
556,67,1,39
556,16,0,32
556,46,0,76
556,20,0,34
556,46,1,38
556,64,1,41
556,42,1,33
556,63,0,53
556,34,1,51
556,56,0,70
556,68,1,26
556,9,1,47
556,46,1,43
556,57,0,31
556,64,1,68
556,62,0,57
556,48,1,50
556,65,0,69
556,2,1,7
556,33,1,63
556,54,0,33
556,39,0,43
556,36,1,34
556,43,0,41
556,52,1,43
556,43,1,35
556,0,1,34
556,12,0,45
556,62,0,45
556,60,1,51
556,50,0,61
556,39,1,37
556,28,1,30
556,42,1,44
557,32,0,39
557,51,0,44
557,24,0,50
557,23,0,49
557,2,0,38
557,65,1,20
557,40,1,90
557,15,1,65
557,27,0,41
557,35,0,26
557,38,1,49
557,25,1,57
557,9,0,75
557,41,0,64
557,65,1,60
557,32,0,17
557,50,1,37
557,14,0,53
557,38,1,35
557,60,1,39
557,54,0,64
557,22,1,55
557,16,1,38
557,0,0,24
557,51,0,58
557,47,1,47
557,9,0,56
557,21,1,34
557,42,0,35
557,42,1,37
557,63,1,26
557,44,0,46
557,38,0,36
557,13,0,44
557,47,0,42
557,7,1,42
557,37,0,8
557,11,0,56
557,61,1,44
557,55,0,33
557,35,0,25
557,15,0,53
557,20,0,50
557,65,1,43
557,42,0,60
557,16,1,39
557,33,0,39
557,49,1,23
557,11,0,52
557,40,0,72
557,53,1,67
557,4,0,49
557,51,0,28
557,18,0,55
557,64,1,46
557,0,0,48
557,34,1,56
557,50,0,59
557,30,1,34
557,43,0,37
557,2,1,54
557,2,0,6
557,43,1,36
557,23,0,31
557,38,0,43
557,0,0,39
557,22,1,65
557,62,0,60
557,22,1,13
557,57,0,30
557,9,1,32
557,24,1,38
558,35,0,70
558,2,0,81
558,41,0,106
558,2,1,100
558,10,0,74
558,24,0,30
558,26,0,85
558,62,0,19
558,20,0,51
558,27,0,60
558,39,1,38
558,6,1,59
558,17,1,82
558,66,0,44
558,8,0,87
558,51,0,54
558,41,0,74
558,28,0,45
558,58,0,72
558,34,0,22
558,28,0,54
558,39,0,71
558,25,0,53
558,17,0,51
558,32,0,60
558,58,0,61
558,8,0,114
558,60,1,29
558,70,1,59
558,49,1,48
558,57,0,55
558,69,1,46
558,0,0,58
558,3,0,73
558,9,0,50
558,67,0,89
558,35,1,92
558,67,1,76
558,63,0,79
558,24,0,74
558,35,0,46
558,31,0,76
558,26,0,95
558,4,0,27
558,47,0,89
558,50,0,63
558,69,0,43
558,59,1,40
558,51,1,59
558,47,0,29
558,36,1,49
558,57,0,37
558,62,0,67
558,62,0,54
558,23,0,37
558,66,1,86
558,39,1,74
558,55,0,67
558,63,0,82
558,60,0,71
558,43,0,53
558,59,0,56
558,58,0,70
558,52,1,55
558,48,0,66
558,11,0,51
558,57,0,9
558,21,1,46
558,48,0,43
558,29,0,54
558,32,0,47
558,47,1,52
559,61,1,35
559,1,1,27
559,41,1,30
559,1,1,26
559,16,1,17
559,54,1,22
559,35,0,32
559,21,1,15
559,5,1,22
559,36,1,18
559,13,1,27
559,3,1,40
559,0,1,30
559,2,1,30
559,46,1,32
559,37,0,19
559,29,1,33
559,55,0,17
559,10,1,30
559,32,0,21
559,65,1,35
559,37,1,5
559,56,0,22
559,61,0,5
559,11,1,26
559,48,1,5
559,44,1,26
559,62,0,45
559,24,1,27
559,51,1,11
559,43,0,21
559,70,0,25
559,23,1,29
559,46,1,32
559,21,0,21
559,5,1,31
559,66,1,45
559,36,1,17
559,65,1,38
559,36,0,35
559,45,1,27
559,66,0,26
559,65,1,19
559,40,0,13
559,43,0,23
559,35,1,20
559,38,1,24
559,70,0,13
559,47,1,24
559,70,0,21
559,63,1,9
559,37,1,26
559,14,1,13
559,61,1,22
559,38,0,31
559,25,1,13
559,70,1,29
559,11,1,25
559,35,1,46
559,66,0,17
559,44,0,20
559,45,0,12
559,56,1,26
559,16,1,14
559,18,0,14
559,39,0,26
559,70,1,19
559,1,1,30
559,55,0,15
559,24,0,26
559,11,1,23
559,17,1,29
560,54,1,53
560,10,0,62
560,41,1,80
560,69,0,71
560,1,0,61
560,9,1,67
560,45,1,55
560,15,1,55
560,54,0,39
560,47,0,43
560,14,0,32
560,57,0,64
560,8,1,16
560,71,1,49
560,64,1,89
560,28,0,49
560,59,1,108
560,43,0,46
560,26,1,42
560,7,0,89
560,24,0,91
560,37,0,50
560,65,1,37
560,56,0,47
560,28,0,76
560,19,0,40
560,29,0,46
560,71,0,96
560,26,0,55
560,57,0,57
560,8,0,58
560,18,0,65
560,49,1,63
560,42,1,87
560,56,1,82
560,30,1,29
560,37,0,88
560,43,0,93
560,63,0,65
560,51,1,90
560,54,0,84
560,30,1,70
560,42,1,69
560,12,1,99
560,60,1,45
560,52,0,65
560,5,0,90
560,44,0,59
560,24,1,71
560,14,0,58
560,17,1,56
560,31,0,53
560,36,1,53
560,16,1,72
560,21,0,57
560,58,0,77
560,24,0,82
560,2,0,15
560,19,0,31
560,68,0,76
560,11,1,52
560,23,0,72
560,47,1,64
560,30,0,62
560,42,1,37
560,32,0,19
560,15,0,82
560,56,1,27
560,36,1,34
560,59,0,46
560,6,0,98
560,25,0,53
561,59,1,37
561,62,0,33
561,32,0,38
561,14,0,56
561,42,0,48
561,28,0,57
561,11,0,38
561,49,1,35
561,5,1,46
561,23,0,45
561,32,1,26
561,25,1,14
561,51,0,30
561,6,0,57
561,24,0,36
561,15,1,46
561,66,1,42
561,64,0,42
561,5,1,42
561,8,0,28
561,36,0,70
561,4,0,66
561,29,1,60
561,9,0,45
561,51,1,68
561,44,0,34
561,28,1,38
561,5,1,28
561,25,1,32
561,43,0,50
561,16,1,37
561,68,1,52
561,1,1,21
561,63,0,16
561,42,1,58
561,21,1,5
561,54,0,48
561,6,0,61
561,65,0,13
561,7,0,13
561,18,0,13
561,44,1,50
561,67,0,45
561,64,1,37
561,18,1,23
561,70,1,38
561,41,0,21
561,68,1,51
561,69,1,44
561,59,0,41
561,29,0,61
561,10,1,24
561,19,0,34
561,17,1,35
561,9,0,36
561,59,1,27
561,9,1,39
561,22,1,24
561,1,1,66
561,42,1,63
561,17,1,42
561,39,0,22
561,56,1,42
561,66,1,46
561,24,0,34
561,61,1,9
561,37,0,59
561,62,1,29
561,38,0,49
561,40,0,25
561,0,1,38
561,28,1,44
562,61,1,14
562,8,1,13
562,24,1,31
562,69,0,11
562,38,1,21
562,0,1,12
562,43,1,22
562,57,1,19
562,34,1,35
562,11,1,32
562,17,1,14
562,57,1,22
562,42,1,11
562,26,1,18
562,43,1,24
562,24,1,34
562,27,1,31
562,21,1,22
562,42,1,26
562,34,0,29
562,64,0,38
562,28,0,46
562,44,0,23
562,46,1,6
562,36,1,25
562,46,1,42
562,8,0,25
562,53,0,25
562,39,1,30
562,36,1,26
562,40,1,25
562,63,1,18
562,22,1,13
562,20,1,42
562,12,0,28
562,64,1,24
562,35,1,26
562,64,1,21
562,58,0,27
562,66,0,22
562,3,0,18
562,71,0,49
562,43,1,23
562,49,1,26
562,37,1,24
562,14,1,20
562,11,1,40
562,29,1,40
562,62,0,22
562,46,1,30
562,70,1,5
562,35,1,32
562,18,1,44
562,4,0,5
562,22,1,21
562,25,1,21
562,23,0,24
562,62,0,39
562,19,1,8
562,67,1,34
562,0,1,29
562,39,0,25
562,51,0,17
562,12,0,38
562,43,1,12
562,34,1,13
562,25,1,19
562,64,0,23
562,48,1,25
562,52,1,24
562,8,0,27
562,53,0,11
563,22,1,31
563,27,0,38
563,11,1,33
563,20,1,28
563,2,1,17
563,8,0,29
563,8,0,33
563,15,0,42
563,52,1,37
563,16,1,32
563,5,1,38
563,33,1,33
563,0,0,31
563,63,0,35
563,53,1,24
563,11,1,25
563,45,0,33
563,25,1,55
563,12,1,41
563,55,0,21
563,45,0,33
563,35,1,53
563,1,1,12
563,5,1,5
563,43,1,35
563,47,1,16
563,63,0,41
563,9,1,36
563,6,1,38
563,28,1,27
563,2,1,38
563,38,0,41
563,64,0,28
563,28,1,20
563,20,0,54
563,48,1,21
563,45,0,22
563,35,1,33
563,27,0,42
563,49,1,42
563,35,1,30
563,28,1,32
563,24,1,21
563,43,1,25
563,25,1,38
563,50,1,30
563,43,1,24
563,39,0,40
563,23,1,31
563,30,1,14
563,35,1,40
563,10,0,30
563,5,1,32
563,1,1,21
563,14,0,15
563,61,1,33
563,21,1,30
563,71,0,11
563,66,0,25
563,26,1,32
563,58,1,45
563,47,1,34
563,10,1,25
563,59,1,46
563,62,1,24
563,20,1,41
563,31,0,24
563,66,1,36
563,50,1,40
563,22,1,26
563,20,0,37
563,48,1,22
564,19,0,63
564,12,0,50
564,41,1,46
564,54,0,39
564,56,0,75
564,51,0,90
564,0,0,55
564,1,0,88
564,65,1,68
564,40,0,65
564,31,0,32
564,70,1,47
564,36,0,51
564,70,1,46
564,46,0,58
564,33,1,22
564,68,0,47
564,8,0,52
564,70,0,63
564,24,0,35
564,40,0,69
564,18,0,47
564,44,0,77
564,62,0,76
564,50,0,57
564,39,1,95
564,32,0,51
564,27,0,85
564,25,1,84
564,63,1,42
564,41,1,82
564,32,0,36
564,19,0,17
564,22,1,80
564,26,0,75
564,8,0,51
564,13,0,84
564,16,0,81
564,53,0,65
564,31,0,62
564,68,0,51
564,10,0,39
564,13,0,41
564,18,0,75
564,47,0,70
564,4,0,38
564,35,0,65
564,51,0,55
564,37,0,44
564,12,0,65
564,0,1,85
564,14,0,67
564,70,0,65
564,2,0,64
564,65,1,30
564,7,1,76
564,13,0,33
564,5,1,53
564,38,0,44
564,3,0,68
564,66,0,58
564,67,0,35
564,38,0,96
564,19,0,58
564,0,1,44
564,68,1,57
564,57,0,60
564,61,1,67
564,59,1,61
564,6,0,38
564,40,1,72
564,61,1,18
565,18,1,35
565,71,0,33
565,50,1,48
565,32,0,30
565,17,1,34
565,45,1,19
565,13,0,40
565,4,0,32
565,26,1,30
565,12,1,42
565,70,0,21
565,43,0,23
565,58,1,32
565,22,1,43
565,3,0,36
565,25,1,45
565,71,0,42
565,24,0,29
565,11,1,39
565,43,0,26
565,60,0,35
565,18,1,14
565,68,1,19
565,14,0,23
565,66,1,40
565,62,1,22
565,56,1,13
565,7,1,27
565,10,1,38
565,52,1,31
565,56,1,30
565,61,1,12
565,19,0,13
565,56,0,24
565,64,1,32
565,12,0,21
565,58,1,32
565,21,1,15
565,53,1,24
565,70,1,34
565,9,0,32
565,26,1,26
565,53,1,21
565,67,1,28
565,42,1,18
565,13,1,27
565,39,1,26
565,15,1,24
565,25,1,30
565,11,1,27
565,64,1,22
565,31,1,20
565,30,1,11
565,71,0,11
565,6,0,37
565,51,0,34
565,51,0,26
565,20,0,17
565,55,0,12
565,66,1,17
565,9,1,24
565,46,1,23
565,1,1,45
565,51,0,37
565,17,1,32
565,23,1,28
565,67,1,32
565,33,0,11
565,44,0,23
565,40,0,20
565,27,1,38
565,67,1,28
566,16,0,59
566,43,1,54
566,68,0,66
566,36,1,77
566,58,1,90
566,55,0,53
566,3,0,70
566,46,1,45
566,12,0,64
566,25,0,60
566,26,0,48
566,53,0,71
566,28,1,61
566,17,0,77
566,10,0,82
566,51,1,52
566,16,1,66
566,22,1,65
566,14,0,81
566,34,0,39
566,70,1,55
566,38,1,34
566,34,0,81
566,43,0,80
566,29,1,65
566,10,0,78
566,8,0,88
566,23,0,47
566,51,0,48
566,65,1,63
566,0,1,45
566,55,1,61
566,32,0,57
566,37,0,66
566,26,1,89
566,57,0,69
566,38,0,67
566,13,0,39
566,22,0,60
566,34,0,54
566,55,1,32
566,42,1,59
566,26,1,55
566,39,0,54
566,35,0,71
566,51,1,32
566,37,1,97
566,69,0,45
566,35,0,58
566,57,0,67
566,12,1,52
566,60,1,55
566,25,0,53
566,12,1,40
566,26,0,60
566,70,0,50
566,16,0,45
566,8,0,90
566,34,0,65
566,4,0,49
566,19,1,53
566,60,1,43
566,31,0,57
566,69,1,54
566,70,0,39
566,49,1,58
566,36,1,64
566,19,0,54
566,59,0,39
566,13,0,22
566,45,0,51
566,54,0,63
567,18,1,29
567,18,1,18
567,37,1,26
567,67,0,43
567,43,0,18
567,18,0,24
567,56,1,26
567,59,1,31
567,24,0,11
567,10,1,36
567,17,0,16
567,56,1,21
567,60,1,23
567,52,1,40
567,62,1,32
567,26,1,37
567,24,1,27
567,14,1,21
567,47,1,44
567,44,1,33
567,25,1,10
567,8,1,31
567,53,1,39
567,66,1,25
567,62,1,28
567,67,0,39
567,5,1,21
567,29,1,22
567,14,1,56
567,62,0,26
567,69,1,18
567,16,1,38
567,46,1,32
567,40,1,42
567,52,1,43
567,16,1,21
567,49,1,44
567,64,1,30
567,33,0,42
567,37,1,5
567,51,0,23
567,18,1,39
567,38,1,39
567,58,1,42
567,56,1,42
567,13,1,45
567,21,1,44
567,26,1,38
567,2,1,38
567,23,1,50
567,11,1,26
567,37,1,38
567,65,1,43
567,17,1,35
567,22,1,42
567,53,1,32
567,24,1,27
567,41,1,22
567,45,1,44
567,27,1,16
567,64,1,35
567,18,0,31
567,62,1,34
567,20,0,26
567,69,1,29
567,62,1,26
567,24,1,20
567,50,1,30
567,17,1,22
567,4,1,29
567,71,0,37
567,9,1,23
568,21,1,47
568,38,1,80
568,39,0,49
568,37,0,56
568,62,0,35
568,15,0,63
568,68,0,40
568,63,0,43
568,25,0,63
568,35,0,30
568,35,0,66
568,63,0,81
568,29,1,33
568,41,0,47
568,71,0,40
568,61,0,38
568,70,0,72
568,47,0,52
568,18,1,49
568,25,0,81
568,10,1,79
568,18,0,56
568,38,0,34
568,12,0,90
568,35,0,98
568,13,1,43
568,59,0,83
568,59,0,60
568,48,0,50
568,54,0,60
568,57,0,61
568,5,1,98
568,47,0,70
568,33,0,57
568,35,1,95
568,17,0,67
568,28,0,54
568,7,0,58
568,8,0,9
568,51,0,49
568,62,0,77
568,49,1,30
568,67,0,31
568,9,0,93
568,53,0,56
568,66,0,54
568,39,0,53
568,53,0,90
568,64,0,66
568,41,1,66
568,22,0,19
568,23,0,116
568,52,0,49
568,69,0,5
568,49,0,19
568,18,0,69
568,33,0,60
568,65,0,62
568,64,0,68
568,34,0,57
568,58,0,79
568,55,0,5
568,41,0,103
568,25,0,42
568,41,0,35
568,51,0,36
568,66,0,5
568,27,0,57
568,2,0,66
568,60,0,37
568,58,1,57
568,50,0,62
569,13,1,51
569,31,0,32
569,13,0,50
569,65,0,45
569,6,0,42
569,29,1,31
569,70,0,16
569,16,1,22
569,66,1,46
569,21,0,39
569,48,0,36
569,60,1,30
569,65,1,42
569,13,1,27
569,13,1,35
569,31,0,21
569,52,1,30
569,54,0,37
569,39,1,39
569,5,0,5
569,1,1,31
569,33,0,30
569,5,1,33
569,26,0,33
569,11,0,35
569,32,0,37
569,33,0,38
569,32,1,32
569,35,0,40
569,26,0,36
569,53,0,49
569,36,1,25
569,51,1,52
569,32,0,10
569,29,0,44
569,39,0,38
569,45,0,27
569,69,0,39
569,7,1,30
569,60,0,49
569,2,1,27
569,9,1,17
569,6,1,31
569,34,0,7
569,14,0,29
569,4,1,36
569,9,0,42
569,43,0,24
569,59,0,39
569,9,0,37
569,69,1,49
569,63,1,38
569,16,1,28
569,32,0,57
569,39,0,33
569,58,1,24
569,46,0,59
569,40,0,18
569,63,1,47
569,64,0,35
569,43,1,55
569,2,1,67
569,33,0,40
569,43,0,53
569,60,0,50
569,22,1,83
569,57,1,52
569,63,0,8
569,47,0,19
569,38,1,40
569,28,1,61
569,57,1,24
570,24,0,39
570,27,0,49
570,18,0,70
570,25,0,96
570,46,0,60
570,60,1,42
570,3,0,44
570,4,0,68
570,71,1,46
570,57,1,111
570,41,1,47
570,53,0,45
570,36,0,70
570,29,1,88
570,19,0,42
570,12,0,68
570,3,0,46
570,41,1,46
570,22,1,77
570,67,1,70
570,49,0,78
570,49,1,44
570,64,0,43
570,35,1,70
570,48,0,51
570,63,0,78
570,13,0,50
570,31,0,43
570,37,0,57
570,51,0,32
570,48,0,53
570,14,0,97
570,47,1,52
570,9,0,67
570,47,0,56
570,60,0,53
570,50,0,54
570,19,0,80
570,40,0,71
570,66,0,9
570,8,0,71
570,15,0,47
570,61,1,34
570,56,1,53
570,49,0,68
570,30,1,94
570,24,0,58
570,3,0,60
570,35,1,39
570,37,1,73
570,66,0,67
570,2,0,62
570,55,0,82
570,69,0,61
570,29,0,33
570,8,0,41
570,54,1,63
570,46,0,58
570,62,0,60
570,56,0,69
570,29,0,31
570,68,0,96
570,26,0,20
570,29,0,24
570,50,0,52
570,7,0,43
570,63,1,31
570,31,0,61
570,22,0,39
570,5,0,73
570,16,0,79
570,37,0,39
571,2,1,31
571,0,0,24
571,58,1,30
571,17,1,25
571,70,1,35
571,57,1,23
571,5,1,27
571,66,1,28
571,13,1,24
571,31,0,23
571,63,1,24
571,23,0,33
571,46,1,35
571,44,1,23
571,35,1,28
571,30,1,32
571,55,0,41
571,5,1,44
571,32,0,20
571,31,0,32
571,42,1,29
571,60,1,41
571,35,1,25
571,26,1,35
571,27,0,26
571,8,1,39
571,22,1,31
571,35,1,50
571,57,0,26
571,57,1,28
571,29,1,23
571,25,1,19
571,64,1,36
571,34,1,37
571,5,1,38
571,52,1,25
571,69,1,26
571,13,1,22
571,17,1,45
571,42,1,26
571,18,1,29
571,55,1,24
571,69,1,52
571,12,1,18
571,53,1,28
571,67,0,48
571,34,1,45
571,34,1,18
571,28,1,30
571,62,0,38
571,15,0,12
571,65,1,36
571,65,1,23
571,67,1,25
571,42,1,23
571,47,1,31
571,33,1,28
571,23,1,27
571,48,1,32
571,40,1,35
571,6,1,36
571,19,1,37
571,31,0,21
571,7,1,34
571,48,0,41
571,4,0,37
571,50,1,22
571,4,0,24
571,6,1,24
571,55,1,51
571,34,1,44
571,0,1,30
572,3,0,48
572,52,0,62
572,21,1,46
572,69,0,37
572,69,1,51
572,19,0,22
572,29,1,88
572,17,0,30
572,26,0,45
572,9,0,37
572,64,0,34
572,58,0,64
572,28,0,29
572,5,0,51
572,29,0,39
572,34,0,47
572,64,1,51
572,22,1,81
572,42,0,29
572,68,1,27
572,34,0,45
572,67,0,7
572,54,0,39
572,54,0,46
572,49,1,25
572,5,1,43
572,57,1,34
572,10,0,41
572,56,1,40
572,59,0,53
572,36,1,46
572,29,1,52
572,37,1,34
572,9,0,29
572,39,0,32
572,18,0,38
572,71,0,46
572,21,1,32
572,33,1,41
572,4,0,36
572,60,1,55
572,67,0,48
572,19,0,56
572,55,0,61
572,38,0,35
572,47,1,45
572,39,1,52
572,20,0,76
572,35,0,55
572,4,0,46
572,14,1,39
572,33,1,62
572,0,0,39
572,58,1,42
572,30,0,35
572,48,1,21
572,24,0,37
572,6,0,41
572,55,0,61
572,4,0,84
572,60,1,89
572,0,0,47
572,36,1,25
572,19,0,52
572,52,1,26
572,53,1,21
572,28,1,35
572,59,1,39
572,28,0,38
572,21,1,45
572,19,0,46
572,52,1,39
573,36,1,30
573,43,0,22
573,54,1,51
573,56,1,10
573,32,0,8
573,57,0,30
573,43,1,24
573,56,0,32
573,3,1,23
573,20,0,13
573,47,1,32
573,18,0,27
573,28,0,29
573,23,1,11
573,33,0,13
573,58,0,16
573,34,1,31
573,37,1,28
573,21,0,21
573,23,1,15
573,40,1,26
573,53,0,26
573,14,1,28
573,28,1,32
573,58,1,21
573,22,1,51
573,54,0,50
573,49,0,17
573,4,1,24
573,24,1,38
573,33,0,5
573,2,0,23
573,7,1,44
573,16,1,22
573,43,1,6
573,8,0,43
573,31,0,42
573,2,0,19
573,40,1,23
573,56,1,29
573,54,1,32
573,60,0,37
573,35,1,20
573,70,1,33
573,38,1,42
573,3,0,10
573,23,1,32
573,5,1,7
573,70,0,22
573,32,1,27
573,41,0,28
573,6,1,50
573,55,1,5
573,23,1,27
573,11,1,21
573,47,1,15
573,1,0,22
573,59,1,28
573,36,0,13
573,71,0,20
573,57,0,34
573,26,0,5
573,58,0,20
573,22,0,5
573,17,0,36
573,49,1,43
573,5,0,38
573,54,1,16
573,40,1,18
573,9,0,11
573,29,0,22
573,0,0,34
574,19,0,55
574,68,0,87
574,70,1,39
574,30,1,43
574,17,0,69
574,9,0,65
574,24,0,72
574,67,0,60
574,46,0,64
574,40,0,30
574,15,0,32
574,35,1,61
574,65,0,77
574,62,1,59
574,26,0,57
574,11,0,67
574,29,0,65
574,34,0,66
574,18,0,74
574,1,1,42
574,27,0,42
574,22,0,76
574,19,0,38
574,11,0,87
574,30,1,47
574,43,0,21
574,4,0,65
574,3,0,33
574,3,0,69
574,63,0,44
574,68,0,76
574,11,0,69
574,59,0,56
574,9,0,82
574,48,0,64
574,64,0,82
574,12,0,67
574,50,0,75
574,44,1,51
574,25,0,46
574,33,1,60
574,47,0,45
574,35,1,43
574,19,0,76
574,20,0,39
574,33,0,54
574,42,0,66
574,67,0,47
574,41,1,32
574,71,0,49
574,71,0,41
574,55,0,84
574,66,0,60
574,62,0,83
574,45,0,47
574,63,0,78
574,20,0,77
574,68,0,44
574,58,0,65
574,15,0,51
574,21,0,57
574,20,1,81
574,29,0,84
574,18,1,88
574,42,0,66
574,18,0,65
574,44,1,72
574,27,0,44
574,45,0,59
574,68,0,13
574,31,1,54
574,10,0,35
575,30,1,29
575,43,0,39
575,5,1,34
575,33,0,8
575,50,1,32
575,17,0,58
575,8,0,32
575,37,1,59
575,71,0,24
575,29,1,52
575,47,0,40
575,69,0,30
575,46,1,47
575,29,1,39
575,51,1,14
575,30,0,44
575,53,1,20
575,50,0,15
575,13,0,27
575,20,1,61
575,69,0,37
575,14,1,72
575,52,1,54
575,58,0,15
575,36,1,49
575,6,0,38
575,30,1,28
575,67,0,38
575,41,1,26
575,12,0,44
575,10,1,31
575,32,0,29
575,21,1,26
575,61,1,40
575,9,0,43
575,27,0,28
575,52,1,49
575,58,0,40
575,38,0,32
575,7,1,33
575,50,0,15
575,4,0,32
575,67,1,42
575,16,0,24
575,21,0,53
575,38,0,23
575,4,0,30
575,37,1,65
575,36,0,45
575,37,0,55
575,14,0,41
575,65,1,51
575,44,1,13
575,27,1,48
575,17,0,61
575,13,1,34
575,38,1,48
575,11,1,39
575,37,0,21
575,41,1,41
575,20,0,41
575,34,1,51
575,50,1,31
575,25,1,51
575,39,0,47
575,54,0,27
575,42,1,33
575,17,1,50
575,10,1,44
575,4,0,47
575,25,1,66
575,19,0,44
576,57,0,29
576,29,1,106
576,68,0,27
576,37,0,39
576,20,0,54
576,35,1,66
576,43,0,32
576,10,1,28
576,43,0,56
576,41,0,41
576,61,0,75
576,70,1,102
576,6,0,62
576,17,1,52
576,30,1,47
576,60,1,68
576,50,0,63
576,7,1,31
576,35,0,29
576,38,1,65
576,23,0,84
576,66,1,74
576,17,1,66
576,70,0,79
576,70,0,61
576,25,0,33
576,47,1,73
576,67,0,39
576,40,0,76
576,41,1,57
576,11,1,80
576,63,0,89
576,6,0,59
576,23,0,86
576,7,0,87
576,68,0,26
576,59,0,100
576,40,1,40
576,30,1,92
576,32,1,75
576,18,0,64
576,14,0,88
576,47,0,74
576,22,1,38
576,4,0,52
576,24,1,46
576,53,0,67
576,7,0,104
576,68,0,42
576,3,1,43
576,30,0,60
576,39,0,94
576,42,1,47
576,0,0,34
576,16,0,68
576,63,0,67
576,58,1,80
576,15,0,50
576,52,1,73
576,1,1,58
576,52,1,38
576,6,0,48
576,29,1,106
576,52,0,73
576,31,0,110
576,59,0,47
576,66,0,66
576,56,1,48
576,23,1,64
576,0,1,43
576,14,0,50
576,61,0,45
577,7,1,18
577,5,1,36
577,58,0,40
577,41,1,29
577,11,1,29
577,19,0,37
577,11,1,32
577,45,1,16
577,23,0,35
577,41,0,40
577,17,1,37
577,52,1,5
577,16,1,17
577,46,1,35
577,3,0,33
577,50,0,26
577,66,1,32
577,35,1,34
577,70,1,23
577,62,0,33
577,15,0,43
577,69,0,5
577,22,1,11
577,11,1,31
577,16,1,53
577,36,1,22
577,63,1,31
577,29,1,45
577,26,1,34
577,4,0,29
577,51,1,40
577,39,1,25
577,29,1,33
577,11,1,40
577,43,0,37
577,63,0,49
577,60,1,32
577,69,0,32
577,1,1,33
577,33,0,30
577,60,1,16
577,11,1,52
577,58,0,35
577,47,0,21
577,67,0,36
577,62,1,22
577,3,0,22
577,58,1,39
577,57,0,43
577,60,1,32
577,25,1,30
577,71,0,15
577,67,0,26
577,55,1,26
577,63,0,36
577,33,0,40
577,43,0,33
577,17,1,46
577,35,1,27
577,49,1,30
577,67,0,41
577,30,1,21
577,57,0,22
577,59,0,28
577,25,1,35
577,69,0,33
577,27,1,18
577,38,0,17
577,68,1,31
577,44,1,48
577,19,0,37
577,6,1,38
578,61,1,8
578,51,1,43
578,71,0,34
578,20,0,29
578,16,1,27
578,33,0,29
578,41,1,19
578,3,1,38
578,56,1,46
578,59,1,23
578,18,1,37
578,56,0,31
578,23,1,33
578,29,1,21
578,0,0,34
578,37,1,22
578,67,1,29
578,8,1,29
578,63,1,28
578,35,1,43
578,64,1,39
578,71,0,25
578,46,1,9
578,21,1,18
578,50,1,39
578,1,1,41
578,61,1,24
578,3,0,24
578,39,1,39
578,14,0,22
578,17,1,33
578,11,0,48
578,28,1,27
578,20,0,41
578,32,0,32
578,55,1,20
578,11,0,32
578,25,0,29
578,53,1,29
578,0,1,26
578,9,1,31
578,28,1,29
578,2,1,22
578,6,0,30
578,56,1,26
578,60,1,29
578,1,1,37
578,12,1,40
578,46,1,28
578,19,0,24
578,61,1,42
578,45,1,32
578,5,1,22
578,23,1,16
578,38,1,42
578,6,0,38
578,67,1,49
578,2,1,40
578,8,0,9
578,54,0,24
578,21,1,36
578,25,1,14
578,33,0,20
578,23,0,32
578,34,1,30
578,41,0,13
578,4,0,29
578,47,1,18
578,65,1,32
578,7,0,22
578,51,0,20
578,16,0,22
579,10,0,76
579,3,1,63
579,51,0,63
579,0,0,56
579,27,1,40
579,39,1,41
579,8,0,57
579,68,1,32
579,59,1,37
579,10,1,33
579,59,1,39
579,57,0,33
579,43,0,38
579,26,1,30
579,55,0,71
579,48,0,42
579,64,1,33
579,62,0,75
579,1,0,45
579,14,0,67
579,53,1,66
579,37,1,36
579,19,0,57
579,1,1,59
579,49,1,30
579,46,0,34
579,57,1,56
579,5,1,50
579,16,0,37
579,57,1,49
579,42,1,26
579,5,1,53
579,32,0,28
579,66,1,42
579,61,1,46
579,64,1,28
579,43,0,57
579,25,0,36
579,51,0,44
579,43,1,26
579,11,0,41
579,29,0,41
579,65,1,51
579,34,0,46
579,56,0,46
579,17,1,49
579,9,1,66
579,4,0,38
579,9,0,40
579,27,0,34
579,3,1,46
579,25,1,56
579,17,1,61
579,44,1,39
579,6,1,59
579,0,0,56
579,53,0,43
579,69,0,60
579,61,1,24
579,34,1,51
579,56,1,38
579,57,1,59
579,12,1,54
579,5,1,54
579,54,0,41
579,17,1,52
579,67,0,47
579,0,1,48
579,71,0,37
579,0,0,39
579,41,1,61
579,54,1,62
580,39,0,24
580,26,0,17
580,54,0,45
580,19,1,59
580,49,1,29
580,59,1,48
580,64,1,23
580,13,1,27
580,48,1,58
580,28,0,47
580,30,0,43
580,67,0,16
580,11,0,36
580,22,1,50
580,65,1,33
580,55,0,70
580,61,1,52
580,50,1,24
580,63,1,44
580,3,1,28
580,45,0,20
580,49,1,50
580,31,0,50
580,3,0,50
580,0,0,42
580,25,0,44
580,6,1,32
580,44,0,50
580,6,1,58
580,69,0,61
580,3,0,31
580,26,1,39
580,30,1,13
580,36,0,55
580,51,1,58
580,63,1,59
580,31,0,49
580,43,0,39
580,17,0,19
580,43,0,85
580,53,1,29
580,28,1,34
580,6,1,45
580,68,1,48
580,12,0,63
580,10,1,20
580,33,0,34
580,7,1,38
580,29,1,51
580,35,1,50
580,67,0,34
580,25,0,55
580,58,0,40
580,33,0,30
580,23,0,43
580,56,0,47
580,17,1,66
580,24,1,33
580,66,0,48
580,27,1,40
580,57,1,26
580,11,0,22
580,2,0,59
580,22,1,21
580,0,0,43
580,37,0,24
580,49,1,54
580,55,1,36
580,25,0,28
580,16,1,70
580,25,1,32
580,11,1,31
581,45,1,47
581,62,0,23
581,61,0,62
581,57,0,32
581,52,1,25
581,30,1,66
581,1,0,32
581,64,0,38
581,15,1,40
581,10,0,33
581,21,1,61
581,35,1,60
581,71,0,45
581,68,0,15
581,65,1,41
581,19,0,62
581,29,1,52
581,69,1,22
581,10,0,56
581,13,0,48
581,43,0,51
581,27,1,34
581,37,0,26
581,8,0,45
581,8,0,77
581,31,1,27
581,69,1,36
581,19,0,29
581,50,1,50
581,51,1,45
581,16,1,35
581,3,0,59
581,37,0,61
581,20,0,32
581,3,0,54
581,31,1,51
581,17,1,56
581,20,0,40
581,4,0,42
581,61,1,42
581,58,1,35
581,27,1,69
581,3,0,70
581,5,0,18
581,8,1,26
581,66,1,55
581,10,1,53
581,51,0,31
581,33,0,42
581,21,1,37
581,47,1,50
581,43,1,38
581,28,1,43
581,26,1,27
581,68,1,21
581,49,1,58
581,27,1,53
581,57,0,53
581,39,0,32
581,41,1,43
581,47,1,50
581,7,0,56
581,43,0,48
581,50,0,30
581,62,0,46
581,68,1,52
581,59,1,41
581,27,0,35
581,54,1,33
581,62,0,45
581,16,1,65
581,28,0,65
582,54,0,66
582,30,0,63
582,10,0,36
582,65,1,58
582,29,0,60
582,38,1,91
582,24,0,67
582,33,0,82
582,11,0,50
582,45,0,67
582,25,0,73
582,0,1,89
582,16,0,73
582,37,1,89
582,43,0,58
582,57,0,104
582,69,0,76
582,1,1,41
582,56,0,63
582,52,0,75
582,4,0,71
582,37,0,104
582,19,1,46
582,62,0,66
582,11,0,104
582,64,0,91
582,67,0,56
582,68,0,70
582,18,1,19
582,51,0,73
582,9,1,39
582,53,0,69
582,31,0,62
582,49,1,56
582,50,0,36
582,40,0,88
582,62,1,5
582,28,0,66
582,25,0,51
582,24,0,55
582,55,0,62
582,63,1,82
582,45,0,71
582,55,0,56
582,55,0,69
582,28,0,48
582,26,0,59
582,49,1,51
582,1,0,38
582,52,1,93
582,60,1,45
582,25,0,78
582,35,1,41
582,67,1,73
582,68,0,78
582,32,0,59
582,59,1,83
582,70,0,54
582,62,0,83
582,28,1,68
582,60,1,68
582,43,0,77
582,33,0,59
582,25,1,61
582,15,1,37
582,18,0,83
582,3,0,48
582,64,0,59
582,70,0,53
582,48,0,44
582,3,0,59
582,35,0,75
583,53,1,27
583,15,1,74
583,49,1,70
583,21,1,67
583,9,1,42
583,32,0,73
583,24,0,66
583,24,0,83
583,59,0,72
583,51,0,38
583,6,0,53
583,49,1,58
583,53,0,68
583,29,0,41
583,69,1,73
583,33,0,64
583,30,0,59
583,39,1,108
583,37,0,95
583,15,1,69
583,59,0,42
583,42,0,66
583,66,0,79
583,38,0,88
583,19,0,19
583,8,1,65
583,41,0,81
583,15,0,26
583,55,0,60
583,59,0,28
583,38,0,67
583,21,0,64
583,27,0,61
583,5,1,85
583,21,0,10
583,68,0,46
583,70,0,50
583,52,0,49
583,6,0,74
583,63,1,82
583,55,0,96
583,5,1,20
583,14,0,43
583,12,0,45
583,34,0,101
583,60,0,68
583,69,0,92
583,3,0,71
583,58,1,68
583,44,0,77
583,28,0,64
583,50,0,59
583,5,1,88
583,6,1,25
583,24,0,62
583,16,0,62
583,44,0,75
583,36,1,70
583,32,0,49
583,27,1,43
583,61,1,55
583,36,1,51
583,22,0,28
583,46,0,62
583,50,0,70
583,57,0,30
583,4,0,75
583,7,0,81
583,35,0,82
583,56,0,65
583,36,0,81
583,36,1,52
584,26,1,44
584,28,0,34
584,16,0,17
584,2,0,24
584,49,1,23
584,30,1,36
584,3,0,45
584,37,0,27
584,35,1,25
584,58,1,25
584,34,0,17
584,67,1,30
584,39,0,35
584,9,1,36
584,58,0,29
584,8,0,19
584,66,1,18
584,4,0,31
584,42,0,22
584,48,1,32
584,67,0,28
584,59,0,21
584,66,0,26
584,50,1,22
584,53,1,38
584,27,0,50
584,43,1,14
584,20,0,38
584,31,1,7
584,5,1,32
584,2,1,22
584,40,1,5
584,69,0,26
584,50,1,33
584,20,0,31
584,41,1,41
584,11,1,30
584,39,0,18
584,56,1,9
584,48,1,35
584,40,0,26
584,49,1,20
584,17,1,24
584,71,0,21
584,9,0,31
584,1,0,6
584,10,1,24
584,42,0,24
584,67,0,22
584,6,1,5
584,41,0,7
584,24,1,28
584,34,1,16
584,32,0,42
584,68,0,19
584,13,0,25
584,22,1,5
584,41,1,16
584,56,0,28
584,50,0,20
584,22,1,17
584,65,1,31
584,61,1,43
584,49,1,38
584,41,0,29
584,22,1,7
584,42,0,28
584,20,0,35
584,55,0,34
584,34,1,16
584,20,0,34
584,54,0,30
585,29,1,27
585,63,1,24
585,71,0,22
585,23,0,20
585,50,0,27
585,54,1,32
585,13,0,19
585,54,1,23
585,14,0,27
585,38,1,42
585,67,0,36
585,45,0,12
585,4,0,41
585,61,1,27
585,47,0,5
585,60,1,33
585,56,0,29
585,12,1,5
585,53,1,41
585,24,1,29
585,45,1,20
585,44,1,16
585,62,0,28
585,20,1,14
585,70,1,26
585,15,1,16
585,44,1,18
585,20,1,43
585,22,0,34
585,58,1,24
585,31,0,37
585,11,1,16
585,11,0,25
585,70,1,32
585,6,1,28
585,55,1,25
585,36,1,27
585,1,0,35
585,48,1,25
585,31,0,19
585,45,0,25
585,66,0,23
585,23,1,33
585,4,0,25
585,1,1,24
585,41,1,44
585,32,1,22
585,52,0,22
585,61,1,15
585,25,1,32
585,21,1,12
585,63,1,39
585,57,1,31
585,35,0,28
585,0,1,34
585,44,0,32
585,44,0,30
585,9,1,25
585,58,1,35
585,63,0,14
585,29,1,30
585,3,0,23
585,28,1,35
585,1,1,28
585,65,1,37
585,40,0,17
585,71,0,25
585,48,1,31
585,11,0,32
585,66,1,35
585,13,1,17
585,54,0,10
586,14,0,32
586,67,1,26
586,66,0,20
586,34,0,13
586,10,0,28
586,0,1,25
586,64,1,36
586,43,0,7
586,6,1,18
586,57,1,13
586,41,1,32
586,17,1,12
586,15,1,39
586,7,1,18
586,43,1,33
586,18,0,28
586,49,1,41
586,33,1,25
586,41,1,41
586,24,0,33
586,40,1,10
586,54,0,36
586,5,1,29
586,56,0,27
586,59,1,21
586,36,1,28
586,2,0,5
586,63,0,20
586,64,1,17
586,59,0,20
586,39,1,17
586,52,1,41
586,10,1,22
586,5,1,28
586,6,1,24
586,14,0,31
586,25,1,40
586,48,0,20
586,71,0,35
586,49,1,30
586,27,1,19
586,55,1,26
586,45,1,23
586,36,1,34
586,61,1,16
586,0,0,20
586,68,0,20
586,28,1,23
586,2,1,31
586,62,0,12
586,36,0,17
586,24,1,13
586,29,0,16
586,55,1,27
586,28,0,32
586,52,0,29
586,22,1,29
586,26,1,13
586,33,1,29
586,5,1,20
586,5,0,5
586,51,1,24
586,41,0,22
586,8,0,36
586,58,1,23
586,2,1,29
586,5,1,11
586,16,1,19
586,42,0,37
586,19,1,30
586,61,1,27
586,55,1,33
587,41,1,48
587,15,1,38
587,67,1,56
587,0,0,49
587,17,0,46
587,38,0,30
587,47,1,63
587,65,0,65
587,1,1,38
587,57,0,67
587,48,1,29
587,4,1,31
587,26,0,5
587,65,0,40
587,25,1,23
587,70,1,25
587,51,1,32
587,27,1,12
587,26,1,61
587,8,1,59
587,26,1,64
587,61,1,67
587,43,0,35
587,20,0,35
587,5,0,26
587,8,0,46
587,6,0,33
587,29,1,24
587,50,1,28
587,50,0,52
587,9,0,68
587,70,1,40
587,65,1,34
587,49,1,52
587,5,0,43
587,59,1,29
587,16,1,24
587,46,0,25
587,15,1,56
587,7,0,54
587,12,0,24
587,45,1,32
587,2,0,52
587,23,0,42
587,26,0,34
587,6,1,35
587,41,1,14
587,38,0,48
587,22,1,30
587,12,0,45
587,9,1,20
587,32,1,56
587,71,0,47
587,43,0,53
587,12,0,40
587,65,1,34
587,15,0,54
587,3,0,35
587,19,1,22
587,55,1,12
587,35,1,22
587,34,1,13
587,56,0,21
587,59,1,23
587,15,1,15
587,49,1,35
587,41,1,20
587,4,0,43
587,29,1,27
587,57,1,46
587,50,0,54
587,23,0,42
588,58,1,37
588,35,0,75
588,63,0,65
588,23,0,55
588,49,0,85
588,14,0,71
588,25,0,27
588,13,1,78
588,57,0,70
588,28,1,59
588,17,1,81
588,29,0,81
588,44,0,51
588,46,0,56
588,43,0,63
588,10,1,91
588,67,0,90
588,32,0,40
588,13,0,62
588,64,0,13
588,54,0,76
588,59,0,95
588,40,0,75
588,51,0,43
588,43,0,28
588,71,0,102
588,59,0,56
588,35,1,91
588,32,1,55
588,41,0,103
588,64,1,104
588,22,1,87
588,27,0,114
588,36,0,71
588,30,1,47
588,31,0,65
588,42,0,81
588,23,0,70
588,63,1,68
588,3,1,57
588,37,0,5
588,19,0,72
588,25,0,53
588,28,0,27
588,71,0,52
588,26,1,73
588,31,1,60
588,36,0,66
588,29,0,17
588,3,0,53
588,70,0,56
588,20,0,54
588,4,0,69
588,70,0,61
588,20,0,31
588,15,0,70
588,30,1,35
588,26,0,60
588,36,0,40
588,31,0,41
588,32,0,37
588,44,0,87
588,3,0,64
588,12,1,55
588,10,0,88
588,11,1,69
588,59,0,69
588,6,0,63
588,14,0,40
588,35,1,75
588,62,0,80
588,62,0,48
589,46,1,41
589,65,1,21
589,13,1,20
589,33,1,36
589,6,0,38
589,57,0,20
589,37,1,50
589,44,1,27
589,69,0,26
589,41,1,33
589,37,1,30
589,41,1,22
589,37,1,20
589,26,1,44
589,31,1,25
589,36,1,15
589,35,1,32
589,37,0,33
589,53,0,16
589,10,1,30
589,49,1,38
589,60,1,46
589,62,0,41
589,64,1,41
589,62,1,28
589,12,0,18
589,3,1,42
589,5,1,31
589,62,0,29
589,12,1,20
589,46,1,28
589,27,0,19
589,30,1,40
589,55,1,37
589,68,1,42
589,25,1,24
589,26,1,19
589,35,1,20
589,4,0,31
589,27,1,11
589,70,1,45
589,46,0,36
589,59,1,28
589,70,1,15
589,1,1,29
589,11,1,8
589,44,1,31
589,19,1,14
589,63,1,30
589,3,0,38
589,58,1,56
589,27,1,24
589,24,1,38
589,46,1,39
589,23,0,21
589,26,1,20
589,12,0,24
589,49,1,20
589,50,1,6
589,70,1,21
589,58,1,33
589,5,1,21
589,42,0,31
589,20,0,38
589,11,1,7
589,63,1,42
589,39,1,23
589,35,1,40
589,38,1,39
589,71,1,38
589,3,0,28
589,37,0,19
590,2,1,51
590,7,1,45
590,69,1,20
590,27,0,36
590,56,0,29
590,50,0,55
590,21,1,48
590,71,0,38
590,24,0,24
590,52,1,45
590,28,1,53
590,37,0,67
590,66,0,33
590,10,1,47
590,28,1,30
590,13,1,59
590,35,1,56
590,68,0,39
590,60,1,32
590,15,1,44
590,35,1,5
590,14,1,40
590,27,0,54
590,27,1,34
590,35,1,30
590,4,1,53
590,19,0,33
590,38,1,27
590,19,0,47
590,59,1,42
590,44,0,36
590,65,1,55
590,18,0,31
590,57,0,45
590,24,0,31
590,7,1,55
590,38,1,41
590,34,0,19
590,23,1,54
590,27,1,64
590,29,1,35
590,46,0,56
590,33,1,68
590,47,1,34
590,33,0,52
590,20,0,62
590,40,1,35
590,26,1,41
590,5,0,62
590,71,0,57
590,58,1,61
590,60,1,50
590,0,1,54
590,48,0,35
590,9,0,30
590,43,0,46
590,69,0,44
590,28,1,40
590,42,0,63
590,59,0,64
590,45,0,38
590,1,0,57
590,13,0,9
590,62,1,45
590,44,0,56
590,53,0,54
590,35,0,60
590,50,0,30
590,28,0,36
590,64,0,23
590,71,0,65
590,27,0,36
591,69,1,49
591,36,1,32
591,2,1,66
591,61,0,79
591,67,0,64
591,44,1,46
591,71,0,48
591,69,1,54
591,46,0,42
591,62,1,52
591,22,1,40
591,48,1,52
591,39,1,40
591,35,1,40
591,2,1,56
591,18,1,47
591,27,0,73
591,34,0,50
591,47,0,64
591,55,0,21
591,45,1,67
591,48,1,45
591,45,0,41
591,18,1,32
591,59,1,36
591,49,1,34
591,18,0,59
591,36,1,52
591,37,1,30
591,40,0,48
591,6,1,44
591,31,0,31
591,44,1,53
591,37,0,11
591,52,1,65
591,37,0,61
591,48,1,56
591,0,0,60
591,48,0,33
591,11,1,57
591,4,0,48
591,28,0,55
591,59,1,57
591,8,0,41
591,48,0,57
591,20,1,45
591,36,1,60
591,12,1,55
591,43,0,43
591,9,1,22
591,54,1,39
591,62,1,33
591,43,0,29
591,0,0,55
591,62,0,63
591,4,0,70
591,40,0,68
591,52,1,78
591,41,1,45
591,23,1,52
591,22,1,23
591,61,1,19
591,21,1,66
591,14,0,46
591,65,1,42
591,0,1,41
591,4,0,62
591,5,1,39
591,53,1,19
591,66,0,63
591,21,1,54
591,66,1,47
592,57,1,49
592,6,0,38
592,11,0,52
592,65,1,38
592,69,0,52
592,19,0,26
592,65,1,18
592,65,1,6
592,42,1,32
592,39,0,36
592,24,0,25
592,36,1,48
592,11,1,45
592,69,0,18
592,28,0,5
592,63,0,60
592,13,0,63
592,25,1,59
592,23,1,34
592,19,1,41
592,9,1,33
592,40,0,56
592,35,1,36
592,37,1,50
592,28,0,26
592,52,0,34
592,22,1,40
592,14,0,35
592,15,1,18
592,51,1,84
592,46,0,24
592,43,0,66
592,5,1,60
592,11,0,36
592,69,1,21
592,64,1,50
592,67,0,54
592,33,0,51
592,40,0,26
592,67,0,29
592,52,1,32
592,20,1,46
592,64,0,32
592,58,0,31
592,20,1,54
592,3,1,65
592,6,0,45
592,66,0,53
592,33,0,28
592,52,1,42
592,35,1,26
592,29,0,37
592,61,0,20
592,14,1,67
592,21,0,29
592,51,1,54
592,17,1,39
592,71,0,41
592,32,0,32
592,59,1,59
592,4,1,13
592,34,1,50
592,27,1,46
592,63,1,25
592,43,0,57
592,11,1,36
592,57,1,46
592,24,0,37
592,24,0,58
592,45,1,37
592,59,1,28
592,37,1,43
593,36,1,23
593,35,1,17
593,4,0,5
593,61,0,16
593,58,0,34
593,33,0,46
593,61,1,26
593,10,0,36
593,33,0,7
593,46,1,35
593,16,0,12
593,47,0,39
593,25,0,30
593,47,1,25
593,7,1,29
593,6,0,35
593,16,1,9
593,68,1,32
593,8,1,42
593,67,1,23
593,8,0,27
593,63,0,23
593,39,1,16
593,11,1,24
593,28,1,12
593,65,1,21
593,32,0,10
593,54,0,12
593,17,0,21
593,44,0,41
593,44,1,21
593,33,1,15
593,67,0,20
593,26,1,31
593,42,0,23
593,37,1,42
593,71,0,17
593,35,1,26
593,43,1,28
593,8,1,41
593,56,0,25
593,48,0,18
593,60,0,26
593,67,0,26
593,4,1,16
593,25,0,8
593,54,0,30
593,44,0,25
593,50,1,5
593,14,0,23
593,29,1,7
593,55,0,23
593,14,0,12
593,12,0,7
593,28,0,14
593,34,0,42
593,53,0,31
593,32,1,17
593,69,1,5
593,19,1,18
593,5,1,28
593,55,0,8
593,46,0,34
593,5,1,12
593,3,1,21
593,1,0,32
593,39,1,5
593,10,1,32
593,26,1,20
593,53,0,37
593,58,1,18
593,10,1,29
594,66,1,22
594,57,1,23
594,39,1,22
594,45,1,36
594,3,1,25
594,20,1,22
594,47,1,28
594,28,1,18
594,15,0,37
594,28,1,20
594,70,1,8
594,39,1,38
594,71,0,13
594,47,0,9
594,6,1,38
594,58,1,40
594,19,1,26
594,67,1,19
594,67,0,29
594,46,1,34
594,51,1,40
594,29,1,31
594,70,1,29
594,54,1,35
594,4,1,29
594,6,1,33
594,49,1,21
594,68,1,15
594,67,0,19
594,6,1,25
594,48,1,38
594,16,0,52
594,40,0,17
594,67,1,31
594,55,0,22
594,31,1,37
594,26,1,9
594,59,1,32
594,64,0,51
594,15,1,27
594,66,1,37
594,11,1,8
594,58,1,43
594,50,0,43
594,69,1,19
594,43,1,20
594,10,0,34
594,38,1,15
594,34,1,37
594,34,0,28
594,65,1,28
594,57,0,32
594,25,1,35
594,18,0,19
594,24,0,35
594,33,1,33
594,70,0,35
594,16,1,35
594,46,1,29
594,13,0,31
594,36,0,43
594,68,1,46
594,15,1,38
594,24,1,34
594,66,0,28
594,27,1,33
594,37,1,35
594,33,0,26
594,37,1,30
594,31,0,30
594,30,1,29
594,56,1,42
595,62,1,51
595,1,1,65
595,58,1,59
595,50,0,56
595,48,1,40
595,70,0,47
595,16,1,54
595,34,1,48
595,56,0,44
595,27,0,42
595,60,1,52
595,19,0,36
595,47,1,23
595,45,1,51
595,42,1,39
595,16,0,21
595,43,0,42
595,34,0,38
595,48,1,42
595,9,0,42
595,3,1,52
595,1,1,44
595,46,1,46
595,43,1,50
595,51,1,76
595,26,1,48
595,43,1,30
595,43,0,41
595,45,0,52
595,42,0,30
595,59,1,40
595,54,0,55
595,66,1,51
595,63,1,45
595,49,1,45
595,60,1,45
595,58,0,37
595,52,1,27
595,37,1,48
595,32,0,24
595,69,0,59
595,60,1,41
595,41,1,32
595,9,0,55
595,42,0,43
595,31,0,25
595,30,1,53
595,46,0,13
595,9,0,41
595,2,1,25
595,57,1,56
595,49,1,33
595,67,0,39
595,46,1,63
595,15,1,50
595,59,1,49
595,17,1,49
595,17,1,43
595,25,1,50
595,53,1,55
595,69,0,28
595,49,1,52
595,18,1,42
595,5,1,35
595,56,1,38
595,69,0,43
595,68,1,38
595,8,1,42
595,57,0,45
595,59,1,39
595,24,1,62
595,0,1,48
596,20,1,35
596,5,1,27
596,9,1,41
596,47,1,25
596,70,1,53
596,68,1,43
596,30,0,20
596,31,0,17
596,30,1,62
596,60,0,40
596,44,0,44
596,51,1,29
596,32,0,54
596,52,1,64
596,47,1,51
596,53,1,41
596,48,0,60
596,30,1,31
596,31,0,45
596,70,0,58
596,2,0,36
596,34,0,66
596,57,0,39
596,1,1,68
596,24,0,58
596,47,1,34
596,28,0,41
596,17,1,40
596,16,0,42
596,42,1,53
596,5,0,53
596,39,1,18
596,18,0,44
596,65,0,48
596,35,0,54
596,63,1,51
596,10,0,62
596,50,0,64
596,12,1,28
596,17,1,55
596,4,0,75
596,55,0,31
596,62,0,32
596,9,0,29
596,31,0,41
596,7,1,33
596,39,0,22
596,31,0,50
596,40,1,33
596,34,0,35
596,22,1,30
596,23,1,58
596,57,0,58
596,69,1,39
596,47,0,42
596,0,0,12
596,59,1,33
596,12,0,24
596,60,0,43
596,31,0,21
596,9,0,38
596,47,0,5
596,15,0,29
596,43,1,25
596,22,1,29
596,59,0,14
596,69,0,41
596,44,0,36
596,57,0,26
596,50,1,53
596,4,1,23
596,66,0,17
597,57,0,70
597,38,0,73
597,8,0,37
597,10,0,86
597,48,0,42
597,5,1,86
597,63,1,30
597,14,0,38
597,64,0,62
597,26,0,61
597,59,1,68
597,58,0,63
597,36,0,75
597,43,0,49
597,44,0,60
597,30,1,93
597,54,0,84
597,21,0,56
597,52,0,72
597,41,0,50
597,1,1,108
597,41,1,49
597,36,0,43
597,3,0,66
597,17,0,66
597,48,0,48
597,49,0,67
597,24,0,60
597,46,0,74
597,27,0,54
597,47,0,53
597,30,0,63
597,56,0,55
597,9,0,13
597,27,0,23
597,60,1,92
597,56,0,52
597,28,0,21
597,41,0,42
597,66,0,82
597,35,0,62
597,22,0,62
597,70,1,48
597,39,0,99
597,13,1,36
597,66,0,83
597,39,0,95
597,39,0,69
597,42,0,46
597,67,1,20
597,21,0,38
597,32,1,62
597,58,0,70
597,60,0,50
597,33,0,55
597,28,1,34
597,57,0,73
597,48,1,49
597,68,0,54
597,49,1,39
597,55,0,56
597,53,0,81
597,23,0,103
597,12,0,43
597,60,0,74
597,41,0,92
597,14,0,54
597,18,1,56
597,7,1,50
597,3,0,100
597,57,1,31
597,0,1,32
598,38,1,34
598,13,1,40
598,34,0,36
598,23,0,28
598,23,1,43
598,69,1,34
598,19,1,30
598,14,1,34
598,44,1,18
598,22,1,15
598,40,1,29
598,3,0,24
598,30,1,18
598,43,0,26
598,53,0,28
598,5,1,22
598,63,1,32
598,70,1,38
598,1,1,18
598,23,1,7
598,31,1,34
598,47,1,21
598,37,1,24
598,56,1,16
598,70,1,24
598,48,1,53
598,69,1,56
598,4,1,50
598,10,1,33
598,14,0,18
598,19,1,15
598,17,1,23
598,18,1,25
598,28,1,19
598,46,1,31
598,37,1,34
598,56,1,12
598,40,1,22
598,8,1,22
598,60,1,30
598,3,1,16
598,33,1,33
598,0,0,34
598,59,1,44
598,68,1,47
598,27,1,14
598,18,1,32
598,70,1,15
598,23,0,36
598,40,1,13
598,14,1,28
598,22,1,31
598,5,1,25
598,48,1,25
598,5,1,42
598,18,1,34
598,62,0,32
598,70,1,29
598,29,0,18
598,14,1,16
598,20,1,35
598,40,0,19
598,66,1,15
598,36,1,32
598,16,1,28
598,21,1,19
598,46,1,23
598,33,1,28
598,34,1,22
598,55,1,27
598,62,1,19
598,52,1,28
599,54,0,27
599,10,0,18
599,24,0,16
599,6,1,37
599,22,1,21
599,68,1,17
599,47,1,24
599,37,1,22
599,0,1,33
599,29,1,42
599,51,1,28
599,49,1,30
599,13,1,14
599,18,0,38
599,21,1,26
599,39,1,26
599,24,0,27
599,65,1,34
599,15,1,22
599,17,1,21
599,8,1,18
599,44,1,21
599,23,0,35
599,38,1,38
599,66,1,25
599,5,1,29
599,19,0,21
599,60,1,23
599,61,1,14
599,66,0,29
599,64,0,34
599,64,0,23
599,5,1,19
599,27,1,24
599,35,1,23
599,57,0,29
599,32,1,30
599,38,1,26
599,69,0,27
599,29,1,35
599,70,1,21
599,48,0,29
599,6,1,29
599,0,1,48
599,69,1,36
599,15,1,20
599,43,0,38
599,63,1,33
599,42,1,33
599,4,0,32
599,28,0,37
599,12,1,42
599,62,1,28
599,56,0,19
599,16,1,40
599,15,1,10
599,46,1,25
599,13,1,40
599,69,0,26
599,19,1,22
599,52,1,28
599,60,1,17
599,7,1,29
599,8,1,29
599,33,1,48
599,58,1,15
599,48,1,27
599,35,1,49
599,17,1,35
599,57,1,30
599,69,1,29
599,45,1,34
600,44,1,31
600,43,0,22
600,48,0,28
600,33,1,30
600,29,0,33
600,24,0,31
600,26,1,29
600,46,1,42
600,22,1,49
600,50,0,5
600,28,1,20
600,28,1,5
600,19,0,40
600,59,1,21
600,68,1,36
600,6,1,11
600,71,1,37
600,41,0,20
600,60,1,26
600,64,1,27
600,70,1,40
600,24,0,34
600,28,1,29
600,8,0,27
600,32,0,25
600,8,1,34
600,13,1,50
600,25,1,24
600,64,1,24
600,49,1,43
600,68,1,44
600,64,1,37
600,27,1,32
600,12,0,34
600,53,1,28
600,32,1,28
600,38,1,26
600,20,0,5
600,51,1,25
600,46,1,40
600,33,1,44
600,25,0,43
600,11,1,25
600,10,1,46
600,20,0,16
600,26,1,54
600,32,1,23
600,53,1,28
600,9,0,18
600,6,1,26
600,62,1,18
600,32,0,22
600,43,0,19
600,29,1,9
600,7,1,28
600,16,0,23
600,66,0,25
600,53,0,11
600,32,0,15
600,31,1,40
600,24,0,44
600,16,1,19
600,70,1,22
600,43,0,29
600,23,0,10
600,8,1,22
600,19,0,32
600,41,1,20
600,48,1,25
600,54,1,38
600,28,0,38
600,4,1,28
601,46,0,32
601,63,1,71
601,68,0,45
601,29,1,27
601,30,1,24
601,34,1,68
601,34,0,25
601,33,0,48
601,30,0,43
601,50,0,56
601,24,1,55
601,41,0,43
601,18,0,65
601,4,1,22
601,1,0,43
601,41,1,41
601,50,0,36
601,55,0,48
601,3,0,8
601,67,0,24
601,28,1,21
601,28,0,54
601,48,0,71
601,50,1,45
601,13,1,47
601,67,0,35
601,38,1,40
601,47,0,33
601,9,0,18
601,10,1,72
601,47,0,62
601,27,0,60
601,46,0,48
601,17,0,35
601,37,0,62
601,64,0,20
601,65,1,36
601,61,0,25
601,15,0,8
601,55,1,47
601,49,0,36
601,45,0,33
601,45,0,45
601,37,1,38
601,59,0,61
601,16,0,42
601,29,1,58
601,17,1,18
601,51,1,61
601,29,1,31
601,35,1,28
601,33,1,67
601,26,1,52
601,49,0,37
601,30,1,37
601,4,1,37
601,50,0,30
601,40,0,47
601,62,0,45
601,44,0,27
601,45,1,36
601,12,1,33
601,12,0,37
601,59,1,28
601,33,0,46
601,65,1,45
601,15,0,35
601,67,1,23
601,51,1,31
601,38,1,46
601,10,0,39
601,57,0,18
602,35,0,19
602,7,1,27
602,34,0,14
602,53,1,30
602,2,1,59
602,1,0,37
602,54,1,43
602,7,1,61
602,59,1,24
602,6,1,31
602,58,1,39
602,61,0,45
602,11,0,18
602,9,1,18
602,53,0,35
602,23,1,53
602,44,0,10
602,66,1,37
602,30,1,14
602,31,0,21
602,70,1,38
602,3,0,9
602,14,0,64
602,71,0,50
602,25,1,51
602,46,1,20
602,33,0,29
602,28,1,43
602,63,1,47
602,25,1,52
602,51,0,30
602,29,1,57
602,59,1,28
602,7,0,55
602,13,1,16
602,13,0,47
602,70,0,21
602,55,1,57
602,25,0,54
602,17,0,32
602,52,1,44
602,56,1,31
602,28,1,51
602,46,1,37
602,18,1,50
602,41,1,55
602,39,1,28
602,39,0,12
602,61,1,49
602,16,1,45
602,6,1,42
602,16,0,52
602,12,1,39
602,71,0,59
602,10,1,42
602,0,1,14
602,62,0,28
602,40,0,72
602,8,0,17
602,7,1,23
602,66,0,36
602,50,1,25
602,0,0,51
602,40,1,26
602,34,0,40
602,31,1,25
602,70,1,43
602,10,0,66
602,22,1,27
602,57,0,59
602,25,0,52
602,42,0,71
603,64,0,9
603,11,1,28
603,22,1,30
603,15,1,33
603,60,0,27
603,32,1,37
603,3,0,44
603,48,0,37
603,20,0,12
603,9,0,31
603,11,0,48
603,33,1,29
603,32,0,43
603,51,1,23
603,59,1,21
603,47,1,31
603,54,1,21
603,9,1,24
603,52,1,13
603,5,1,38
603,4,1,21
603,57,0,41
603,35,0,45
603,38,1,40
603,36,1,31
603,51,0,11
603,44,1,40
603,71,1,14
603,43,0,7
603,55,1,32
603,56,1,37
603,18,1,34
603,11,1,25
603,27,1,43
603,6,1,17
603,47,1,49
603,22,1,25
603,15,1,42
603,71,1,44
603,60,1,39
603,10,1,22
603,5,1,22
603,40,0,34
603,67,1,27
603,3,0,28
603,14,1,23
603,14,0,46
603,47,0,15
603,48,0,53
603,25,1,31
603,1,0,28
603,40,0,46
603,4,0,34
603,24,0,34
603,45,0,22
603,57,0,12
603,69,1,26
603,71,1,21
603,2,1,34
603,27,1,42
603,17,1,37
603,38,1,23
603,44,1,38
603,50,0,47
603,40,0,32
603,50,0,28
603,43,0,40
603,57,0,43
603,22,1,35
603,22,1,38
603,22,0,48
603,63,1,18
604,63,1,13
604,60,0,26
604,28,0,16
604,69,1,28
604,27,1,43
604,10,0,24
604,52,1,31
604,36,0,22
604,3,0,34
604,14,1,5
604,46,0,29
604,12,0,23
604,48,0,22
604,43,0,24
604,11,1,6
604,53,0,5
604,18,0,20
604,36,1,21
604,51,1,43
604,58,0,27
604,70,1,15
604,59,0,24
604,70,1,16
604,67,0,30
604,14,1,22
604,70,0,35
604,24,0,15
604,10,0,28
604,58,1,22
604,7,1,35
604,12,0,12
604,7,0,33
604,24,1,27
604,52,0,26
604,62,0,48
604,45,1,26
604,51,0,36
604,12,0,16
604,3,0,16
604,26,1,38
604,13,1,20
604,42,1,8
604,23,0,45
604,5,1,36
604,64,0,14
604,66,0,22
604,23,0,42
604,22,1,20
604,11,1,32
604,23,0,5
604,24,1,50
604,41,0,27
604,34,0,25
604,23,0,11
604,57,0,35
604,50,0,19
604,24,1,12
604,30,1,18
604,66,0,27
604,13,0,52
604,21,1,26
604,29,0,35
604,71,1,15
604,36,0,22
604,59,0,30
604,30,1,27
604,59,0,22
604,33,0,18
604,55,0,5
604,62,0,7
604,45,0,24
604,6,1,23
605,30,1,45
605,63,1,40
605,67,0,56
605,25,1,49
605,0,1,13
605,16,0,41
605,17,1,30
605,36,1,32
605,58,1,22
605,19,1,66
605,68,1,26
605,5,1,38
605,51,0,43
605,16,1,40
605,54,1,64
605,47,1,32
605,27,1,29
605,8,0,37
605,58,0,43
605,45,0,53
605,66,1,37
605,61,1,33
605,65,1,49
605,46,0,66
605,63,1,36
605,16,0,44
605,41,1,56
605,7,0,53
605,36,1,35
605,50,1,37
605,56,1,74
605,1,1,56
605,32,1,59
605,1,1,61
605,67,1,44
605,13,1,51
605,55,1,41
605,55,0,38
605,65,1,58
605,8,0,52
605,46,0,39
605,61,1,53
605,33,0,66
605,21,1,42
605,57,1,59
605,14,1,50
605,15,1,62
605,8,1,36
605,25,1,12
605,44,0,36
605,45,1,42
605,65,0,41
605,41,1,31
605,52,0,33
605,29,1,38
605,43,0,36
605,8,1,26
605,35,1,64
605,50,0,14
605,66,0,33
605,61,0,38
605,50,1,54
605,57,1,39
605,39,1,51
605,48,0,55
605,0,1,7
605,55,1,58
605,45,1,11
605,48,0,40
605,4,0,27
605,42,0,52
605,37,0,20
606,46,1,21
606,52,1,19
606,41,1,27
606,28,1,43
606,42,1,26
606,52,1,15
606,23,1,21
606,17,1,35
606,62,0,28
606,37,1,23
606,52,1,21
606,5,1,31
606,70,1,25
606,6,1,9
606,42,1,28
606,29,1,24
606,25,1,33
606,22,1,22
606,20,1,32
606,44,0,21
606,48,1,20
606,21,1,32
606,52,1,49
606,34,0,39
606,3,1,38
606,14,1,37
606,21,1,34
606,6,1,20
606,16,0,18
606,44,0,37
606,36,1,13
606,8,1,32
606,49,1,22
606,43,1,43
606,49,1,31
606,47,1,23
606,22,1,37
606,35,1,43
606,4,0,16
606,39,1,44
606,26,0,22
606,18,1,19
606,63,1,39
606,63,1,28
606,36,1,36
606,20,1,30
606,30,0,34
606,58,1,28
606,26,1,24
606,53,0,29
606,40,1,22
606,30,1,39
606,61,1,34
606,58,1,29
606,61,1,24
606,28,1,27
606,0,0,27
606,23,0,10
606,49,1,26
606,0,1,37
606,17,1,26
606,49,1,31
606,33,1,16
606,15,1,46
606,47,1,41
606,47,1,41
606,17,1,38
606,33,1,28
606,1,1,42
606,53,1,29
606,37,0,27
606,29,0,16
607,60,1,43
607,14,1,23
607,50,0,46
607,10,0,29
607,54,1,27
607,54,0,43
607,71,0,29
607,17,0,23
607,17,1,47
607,66,0,63
607,55,1,27
607,53,1,49
607,61,1,51
607,6,0,28
607,42,1,60
607,14,0,46
607,69,0,40
607,33,0,37
607,70,1,53
607,2,0,74
607,56,0,47
607,52,1,57
607,34,0,22
607,64,0,60
607,70,1,51
607,7,0,37
607,10,0,36
607,8,0,65
607,71,0,43
607,25,1,41
607,44,1,38
607,39,0,31
607,44,0,45
607,8,0,51
607,6,1,41
607,24,1,37
607,27,1,59
607,36,0,27
607,8,1,40
607,7,1,60
607,27,1,40
607,35,0,37
607,54,1,66
607,24,0,5
607,1,1,50
607,35,0,42
607,11,0,27
607,55,1,26
607,6,1,18
607,40,0,31
607,56,1,49
607,11,1,43
607,20,1,48
607,60,0,48
607,6,1,28
607,64,0,50
607,25,1,58
607,30,0,39
607,45,1,44
607,49,0,71
607,7,0,36
607,51,0,25
607,69,0,36
607,5,0,43
607,48,0,44
607,29,1,30
607,19,0,47
607,4,0,32
607,4,0,47
607,63,1,58
607,23,1,44
607,15,1,33
608,15,0,38
608,50,0,49
608,13,1,51
608,28,1,24
608,46,1,74
608,46,0,39
608,65,1,33
608,26,0,15
608,2,1,36
608,16,1,59
608,56,1,69
608,29,0,47
608,52,0,40
608,43,0,55
608,15,0,56
608,64,0,5
608,6,1,53
608,52,1,19
608,13,0,61
608,55,0,47
608,34,0,67
608,59,0,54
608,61,1,49
608,45,0,49
608,40,0,45
608,55,1,49
608,22,0,50
608,2,0,50
608,66,0,33
608,47,0,37
608,22,0,31
608,47,1,39
608,42,1,43
608,63,1,25
608,38,1,17
608,10,0,19
608,48,0,39
608,1,0,28
608,13,0,20
608,24,0,41
608,68,1,24
608,31,0,53
608,43,0,29
608,5,1,45
608,25,1,64
608,70,0,62
608,9,0,41
608,8,0,55
608,58,0,42
608,24,0,75
608,14,0,47
608,27,0,61
608,38,0,50
608,71,0,5
608,61,1,47
608,0,0,53
608,17,0,48
608,56,1,47
608,21,0,57
608,38,1,23
608,11,0,33
608,4,0,45
608,69,0,55
608,64,1,53
608,29,1,52
608,1,1,37
608,0,1,48
608,26,1,37
608,17,1,35
608,51,0,46
608,48,1,44
608,35,1,40
609,34,0,39
609,6,1,51
609,29,0,54
609,6,1,74
609,47,0,64
609,13,1,70
609,24,0,51
609,6,0,21
609,42,1,38
609,26,0,41
609,8,0,46
609,29,0,76
609,17,0,26
609,29,1,49
609,36,1,50
609,38,1,44
609,7,1,32
609,28,1,71
609,7,0,53
609,7,0,31
609,43,0,28
609,63,0,42
609,44,0,35
609,63,1,29
609,27,1,40
609,2,1,69
609,1,1,42
609,40,0,61
609,44,0,26
609,10,0,17
609,68,1,63
609,69,0,31
609,63,0,50
609,12,0,66
609,48,0,25
609,17,0,77
609,8,0,43
609,33,1,36
609,38,1,59
609,71,0,29
609,25,0,54
609,33,0,46
609,32,1,45
609,31,0,51
609,6,1,57
609,14,0,50
609,47,0,66
609,45,1,66
609,36,1,47
609,1,0,43
609,59,0,45
609,40,0,49
609,42,1,25
609,51,0,58
609,41,1,62
609,3,1,60
609,33,1,38
609,36,0,55
609,0,0,81
609,45,0,25
609,32,0,42
609,48,0,54
609,41,0,47
609,56,0,29
609,69,0,51
609,54,1,43
609,10,0,41
609,17,1,43
609,11,1,52
609,68,0,44
609,21,0,42
609,67,0,34
610,2,1,54
610,36,1,54
610,45,1,32
610,66,1,28
610,67,1,33
610,6,0,18
610,69,1,34
610,20,1,29
610,13,1,53
610,45,1,30
610,66,1,34
610,25,1,32
610,62,0,44
610,64,1,37
610,22,1,19
610,22,1,24
610,50,1,26
610,22,1,29
610,23,0,41
610,51,1,34
610,9,1,24
610,69,0,40
610,9,0,24
610,43,1,30
610,55,1,27
610,27,1,5
610,21,1,23
610,57,1,34
610,3,1,24
610,28,1,26
610,43,0,31
610,21,0,35
610,38,1,19
610,16,1,24
610,4,1,34
610,66,1,12
610,49,1,31
610,25,0,46
610,53,1,36
610,29,1,27
610,33,0,31
610,27,1,49
610,32,0,31
610,66,1,23
610,39,1,17
610,23,1,25
610,69,1,33
610,18,1,26
610,1,1,40
610,11,1,25
610,6,1,32
610,24,1,26
610,13,1,27
610,65,1,21
610,61,1,23
610,12,0,41
610,62,1,42
610,20,1,21
610,20,0,16
610,56,1,45
610,16,1,25
610,3,0,33
610,32,1,41
610,36,1,17
610,8,1,13
610,46,1,32
610,56,0,28
610,11,1,14
610,19,1,20
610,20,1,23
610,12,1,39
610,63,1,20
611,47,1,30
611,13,1,31
611,21,1,9
611,39,0,38
611,57,0,48
611,6,1,32
611,18,1,21
611,31,0,44
611,46,0,29
611,38,1,19
611,23,0,22
611,26,1,30
611,52,1,42
611,36,1,48
611,9,0,27
611,27,0,34
611,34,0,53
611,8,0,56
611,19,0,42
611,62,0,49
611,30,0,48
611,4,0,26
611,3,0,21
611,69,1,41
611,34,0,52
611,19,0,49
611,21,1,18
611,23,1,53
611,26,1,48
611,25,0,72
611,9,0,52
611,60,1,39
611,28,1,45
611,28,0,53
611,4,0,60
611,32,0,19
611,61,1,31
611,4,0,42
611,25,1,15
611,54,1,54
611,34,0,46
611,49,1,67
611,65,1,30
611,42,1,42
611,63,1,23
611,34,1,55
611,50,0,46
611,69,0,39
611,62,1,44
611,37,0,29
611,63,0,30
611,10,0,26
611,48,1,27
611,43,0,25
611,54,0,39
611,44,0,25
611,62,1,16
611,26,0,5
611,24,0,25
611,38,1,33
611,70,1,18
611,12,0,53
611,25,0,29
611,16,0,64
611,70,0,49
611,36,1,21
611,3,1,33
611,41,0,47
611,69,0,42
611,45,1,36
611,24,0,19
611,51,1,74
612,64,1,49
612,69,0,31
612,24,0,33
612,39,0,45
612,46,0,35
612,60,0,17
612,70,0,43
612,22,1,61
612,63,0,67
612,69,0,72
612,24,0,59
612,54,0,41
612,57,1,27
612,62,1,40
612,45,0,49
612,62,1,91
612,62,0,56
612,33,1,36
612,33,1,37
612,7,1,42
612,5,1,29
612,23,0,37
612,51,0,45
612,5,1,42
612,41,1,51
612,2,0,43
612,54,0,14
612,57,0,51
612,57,1,37
612,60,1,37
612,55,1,48
612,47,1,39
612,2,0,65
612,13,1,29
612,66,0,20
612,19,0,34
612,33,1,35
612,20,0,42
612,63,0,38
612,49,0,28
612,18,0,52
612,46,0,78
612,39,0,70
612,31,0,22
612,16,0,72
612,40,1,50
612,14,1,43
612,17,1,59
612,47,0,62
612,62,0,76
612,2,0,44
612,62,1,24
612,28,0,28
612,61,1,50
612,6,0,33
612,32,0,36
612,31,0,65
612,8,0,61
612,46,1,79
612,66,1,49
612,23,0,27
612,40,0,28
612,17,1,54
612,70,1,28
612,38,0,32
612,40,0,23
612,47,0,52
612,57,1,52
612,56,1,61
612,20,1,27
612,67,1,34
612,64,1,45
613,59,1,16
613,33,1,19
613,10,1,25
613,70,1,31
613,54,1,23
613,68,1,42
613,1,1,28
613,33,0,15
613,18,0,33
613,31,0,32
613,44,1,17
613,5,1,38
613,8,1,30
613,68,1,32
613,17,1,34
613,55,1,39
613,58,1,35
613,42,1,35
613,1,1,40
613,2,1,30
613,7,1,18
613,66,1,36
613,1,1,30
613,36,1,32
613,4,1,27
613,33,1,23
613,13,0,35
613,53,1,19
613,44,1,60
613,11,1,23
613,54,1,24
613,11,1,40
613,35,0,17
613,53,1,38
613,8,1,19
613,13,1,27
613,22,1,23
613,28,1,20
613,50,1,26
613,52,1,33
613,71,0,21
613,43,1,41
613,46,1,17
613,33,0,34
613,26,1,26
613,65,1,30
613,11,1,42
613,33,0,28
613,8,1,15
613,17,1,25
613,50,1,41
613,40,0,44
613,11,1,24
613,25,1,31
613,36,1,9
613,19,0,49
613,12,1,24
613,39,1,34
613,62,0,7
613,23,1,29
613,12,1,37
613,34,1,19
613,31,1,27
613,38,1,18
613,4,0,28
613,1,1,21
613,43,0,30
613,19,1,35
613,57,1,14
613,70,0,44
613,33,0,15
613,60,1,27
614,54,0,68
614,12,0,70
614,26,0,87
614,47,0,64
614,59,1,71
614,9,1,29
614,21,0,64
614,40,0,86
614,51,0,56
614,54,1,44
614,26,0,51
614,14,0,59
614,22,1,42
614,52,0,65
614,35,0,52
614,23,0,56
614,45,0,41
614,15,1,43
614,27,0,57
614,69,0,61
614,39,0,72
614,28,1,61
614,37,0,62
614,41,1,28
614,27,0,64
614,16,0,64
614,50,0,76
614,49,0,55
614,4,0,37
614,41,1,45
614,64,0,77
614,27,0,61
614,50,0,81
614,45,0,18
614,5,0,57
614,9,0,86
614,27,1,64
614,4,0,60
614,23,0,74
614,6,0,61
614,30,1,15
614,13,1,87
614,66,0,38
614,53,0,85
614,24,0,23
614,5,0,13
614,19,0,111
614,33,0,102
614,60,1,130
614,71,0,50
614,63,0,11
614,33,0,17
614,7,0,40
614,49,0,50
614,56,0,68
614,4,1,52
614,23,0,22
614,34,0,44
614,15,1,17
614,30,1,75
614,31,0,65
614,16,0,73
614,13,1,83
614,51,0,51
614,29,0,39
614,46,0,53
614,41,0,53
614,19,0,60
614,10,0,79
614,70,0,56
614,59,0,39
614,4,0,26
615,29,0,28
615,58,1,21
615,66,1,25
615,46,1,30
615,2,1,10
615,19,1,36
615,51,0,31
615,46,1,31
615,69,1,24
615,8,0,26
615,52,1,33
615,46,1,10
615,11,0,36
615,37,1,29
615,1,1,33
615,69,1,34
615,5,1,17
615,44,0,24
615,12,1,50
615,40,1,21
615,16,1,21
615,55,1,35
615,15,1,22
615,20,0,29
615,54,0,45
615,63,1,32
615,2,1,38
615,61,1,20
615,58,1,14
615,17,1,25
615,7,0,37
615,25,0,20
615,18,0,38
615,7,1,42
615,0,0,46
615,39,0,36
615,5,1,40
615,12,1,18
615,13,1,25
615,46,1,37
615,60,1,15
615,17,1,33
615,7,1,30
615,66,0,50
615,6,0,31
615,27,1,33
615,65,1,38
615,16,0,28
615,24,0,38
615,58,0,25
615,20,0,12
615,70,1,22
615,38,1,5
615,25,0,23
615,6,1,43
615,18,0,11
615,10,0,17
615,35,1,52
615,60,1,30
615,45,0,40
615,70,1,12
615,38,1,28
615,9,1,37
615,62,0,34
615,43,0,31
615,50,1,31
615,46,1,21
615,66,0,24
615,20,1,23
615,1,0,8
615,23,1,20
615,31,0,15
616,67,0,44
616,50,1,33
616,55,0,89
616,15,1,46
616,66,1,43
616,13,0,23
616,4,0,15
616,41,1,58
616,44,1,47
616,58,1,57
616,41,0,33
616,43,1,56
616,43,0,70
616,0,0,20
616,31,1,35
616,57,0,58
616,39,1,27
616,48,1,45
616,58,0,39
616,66,1,20
616,23,1,50
616,56,1,47
616,3,1,62
616,35,0,68
616,23,0,39
616,55,0,64
616,52,1,24
616,53,0,40
616,35,0,26
616,39,0,49
616,40,0,51
616,64,0,27
616,40,1,41
616,2,1,21
616,6,1,33
616,23,1,34
616,11,1,47
616,62,1,39
616,45,0,42
616,19,0,42
616,10,1,37
616,62,1,49
616,27,1,45
616,10,0,54
616,46,1,23
616,51,1,72
616,17,1,20
616,7,1,30
616,43,0,54
616,2,1,41
616,44,1,65
616,7,1,60
616,11,1,49
616,37,0,60
616,13,1,80
616,38,1,49
616,11,0,59
616,12,0,39
616,5,1,44
616,57,0,33
616,37,0,50
616,15,0,64
616,40,1,29
616,18,1,37
616,34,0,64
616,48,0,39
616,64,0,35
616,23,0,5
616,51,0,47
616,67,1,49
616,59,0,52
616,8,0,33
617,40,0,30
617,69,0,27
617,5,1,25
617,68,0,35
617,56,1,29
617,8,1,20
617,53,1,31
617,68,1,9
617,29,0,26
617,9,1,37
617,16,1,34
617,58,1,24
617,25,1,13
617,28,1,18
617,45,0,17
617,19,0,24
617,51,0,25
617,41,0,24
617,61,1,33
617,49,1,26
617,67,0,5
617,44,1,30
617,33,0,5
617,36,1,15
617,39,0,9
617,58,1,8
617,37,0,13
617,0,1,20
617,46,0,20
617,32,0,34
617,38,0,5
617,47,1,32
617,46,0,18
617,38,0,33
617,59,1,29
617,51,1,32
617,10,0,12
617,32,0,17
617,58,0,28
617,16,0,28
617,46,1,30
617,35,0,33
617,17,0,18
617,23,0,42
617,19,0,31
617,12,1,33
617,1,0,40
617,11,0,9
617,55,1,16
617,3,1,13
617,42,1,39
617,40,1,6
617,24,0,10
617,15,1,17
617,70,1,24
617,28,0,37
617,62,1,36
617,51,0,13
617,21,0,29
617,39,0,7
617,44,1,36
617,13,1,24
617,13,0,23
617,39,1,30
617,68,1,22
617,18,1,10
617,56,0,39
617,50,1,26
617,62,1,31
617,21,1,22
617,64,0,29
617,4,0,15
618,2,1,13
618,6,1,36
618,54,0,20
618,5,1,25
618,26,0,24
618,11,1,13
618,14,0,7
618,70,1,30
618,22,1,14
618,33,0,12
618,8,1,25
618,22,1,33
618,64,1,29
618,69,1,9
618,59,0,30
618,63,1,18
618,52,1,36
618,61,1,5
618,30,1,14
618,14,1,15
618,4,0,16
618,39,1,29
618,39,0,28
618,34,0,7
618,38,1,38
618,4,0,8
618,26,1,35
618,65,1,30
618,36,1,46
618,29,1,25
618,55,0,26
618,56,0,15
618,35,1,23
618,21,1,19
618,50,0,21
618,53,1,14
618,30,1,16
618,40,0,45
618,62,1,24
618,30,0,21
618,64,1,11
618,23,0,28
618,43,0,22
618,43,1,22
618,29,1,14
618,4,1,12
618,13,0,30
618,30,0,20
618,13,1,29
618,1,1,17
618,10,1,26
618,67,1,7
618,64,0,34
618,2,1,24
618,20,0,17
618,30,1,32
618,0,1,21
618,51,1,29
618,38,1,29
618,54,0,11
618,26,1,22
618,39,0,27
618,36,1,33
618,50,1,5
618,28,0,23
618,24,1,31
618,4,0,37
618,55,0,22
618,61,0,25
618,48,0,50
618,62,0,43
618,30,1,26
619,65,1,31
619,57,0,16
619,43,0,17
619,42,0,29
619,35,1,36
619,26,0,39
619,42,1,21
619,1,1,20
619,42,0,28
619,52,1,37
619,30,1,13
619,6,1,33
619,22,0,31
619,28,1,16
619,11,1,14
619,35,1,30
619,6,1,24
619,51,1,30
619,20,0,29
619,59,1,6
619,7,1,6
619,19,0,5
619,15,1,32
619,50,0,14
619,69,1,15
619,69,0,27
619,39,0,14
619,42,1,40
619,44,1,25
619,9,1,38
619,55,0,38
619,12,0,26
619,25,0,27
619,30,0,8
619,45,0,16
619,23,0,29
619,17,0,36
619,61,1,33
619,27,0,38
619,68,0,27
619,62,0,10
619,37,0,5
619,52,1,18
619,5,1,24
619,11,1,27
619,14,0,35
619,55,0,16
619,62,1,15
619,21,0,32
619,11,0,20
619,45,0,13
619,34,0,33
619,54,1,10
619,50,0,33
619,18,1,23
619,9,0,25
619,44,0,36
619,43,1,39
619,69,1,20
619,57,0,10
619,46,0,5
619,46,0,19
619,21,0,5
619,71,0,30
619,62,1,22
619,65,1,12
619,50,1,11
619,15,0,14
619,63,1,39
619,5,1,5
619,23,1,32
619,51,1,17
620,19,0,53
620,33,0,23
620,56,0,84
620,68,0,21
620,24,0,58
620,2,0,43
620,14,0,67
620,71,0,46
620,39,0,48
620,43,0,55
620,56,0,56
620,58,0,60
620,10,0,66
620,61,1,42
620,29,1,39
620,35,0,52
620,18,0,13
620,28,1,56
620,41,0,54
620,67,0,74
620,67,0,38
620,24,0,65
620,45,0,97
620,49,1,57
620,54,0,24
620,17,0,68
620,31,1,46
620,61,1,57
620,28,1,43
620,71,0,50
620,20,1,55
620,71,0,53
620,10,0,67
620,60,0,93
620,46,0,62
620,16,1,38
620,37,0,64
620,56,0,69
620,9,0,19
620,37,0,36
620,33,0,78
620,70,0,62
620,8,1,57
620,13,1,53
620,20,0,34
620,28,0,80
620,27,0,46
620,54,1,45
620,23,1,44
620,9,0,74
620,46,1,51
620,25,0,30
620,68,1,65
620,45,0,47
620,49,0,45
620,1,0,44
620,43,1,74
620,6,0,57
620,34,0,54
620,68,0,57
620,66,0,75
620,66,1,54
620,32,0,82
620,31,0,51
620,36,0,86
620,7,0,62
620,29,0,79
620,51,0,50
620,47,0,46
620,0,0,67
620,36,1,62
620,50,0,51
621,60,0,26
621,14,0,43
621,10,0,36
621,28,0,25
621,47,1,36
621,20,0,58
621,9,1,73
621,57,1,51
621,65,1,51
621,33,0,20
621,3,0,54
621,16,1,56
621,70,0,43
621,45,1,20
621,23,1,61
621,39,1,71
621,46,1,66
621,62,1,39
621,56,1,56
621,60,1,34
621,17,1,54
621,63,1,21
621,47,1,52
621,59,1,26
621,27,0,64
621,57,1,20
621,64,1,37
621,58,1,37
621,44,1,60
621,71,0,44
621,13,0,25
621,42,1,45
621,13,1,38
621,17,1,28
621,59,0,30
621,37,0,11
621,16,1,27
621,13,0,55
621,44,1,73
621,35,1,42
621,51,0,62
621,49,1,18
621,23,1,14
621,12,0,37
621,22,1,29
621,11,0,40
621,33,0,20
621,30,1,29
621,33,1,21
621,49,0,43
621,8,1,12
621,39,0,35
621,45,1,53
621,33,1,40
621,68,1,34
621,34,1,23
621,51,1,10
621,67,0,39
621,10,0,36
621,65,0,38
621,31,0,31
621,58,1,40
621,50,0,72
621,19,0,50
621,62,0,47
621,45,0,42
621,13,1,46
621,4,0,36
621,0,0,29
621,23,1,55
621,46,1,33
621,24,0,31
622,28,1,18
622,67,1,16
622,60,1,27
622,59,1,15
622,15,1,27
622,38,1,40
622,26,1,33
622,39,1,24
622,55,1,21
622,47,1,29
622,29,1,26
622,55,1,39
622,35,1,40
622,64,1,31
622,24,1,24
622,9,1,19
622,11,1,17
622,33,1,35
622,15,1,32
622,52,1,29
622,64,1,36
622,70,1,36
622,39,1,17
622,2,1,47
622,64,1,31
622,47,1,38
622,36,1,30
622,23,1,18
622,37,1,32
622,45,0,29
622,32,1,23
622,6,1,30
622,13,1,32
622,4,1,30
622,64,1,18
622,40,1,27
622,9,1,38
622,37,1,40
622,0,1,45
622,42,1,21
622,56,1,38
622,5,1,21
622,3,0,33
622,19,1,38
622,3,0,31
622,36,1,36
622,55,1,28
622,48,1,29
622,55,1,27
622,60,1,29
622,49,1,29
622,40,1,26
622,47,1,29
622,51,1,30
622,0,1,33
622,42,1,33
622,28,1,42
622,17,1,41
622,57,1,26
622,42,1,20
622,69,1,30
622,10,1,36
622,22,1,20
622,44,1,30
622,11,1,10
622,68,1,34
622,9,0,39
622,47,1,32
622,66,1,17
622,31,1,32
622,11,1,43
622,6,1,37
623,25,1,21
623,35,1,29
623,47,1,28
623,56,1,38
623,4,0,28
623,57,0,37
623,39,1,17
623,55,1,19
623,61,1,41
623,56,1,6
623,3,1,30
623,62,1,33
623,60,1,5
623,16,1,16
623,17,1,15
623,59,1,31
623,32,0,9
623,35,1,34
623,50,1,29
623,31,0,32
623,12,1,34
623,55,1,21
623,69,1,19
623,31,0,19
623,20,1,28
623,62,0,23
623,62,0,9
623,34,1,25
623,28,1,38
623,57,1,19
623,58,1,35
623,48,1,36
623,31,1,25
623,54,1,21
623,48,1,36
623,60,1,19
623,69,0,19
623,62,1,18
623,20,0,22
623,19,0,28
623,21,0,15
623,49,1,21
623,58,1,38
623,56,1,26
623,20,0,22
623,15,1,8
623,5,1,21
623,22,0,31
623,17,1,21
623,10,1,19
623,41,0,35
623,41,1,19
623,31,1,15
623,35,1,10
623,33,1,27
623,23,0,15
623,24,1,14
623,40,1,13
623,37,0,18
623,17,1,17
623,14,1,5
623,29,1,23
623,28,1,23
623,59,1,32
623,57,1,31
623,19,0,17
623,30,1,28
623,62,0,30
623,43,0,28
623,59,1,11
623,37,1,16
623,17,1,23
624,41,1,43
624,56,1,54
624,26,1,40
624,20,1,68
624,27,1,64
624,69,0,56
624,22,1,38
624,33,0,76
624,5,1,45
624,24,1,11
624,47,1,74
624,5,1,56
624,71,1,68
624,47,0,28
624,24,0,37
624,59,1,26
624,20,0,42
624,2,1,41
624,43,0,62
624,7,1,52
624,70,1,45
624,65,0,53
624,4,1,35
624,20,0,53
624,46,1,43
624,41,1,36
624,22,1,55
624,62,0,60
624,55,1,59
624,2,1,52
624,23,0,44
624,61,1,69
624,67,1,49
624,47,0,33
624,20,1,64
624,14,0,53
624,68,1,52
624,56,0,38
624,3,0,48
624,15,1,47
624,67,0,59
624,56,1,32
624,70,0,27
624,65,1,45
624,5,1,56
624,4,0,56
624,45,0,67
624,29,1,60
624,62,0,68
624,38,1,62
624,59,1,45
624,0,1,61
624,8,1,53
624,42,1,63
624,71,0,53
624,21,1,41
624,0,0,46
624,40,1,46
624,20,0,55
624,60,1,83
624,66,0,51
624,28,1,42
624,5,1,38
624,38,1,34
624,25,0,20
624,40,1,40
624,0,0,53
624,64,1,35
624,39,1,53
624,28,0,48
624,42,1,32
624,49,1,59
625,32,0,37
625,22,0,50
625,64,0,65
625,33,0,109
625,13,0,61
625,44,0,56
625,64,0,48
625,24,0,9
625,15,0,47
625,48,0,49
625,17,1,56
625,55,0,22
625,63,0,30
625,65,0,95
625,20,0,73
625,71,1,33
625,15,0,33
625,40,0,65
625,0,0,57
625,0,0,14
625,51,0,60
625,54,0,77
625,58,1,37
625,44,0,91
625,24,0,44
625,52,1,74
625,70,0,39
625,17,0,47
625,30,0,50
625,46,0,69
625,30,1,35
625,33,1,55
625,63,0,92
625,68,0,60
625,10,1,68
625,20,1,74
625,1,0,77
625,66,0,63
625,15,0,27
625,52,0,26
625,25,0,66
625,43,0,45
625,15,1,73
625,23,0,88
625,58,1,43
625,26,0,83
625,34,0,46
625,44,0,79
625,44,0,87
625,1,1,19
625,63,0,54
625,20,0,81
625,71,0,95
625,27,0,94
625,58,0,71
625,20,0,42
625,26,0,34
625,10,0,69
625,15,1,59
625,41,1,51
625,68,1,39
625,71,1,61
625,3,1,52
625,23,0,76
625,36,1,59
625,21,0,26
625,23,0,92
625,15,1,56
625,51,0,68
625,35,1,72
625,57,0,98
625,18,1,86
626,22,1,46
626,31,0,69
626,60,1,42
626,19,1,47
626,29,1,67
626,22,1,35
626,63,1,39
626,31,0,40
626,65,1,49
626,65,1,39
626,51,1,39
626,6,1,63
626,27,0,55
626,10,1,41
626,26,1,39
626,22,0,37
626,26,0,47
626,33,1,48
626,44,1,43
626,65,1,69
626,11,1,33
626,3,0,27
626,50,1,61
626,63,1,34
626,7,0,45
626,60,1,44
626,32,1,42
626,12,0,35
626,7,0,58
626,49,1,44
626,3,1,48
626,45,1,44
626,65,1,41
626,25,1,44
626,14,1,52
626,17,1,42
626,53,0,30
626,25,1,50
626,13,1,27
626,28,0,22
626,69,1,38
626,50,1,38
626,4,1,55
626,45,1,35
626,63,1,54
626,38,0,23
626,4,0,14
626,33,0,52
626,59,0,31
626,57,0,57
626,46,1,39
626,55,0,30
626,43,0,6
626,38,1,30
626,51,1,63
626,57,1,65
626,10,1,5
626,70,1,47
626,31,0,32
626,42,1,30
626,44,0,32
626,20,0,39
626,4,0,46
626,60,1,59
626,18,0,67
626,4,0,28
626,55,0,62
626,22,0,37
626,61,1,51
626,54,1,54
626,13,0,46
626,46,0,42
627,38,0,37
627,64,1,16
627,21,1,25
627,33,0,23
627,30,1,13
627,21,1,43
627,48,0,28
627,4,1,6
627,43,0,38
627,7,1,34
627,41,1,35
627,53,1,15
627,29,0,22
627,53,0,23
627,12,0,34
627,8,0,33
627,45,0,8
627,41,1,26
627,2,1,22
627,46,1,26
627,35,1,39
627,26,0,27
627,56,1,30
627,42,1,11
627,22,1,9
627,34,1,21
627,43,0,16
627,14,0,30
627,31,1,18
627,15,1,15
627,5,1,24
627,40,0,29
627,21,1,31
627,40,0,22
627,11,0,45
627,10,1,30
627,22,0,36
627,71,0,41
627,16,0,27
627,37,0,52
627,56,0,37
627,26,1,38
627,4,0,19
627,59,0,15
627,18,1,32
627,55,1,50
627,63,1,38
627,10,0,20
627,25,1,21
627,64,0,30
627,24,0,17
627,69,0,19
627,18,0,14
627,23,0,33
627,4,1,21
627,42,1,23
627,65,1,22
627,19,0,20
627,18,0,25
627,54,0,5
627,26,1,24
627,29,0,17
627,2,0,34
627,61,1,46
627,24,1,21
627,20,0,30
627,64,0,29
627,2,0,23
627,16,0,6
627,48,1,26
627,43,0,23
627,40,0,27
628,58,1,22
628,18,0,22
628,63,0,42
628,66,1,19
628,37,1,23
628,34,1,12
628,55,1,27
628,5,1,34
628,17,1,27
628,46,1,33
628,29,0,13
628,41,1,15
628,60,1,7
628,50,1,44
628,68,0,10
628,1,1,34
628,8,1,45
628,42,1,24
628,9,0,19
628,69,0,18
628,28,1,34
628,34,1,28
628,5,1,25
628,9,0,8
628,29,0,28
628,69,1,15
628,28,1,26
628,60,1,24
628,52,1,32
628,55,0,22
628,33,1,34
628,6,0,16
628,44,0,39
628,0,0,18
628,32,1,36
628,6,1,46
628,41,0,31
628,38,1,30
628,30,0,25
628,4,1,31
628,6,0,24
628,44,1,7
628,31,0,27
628,13,1,40
628,53,1,6
628,38,0,8
628,36,1,19
628,47,1,31
628,38,0,40
628,23,0,30
628,2,1,22
628,5,1,50
628,52,0,21
628,1,1,25
628,54,0,37
628,30,1,29
628,10,0,32
628,37,0,36
628,51,1,22
628,13,1,24
628,33,0,21
628,23,0,24
628,22,1,13
628,63,0,26
628,24,1,36
628,11,1,8
628,43,0,22
628,15,0,19
628,13,1,32
628,63,1,5
628,25,0,33
628,0,1,26
629,1,1,26
629,31,0,33
629,67,1,24
629,13,0,27
629,49,1,21
629,35,1,31
629,60,1,7
629,33,1,28
629,14,1,39
629,65,0,23
629,27,1,21
629,14,0,39
629,35,1,25
629,51,0,41
629,16,0,33
629,19,1,8
629,4,0,21
629,52,1,13
629,4,1,29
629,49,0,31
629,68,1,31
629,7,0,31
629,48,1,24
629,16,1,37
629,23,1,21
629,10,1,9
629,68,1,12
629,13,0,29
629,58,0,10
629,57,0,17
629,15,1,36
629,35,1,15
629,48,1,27
629,24,0,6
629,20,0,29
629,8,0,40
629,3,1,31
629,65,1,27
629,12,0,6
629,59,1,24
629,30,1,14
629,26,1,17
629,15,0,31
629,70,1,19
629,1,1,10
629,39,1,21
629,32,0,15
629,32,0,22
629,56,1,6
629,8,0,28
629,13,0,31
629,43,0,34
629,41,1,26
629,3,0,45
629,60,1,38
629,11,0,25
629,53,0,19
629,61,0,33
629,7,1,35
629,39,0,41
629,46,0,34
629,10,0,35
629,21,0,24
629,70,0,5
629,7,0,6
629,64,0,21
629,29,1,23
629,15,0,26
629,5,1,42
629,26,1,18
629,32,1,16
629,24,0,21
630,0,1,5
630,54,0,31
630,36,1,24
630,9,1,60
630,37,0,35
630,8,1,56
630,14,1,22
630,26,1,25
630,44,0,42
630,38,1,28
630,54,1,55
630,4,0,45
630,19,1,61
630,17,1,40
630,9,1,34
630,27,1,38
630,37,1,30
630,1,1,57
630,63,1,30
630,71,1,35
630,39,0,51
630,41,0,73
630,22,0,51
630,9,1,32
630,19,0,61
630,50,1,26
630,52,1,46
630,1,1,55
630,10,1,37
630,38,1,45
630,63,1,39
630,46,1,27
630,17,0,38
630,35,0,29
630,33,1,26
630,21,1,23
630,40,0,29
630,22,0,43
630,59,1,30
630,28,1,15
630,37,1,26
630,30,1,53
630,67,0,30
630,7,0,63
630,67,1,53
630,71,1,46
630,51,1,44
630,48,0,47
630,60,1,20
630,63,1,55
630,50,0,39
630,34,0,16
630,55,1,47
630,40,0,29
630,8,1,56
630,29,1,44
630,14,1,48
630,59,1,49
630,67,0,22
630,29,0,43
630,0,1,55
630,3,0,35
630,54,0,58
630,15,1,28
630,43,1,52
630,43,0,49
630,65,1,14
630,19,0,40
630,31,0,42
630,3,1,25
630,20,0,42
630,55,1,26
631,22,0,36
631,28,1,46
631,34,0,24
631,21,0,27
631,11,1,33
631,61,1,26
631,21,1,31
631,33,0,23
631,59,1,41
631,25,1,29
631,41,1,50
631,19,1,9
631,33,0,53
631,18,1,5
631,26,1,57
631,54,1,29
631,49,1,26
631,14,0,30
631,16,1,32
631,70,0,30
631,2,1,31
631,14,0,37
631,45,0,24
631,68,1,32
631,58,0,35
631,9,1,9
631,5,1,34
631,17,1,30
631,21,1,17
631,29,0,13
631,43,1,33
631,62,0,28
631,28,1,33
631,30,1,42
631,5,1,24
631,69,1,27
631,29,1,31
631,67,0,36
631,67,0,24
631,22,1,22
631,54,1,20
631,1,1,10
631,32,1,28
631,61,1,43
631,46,1,30
631,23,1,20
631,29,1,41
631,26,1,31
631,10,1,33
631,52,1,30
631,47,0,33
631,69,1,40
631,14,1,30
631,20,1,18
631,55,1,36
631,32,0,38
631,59,1,29
631,4,1,21
631,69,1,42
631,45,1,34
631,5,1,37
631,53,1,28
631,39,1,17
631,53,0,35
631,0,1,34
631,34,1,26
631,71,1,5
631,21,1,46
631,27,1,29
631,69,0,35
631,42,1,46
631,40,0,13
632,58,1,25
632,21,1,39
632,61,1,42
632,1,0,44
632,52,0,43
632,70,0,12
632,47,1,28
632,38,1,24
632,23,0,46
632,68,1,32
632,28,0,53
632,19,0,12
632,15,1,31
632,44,0,48
632,25,1,57
632,36,0,33
632,9,0,39
632,9,0,50
632,47,1,42
632,71,0,15
632,53,1,31
632,24,0,44
632,20,0,46
632,20,0,22
632,64,1,42
632,6,1,47
632,49,0,57
632,17,1,11
632,42,0,22
632,6,1,44
632,5,1,46
632,12,1,29
632,50,0,66
632,40,0,19
632,64,1,25
632,35,1,15
632,16,1,36
632,6,1,17
632,7,1,31
632,61,1,44
632,51,1,35
632,57,1,59
632,18,0,30
632,61,1,28
632,34,1,7
632,19,0,37
632,18,0,56
632,47,0,39
632,7,1,42
632,23,1,47
632,23,1,51
632,2,1,22
632,17,0,42
632,31,0,5
632,35,1,51
632,6,1,49
632,2,1,34
632,59,1,44
632,56,1,26
632,24,0,43
632,14,0,44
632,12,1,36
632,58,1,27
632,58,1,26
632,13,1,28
632,37,0,48
632,6,1,24
632,60,1,38
632,3,0,57
632,37,1,34
632,3,0,45
632,11,1,9
633,64,0,40
633,49,1,42
633,17,1,39
633,30,0,13
633,60,0,37
633,64,0,53
633,58,1,49
633,62,0,79
633,58,1,51
633,32,0,45
633,25,1,25
633,43,0,17
633,38,0,33
633,53,1,25
633,14,1,46
633,6,1,17
633,68,1,26
633,10,0,45
633,32,0,48
633,16,0,49
633,27,1,39
633,32,0,59
633,11,1,35
633,66,0,65
633,64,0,23
633,28,0,47
633,21,0,66
633,18,0,30
633,41,1,74
633,55,0,48
633,66,0,38
633,18,1,60
633,15,1,40
633,65,0,64
633,54,0,57
633,13,0,33
633,4,1,63
633,65,1,42
633,58,1,60
633,70,0,78
633,58,0,42
633,65,0,62
633,71,0,24
633,13,1,41
633,6,0,12
633,5,1,49
633,57,1,43
633,14,0,54
633,31,1,34
633,13,1,39
633,42,1,49
633,10,0,55
633,55,0,49
633,21,1,46
633,12,1,44
633,68,0,46
633,38,1,22
633,16,0,49
633,33,1,33
633,35,0,15
633,15,1,75
633,63,1,36
633,31,0,59
633,5,1,46
633,3,1,47
633,53,1,9
633,4,0,49
633,24,0,42
633,68,1,53
633,12,0,56
633,6,1,60
633,11,0,49
634,33,0,33
634,36,1,45
634,65,1,29
634,11,0,34
634,53,1,52
634,0,1,61
634,28,0,37
634,15,0,46
634,62,0,36
634,45,1,65
634,20,0,46
634,66,1,44
634,62,1,5
634,23,0,30
634,50,0,59
634,71,1,49
634,20,0,28
634,1,0,43
634,11,1,35
634,15,1,58
634,29,1,44
634,44,1,65
634,12,0,17
634,13,1,34
634,61,1,41
634,47,1,8
634,38,1,46
634,41,0,62
634,21,0,44
634,30,1,29
634,66,0,68
634,21,1,46
634,34,1,41
634,54,0,23
634,69,0,45
634,27,1,53
634,69,1,37
634,13,1,55
634,47,1,63
634,0,0,53
634,50,1,24
634,5,1,38
634,4,1,30
634,62,0,20
634,35,1,25
634,54,1,31
634,19,0,49
634,19,0,58
634,49,1,47
634,63,1,32
634,4,1,64
634,60,1,44
634,65,1,55
634,38,0,68
634,1,1,38
634,17,1,77
634,5,1,61
634,36,1,27
634,45,0,23
634,18,0,44
634,32,0,53
634,50,1,37
634,14,1,47
634,11,1,47
634,22,1,51
634,66,0,25
634,33,0,58
634,28,1,45
634,17,1,73
634,68,1,53
634,23,1,54
634,65,1,56
635,27,1,53
635,5,1,45
635,51,1,29
635,40,0,25
635,47,1,55
635,70,1,38
635,50,0,62
635,16,1,31
635,23,1,68
635,55,0,43
635,50,1,38
635,42,0,43
635,65,1,33
635,56,0,38
635,71,0,27
635,14,0,38
635,13,1,45
635,29,0,29
635,47,1,54
635,65,1,40
635,19,0,23
635,45,0,43
635,34,0,52
635,41,0,27
635,13,0,21
635,16,1,31
635,43,0,30
635,21,0,51
635,28,1,52
635,25,1,31
635,64,1,52
635,11,1,60
635,0,0,15
635,66,1,43
635,1,1,46
635,60,1,59
635,38,1,49
635,43,0,27
635,54,0,60
635,10,0,52
635,12,0,35
635,71,0,20
635,36,0,25
635,6,0,8
635,57,1,62
635,6,1,43
635,19,0,29
635,67,0,44
635,67,0,55
635,16,0,22
635,64,1,29
635,50,0,53
635,22,1,61
635,19,0,43
635,57,0,46
635,58,0,54
635,66,0,29
635,47,1,44
635,2,0,36
635,24,0,38
635,6,0,31
635,32,0,38
635,41,1,29
635,15,1,52
635,12,0,58
635,13,1,42
635,12,1,43
635,58,1,64
635,34,0,20
635,8,0,41
635,8,0,60
635,50,0,19
636,53,1,58
636,9,1,29
636,19,1,24
636,59,0,51
636,48,1,51
636,39,0,42
636,36,1,25
636,69,1,58
636,49,1,61
636,5,1,51
636,64,0,55
636,33,1,55
636,18,1,9
636,41,1,60
636,57,1,34
636,55,1,44
636,50,1,46
636,11,1,23
636,11,1,68
636,50,0,42
636,10,0,54
636,36,1,48
636,32,0,34
636,16,0,21
636,0,1,32
636,10,1,42
636,10,0,47
636,69,1,14
636,65,1,30
636,46,0,5
636,20,0,34
636,51,1,46
636,40,0,43
636,35,1,40
636,22,0,20
636,13,0,38
636,1,1,36
636,57,1,44
636,37,1,37
636,50,0,30
636,24,1,30
636,63,1,21
636,44,0,48
636,19,1,71
636,51,1,54
636,27,1,30
636,44,1,35
636,30,1,7
636,12,1,31
636,49,1,76
636,64,1,35
636,63,0,55
636,61,0,22
636,15,0,37
636,69,1,5
636,62,1,28
636,0,0,55
636,58,1,64
636,15,1,26
636,26,1,33
636,25,1,11
636,41,1,57
636,63,0,38
636,37,1,36
636,7,0,27
636,17,1,22
636,4,0,44
636,67,0,56
636,26,1,44
636,37,1,66
636,31,0,28
636,6,1,48
637,32,1,46
637,15,0,29
637,16,1,31
637,21,0,20
637,8,1,11
637,33,1,27
637,71,1,17
637,44,0,28
637,5,1,23
637,62,1,27
637,71,1,30
637,64,0,33
637,69,1,21
637,69,0,8
637,53,0,32
637,17,1,9
637,23,1,30
637,9,1,32
637,36,1,41
637,61,1,22
637,26,1,33
637,41,1,26
637,44,1,34
637,67,1,32
637,17,1,24
637,30,0,9
637,5,1,18
637,13,1,17
637,69,1,26
637,26,1,10
637,65,0,33
637,49,1,17
637,37,0,25
637,54,0,36
637,21,0,24
637,57,1,25
637,21,1,26
637,20,0,5
637,4,0,14
637,60,1,11
637,11,1,11
637,44,1,39
637,57,1,21
637,55,1,51
637,62,1,28
637,57,0,18
637,24,1,27
637,57,1,27
637,27,1,19
637,44,1,22
637,47,1,30
637,10,0,39
637,0,1,23
637,50,0,29
637,62,1,29
637,63,1,24
637,26,1,27
637,13,1,42
637,35,1,34
637,5,1,15
637,43,1,24
637,8,1,34
637,34,0,5
637,1,1,39
637,21,1,15
637,3,1,28
637,51,0,37
637,35,1,36
637,60,1,31
637,58,1,18
637,67,0,8
637,2,1,12
638,55,1,44
638,21,0,26
638,19,1,56
638,65,1,41
638,48,1,42
638,1,0,47
638,58,0,36
638,12,0,32
638,71,0,43
638,62,1,50
638,33,0,90
638,60,1,25
638,65,1,46
638,69,0,31
638,22,1,21
638,7,1,53
638,65,1,61
638,71,1,42
638,35,1,59
638,4,1,62
638,61,1,55
638,17,0,53
638,36,1,45
638,33,1,38
638,46,0,50
638,69,1,67
638,2,0,35
638,43,0,47
638,69,0,19
638,60,1,73
638,45,1,55
638,60,1,55
638,56,0,38
638,30,1,31
638,57,0,26
638,17,1,44
638,38,1,72
638,30,1,38
638,37,0,35
638,30,0,43
638,22,1,32
638,39,0,42
638,16,1,46
638,41,1,16
638,65,1,56
638,56,0,37
638,63,1,65
638,40,0,46
638,47,0,51
638,53,0,46
638,1,1,42
638,66,0,63
638,24,0,31
638,22,1,44
638,17,1,36
638,16,1,29
638,6,1,10
638,8,0,52
638,7,0,43
638,16,1,40
638,16,1,37
638,52,1,26
638,3,0,56
638,33,0,42
638,47,1,63
638,25,1,54
638,43,1,63
638,32,0,39
638,0,0,62
638,54,0,41
638,29,1,41
638,36,1,23
639,19,1,27
639,23,1,44
639,8,1,19
639,18,1,26
639,41,1,13
639,17,1,46
639,54,0,18
639,29,0,40
639,56,1,21
639,20,1,29
639,18,1,19
639,31,1,20
639,71,1,28
639,19,1,40
639,38,1,30
639,8,1,16
639,35,1,35
639,40,0,19
639,0,1,29
639,27,0,41
639,66,1,28
639,63,1,38
639,36,0,30
639,8,1,18
639,43,0,32
639,1,0,21
639,9,1,24
639,28,0,30
639,23,1,20
639,67,0,46
639,26,1,29
639,11,1,37
639,6,1,33
639,19,0,32
639,38,1,30
639,20,1,26
639,10,1,32
639,10,1,23
639,55,1,35
639,6,1,30
639,31,0,36
639,2,1,32
639,7,1,16
639,28,1,39
639,14,0,26
639,29,0,23
639,69,1,33
639,3,1,22
639,61,1,14
639,3,1,35
639,28,1,11
639,59,1,24
639,35,0,33
639,55,1,54
639,18,0,30
639,10,0,35
639,2,1,19
639,62,0,46
639,6,1,27
639,55,1,48
639,24,0,37
639,22,1,7
639,37,1,33
639,40,0,36
639,9,0,18
639,12,0,25
639,63,1,23
639,66,0,38
639,6,1,24
639,10,1,24
639,46,0,19
639,37,0,40
640,70,1,37
640,66,0,58
640,40,0,38
640,9,0,44
640,49,0,40
640,1,1,38
640,15,1,24
640,12,0,39
640,27,1,44
640,28,1,42
640,30,1,39
640,67,1,45
640,61,1,32
640,71,1,18
640,23,0,57
640,58,1,55
640,35,1,29
640,63,1,44
640,50,0,52
640,14,0,12
640,7,1,20
640,38,1,21
640,10,1,42
640,18,0,50
640,15,1,38
640,33,0,32
640,26,0,58
640,43,0,46
640,26,1,75
640,61,1,64
640,66,0,39
640,38,1,74
640,2,1,25
640,54,1,41
640,23,0,54
640,41,1,31
640,24,0,56
640,62,0,30
640,56,0,52
640,6,1,50
640,71,0,33
640,32,0,38
640,44,0,42
640,31,0,27
640,6,1,41
640,33,0,47
640,68,1,36
640,69,1,49
640,70,0,70
640,41,1,43
640,51,0,44
640,66,0,50
640,70,1,46
640,40,0,33
640,58,1,39
640,12,1,37
640,0,1,42
640,62,1,19
640,31,0,20
640,13,1,41
640,8,1,22
640,5,1,41
640,2,1,40
640,53,0,47
640,60,0,40
640,62,0,52
640,24,1,36
640,10,1,53
640,56,1,58
640,5,1,31
640,67,0,56
640,60,1,34
641,55,1,26
641,7,1,18
641,37,0,24
641,33,0,32
641,10,1,24
641,64,1,15
641,46,1,33
641,64,1,19
641,29,1,38
641,65,1,32
641,66,1,32
641,42,1,29
641,44,1,27
641,57,1,34
641,5,1,37
641,47,1,37
641,42,1,34
641,31,1,40
641,59,1,8
641,37,1,30
641,54,1,25
641,57,1,40
641,52,1,13
641,47,1,32
641,67,0,13
641,30,1,32
641,61,1,31
641,49,1,30
641,21,1,37
641,54,0,25
641,19,1,17
641,44,0,13
641,41,1,8
641,39,1,39
641,53,1,30
641,13,1,35
641,9,1,24
641,6,1,30
641,25,1,40
641,40,0,37
641,68,1,32
641,11,1,41
641,6,1,20
641,40,1,31
641,13,1,32
641,29,1,41
641,10,1,24
641,32,1,29
641,24,1,31
641,37,0,46
641,1,1,27
641,13,1,24
641,16,1,49
641,15,1,22
641,12,1,22
641,47,1,15
641,2,1,38
641,70,1,38
641,29,1,14
641,10,1,23
641,12,1,20
641,46,1,21
641,59,1,24
641,40,1,20
641,38,1,27
641,21,1,23
641,55,1,25
641,44,1,26
641,36,1,37
641,69,0,28
641,36,1,24
641,60,1,29
642,34,1,43
642,38,1,14
642,30,1,20
642,3,1,43
642,14,1,36
642,22,0,41
642,15,0,31
642,57,0,25
642,20,0,25
642,69,1,25
642,70,1,16
642,46,0,24
642,59,0,20
642,23,0,12
642,52,1,10
642,25,1,10
642,57,1,23
642,67,1,16
642,12,0,27
642,14,1,29
642,26,1,19
642,68,1,51
642,56,1,24
642,39,0,22
642,39,0,25
642,17,0,31
642,47,1,5
642,54,1,15
642,54,0,18
642,63,1,26
642,13,1,14
642,37,0,15
642,59,1,15
642,23,0,30
642,54,1,23
642,0,0,34
642,16,1,27
642,49,1,21
642,40,0,21
642,42,1,37
642,10,1,25
642,5,1,24
642,44,0,34
642,63,1,32
642,6,1,30
642,49,1,28
642,60,0,6
642,54,1,41
642,39,1,21
642,16,0,25
642,37,0,32
642,14,1,13
642,24,0,31
642,37,0,25
642,50,0,14
642,46,0,7
642,32,1,13
642,44,1,40
642,39,0,46
642,49,0,33
642,33,1,34
642,28,1,33
642,51,1,23
642,63,0,28
642,30,1,35
642,12,0,26
642,43,1,19
642,0,1,26
642,37,0,23
642,37,1,24
642,11,1,10
642,29,1,28
643,61,1,49
643,34,0,51
643,55,0,46
643,21,0,51
643,71,1,43
643,40,1,57
643,69,1,49
643,24,0,39
643,44,0,46
643,24,1,57
643,14,1,41
643,38,0,33
643,8,1,59
643,71,1,42
643,24,1,46
643,12,0,54
643,56,0,36
643,57,1,68
643,31,1,48
643,54,0,41
643,39,1,33
643,12,0,36
643,53,1,17
643,43,0,25
643,71,1,63
643,17,1,27
643,64,1,46
643,71,0,43
643,65,1,38
643,1,0,20
643,32,1,52
643,1,0,66
643,40,0,37
643,22,0,52
643,52,1,73
643,44,0,48
643,7,1,76
643,42,0,50
643,27,0,37
643,41,1,51
643,50,1,67
643,46,0,41
643,38,1,53
643,34,1,40
643,22,1,34
643,5,1,43
643,9,1,42
643,24,0,58
643,40,1,27
643,69,1,27
643,5,1,44
643,61,1,54
643,20,0,54
643,7,1,36
643,57,1,38
643,17,1,34
643,53,1,53
643,69,0,39
643,42,0,31
643,22,1,34
643,61,1,34
643,26,1,50
643,28,0,35
643,22,1,49
643,5,1,49
643,27,0,58
643,59,1,61
643,39,1,50
643,31,0,59
643,7,1,50
643,5,1,34
643,2,1,44
644,17,0,26
644,28,0,5
644,5,0,37
644,29,1,29
644,49,1,26
644,63,1,25
644,39,1,26
644,20,0,9
644,20,0,36
644,51,1,37
644,69,0,26
644,57,1,31
644,41,1,19
644,33,0,24
644,46,0,19
644,41,0,28
644,56,1,27
644,45,0,26
644,70,0,22
644,13,1,11
644,43,1,36
644,17,1,32
644,45,0,30
644,13,0,21
644,38,1,30
644,9,1,30
644,50,1,32
644,14,0,27
644,14,1,39
644,1,1,41
644,18,1,8
644,27,1,32
644,69,1,30
644,38,0,12
644,8,1,25
644,63,0,12
644,36,0,16
644,21,1,27
644,71,0,17
644,60,0,20
644,67,1,24
644,61,1,27
644,60,1,31
644,22,1,32
644,12,0,9
644,0,1,29
644,21,1,35
644,20,0,25
644,7,0,29
644,32,1,25
644,58,1,6
644,35,1,13
644,10,0,33
644,68,0,33
644,32,0,19
644,8,0,20
644,21,1,17
644,47,1,5
644,25,1,36
644,35,1,25
644,36,1,26
644,47,1,16
644,62,1,43
644,4,0,41
644,6,1,22
644,66,0,22
644,62,0,17
644,59,1,28
644,30,0,5
644,10,0,15
644,51,0,17
644,36,1,5
645,71,0,21
645,35,0,30
645,24,0,32
645,62,0,18
645,4,1,24
645,71,1,32
645,7,1,14
645,58,1,23
645,50,0,10
645,43,1,25
645,2,1,12
645,64,1,20
645,5,1,12
645,68,1,21
645,27,1,13
645,40,1,36
645,2,0,27
645,53,0,14
645,56,1,5
645,8,1,21
645,29,1,38
645,61,1,24
645,56,0,19
645,17,1,27
645,9,1,22
645,30,0,25
645,22,1,15
645,69,0,26
645,14,0,22
645,51,0,26
645,67,1,27
645,68,1,33
645,12,0,22
645,42,1,41
645,50,0,35
645,48,0,16
645,30,0,26
645,29,1,25
645,70,0,32
645,68,1,33
645,64,0,40
645,59,0,17
645,41,1,27
645,57,1,14
645,30,1,29
645,30,1,23
645,57,1,5
645,65,1,27
645,54,1,30
645,45,0,20
645,46,0,15
645,32,0,26
645,49,0,30
645,57,0,17
645,32,1,40
645,36,1,12
645,55,0,28
645,62,0,24
645,2,0,28
645,14,1,19
645,32,0,25
645,23,0,27
645,43,1,28
645,38,0,48
645,15,1,26
645,37,1,22
645,54,0,27
645,37,1,40
645,47,1,25
645,32,0,23
645,20,0,45
645,51,1,28
646,11,0,58
646,43,0,60
646,71,1,48
646,42,0,30
646,17,0,30
646,15,1,47
646,43,1,47
646,31,0,35
646,23,0,46
646,52,1,33
646,65,0,60
646,63,1,21
646,57,1,51
646,42,1,37
646,48,1,50
646,9,0,46
646,27,1,47
646,60,0,21
646,41,1,54
646,38,1,37
646,67,0,63
646,37,0,53
646,65,1,55
646,43,0,47
646,38,0,49
646,70,0,33
646,8,1,22
646,31,1,19
646,23,0,56
646,40,0,51
646,61,1,20
646,49,1,32
646,28,1,38
646,47,1,30
646,62,0,24
646,24,1,27
646,41,1,30
646,45,0,66
646,44,0,27
646,58,1,43
646,4,0,31
646,43,0,40
646,19,1,45
646,39,0,43
646,37,1,62
646,2,0,56
646,33,0,41
646,64,0,50
646,0,1,43
646,68,0,61
646,63,1,33
646,19,1,65
646,22,1,61
646,34,0,45
646,37,1,41
646,42,1,30
646,10,1,18
646,0,1,41
646,25,1,20
646,48,0,25
646,46,0,48
646,50,1,48
646,62,1,30
646,71,0,49
646,7,0,59
646,27,0,32
646,30,0,34
646,33,1,44
646,29,1,31
646,1,0,37
646,22,1,18
646,22,0,45
647,1,0,82
647,0,0,24
647,2,1,30
647,68,0,17
647,24,1,32
647,24,0,61
647,53,0,15
647,2,1,37
647,2,1,29
647,3,0,45
647,17,1,52
647,54,0,48
647,59,1,30
647,29,1,46
647,10,1,68
647,50,1,43
647,5,1,43
647,59,1,46
647,38,0,23
647,60,0,21
647,9,1,36
647,53,1,73
647,53,0,46
647,33,0,57
647,69,1,49
647,7,1,19
647,3,1,37
647,7,1,51
647,57,1,22
647,49,1,38
647,65,0,5
647,28,1,33
647,7,1,37
647,33,0,30
647,44,1,52
647,29,1,43
647,53,1,66
647,71,0,55
647,65,1,50
647,71,0,23
647,49,1,48
647,5,1,34
647,46,1,36
647,21,0,20
647,55,1,31
647,28,0,48
647,57,1,39
647,11,1,44
647,26,1,47
647,42,1,15
647,38,1,10
647,51,0,61
647,29,1,33
647,38,0,30
647,15,1,15
647,27,0,39
647,26,1,40
647,60,1,40
647,6,1,45
647,51,1,45
647,19,0,30
647,5,1,44
647,41,1,37
647,15,1,18
647,3,0,40
647,44,1,37
647,3,0,48
647,24,1,21
647,37,0,49
647,21,0,39
647,18,0,34
647,16,1,65
648,12,1,15
648,60,1,25
648,11,1,29
648,15,1,23
648,11,0,28
648,48,0,25
648,11,1,28
648,68,0,10
648,56,0,9
648,0,0,29
648,4,1,28
648,51,1,26
648,61,1,21
648,59,0,10
648,69,1,20
648,23,0,31
648,9,0,21
648,53,0,25
648,11,1,13
648,53,1,24
648,53,1,24
648,21,1,15
648,2,0,28
648,51,0,40
648,44,0,27
648,43,1,14
648,61,1,19
648,21,0,41
648,66,1,14
648,17,0,35
648,55,0,35
648,50,0,24
648,32,0,10
648,34,1,20
648,22,1,33
648,69,0,28
648,3,0,30
648,40,1,32
648,8,0,23
648,23,0,24
648,34,0,25
648,13,0,19
648,6,0,14
648,10,0,25
648,60,1,5
648,35,1,31
648,67,0,37
648,49,0,24
648,29,1,15
648,58,1,16
648,33,0,13
648,61,0,21
648,70,0,16
648,62,0,41
648,57,1,17
648,35,0,40
648,43,1,37
648,24,0,46
648,40,0,37
648,44,0,29
648,62,1,28
648,7,1,30
648,41,1,17
648,46,0,20
648,16,0,18
648,26,1,23
648,42,1,8
648,20,0,28
648,3,1,30
648,33,0,19
648,67,0,32
648,27,0,32
649,40,0,24
649,26,1,33
649,64,0,15
649,41,0,15
649,40,0,26
649,36,1,25
649,34,0,5
649,49,0,29
649,71,1,36
649,63,0,19
649,21,1,26
649,25,0,39
649,31,0,42
649,12,1,5
649,11,0,12
649,15,0,28
649,31,0,29
649,29,1,50
649,51,0,5
649,68,0,23
649,57,1,20
649,32,0,15
649,49,0,25
649,16,0,25
649,9,0,30
649,71,1,30
649,54,0,26
649,48,1,20
649,65,1,22
649,29,1,38
649,31,1,18
649,40,0,19
649,26,0,6
649,68,1,43
649,71,0,39
649,43,0,43
649,16,0,15
649,16,1,26
649,4,1,25
649,70,0,17
649,31,1,20
649,33,0,33
649,43,1,40
649,9,0,13
649,64,1,30
649,63,0,24
649,42,1,16
649,38,1,21
649,30,1,10
649,59,1,16
649,8,0,15
649,61,1,20
649,21,0,21
649,19,0,30
649,31,1,22
649,70,0,34
649,43,1,24
649,54,0,47
649,11,0,11
649,11,0,32
649,50,1,8
649,49,1,23
649,11,0,12
649,25,1,31
649,62,0,23
649,18,0,17
649,43,0,21
649,19,0,6
649,47,0,21
649,46,0,38
649,22,1,21
649,16,0,32
650,14,0,33
650,34,1,34
650,9,1,42
650,3,0,44
650,11,1,17
650,39,0,34
650,29,0,43
650,57,1,75
650,42,1,51
650,28,0,44
650,18,0,56
650,8,0,60
650,35,1,40
650,24,0,37
650,50,0,85
650,38,0,41
650,21,1,25
650,11,0,47
650,18,1,67
650,26,1,24
650,55,1,38
650,35,0,68
650,7,1,74
650,8,1,29
650,7,1,17
650,15,1,58
650,22,1,22
650,44,1,7
650,64,1,43
650,65,1,17
650,6,1,35
650,66,1,42
650,27,0,49
650,68,0,52
650,59,1,35
650,20,1,48
650,3,1,37
650,26,0,25
650,43,0,56
650,43,0,47
650,23,0,43
650,1,1,55
650,29,1,53
650,43,0,61
650,65,1,37
650,48,0,67
650,30,0,12
650,9,0,32
650,25,1,18
650,63,1,26
650,29,1,34
650,52,1,24
650,38,1,57
650,12,1,40
650,18,1,42
650,53,1,44
650,8,0,40
650,66,0,65
650,14,1,36
650,59,1,50
650,48,1,27
650,12,1,23
650,28,1,26
650,26,1,50
650,67,0,35
650,45,0,44
650,60,1,46
650,63,1,48
650,41,1,30
650,57,0,58
650,30,0,50
650,34,0,61
651,8,1,20
651,68,0,11
651,71,1,22
651,9,0,61
651,23,1,46
651,61,1,49
651,0,1,42
651,13,0,48
651,25,1,47
651,36,1,39
651,46,0,62
651,35,1,30
651,19,1,24
651,26,1,38
651,53,1,24
651,57,0,69
651,71,0,12
651,46,1,46
651,61,0,28
651,64,1,24
651,19,0,8
651,64,0,18
651,42,1,26
651,38,0,31
651,13,1,34
651,21,1,27
651,57,0,55
651,70,1,32
651,52,1,26
651,25,1,33
651,61,1,42
651,51,1,24
651,38,1,54
651,29,0,20
651,0,0,47
651,55,0,31
651,1,0,29
651,69,0,51
651,59,1,29
651,42,1,19
651,42,1,29
651,8,0,62
651,3,0,54
651,1,1,15
651,43,0,29
651,59,1,53
651,21,1,51
651,62,1,26
651,16,1,37
651,64,0,52
651,14,0,27
651,65,1,41
651,71,0,20
651,52,1,21
651,32,0,33
651,59,1,41
651,18,0,55
651,11,1,24
651,18,1,47
651,41,0,47
651,60,1,27
651,18,1,27
651,58,0,42
651,62,0,56
651,20,0,8
651,24,0,6
651,51,1,43
651,26,0,35
651,9,1,60
651,12,1,37
651,45,0,46
651,57,1,37
652,24,1,56
652,58,0,25
652,39,0,39
652,41,1,26
652,67,1,24
652,18,0,37
652,70,1,52
652,29,0,28
652,33,1,66
652,29,0,53
652,59,1,25
652,31,0,33
652,23,0,24
652,49,1,51
652,31,1,35
652,54,0,60
652,26,1,16
652,59,0,13
652,62,1,13
652,10,0,34
652,7,0,18
652,56,0,42
652,57,0,61
652,5,1,24
652,18,0,47
652,58,1,23
652,22,1,42
652,32,0,40
652,25,1,48
652,6,1,24
652,40,1,29
652,48,1,77
652,40,1,49
652,39,0,29
652,71,0,35
652,25,1,57
652,9,1,44
652,21,0,42
652,30,1,43
652,25,1,30
652,59,1,76
652,25,1,38
652,65,1,38
652,55,1,49
652,26,1,54
652,62,0,47
652,2,1,52
652,63,1,42
652,54,0,60
652,56,1,35
652,6,1,58
652,70,1,44
652,10,0,51
652,34,1,48
652,39,1,43
652,52,1,24
652,46,1,17
652,43,0,80
652,49,1,59
652,10,0,42
652,13,1,30
652,56,0,34
652,46,1,8
652,44,1,55
652,36,1,32
652,46,1,13
652,3,0,45
652,56,0,61
652,14,1,29
652,39,0,61
652,49,1,31
652,36,1,54
653,29,0,29
653,50,0,33
653,38,1,72
653,33,1,51
653,4,0,36
653,13,1,21
653,43,0,47
653,8,1,6
653,4,1,65
653,13,1,13
653,28,0,6
653,29,1,50
653,12,0,65
653,22,1,42
653,25,1,39
653,61,1,29
653,15,1,43
653,17,1,37
653,23,1,32
653,13,1,23
653,27,1,36
653,5,1,39
653,39,0,33
653,5,0,48
653,39,1,28
653,55,0,49
653,60,0,29
653,48,1,28
653,12,1,61
653,15,1,36
653,37,0,28
653,28,1,48
653,45,0,20
653,62,0,43
653,30,0,53
653,7,1,54
653,70,0,25
653,66,1,63
653,54,0,27
653,38,1,40
653,63,1,48
653,12,0,25
653,21,1,23
653,70,1,54
653,68,1,33
653,36,0,61
653,31,0,55
653,21,0,43
653,67,1,22
653,32,0,48
653,17,1,20
653,39,1,30
653,7,0,37
653,55,0,13
653,34,1,25
653,37,0,19
653,0,0,20
653,48,0,71
653,46,0,50
653,22,0,39
653,37,1,23
653,19,1,72
653,58,0,39
653,28,0,5
653,21,0,57
653,47,1,36
653,37,0,5
653,37,1,23
653,40,0,46
653,6,0,41
653,11,1,49
653,60,0,15
654,51,0,32
654,57,0,6
654,65,1,57
654,34,0,71
654,60,0,33
654,70,0,45
654,21,0,43
654,38,0,34
654,32,0,29
654,38,0,22
654,51,1,36
654,43,0,31
654,39,0,36
654,64,0,49
654,48,1,18
654,3,0,70
654,56,0,5
654,22,0,44
654,37,1,46
654,11,1,37
654,58,1,37
654,4,1,43
654,67,1,62
654,18,0,65
654,21,1,52
654,59,0,40
654,64,0,20
654,33,1,34
654,40,1,43
654,19,0,43
654,16,0,49
654,30,1,72
654,4,0,45
654,28,0,54
654,47,0,42
654,13,1,49
654,0,0,11
654,8,1,42
654,24,0,40
654,26,0,38
654,60,0,31
654,25,0,8
654,20,0,23
654,24,0,46
654,41,0,34
654,57,0,52
654,66,1,60
654,40,0,81
654,68,1,38
654,24,0,41
654,45,0,28
654,42,1,29
654,3,0,30
654,45,1,69
654,68,0,47
654,6,0,52
654,30,1,28
654,25,1,45
654,46,0,50
654,51,0,60
654,41,0,30
654,40,0,39
654,43,1,37
654,59,0,34
654,67,0,43
654,68,0,39
654,33,1,38
654,56,0,32
654,19,1,37
654,43,1,27
654,27,1,47
654,6,1,47
655,19,0,71
655,11,1,101
655,7,0,58
655,53,0,124
655,16,0,11
655,48,0,65
655,10,0,59
655,32,0,58
655,35,0,49
655,48,0,79
655,2,1,70
655,71,0,35
655,18,0,80
655,61,1,48
655,24,0,39
655,17,0,45
655,47,0,47
655,4,1,82
655,15,1,53
655,33,0,64
655,23,0,41
655,18,0,32
655,21,0,41
655,68,0,5
655,62,0,43
655,5,1,55
655,59,0,35
655,38,1,59
655,6,0,45
655,33,0,61
655,7,0,30
655,23,0,61
655,24,0,101
655,71,1,58
655,51,1,41
655,65,1,67
655,65,1,77
655,25,1,74
655,71,0,56
655,40,0,74
655,57,0,39
655,26,0,76
655,31,0,83
655,3,0,57
655,61,0,84
655,33,1,36
655,20,1,44
655,6,0,86
655,49,1,41
655,62,0,61
655,2,1,15
655,24,0,43
655,28,1,80
655,19,0,52
655,49,1,78
655,66,1,44
655,44,0,53
655,58,0,85
655,17,1,45
655,63,1,39
655,14,0,47
655,35,0,44
655,13,1,40
655,21,0,56
655,65,1,104
655,42,1,53
655,51,1,76
655,47,0,71
655,26,0,55
655,55,1,70
655,30,0,62
655,50,1,80
656,63,0,23
656,46,0,28
656,10,1,37
656,28,0,21
656,0,0,39
656,33,0,34
656,2,1,45
656,54,0,25
656,60,0,16
656,18,1,16
656,26,0,27
656,21,0,19
656,2,1,19
656,12,0,20
656,53,1,33
656,13,0,25
656,62,1,32
656,9,1,39
656,36,1,28
656,22,1,5
656,7,0,26
656,64,1,23
656,22,1,27
656,3,0,19
656,46,0,30
656,56,0,28
656,65,1,11
656,25,0,39
656,38,0,10
656,5,1,36
656,48,0,36
656,44,0,21
656,66,0,27
656,68,1,31
656,37,1,32
656,69,0,21
656,23,1,22
656,16,1,14
656,39,1,32
656,10,0,16
656,14,1,28
656,24,0,22
656,42,0,24
656,33,0,27
656,36,0,19
656,67,0,26
656,8,0,28
656,30,1,27
656,1,0,35
656,12,0,18
656,55,1,26
656,63,1,29
656,29,0,10
656,62,1,30
656,56,0,19
656,46,0,21
656,43,0,35
656,61,1,34
656,16,1,29
656,24,1,32
656,57,0,5
656,35,1,37
656,59,1,40
656,31,1,32
656,7,0,13
656,45,1,38
656,16,1,32
656,15,1,27
656,69,0,18
656,5,1,35
656,34,1,22
656,11,1,8
657,6,1,16
657,31,0,24
657,64,1,39
657,9,1,24
657,5,1,26
657,35,1,48
657,2,1,16
657,71,1,21
657,47,1,27
657,62,0,20
657,59,1,26
657,27,1,23
657,9,1,35
657,39,1,16
657,24,1,34
657,20,0,17
657,41,1,23
657,24,0,22
657,5,1,42
657,55,1,44
657,69,1,22
657,45,1,10
657,52,1,32
657,37,1,21
657,22,1,29
657,46,1,23
657,8,1,25
657,46,0,19
657,40,1,25
657,37,0,10
657,55,1,41
657,53,1,5
657,15,0,25
657,14,1,18
657,8,1,43
657,69,1,29
657,17,0,41
657,17,1,32
657,26,1,30
657,6,1,27
657,1,1,38
657,7,1,39
657,62,1,30
657,32,1,42
657,58,1,39
657,26,1,24
657,57,1,42
657,29,1,39
657,63,1,49
657,16,1,24
657,43,1,47
657,21,1,26
657,30,1,34
657,57,1,25
657,48,1,37
657,4,1,29
657,9,1,49
657,20,1,43
657,2,1,30
657,21,1,49
657,22,1,28
657,36,1,31
657,55,1,24
657,1,1,47
657,16,1,33
657,23,0,23
657,2,1,14
657,13,1,27
657,11,1,37
657,12,1,34
657,42,1,44
657,37,1,21
658,51,0,20
658,32,0,13
658,28,1,23
658,44,1,6
658,57,1,41
658,69,0,24
658,69,1,20
658,9,1,31
658,25,1,27
658,34,1,22
658,29,1,22
658,46,1,18
658,57,0,44
658,62,1,48
658,6,1,32
658,40,1,27
658,62,1,26
658,65,1,22
658,9,1,36
658,30,1,49
658,6,1,20
658,5,1,19
658,8,1,34
658,13,1,35
658,24,1,29
658,38,1,21
658,9,1,37
658,23,0,39
658,3,0,19
658,17,1,30
658,57,0,12
658,65,1,12
658,36,1,43
658,44,1,30
658,65,0,6
658,9,1,49
658,0,1,33
658,36,1,30
658,8,1,16
658,64,1,25
658,67,1,51
658,62,1,24
658,55,1,22
658,55,1,32
658,38,0,31
658,39,1,43
658,20,0,33
658,20,0,10
658,5,1,38
658,11,1,38
658,13,1,25
658,59,0,36
658,8,1,44
658,58,1,35
658,58,0,17
658,35,1,21
658,12,1,41
658,60,1,29
658,47,1,28
658,57,1,24
658,60,1,27
658,68,1,39
658,9,1,24
658,22,1,25
658,33,0,60
658,66,0,15
658,34,1,27
658,23,0,39
658,55,1,42
658,30,1,15
658,3,0,38
658,34,0,29
659,32,0,48
659,59,1,51
659,3,0,50
659,39,0,55
659,19,0,41
659,60,1,66
659,66,0,36
659,3,0,19
659,11,0,48
659,34,1,40
659,18,0,48
659,38,0,47
659,23,0,62
659,71,0,66
659,67,0,57
659,5,1,31
659,34,1,56
659,13,1,44
659,32,0,44
659,69,0,48
659,34,1,35
659,48,1,46
659,3,0,30
659,46,0,45
659,64,0,21
659,58,0,61
659,8,1,41
659,61,1,58
659,36,1,55
659,22,0,47
659,69,0,44
659,10,0,57
659,62,0,62
659,60,1,21
659,66,0,29
659,49,1,26
659,28,1,31
659,34,1,26
659,42,1,25
659,25,0,59
659,36,0,48
659,57,0,33
659,15,0,54
659,39,0,65
659,26,1,16
659,23,0,22
659,19,1,56
659,18,1,41
659,13,1,33
659,59,1,48
659,61,1,56
659,55,0,25
659,1,0,64
659,29,0,60
659,21,0,29
659,0,1,32
659,8,0,62
659,50,0,20
659,4,0,70
659,60,1,56
659,34,1,17
659,25,1,42
659,28,0,41
659,34,1,55
659,20,0,44
659,14,0,61
659,1,0,64
659,37,1,42
659,5,1,34
659,19,0,48
659,55,1,45
659,34,0,30
660,3,0,21
660,43,0,54
660,4,0,27
660,45,1,52
660,0,1,35
660,34,1,45
660,65,1,54
660,53,1,14
660,68,1,65
660,51,1,29
660,19,0,29
660,19,0,33
660,10,1,57
660,22,0,42
660,35,1,44
660,5,1,40
660,70,1,39
660,43,0,64
660,21,1,49
660,68,1,43
660,22,1,47
660,11,1,51
660,17,1,27
660,23,1,34
660,71,0,53
660,10,0,32
660,39,1,62
660,13,1,52
660,71,0,77
660,59,0,33
660,59,1,47
660,62,0,46
660,68,0,35
660,71,0,19
660,39,0,51
660,12,1,42
660,33,0,51
660,3,0,17
660,8,0,39
660,16,0,34
660,17,1,52
660,68,1,32
660,51,0,23
660,2,1,56
660,31,1,21
660,31,0,42
660,46,0,27
660,1,0,19
660,48,1,64
660,0,1,14
660,64,1,5
660,5,1,35
660,42,0,46
660,69,0,68
660,34,0,21
660,41,1,35
660,18,0,13
660,45,1,40
660,45,0,47
660,48,0,19
660,28,1,48
660,65,1,54
660,58,1,54
660,65,0,50
660,7,0,28
660,8,0,38
660,67,1,42
660,21,0,21
660,40,0,57
660,28,1,41
660,36,0,30
660,10,0,34
661,16,1,49
661,12,0,58
661,39,1,51
661,39,0,66
661,3,0,11
661,30,0,34
661,31,1,66
661,20,1,61
661,32,0,35
661,30,1,39
661,7,1,27
661,39,0,49
661,63,0,43
661,48,0,50
661,6,1,60
661,58,1,49
661,6,1,51
661,70,1,44
661,44,0,77
661,9,1,73
661,71,0,66
661,61,1,34
661,26,1,47
661,52,0,57
661,64,1,57
661,13,0,18
661,40,1,63
661,66,0,51
661,23,0,23
661,10,0,51
661,6,1,50
661,28,1,45
661,54,1,42
661,64,0,51
661,65,1,59
661,33,0,67
661,71,1,58
661,69,0,34
661,49,1,58
661,44,1,70
661,49,1,42
661,59,0,56
661,9,1,30
661,0,1,68
661,47,1,58
661,28,0,46
661,14,1,37
661,20,1,49
661,10,1,41
661,37,0,45
661,12,0,45
661,6,1,35
661,29,1,42
661,33,0,36
661,32,0,61
661,44,1,38
661,45,1,48
661,49,0,45
661,68,1,53
661,20,0,44
661,32,0,50
661,11,0,44
661,13,1,39
661,68,1,30
661,24,0,24
661,20,0,52
661,0,0,36
661,61,1,27
661,1,1,64
661,70,1,56
661,34,0,34
661,27,1,47
662,47,0,44
662,70,1,58
662,38,0,70
662,64,0,76
662,57,0,63
662,58,0,79
662,31,0,55
662,66,0,33
662,40,0,69
662,53,0,59
662,55,0,74
662,40,0,67
662,64,1,49
662,27,1,90
662,69,1,51
662,57,0,21
662,34,0,91
662,68,0,41
662,17,0,91
662,17,0,65
662,51,0,49
662,70,0,64
662,23,1,23
662,19,0,49
662,67,0,52
662,36,1,30
662,13,0,64
662,47,1,65
662,31,0,71
662,62,0,18
662,32,0,52
662,67,0,39
662,52,0,66
662,69,0,43
662,4,0,64
662,65,1,73
662,28,0,85
662,11,1,20
662,8,0,79
662,32,0,53
662,62,0,70
662,15,0,62
662,51,0,71
662,59,0,69
662,11,1,78
662,44,0,76
662,63,0,39
662,47,0,24
662,20,0,75
662,8,0,85
662,47,0,73
662,4,0,92
662,3,0,31
662,65,1,61
662,0,0,80
662,50,0,25
662,9,0,46
662,34,0,59
662,31,1,55
662,47,0,39
662,62,0,52
662,62,0,85
662,2,0,70
662,41,0,82
662,67,0,50
662,63,0,58
662,46,0,97
662,28,0,75
662,46,0,81
662,13,0,56
662,62,0,35
662,52,0,77
663,4,0,18
663,1,0,20
663,45,0,36
663,55,1,7
663,31,0,14
663,37,0,32
663,58,0,8
663,33,0,31
663,31,1,6
663,18,1,17
663,71,1,42
663,53,0,33
663,43,0,34
663,54,1,39
663,65,1,13
663,42,0,31
663,61,1,29
663,11,0,12
663,53,0,28
663,68,0,26
663,71,0,28
663,68,1,5
663,21,0,22
663,67,1,5
663,49,1,32
663,67,1,22
663,35,0,14
663,44,0,21
663,55,0,21
663,32,0,15
663,2,1,36
663,52,1,12
663,69,1,26
663,45,0,7
663,11,0,33
663,12,0,23
663,0,0,13
663,52,0,38
663,33,0,35
663,35,0,17
663,60,0,30
663,68,0,40
663,11,0,32
663,10,0,23
663,52,1,8
663,27,0,42
663,32,1,20
663,46,1,29
663,36,0,36
663,31,0,19
663,61,1,34
663,53,1,39
663,20,0,44
663,41,0,38
663,24,1,18
663,18,0,20
663,51,0,29
663,52,0,24
663,18,0,17
663,24,0,27
663,41,0,35
663,42,0,33
663,42,0,24
663,9,0,27
663,3,1,29
663,15,1,28
663,11,1,14
663,66,1,26
663,12,0,20
663,21,1,16
663,53,0,18
663,60,1,26
664,70,0,32
664,29,1,33
664,20,0,47
664,51,1,11
664,70,0,11
664,29,1,6
664,16,1,21
664,23,0,34
664,25,1,22
664,45,1,14
664,45,0,19
664,51,0,26
664,44,1,18
664,46,0,43
664,28,0,35
664,2,1,24
664,13,1,12
664,0,0,20
664,62,0,12
664,54,1,17
664,51,1,11
664,49,1,9
664,49,0,21
664,43,0,19
664,17,0,48
664,34,0,16
664,5,1,5
664,51,1,36
664,64,1,31
664,46,1,15
664,21,0,16
664,51,0,22
664,53,1,14
664,50,1,35
664,62,1,18
664,22,0,23
664,2,1,43
664,16,0,37
664,55,0,14
664,55,0,29
664,34,1,6
664,11,1,42
664,71,1,32
664,38,0,15
664,47,0,41
664,22,0,38
664,36,0,14
664,27,0,31
664,48,0,28
664,44,1,30
664,24,1,11
664,41,1,37
664,30,1,40
664,16,1,23
664,62,0,13
664,56,0,10
664,30,1,24
664,31,0,9
664,26,0,28
664,15,1,25
664,32,1,12
664,42,0,44
664,57,0,23
664,46,1,37
664,71,0,22
664,16,1,30
664,19,0,15
664,12,1,30
664,46,1,19
664,62,1,8
664,25,0,23
664,8,1,24
665,30,0,22
665,18,1,14
665,35,0,38
665,53,1,28
665,19,1,21
665,11,1,6
665,42,0,30
665,37,1,22
665,36,1,26
665,54,0,25
665,31,0,37
665,46,0,25
665,43,0,14
665,12,0,32
665,1,0,40
665,14,0,22
665,51,0,35
665,56,0,32
665,62,1,7
665,26,1,14
665,4,0,47
665,66,0,23
665,7,1,25
665,4,0,29
665,18,1,32
665,48,1,20
665,14,0,32
665,0,1,17
665,52,1,8
665,3,0,36
665,57,0,16
665,12,0,15
665,47,0,37
665,10,1,21
665,58,1,25
665,47,0,32
665,49,0,26
665,27,1,32
665,49,1,24
665,26,1,10
665,36,0,28
665,61,1,30
665,48,1,9
665,41,0,6
665,0,1,17
665,19,0,20
665,42,0,31
665,31,0,36
665,3,0,35
665,6,1,17
665,40,0,19
665,48,0,11
665,13,1,9
665,22,1,23
665,35,1,17
665,33,1,24
665,50,0,19
665,69,0,41
665,29,1,46
665,71,1,27
665,69,0,17
665,30,0,10
665,55,0,44
665,38,0,37
665,38,0,17
665,40,0,24
665,25,0,23
665,24,0,25
665,47,1,28
665,50,0,21
665,41,0,32
665,5,1,21
666,32,0,51
666,43,0,21
666,70,1,58
666,27,1,38
666,41,1,34
666,16,0,46
666,24,1,21
666,20,1,50
666,6,0,37
666,52,1,77
666,36,0,37
666,35,1,37
666,45,0,49
666,19,1,53
666,13,0,44
666,10,0,48
666,62,0,26
666,3,0,42
666,35,1,42
666,71,1,49
666,1,0,36
666,34,0,52
666,61,1,7
666,59,0,47
666,10,0,43
666,0,1,22
666,7,1,40
666,47,1,30
666,64,1,19
666,10,1,39
666,41,0,51
666,71,0,34
666,55,0,24
666,68,1,25
666,42,1,44
666,28,0,44
666,8,1,29
666,41,0,37
666,60,1,52
666,13,1,49
666,35,1,56
666,31,0,38
666,6,1,20
666,48,1,46
666,17,1,47
666,54,1,42
666,62,1,54
666,46,1,11
666,0,0,47
666,49,1,25
666,35,1,46
666,10,0,37
666,14,0,49
666,16,1,40
666,48,1,23
666,65,0,39
666,35,1,35
666,70,0,50
666,2,1,45
666,42,1,17
666,45,0,5
666,16,1,29
666,1,1,36
666,39,0,58
666,56,1,42
666,44,1,40
666,56,1,72
666,23,1,43
666,27,0,29
666,36,1,26
666,49,1,24
666,41,1,72
667,64,1,29
667,15,1,28
667,26,1,21
667,64,1,22
667,45,0,26
667,60,1,38
667,2,1,25
667,19,1,43
667,18,1,21
667,16,1,28
667,69,1,35
667,36,1,45
667,60,1,33
667,45,1,37
667,30,1,41
667,58,1,27
667,48,1,24
667,7,1,13
667,54,1,33
667,47,0,33
667,16,1,16
667,25,1,26
667,7,1,25
667,18,1,32
667,27,1,28
667,55,1,34
667,28,0,38
667,63,0,25
667,3,1,36
667,65,1,24
667,11,1,24
667,37,0,29
667,32,0,33
667,64,1,20
667,16,1,24
667,66,1,40
667,19,1,20
667,1,1,48
667,8,0,23
667,52,1,19
667,54,1,38
667,59,1,23
667,49,1,39
667,0,1,36
667,49,1,36
667,50,0,29
667,54,0,36
667,27,1,39
667,44,1,28
667,23,0,41
667,59,1,39
667,40,1,32
667,36,1,20
667,17,1,47
667,16,0,17
667,50,1,21
667,30,1,31
667,13,1,35
667,63,1,34
667,13,1,28
667,29,1,33
667,10,1,34
667,27,1,36
667,18,0,43
667,34,1,48
667,20,0,21
667,71,0,22
667,16,1,29
667,71,1,30
667,53,1,41
667,69,1,20
667,47,1,26
668,30,1,26
668,21,1,30
668,51,0,20
668,46,1,24
668,16,1,25
668,68,1,18
668,69,0,16
668,7,0,26
668,34,1,21
668,57,1,32
668,64,1,24
668,38,1,26
668,48,1,22
668,2,1,31
668,16,0,23
668,26,1,52
668,55,1,40
668,7,1,39
668,5,1,34
668,32,0,35
668,42,1,10
668,26,1,54
668,23,1,13
668,55,1,15
668,2,0,34
668,19,0,28
668,20,1,35
668,63,1,27
668,48,0,24
668,49,1,24
668,42,1,34
668,67,1,37
668,65,1,32
668,31,0,17
668,14,1,30
668,40,1,40
668,69,1,19
668,13,1,37
668,67,1,32
668,17,1,40
668,39,1,22
668,52,1,39
668,33,1,32
668,58,1,9
668,66,1,31
668,14,1,53
668,42,0,16
668,68,1,30
668,25,1,17
668,70,1,26
668,55,1,19
668,49,1,35
668,50,1,37
668,60,1,34
668,52,1,24
668,10,1,22
668,21,1,14
668,21,1,27
668,39,1,30
668,58,1,58
668,12,0,18
668,30,1,58
668,60,1,43
668,38,1,13
668,28,1,23
668,43,0,22
668,8,1,22
668,19,1,16
668,44,1,30
668,27,1,45
668,8,1,37
668,24,1,30
669,26,1,43
669,36,1,30
669,55,1,22
669,60,1,51
669,12,0,39
669,3,0,33
669,45,1,41
669,32,0,37
669,44,0,19
669,68,1,80
669,29,1,50
669,69,1,33
669,0,1,17
669,18,1,42
669,5,0,34
669,30,1,32
669,68,0,19
669,57,1,44
669,70,1,53
669,11,1,58
669,46,0,32
669,18,1,59
669,19,0,65
669,0,0,18
669,56,1,64
669,33,0,38
669,25,1,40
669,65,1,57
669,20,1,31
669,21,1,35
669,23,1,44
669,20,1,33
669,58,0,38
669,26,0,18
669,41,1,31
669,14,0,50
669,65,1,49
669,49,0,45
669,16,1,44
669,31,0,48
669,32,0,48
669,6,0,47
669,68,1,27
669,19,0,27
669,69,1,41
669,42,1,37
669,21,1,59
669,21,0,39
669,25,1,50
669,50,0,52
669,70,0,47
669,50,0,44
669,14,0,49
669,36,1,34
669,22,0,47
669,43,0,19
669,3,1,35
669,34,0,49
669,57,0,68
669,50,0,24
669,35,0,49
669,44,0,67
669,35,1,19
669,46,0,14
669,27,0,32
669,12,0,59
669,52,1,60
669,36,1,42
669,59,1,38
669,38,1,24
669,6,0,22
669,2,1,15
670,46,0,31
670,17,1,43
670,27,1,47
670,31,0,58
670,15,0,50
670,66,0,32
670,14,0,38
670,41,0,62
670,55,1,53
670,39,0,64
670,36,1,26
670,63,0,55
670,0,0,25
670,51,0,26
670,28,0,39
670,27,0,46
670,40,1,65
670,2,1,40
670,34,1,65
670,42,0,34
670,10,0,27
670,3,1,48
670,43,1,39
670,46,1,42
670,50,1,25
670,25,0,51
670,70,1,34
670,44,1,55
670,21,1,61
670,40,1,41
670,25,1,41
670,0,1,45
670,51,0,23
670,37,1,23
670,53,1,29
670,44,1,52
670,40,0,37
670,0,0,28
670,20,0,39
670,35,1,38
670,35,1,49
670,31,1,40
670,52,1,41
670,34,1,24
670,51,0,41
670,28,1,29
670,70,1,33
670,59,1,46
670,10,1,55
670,66,0,59
670,64,0,37
670,68,0,56
670,8,1,40
670,27,1,60
670,2,1,24
670,51,0,46
670,63,0,55
670,17,1,59
670,38,1,32
670,21,0,53
670,55,1,48
670,29,1,74
670,32,0,32
670,31,0,64
670,35,1,61
670,13,1,52
670,50,0,37
670,54,0,43
670,51,0,46
670,4,0,37
670,28,0,40
670,14,1,60
671,20,0,28
671,0,1,31
671,1,1,17
671,62,0,25
671,24,0,16
671,1,1,21
671,26,1,5
671,20,1,31
671,34,0,35
671,45,0,35
671,9,0,11
671,64,0,19
671,57,1,42
671,33,0,35
671,54,0,13
671,67,0,28
671,42,0,37
671,17,0,14
671,34,1,41
671,67,0,10
671,67,0,31
671,51,1,31
671,22,0,21
671,53,0,37
671,55,0,13
671,18,0,14
671,60,1,41
671,49,0,25
671,14,0,27
671,24,0,25
671,27,1,34
671,50,1,25
671,65,1,34
671,54,0,20
671,30,1,23
671,12,1,25
671,22,1,43
671,23,0,34
671,32,1,21
671,26,1,30
671,17,1,29
671,63,1,19
671,60,1,5
671,18,1,30
671,24,0,34
671,59,0,24
671,15,1,26
671,2,1,19
671,10,0,20
671,21,1,22
671,5,1,41
671,26,1,28
671,1,0,18
671,10,0,40
671,9,0,31
671,55,1,37
671,17,1,22
671,42,1,14
671,41,1,10
671,58,1,30
671,12,1,7
671,17,1,29
671,55,0,45
671,15,1,34
671,47,1,29
671,13,0,27
671,69,0,13
671,44,1,30
671,8,1,25
671,11,0,36
671,30,1,17
671,18,0,24
672,18,0,29
672,19,0,20
672,36,1,18
672,12,1,36
672,4,0,31
672,70,1,18
672,59,0,24
672,52,1,31
672,44,0,19
672,12,1,40
672,15,0,26
672,49,0,39
672,55,1,21
672,6,0,17
672,68,0,16
672,13,0,17
672,12,0,32
672,30,1,51
672,65,1,28
672,13,0,46
672,9,0,39
672,37,1,29
672,11,0,30
672,53,1,29
672,12,0,21
672,28,0,27
672,44,0,18
672,59,0,32
672,39,0,31
672,71,0,21
672,10,1,44
672,7,1,22
672,56,1,11
672,61,1,28
672,63,1,9
672,25,1,32
672,16,0,23
672,63,0,17
672,29,1,33
672,54,0,18
672,34,1,21
672,13,1,21
672,28,1,49
672,33,0,24
672,20,1,7
672,37,0,9
672,35,1,16
672,23,0,20
672,24,1,13
672,41,1,37
672,57,0,42
672,48,0,33
672,39,0,25
672,26,0,24
672,12,1,13
672,36,1,17
672,57,0,5
672,41,1,26
672,56,1,37
672,33,0,9
672,68,1,19
672,8,0,25
672,20,0,33
672,24,0,17
672,63,1,22
672,53,0,33
672,30,1,33
672,66,1,7
672,62,0,25
672,31,0,28
672,64,1,30
672,18,0,17
673,49,1,50
673,49,0,47
673,45,0,66
673,50,0,56
673,68,1,41
673,8,0,49
673,39,1,42
673,32,0,18
673,66,0,55
673,71,0,66
673,5,1,33
673,16,1,95
673,40,0,39
673,21,0,41
673,42,0,43
673,10,1,47
673,54,0,84
673,61,1,67
673,54,0,83
673,34,0,77
673,54,0,39
673,50,1,75
673,52,1,69
673,1,1,69
673,66,0,65
673,65,1,37
673,1,1,42
673,45,0,20
673,43,0,55
673,39,1,75
673,20,0,56
673,48,0,63
673,54,0,37
673,23,0,50
673,1,0,80
673,57,0,29
673,51,0,57
673,29,0,64
673,27,1,85
673,16,0,64
673,67,0,41
673,6,1,66
673,22,1,58
673,48,0,39
673,1,0,49
673,0,0,49
673,48,0,48
673,58,0,42
673,68,0,43
673,49,0,60
673,67,0,37
673,41,1,75
673,52,1,73
673,65,1,40
673,62,0,28
673,7,0,90
673,3,0,125
673,70,0,79
673,36,0,57
673,56,0,81
673,33,0,62
673,57,0,47
673,2,1,45
673,55,0,44
673,70,0,54
673,62,0,23
673,43,0,84
673,41,0,34
673,71,0,79
673,12,0,63
673,8,0,48
673,10,0,45
674,45,0,15
674,40,1,49
674,41,0,15
674,13,0,22
674,13,1,18
674,16,1,37
674,68,1,17
674,71,1,17
674,26,1,25
674,18,1,15
674,2,1,25
674,25,1,30
674,39,0,34
674,38,1,30
674,43,1,15
674,25,1,24
674,14,1,29
674,36,1,12
674,60,1,21
674,2,1,39
674,23,0,17
674,30,0,49
674,27,1,44
674,57,1,36
674,1,1,20
674,50,1,42
674,42,1,37
674,52,1,30
674,57,1,32
674,42,1,39
674,35,1,26
674,8,1,29
674,5,1,23
674,58,1,49
674,17,1,29
674,20,1,6
674,57,1,11
674,71,0,14
674,16,0,44
674,34,1,39
674,55,0,22
674,37,1,24
674,51,1,48
674,71,0,27
674,31,0,18
674,61,1,27
674,58,1,38
674,46,1,13
674,61,1,17
674,55,1,26
674,36,1,16
674,11,1,29
674,40,1,43
674,57,1,39
674,29,0,30
674,30,1,23
674,48,1,29
674,47,1,13
674,42,1,32
674,68,1,43
674,28,1,27
674,68,1,29
674,70,0,17
674,39,1,21
674,7,1,31
674,30,1,24
674,62,0,31
674,61,1,36
674,52,1,9
674,32,0,21
674,22,1,12
674,41,1,40
675,25,1,21
675,0,1,28
675,0,1,30
675,33,1,44
675,49,1,29
675,48,1,34
675,24,1,35
675,28,1,32
675,28,1,23
675,62,0,47
675,55,1,37
675,4,1,31
675,21,1,26
675,16,1,31
675,69,0,12
675,54,1,23
675,52,0,15
675,41,1,9
675,22,1,31
675,50,0,5
675,7,0,20
675,8,1,18
675,30,1,10
675,17,1,24
675,22,1,20
675,36,1,26
675,21,1,32
675,68,1,24
675,37,0,30
675,20,1,33
675,19,1,31
675,37,0,21
675,31,1,17
675,4,0,20
675,9,1,40
675,15,1,18
675,20,0,38
675,4,0,25
675,48,1,27
675,14,1,19
675,58,1,18
675,39,1,8
675,46,0,34
675,21,1,27
675,58,1,27
675,30,1,18
675,43,1,33
675,17,1,42
675,10,0,28
675,61,1,55
675,56,0,24
675,33,1,37
675,62,0,18
675,52,1,34
675,58,1,30
675,69,1,39
675,22,1,26
675,56,1,25
675,16,1,26
675,31,1,37
675,61,1,40
675,63,1,18
675,53,1,24
675,27,1,15
675,44,1,38
675,61,1,38
675,23,1,33
675,66,1,50
675,61,1,49
675,13,1,35
675,31,0,25
675,69,1,21
676,9,1,20
676,50,1,18
676,37,0,32
676,30,1,27
676,0,0,29
676,49,1,13
676,12,1,28
676,0,0,26
676,35,1,36
676,2,1,5
676,30,1,24
676,30,1,16
676,16,0,20
676,18,0,36
676,31,1,36
676,43,1,30
676,36,1,18
676,21,0,18
676,58,1,32
676,10,1,20
676,62,0,34
676,11,0,10
676,2,1,28
676,14,1,20
676,44,1,25
676,1,0,45
676,53,1,47
676,30,1,26
676,55,0,16
676,53,1,5
676,59,0,45
676,56,1,24
676,32,0,16
676,28,0,30
676,29,1,12
676,20,0,22
676,63,0,24
676,65,1,23
676,13,0,25
676,17,0,25
676,67,0,15
676,17,0,20
676,56,0,5
676,1,0,32
676,15,0,26
676,0,0,16
676,34,1,5
676,57,0,11
676,65,0,14
676,40,1,13
676,0,1,36
676,5,1,33
676,32,1,20
676,1,1,24
676,45,0,15
676,66,1,38
676,54,0,22
676,43,1,11
676,12,0,24
676,69,1,11
676,30,0,17
676,49,1,27
676,43,0,25
676,65,1,14
676,4,1,17
676,56,0,31
676,34,0,30
676,18,0,14
676,61,1,8
676,35,1,16
676,54,0,31
676,45,0,36
677,50,0,36
677,30,0,5
677,29,1,11
677,18,1,15
677,34,0,15
677,8,0,10
677,33,0,9
677,57,1,14
677,8,0,19
677,29,0,27
677,43,0,30
677,16,0,13
677,32,0,43
677,5,1,17
677,68,0,29
677,15,1,27
677,66,0,37
677,40,1,10
677,35,1,14
677,32,0,18
677,65,1,13
677,64,0,28
677,6,0,20
677,34,1,45
677,62,0,14
677,61,0,32
677,71,0,5
677,21,0,30
677,16,1,34
677,20,0,11
677,40,1,24
677,60,1,28
677,35,0,14
677,28,1,18
677,48,0,37
677,36,0,27
677,7,0,26
677,62,0,42
677,16,1,23
677,50,0,23
677,6,1,5
677,4,0,21
677,43,0,26
677,58,0,14
677,20,0,21
677,19,1,5
677,8,0,40
677,64,1,23
677,12,1,38
677,38,0,25
677,6,0,27
677,52,0,18
677,7,0,28
677,55,0,27
677,1,1,33
677,28,0,23
677,15,1,33
677,59,0,22
677,12,0,16
677,21,0,29
677,35,0,52
677,1,0,39
677,7,1,20
677,67,0,6
677,70,0,25
677,16,0,25
677,71,0,14
677,38,1,24
677,54,0,47
677,1,0,19
677,10,1,21
677,23,0,12
678,25,1,55
678,28,1,40
678,19,0,42
678,33,0,54
678,8,0,65
678,53,0,57
678,47,0,53
678,61,1,55
678,53,1,47
678,32,0,22
678,2,1,41
678,35,1,58
678,19,0,46
678,25,1,62
678,64,1,27
678,21,1,29
678,61,0,47
678,40,0,55
678,12,0,41
678,62,1,25
678,22,1,39
678,55,0,32
678,22,0,54
678,29,1,50
678,21,1,28
678,42,0,46
678,52,1,43
678,51,0,40
678,34,0,38
678,66,1,43
678,13,1,24
678,14,0,14
678,26,1,9
678,32,0,15
678,20,0,20
678,71,1,13
678,56,1,51
678,6,1,53
678,56,0,43
678,40,0,48
678,40,1,45
678,8,1,42
678,20,0,41
678,32,1,39
678,39,1,41
678,15,0,44
678,68,1,53
678,25,0,46
678,55,0,37
678,58,0,28
678,32,1,57
678,31,1,62
678,57,0,73
678,67,0,41
678,33,0,19
678,22,1,17
678,52,1,46
678,63,1,26
678,49,1,28
678,22,1,48
678,54,1,69
678,19,0,32
678,30,0,41
678,61,1,69
678,70,1,32
678,55,1,27
678,59,0,42
678,11,1,49
678,21,1,30
678,61,0,22
678,17,1,37
678,1,1,46
679,3,0,11
679,45,0,40
679,29,1,30
679,8,0,25
679,49,1,19
679,9,0,28
679,14,0,37
679,66,1,12
679,11,1,12
679,65,1,16
679,24,0,13
679,69,1,26
679,53,1,42
679,7,1,20
679,71,0,19
679,56,1,21
679,36,1,36
679,1,1,38
679,60,1,21
679,39,1,29
679,20,1,29
679,39,1,28
679,42,1,8
679,63,1,18
679,30,1,25
679,49,1,20
679,2,1,27
679,63,0,13
679,34,1,7
679,57,0,22
679,49,1,21
679,37,0,37
679,71,0,23
679,20,1,24
679,37,1,39
679,42,1,25
679,57,0,25
679,13,1,22
679,52,1,25
679,55,0,33
679,46,1,38
679,21,0,27
679,31,1,29
679,55,1,21
679,49,1,38
679,44,0,22
679,28,0,21
679,37,0,29
679,27,1,5
679,34,0,19
679,60,1,19
679,22,1,15
679,56,1,25
679,63,1,23
679,26,0,27
679,43,0,27
679,49,1,8
679,67,0,22
679,59,0,21
679,26,1,21
679,14,1,19
679,31,0,21
679,19,0,34
679,53,0,11
679,16,1,21
679,37,0,17
679,70,1,7
679,29,1,29
679,8,0,12
679,1,1,21
679,56,1,21
679,69,0,26
680,62,1,33
680,46,0,32
680,55,0,40
680,56,1,25
680,55,0,33
680,42,1,19
680,20,0,30
680,58,0,5
680,17,0,36
680,16,0,24
680,62,0,10
680,22,1,49
680,65,0,34
680,65,1,39
680,37,1,36
680,4,0,20
680,14,1,28
680,22,0,19
680,65,1,13
680,41,1,30
680,44,1,22
680,24,0,14
680,48,1,16
680,70,1,27
680,65,0,23
680,29,0,8
680,36,1,32
680,45,0,29
680,54,0,43
680,52,0,23
680,19,0,22
680,44,0,26
680,1,0,17
680,60,1,24
680,39,1,19
680,32,0,31
680,24,1,19
680,3,1,21
680,43,0,22
680,13,0,15
680,54,1,28
680,61,1,29
680,16,1,16
680,46,1,30
680,35,1,26
680,69,0,43
680,39,1,30
680,69,0,5
680,29,1,32
680,39,0,18
680,50,1,32
680,19,1,45
680,60,1,28
680,38,1,27
680,45,1,15
680,2,1,5
680,50,0,30
680,49,1,39
680,59,1,30
680,17,1,22
680,21,1,37
680,70,1,26
680,18,0,28
680,42,1,26
680,11,0,30
680,70,1,41
680,50,1,27
680,6,1,22
680,34,1,19
680,58,0,24
680,41,1,19
680,7,1,35
681,71,0,61
681,66,0,68
681,37,0,55
681,43,1,47
681,39,0,57
681,64,0,42
681,65,1,60
681,37,0,62
681,37,0,42
681,42,0,58
681,64,1,34
681,62,0,74
681,18,1,60
681,70,0,63
681,42,1,51
681,36,1,54
681,20,0,37
681,2,0,31
681,43,0,51
681,39,0,58
681,20,0,23
681,69,0,51
681,32,0,48
681,61,1,34
681,22,1,73
681,18,1,43
681,65,1,79
681,11,0,48
681,31,1,49
681,70,1,25
681,65,1,28
681,37,0,43
681,68,1,57
681,21,0,48
681,40,1,41
681,26,0,40
681,34,0,36
681,35,0,22
681,26,1,62
681,60,0,39
681,46,1,46
681,13,0,24
681,62,0,28
681,70,0,53
681,7,0,45
681,5,1,56
681,3,0,44
681,2,1,26
681,60,1,37
681,20,1,18
681,11,1,30
681,14,0,46
681,34,0,36
681,11,0,60
681,44,1,52
681,0,0,37
681,45,1,32
681,1,1,55
681,18,1,19
681,43,0,52
681,50,0,39
681,56,1,40
681,6,0,35
681,5,1,56
681,68,1,49
681,42,1,40
681,0,0,54
681,46,0,40
681,37,0,48
681,64,0,50
681,27,0,38
681,16,0,34
682,47,1,22
682,70,0,31
682,41,1,33
682,69,0,15
682,12,0,24
682,59,0,18
682,42,0,22
682,4,1,42
682,61,1,17
682,26,0,22
682,66,0,15
682,69,0,20
682,68,1,23
682,58,1,9
682,50,1,8
682,13,0,19
682,7,0,26
682,25,1,10
682,10,1,29
682,18,1,22
682,13,0,34
682,3,0,40
682,5,1,18
682,64,0,31
682,1,0,10
682,25,0,32
682,35,1,17
682,45,0,34
682,41,0,42
682,17,1,22
682,22,1,39
682,28,0,39
682,62,1,28
682,27,1,10
682,5,1,32
682,8,1,16
682,17,0,25
682,23,0,26
682,2,0,42
682,49,0,22
682,13,0,21
682,58,1,7
682,67,1,15
682,13,1,14
682,48,0,28
682,44,0,25
682,18,1,28
682,27,0,16
682,58,1,33
682,28,1,30
682,54,1,16
682,14,0,21
682,63,1,18
682,10,0,21
682,35,1,34
682,65,0,21
682,67,0,25
682,71,1,28
682,15,1,11
682,56,1,21
682,4,0,23
682,2,1,10
682,35,1,25
682,35,1,31
682,35,1,36
682,40,1,32
682,10,0,34
682,20,0,20
682,58,1,19
682,71,0,27
682,56,1,23
682,69,1,9
683,56,0,32
683,4,0,27
683,8,0,39
683,55,0,29
683,10,0,29
683,68,1,28
683,12,1,16
683,6,1,29
683,2,1,28
683,38,1,34
683,12,0,30
683,57,1,36
683,11,0,28
683,1,1,40
683,33,0,26
683,29,1,24
683,66,1,35
683,26,0,23
683,54,1,31
683,1,1,5
683,8,0,17
683,47,1,25
683,62,1,9
683,2,1,17
683,40,1,18
683,30,0,32
683,41,0,28
683,42,1,21
683,11,1,25
683,53,1,40
683,45,1,45
683,21,1,36
683,9,0,29
683,33,0,20
683,35,0,23
683,27,1,29
683,59,0,25
683,65,1,21
683,52,0,19
683,5,1,29
683,69,1,10
683,37,0,45
683,59,1,27
683,26,1,39
683,19,1,17
683,42,0,11
683,41,0,39
683,2,1,11
683,56,1,9
683,54,0,33
683,14,0,29
683,69,0,33
683,57,0,21
683,65,1,32
683,9,0,15
683,13,0,21
683,22,0,22
683,27,1,35
683,65,1,22
683,2,1,37
683,62,1,29
683,55,1,8
683,53,0,32
683,64,1,15
683,34,0,49
683,57,1,26
683,60,1,27
683,33,0,15
683,34,0,23
683,63,1,9
683,18,1,17
683,35,0,5
684,23,0,42
684,8,0,80
684,4,0,65
684,12,1,68
684,28,0,40
684,39,0,74
684,48,0,51
684,14,0,84
684,29,0,49
684,7,0,64
684,46,0,39
684,61,1,61
684,11,0,39
684,24,0,54
684,43,0,88
684,46,0,59
684,50,0,67
684,62,0,77
684,24,0,64
684,63,0,64
684,20,0,72
684,18,0,45
684,66,0,84
684,17,0,59
684,40,0,42
684,1,1,27
684,17,0,67
684,29,0,43
684,10,1,77
684,10,0,69
684,59,0,14
684,18,0,43
684,48,0,61
684,43,0,52
684,24,0,37
684,39,0,76
684,63,0,83
684,37,0,53
684,67,1,49
684,58,1,66
684,31,0,67
684,40,0,60
684,7,0,82
684,46,1,21
684,54,0,48
684,12,1,32
684,57,1,44
684,15,0,58
684,43,0,58
684,39,0,5
684,55,0,65
684,65,1,51
684,23,0,95
684,58,0,38
684,28,0,50
684,17,1,75
684,40,0,66
684,42,1,45
684,37,0,60
684,23,0,94
684,54,0,19
684,58,1,50
684,67,0,62
684,12,0,73
684,52,0,82
684,41,0,66
684,32,0,39
684,38,0,69
684,36,0,53
684,30,0,21
684,39,0,78
684,26,0,70
685,12,1,47
685,4,0,69
685,18,0,65
685,63,1,58
685,50,1,57
685,32,1,48
685,37,0,52
685,29,1,17
685,41,1,23
685,52,1,63
685,2,0,32
685,26,1,63
685,69,1,47
685,47,0,30
685,60,0,48
685,31,0,40
685,23,1,26
685,28,1,42
685,0,1,61
685,39,0,51
685,40,0,72
685,53,1,48
685,19,1,36
685,10,1,5
685,69,0,42
685,71,1,29
685,2,0,61
685,66,0,74
685,20,0,51
685,14,1,63
685,1,1,44
685,1,1,63
685,46,1,33
685,62,1,68
685,21,1,25
685,56,1,47
685,2,0,19
685,15,1,38
685,54,1,29
685,48,0,62
685,2,1,67
685,7,1,36
685,3,0,28
685,47,0,29
685,65,0,17
685,7,1,29
685,23,0,54
685,5,1,19
685,50,0,19
685,70,1,18
685,33,1,55
685,8,0,31
685,40,1,48
685,61,1,50
685,11,1,36
685,54,0,42
685,7,1,35
685,66,1,54
685,1,0,46
685,20,0,58
685,22,1,14
685,48,0,57
685,35,0,51
685,48,1,26
685,5,0,26
685,61,1,25
685,2,1,19
685,22,1,40
685,71,1,21
685,41,1,27
685,7,0,62
685,37,0,50
686,61,1,20
686,7,1,28
686,1,1,25
686,37,1,31
686,32,1,30
686,7,1,14
686,64,0,22
686,51,1,40
686,12,1,39
686,41,0,21
686,43,0,22
686,16,0,16
686,5,1,29
686,30,1,23
686,28,0,16
686,18,0,16
686,53,0,5
686,34,0,12
686,50,0,5
686,42,0,17
686,65,1,20
686,1,0,26
686,43,0,28
686,34,0,49
686,35,0,10
686,17,1,25
686,23,0,40
686,18,0,34
686,24,1,24
686,35,0,32
686,61,1,27
686,62,0,28
686,55,1,33
686,14,1,23
686,53,1,17
686,31,0,20
686,33,0,31
686,49,1,33
686,29,0,21
686,34,0,17
686,71,0,27
686,57,1,25
686,46,1,43
686,20,0,16
686,69,1,16
686,9,0,27
686,37,0,13
686,64,1,29
686,63,0,21
686,42,0,28
686,0,0,31
686,52,1,11
686,2,1,18
686,51,0,28
686,30,0,23
686,56,0,20
686,67,1,29
686,39,0,33
686,38,1,30
686,21,1,44
686,49,1,26
686,4,0,26
686,9,1,22
686,16,1,16
686,43,1,15
686,1,0,20
686,2,0,20
686,12,1,31
686,10,0,14
686,69,0,12
686,27,1,20
686,49,1,22
687,56,0,52
687,64,1,34
687,66,0,56
687,47,0,46
687,2,0,77
687,16,0,58
687,42,0,32
687,24,0,73
687,62,0,64
687,65,1,43
687,32,0,44
687,26,0,74
687,47,0,43
687,29,0,74
687,56,0,35
687,44,0,66
687,47,1,5
687,68,0,51
687,67,0,57
687,26,0,52
687,41,1,48
687,67,0,38
687,5,0,25
687,18,1,65
687,70,0,39
687,26,0,56
687,2,0,70
687,61,1,66
687,11,0,42
687,71,0,44
687,50,0,83
687,5,1,61
687,65,1,43
687,10,0,55
687,9,0,34
687,9,1,5
687,17,0,44
687,23,1,39
687,39,0,44
687,22,1,44
687,30,0,22
687,40,0,82
687,66,0,74
687,38,1,56
687,65,1,63
687,51,0,55
687,66,0,68
687,46,0,44
687,61,0,84
687,63,0,41
687,3,0,74
687,49,0,42
687,52,1,85
687,9,0,37
687,52,1,25
687,68,0,56
687,70,1,69
687,26,0,43
687,36,0,99
687,17,1,56
687,35,1,84
687,62,1,62
687,60,0,66
687,48,0,54
687,60,0,84
687,11,1,62
687,37,0,67
687,41,0,77
687,6,0,57
687,4,1,72
687,22,1,61
687,16,1,83
688,50,0,36
688,39,1,15
688,58,1,22
688,10,1,33
688,15,1,40
688,17,1,10
688,59,0,19
688,27,1,22
688,35,1,32
688,28,0,19
688,62,0,30
688,38,1,47
688,35,1,46
688,46,1,18
688,41,0,39
688,3,0,19
688,29,1,26
688,37,1,31
688,15,1,23
688,62,0,36
688,28,1,36
688,6,1,31
688,60,1,18
688,32,0,37
688,5,1,22
688,56,1,37
688,62,0,22
688,1,1,31
688,40,0,43
688,32,1,23
688,68,0,46
688,58,0,29
688,47,1,29
688,69,1,42
688,12,1,28
688,42,1,44
688,56,1,5
688,66,0,34
688,55,0,13
688,65,1,33
688,38,1,41
688,5,1,17
688,68,0,39
688,12,0,36
688,4,0,32
688,12,1,45
688,65,0,57
688,5,1,15
688,56,0,19
688,28,1,23
688,20,1,8
688,13,1,20
688,7,0,20
688,10,1,32
688,17,1,30
688,10,1,49
688,5,1,26
688,19,0,8
688,32,1,34
688,25,1,22
688,32,0,29
688,67,0,19
688,56,1,28
688,59,1,7
688,16,1,22
688,17,1,24
688,7,1,26
688,62,1,29
688,27,0,37
688,8,1,43
688,9,0,29
688,62,0,26
689,54,0,33
689,69,0,17
689,10,1,33
689,56,0,31
689,2,1,40
689,20,1,38
689,48,1,20
689,25,1,41
689,39,1,38
689,33,1,5
689,57,1,28
689,62,1,54
689,53,1,39
689,64,1,28
689,65,1,19
689,3,0,24
689,11,1,18
689,55,1,27
689,20,1,39
689,70,1,39
689,0,1,29
689,37,1,9
689,51,1,30
689,42,1,40
689,46,1,32
689,25,1,36
689,19,1,28
689,47,1,26
689,8,1,27
689,39,1,23
689,67,1,16
689,61,1,47
689,53,1,8
689,42,1,44
689,57,1,32
689,51,1,35
689,13,1,26
689,8,1,39
689,52,0,39
689,4,1,33
689,60,1,39
689,27,1,24
689,52,1,36
689,27,1,30
689,65,1,6
689,28,1,5
689,18,1,30
689,46,1,40
689,9,1,33
689,18,1,9
689,64,1,34
689,49,1,16
689,42,0,47
689,52,1,20
689,45,1,18
689,63,1,42
689,41,1,22
689,31,1,25
689,5,1,28
689,63,1,30
689,71,1,31
689,16,0,27
689,62,1,34
689,58,1,28
689,19,0,34
689,65,1,5
689,5,1,25
689,52,1,29
689,25,1,35
689,6,1,35
689,33,1,29
689,48,1,12
690,6,1,28
690,37,0,50
690,19,0,32
690,5,1,38
690,48,1,49
690,10,1,33
690,7,0,44
690,29,1,55
690,1,1,56
690,43,1,33
690,68,1,49
690,55,1,37
690,21,1,8
690,24,1,34
690,16,1,53
690,49,1,48
690,32,0,51
690,3,0,27
690,54,0,42
690,40,0,44
690,13,1,57
690,36,1,48
690,57,1,35
690,60,1,49
690,30,1,29
690,33,0,5
690,9,1,58
690,68,1,51
690,5,1,7
690,53,0,29
690,42,1,23
690,4,1,37
690,52,1,70
690,46,0,38
690,47,1,9
690,11,1,23
690,39,1,54
690,38,1,48
690,33,0,44
690,67,0,44
690,19,1,35
690,61,0,19
690,53,0,45
690,50,0,53
690,7,1,22
690,16,1,63
690,8,0,25
690,6,1,29
690,51,1,27
690,10,1,31
690,62,1,22
690,33,1,35
690,34,1,33
690,11,1,52
690,61,1,45
690,4,1,39
690,40,0,16
690,19,0,43
690,6,1,47
690,13,1,40
690,1,0,50
690,47,0,29
690,13,1,49
690,40,0,56
690,44,0,49
690,15,0,33
690,67,0,55
690,5,0,65
690,8,0,40
690,2,0,32
690,29,0,27
690,18,0,33
691,27,0,36
691,12,0,33
691,9,0,22
691,37,1,19
691,33,0,16
691,70,0,10
691,16,0,21
691,71,0,31
691,11,1,13
691,60,0,20
691,55,1,22
691,49,1,15
691,10,0,16
691,15,1,38
691,21,0,7
691,26,1,44
691,10,0,27
691,56,1,30
691,21,0,20
691,47,1,30
691,45,1,16
691,39,0,28
691,2,1,27
691,7,1,35
691,42,1,39
691,27,0,25
691,30,1,39
691,50,0,32
691,65,1,40
691,19,0,32
691,1,0,37
691,34,1,40
691,6,1,18
691,0,0,34
691,40,1,31
691,66,0,20
691,67,1,17
691,63,1,19
691,31,1,36
691,47,0,28
691,25,1,24
691,8,1,32
691,65,1,24
691,4,1,43
691,70,1,21
691,65,1,29
691,18,0,9
691,48,1,29
691,55,0,31
691,17,0,11
691,40,0,42
691,65,0,24
691,68,0,30
691,65,0,25
691,18,0,18
691,63,1,40
691,8,1,28
691,62,0,37
691,31,0,28
691,55,0,33
691,0,1,14
691,57,0,10
691,40,0,21
691,41,0,5
691,70,1,17
691,35,1,32
691,67,0,5
691,64,0,37
691,69,0,36
691,4,0,35
691,20,0,26
691,16,0,27
692,40,1,32
692,17,0,44
692,18,1,35
692,7,1,16
692,40,1,33
692,49,1,29
692,35,0,38
692,2,1,25
692,11,1,31
692,66,0,17
692,55,1,60
692,32,0,28
692,19,1,32
692,69,1,56
692,27,1,29
692,56,1,18
692,3,1,55
692,44,1,29
692,19,1,31
692,54,1,38
692,35,1,39
692,59,1,45
692,59,1,31
692,26,1,31
692,54,1,31
692,2,1,41
692,2,0,45
692,11,1,42
692,35,1,29
692,23,1,22
692,65,1,22
692,27,1,20
692,39,1,17
692,26,1,14
692,4,1,31
692,36,1,44
692,71,0,29
692,32,1,30
692,54,1,45
692,8,1,16
692,10,1,13
692,42,1,35
692,28,1,26
692,53,1,19
692,56,1,29
692,13,0,39
692,34,1,29
692,67,1,38
692,68,1,30
692,49,1,36
692,40,0,42
692,20,1,30
692,2,1,26
692,60,1,34
692,0,0,24
692,70,0,41
692,48,1,23
692,13,1,24
692,61,1,19
692,29,1,32
692,46,1,31
692,69,0,33
692,68,1,29
692,64,1,23
692,39,1,24
692,55,1,22
692,27,1,31
692,63,1,38
692,37,1,29
692,8,1,27
692,19,1,49
692,38,1,29
693,46,1,35
693,14,1,33
693,5,1,29
693,10,1,24
693,29,1,45
693,3,0,24
693,60,1,16
693,36,1,46
693,26,1,39
693,59,1,38
693,23,0,27
693,13,1,35
693,59,1,31
693,51,1,28
693,24,0,15
693,20,1,57
693,37,0,45
693,16,1,28
693,18,1,32
693,49,1,30
693,17,0,45
693,27,1,37
693,35,1,30
693,0,0,33
693,60,1,29
693,30,1,24
693,15,1,21
693,62,1,26
693,34,1,21
693,23,0,19
693,61,1,27
693,46,0,37
693,41,1,33
693,29,1,28
693,66,1,26
693,45,1,13
693,51,0,23
693,63,1,41
693,36,1,22
693,19,1,47
693,61,1,28
693,55,0,36
693,26,1,30
693,70,1,35
693,31,0,37
693,20,0,33
693,33,1,20
693,70,0,39
693,26,1,24
693,58,1,56
693,64,1,28
693,0,1,17
693,8,1,34
693,47,1,34
693,26,1,11
693,32,0,23
693,54,1,52
693,66,0,14
693,5,1,37
693,19,0,19
693,65,1,25
693,24,0,39
693,63,1,11
693,59,1,38
693,46,1,28
693,54,1,47
693,49,1,39
693,64,1,29
693,29,1,19
693,34,1,29
693,24,1,22
693,50,1,27
694,67,0,77
694,0,0,66
694,16,0,82
694,69,1,76
694,58,0,71
694,18,0,38
694,22,0,60
694,30,0,43
694,45,0,68
694,48,1,42
694,46,0,89
694,56,0,49
694,16,0,50
694,58,0,28
694,45,0,60
694,30,1,19
694,16,0,61
694,4,0,40
694,59,1,91
694,65,1,44
694,64,0,35
694,1,0,38
694,49,1,61
694,53,1,81
694,45,0,58
694,23,0,65
694,33,0,77
694,13,1,35
694,70,0,76
694,32,0,56
694,26,1,44
694,18,0,39
694,63,0,31
694,37,0,80
694,3,0,82
694,45,0,52
694,63,1,31
694,37,0,71
694,1,0,87
694,14,0,65
694,14,0,80
694,38,1,22
694,69,0,39
694,69,1,33
694,35,1,86
694,20,0,43
694,12,0,101
694,15,0,53
694,34,0,47
694,37,1,68
694,2,1,71
694,23,1,59
694,1,0,40
694,61,0,59
694,64,1,27
694,9,0,48
694,34,1,48
694,53,1,65
694,5,0,55
694,40,0,80
694,64,1,69
694,57,0,58
694,37,1,47
694,38,0,50
694,59,0,78
694,53,0,61
694,69,0,50
694,16,1,52
694,25,0,77
694,28,1,67
694,55,1,60
694,55,0,71
695,0,0,46
695,31,0,49
695,17,1,36
695,71,0,37
695,48,1,37
695,8,1,27
695,66,0,30
695,31,1,30
695,6,0,20
695,0,0,29
695,32,1,46
695,45,1,49
695,51,0,38
695,69,1,46
695,58,1,33
695,12,1,23
695,21,1,38
695,56,1,33
695,31,0,66
695,65,0,19
695,44,0,53
695,27,0,55
695,11,1,44
695,64,1,46
695,29,1,50
695,57,0,34
695,3,1,29
695,4,0,35
695,39,0,30
695,1,1,44
695,27,1,26
695,52,0,25
695,69,0,24
695,16,0,20
695,67,1,51
695,24,0,50
695,22,0,39
695,32,0,16
695,23,0,21
695,2,0,64
695,35,1,42
695,35,0,42
695,24,0,25
695,68,0,56
695,48,0,15
695,65,0,53
695,57,0,45
695,71,0,28
695,4,0,8
695,37,1,52
695,37,0,42
695,48,0,53
695,28,1,34
695,1,0,42
695,40,0,46
695,49,1,33
695,45,0,55
695,58,1,37
695,2,1,19
695,50,0,66
695,37,1,44
695,20,1,30
695,10,0,18
695,35,1,54
695,11,1,22
695,34,1,17
695,33,0,65
695,56,1,57
695,43,0,59
695,50,0,54
695,8,0,60
695,48,1,40
696,32,0,39
696,64,0,32
696,33,1,51
696,1,0,29
696,42,1,33
696,1,0,39
696,17,1,23
696,4,0,21
696,66,0,46
696,27,1,45
696,24,0,59
696,10,0,50
696,57,1,42
696,59,0,46
696,8,1,35
696,43,0,85
696,0,0,53
696,56,1,73
696,62,0,48
696,11,0,64
696,31,0,36
696,56,0,56
696,10,0,64
696,20,0,44
696,43,0,61
696,60,1,78
696,9,0,61
696,15,1,49
696,17,0,34
696,4,0,32
696,36,1,30
696,17,1,16
696,71,0,41
696,16,0,59
696,66,1,52
696,42,1,39
696,23,0,53
696,2,0,41
696,20,1,65
696,71,1,88
696,54,0,59
696,29,0,47
696,64,0,34
696,0,1,26
696,42,1,55
696,11,1,30
696,45,0,71
696,33,0,20
696,10,1,56
696,36,1,29
696,47,0,65
696,41,0,79
696,51,1,32
696,14,0,34
696,51,0,18
696,50,0,45
696,2,1,32
696,14,0,46
696,2,0,38
696,36,1,47
696,11,1,54
696,27,0,65
696,42,1,62
696,8,0,40
696,60,1,41
696,23,0,75
696,56,0,36
696,51,0,36
696,27,0,36
696,64,0,75
696,4,1,33
696,22,0,34
697,57,0,25
697,11,0,32
697,42,1,22
697,19,1,19
697,16,1,29
697,34,0,12
697,60,1,35
697,17,0,29
697,56,0,18
697,42,1,27
697,55,1,6
697,50,1,34
697,71,0,29
697,7,0,13
697,14,0,37
697,7,0,21
697,65,1,26
697,15,1,24
697,41,1,16
697,68,0,28
697,8,0,19
697,2,0,39
697,56,0,32
697,36,1,45
697,13,0,19
697,50,0,25
697,55,0,20
697,54,0,38
697,5,1,33
697,36,1,27
697,8,0,10
697,71,0,19
697,29,1,13
697,9,0,26
697,25,1,9
697,62,1,19
697,34,0,17
697,45,1,25
697,9,1,34
697,34,1,25
697,18,0,36
697,5,0,18
697,51,1,8
697,45,0,19
697,27,0,27
697,37,0,27
697,33,1,14
697,36,0,43
697,22,1,10
697,14,0,23
697,12,0,33
697,71,1,10
697,3,1,29
697,30,1,5
697,57,1,19
697,20,1,34
697,53,1,21
697,28,1,27
697,40,0,34
697,19,0,24
697,66,0,12
697,69,0,19
697,16,1,24
697,59,1,32
697,17,0,9
697,49,1,11
697,52,1,21
697,43,1,17
697,5,1,29
697,70,1,19
697,8,0,13
697,70,0,14
698,2,1,37
698,41,1,93
698,41,1,61
698,42,1,63
698,6,1,73
698,11,1,53
698,70,0,33
698,55,1,32
698,30,1,45
698,67,1,50
698,38,1,35
698,6,1,56
698,41,0,65
698,17,1,45
698,43,0,52
698,60,1,28
698,70,1,39
698,31,0,35
698,63,1,68
698,50,1,50
698,57,1,47
698,46,0,54
698,18,1,38
698,64,0,22
698,16,1,70
698,2,1,45
698,39,0,37
698,46,0,57
698,54,0,47
698,14,0,43
698,46,0,39
698,38,1,42
698,49,1,25
698,55,0,18
698,13,1,54
698,62,0,45
698,14,0,35
698,61,1,45
698,67,0,41
698,10,0,59
698,40,0,10
698,59,1,56
698,0,1,46
698,2,0,51
698,6,1,29
698,67,0,42
698,54,1,56
698,71,1,51
698,12,0,33
698,56,1,42
698,23,0,68
698,20,1,35
698,19,0,46
698,18,0,54
698,54,0,36
698,13,1,49
698,27,1,47
698,53,0,51
698,49,1,56
698,63,1,40
698,45,1,40
698,44,0,48
698,69,0,31
698,10,0,9
698,12,0,36
698,6,0,41
698,55,0,27
698,22,1,44
698,1,0,58
698,10,0,46
698,13,0,42
698,56,0,35
699,39,0,59
699,7,0,73
699,1,0,46
699,62,0,50
699,58,0,80
699,31,0,95
699,70,1,89
699,44,0,67
699,27,1,57
699,13,1,84
699,15,0,90
699,37,0,52
699,26,0,76
699,11,0,57
699,31,0,47
699,42,0,76
699,5,1,80
699,26,1,53
699,53,0,55
699,18,0,45
699,31,1,67
699,16,1,77
699,10,0,77
699,58,0,30
699,26,0,23
699,56,0,56
699,52,0,23
699,15,1,67
699,31,0,22
699,6,0,71
699,36,0,84
699,7,0,30
699,7,0,75
699,3,0,98
699,61,1,49
699,42,0,57
699,26,1,91
699,58,1,82
699,55,0,15
699,65,0,41
699,26,0,94
699,11,0,79
699,69,0,37
699,31,0,91
699,44,0,50
699,13,0,33
699,21,1,106
699,7,1,64
699,65,1,80
699,37,0,46
699,68,0,63
699,54,1,58
699,50,1,41
699,25,0,23
699,58,0,68
699,36,0,80
699,66,0,36
699,64,0,47
699,71,0,75
699,3,1,78
699,6,0,16
699,43,0,63
699,21,0,75
699,11,0,41
699,9,0,78
699,4,0,51
699,64,0,46
699,64,0,81
699,28,0,42
699,62,0,73
699,38,0,74
699,9,0,24
700,43,0,32
700,33,0,19
700,40,1,28
700,32,0,27
700,24,0,15
700,24,0,8
700,44,0,5
700,71,0,31
700,52,1,17
700,66,1,29
700,15,0,13
700,18,0,19
700,71,0,28
700,46,0,11
700,20,0,12
700,53,0,23
700,34,0,23
700,23,0,11
700,45,0,43
700,38,0,35
700,10,0,35
700,44,0,27
700,69,0,22
700,40,0,29
700,45,0,24
700,43,0,16
700,51,0,9
700,56,0,28
700,48,0,40
700,44,0,30
700,65,1,28
700,20,0,34
700,71,0,13
700,2,0,41
700,5,0,29
700,48,1,41
700,36,1,17
700,29,0,35
700,6,1,39
700,28,0,34
700,16,1,31
700,53,1,34
700,54,0,24
700,9,0,42
700,61,1,14
700,1,0,38
700,5,1,25
700,38,0,23
700,43,0,8
700,69,0,9
700,63,1,30
700,59,1,27
700,7,1,12
700,53,1,24
700,43,0,10
700,12,1,31
700,54,0,31
700,63,1,5
700,27,1,5
700,13,0,22
700,35,1,38
700,10,0,36
700,65,1,19
700,62,0,24
700,41,0,45
700,54,0,28
700,52,1,28
700,51,0,25
700,49,1,43
700,34,1,5
700,68,0,19
700,10,1,25
701,61,1,20
701,10,0,18
701,42,0,21
701,1,0,22
701,27,0,47
701,9,1,8
701,63,0,22
701,27,0,10
701,52,1,10
701,14,0,18
701,1,0,29
701,71,0,16
701,70,1,30
701,10,0,28
701,28,1,28
701,18,1,18
701,60,1,23
701,4,0,19
701,51,0,40
701,44,1,28
701,20,1,32
701,29,0,7
701,64,1,30
701,21,0,38
701,7,1,38
701,8,0,19
701,8,1,17
701,3,0,30
701,15,1,34
701,0,0,22
701,71,0,12
701,70,1,20
701,53,0,35
701,13,0,8
701,30,1,35
701,17,1,31
701,49,1,34
701,4,1,28
701,69,1,13
701,21,1,27
701,47,0,18
701,20,1,12
701,29,0,29
701,30,1,27
701,68,1,57
701,1,1,15
701,12,1,25
701,58,1,17
701,45,1,5
701,2,0,35
701,37,0,24
701,63,1,20
701,58,1,16
701,23,0,37
701,26,1,17
701,69,1,28
701,58,1,32
701,42,0,27
701,15,1,26
701,38,0,22
701,20,0,18
701,61,0,27
701,19,0,35
701,35,1,34
701,13,0,24
701,65,0,37
701,25,1,16
701,54,1,26
701,41,1,15
701,37,0,20
701,27,0,9
701,18,1,35
702,5,1,19
702,45,0,43
702,18,0,40
702,25,1,39
702,13,1,53
702,26,1,72
702,16,0,32
702,2,1,47
702,0,1,51
702,24,1,26
702,69,1,21
702,15,0,43
702,46,1,73
702,58,1,33
702,34,1,54
702,47,1,22
702,5,1,61
702,18,0,47
702,34,1,59
702,62,0,15
702,67,1,39
702,58,0,50
702,33,1,30
702,71,0,35
702,27,1,46
702,23,1,46
702,47,1,42
702,62,0,66
702,66,1,54
702,39,1,31
702,41,0,70
702,68,1,39
702,27,0,46
702,16,0,67
702,68,1,44
702,9,1,31
702,9,1,9
702,20,0,57
702,32,0,65
702,53,1,55
702,32,0,34
702,40,0,59
702,26,1,49
702,4,0,25
702,8,1,29
702,38,1,68
702,59,1,39
702,12,1,37
702,43,0,14
702,67,1,43
702,7,1,46
702,59,0,39
702,61,1,57
702,45,1,69
702,11,1,67
702,70,1,53
702,29,1,48
702,52,0,56
702,57,1,43
702,36,1,36
702,2,1,56
702,20,1,74
702,26,1,44
702,34,1,43
702,0,0,55
702,57,1,58
702,38,0,28
702,34,0,52
702,23,0,39
702,4,0,40
702,70,1,41
702,50,0,59
703,27,0,28
703,62,1,23
703,8,0,18
703,40,1,20
703,67,1,44
703,50,1,28
703,58,0,13
703,53,1,22
703,37,0,20
703,14,0,21
703,4,0,13
703,35,1,20
703,10,0,32
703,2,1,42
703,20,0,45
703,11,0,36
703,54,0,19
703,5,1,26
703,58,1,26
703,58,1,39
703,26,1,32
703,57,1,27
703,60,1,39
703,11,1,25
703,45,0,31
703,14,0,30
703,8,0,30
703,55,1,18
703,29,1,11
703,10,1,25
703,65,1,27
703,16,0,19
703,65,1,22
703,58,1,36
703,29,1,27
703,45,1,47
703,58,1,20
703,42,1,20
703,45,0,36
703,38,1,48
703,23,0,17
703,38,1,36
703,2,1,14
703,47,1,30
703,66,1,36
703,54,0,36
703,28,0,33
703,33,0,18
703,47,1,38
703,60,1,54
703,8,0,42
703,70,0,20
703,71,0,15
703,61,1,42
703,11,1,12
703,42,1,33
703,50,1,33
703,53,1,23
703,17,1,20
703,64,1,40
703,36,1,36
703,13,0,51
703,15,0,29
703,10,1,14
703,2,1,25
703,27,0,6
703,61,1,28
703,44,0,26
703,18,1,48
703,8,1,35
703,6,1,36
703,5,1,33
704,28,0,61
704,37,1,20
704,67,1,60
704,57,0,33
704,2,0,29
704,42,0,44
704,64,0,78
704,46,0,49
704,28,0,74
704,69,0,59
704,18,0,39
704,33,0,36
704,16,1,107
704,16,0,86
704,0,0,60
704,51,0,73
704,60,1,70
704,26,1,40
704,5,0,54
704,59,0,64
704,69,0,64
704,27,0,88
704,1,0,59
704,26,0,47
704,53,0,56
704,58,1,60
704,49,0,53
704,24,0,53
704,2,0,88
704,23,0,51
704,16,1,54
704,6,0,95
704,22,1,55
704,47,1,68
704,43,0,71
704,13,1,33
704,9,0,67
704,2,0,35
704,22,1,80
704,54,0,47
704,17,0,88
704,15,1,57
704,64,0,74
704,22,0,44
704,33,0,57
704,7,1,49
704,2,0,37
704,22,1,44
704,44,0,43
704,16,1,64
704,62,0,60
704,32,0,47
704,13,0,99
704,19,1,54
704,0,1,72
704,51,0,48
704,62,0,107
704,4,1,41
704,4,1,84
704,35,0,47
704,25,1,67
704,33,0,62
704,70,1,43
704,11,1,28
704,38,1,75
704,69,0,49
704,27,0,83
704,9,0,68
704,46,0,49
704,49,1,80
704,43,0,70
704,26,0,77
705,29,1,38
705,1,1,50
705,9,1,59
705,59,1,72
705,26,1,33
705,21,1,76
705,62,0,53
705,7,1,43
705,34,1,55
705,19,0,23
705,27,1,27
705,15,0,59
705,52,1,46
705,47,1,35
705,0,1,38
705,58,1,31
705,71,1,64
705,4,1,57
705,38,1,52
705,69,1,48
705,60,1,39
705,14,0,56
705,30,1,27
705,0,0,35
705,60,1,39
705,31,1,32
705,14,0,78
705,38,0,60
705,18,1,59
705,10,0,33
705,35,1,50
705,49,1,44
705,55,1,69
705,18,0,29
705,50,0,47
705,39,1,44
705,44,1,47
705,62,1,62
705,24,0,31
705,11,1,37
705,52,0,36
705,28,0,63
705,2,1,53
705,11,1,68
705,40,0,50
705,48,0,71
705,8,1,63
705,36,1,35
705,3,0,47
705,21,1,18
705,34,1,26
705,38,0,35
705,24,0,34
705,4,0,65
705,12,1,51
705,41,0,33
705,36,0,28
705,65,1,40
705,8,1,36
705,24,1,45
705,57,1,16
705,50,1,26
705,39,1,51
705,43,0,49
705,35,1,46
705,22,0,50
705,24,0,70
705,59,1,49
705,41,0,45
705,8,1,45
705,48,1,41
705,70,0,15
706,1,1,43
706,69,0,57
706,51,0,42
706,3,1,57
706,21,0,64
706,47,1,42
706,33,0,58
706,29,1,19
706,24,1,36
706,50,0,5
706,18,0,23
706,16,0,45
706,49,0,16
706,4,0,52
706,2,0,32
706,60,0,47
706,44,0,43
706,43,0,27
706,28,0,28
706,34,0,41
706,64,1,31
706,31,0,43
706,49,1,38
706,58,0,38
706,8,0,26
706,49,1,31
706,23,0,56
706,45,0,21
706,33,0,17
706,57,0,52
706,36,0,27
706,30,1,38
706,51,1,69
706,7,0,51
706,49,1,45
706,57,1,42
706,16,0,33
706,19,0,19
706,24,0,45
706,56,0,33
706,13,1,54
706,54,0,44
706,63,0,25
706,25,1,43
706,4,0,20
706,59,0,15
706,30,1,49
706,24,0,22
706,69,0,41
706,7,1,55
706,14,0,33
706,12,1,26
706,29,1,23
706,12,0,26
706,4,1,36
706,51,1,43
706,41,1,46
706,18,0,23
706,24,1,43
706,29,0,51
706,49,1,10
706,13,1,50
706,10,1,53
706,58,1,23
706,9,0,40
706,27,0,8
706,30,0,38
706,61,1,5
706,26,1,24
706,52,1,35
706,29,0,23
706,22,0,50
707,8,1,48
707,20,1,27
707,7,1,75
707,51,1,25
707,25,1,35
707,49,1,69
707,34,1,74
707,10,1,18
707,66,1,49
707,25,1,46
707,5,1,41
707,50,1,35
707,18,1,33
707,25,1,39
707,52,1,29
707,8,1,43
707,48,1,67
707,15,1,49
707,68,0,35
707,8,0,26
707,63,1,46
707,12,0,33
707,63,1,37
707,57,1,28
707,61,1,55
707,11,1,43
707,60,1,47
707,63,0,45
707,26,1,53
707,55,1,33
707,35,1,30
707,15,0,47
707,22,1,56
707,69,1,64
707,24,1,44
707,11,1,55
707,41,1,60
707,30,1,57
707,28,1,57
707,12,0,64
707,71,1,53
707,58,0,48
707,8,1,57
707,23,1,40
707,60,1,24
707,66,0,65
707,38,1,55
707,29,1,42
707,14,0,27
707,7,1,30
707,67,1,66
707,13,1,32
707,6,0,42
707,63,0,46
707,30,1,39
707,39,1,20
707,67,1,55
707,69,0,40
707,38,1,45
707,46,0,16
707,56,1,66
707,29,1,50
707,56,1,28
707,20,1,29
707,58,1,34
707,21,1,27
707,65,1,37
707,1,1,53
707,34,1,28
707,37,1,61
707,9,1,57
707,0,1,47
708,45,1,20
708,65,1,56
708,69,0,23
708,26,1,35
708,48,0,23
708,63,1,42
708,49,1,24
708,28,1,28
708,25,1,31
708,11,1,21
708,19,1,19
708,52,1,29
708,31,1,24
708,15,1,28
708,9,1,37
708,17,1,34
708,10,0,14
708,28,1,27
708,1,1,31
708,40,1,15
708,70,1,23
708,20,1,25
708,5,1,31
708,4,1,42
708,45,1,36
708,12,1,24
708,56,1,41
708,25,1,28
708,22,1,33
708,8,1,41
708,37,1,33
708,26,1,15
708,25,1,24
708,5,1,36
708,8,1,32
708,47,1,51
708,36,1,50
708,46,1,23
708,27,0,35
708,69,1,50
708,29,1,6
708,39,1,18
708,36,1,33
708,21,1,51
708,14,1,24
708,71,0,22
708,24,1,33
708,48,1,47
708,57,1,32
708,66,1,24
708,10,1,33
708,26,1,28
708,36,1,26
708,26,1,24
708,33,1,17
708,46,1,37
708,15,1,33
708,14,1,37
708,12,1,23
708,59,1,26
708,47,1,13
708,24,0,23
708,64,1,24
708,25,1,32
708,24,1,16
708,35,1,15
708,36,1,28
708,31,0,40
708,7,1,36
708,14,1,32
708,44,1,32
708,65,1,46
709,52,1,7
709,26,1,60
709,39,0,31
709,44,1,39
709,24,1,36
709,67,1,49
709,49,1,41
709,40,0,55
709,3,0,46
709,59,1,37
709,68,1,49
709,25,0,44
709,51,1,17
709,18,0,9
709,62,0,5
709,65,1,51
709,13,1,52
709,17,0,50
709,29,0,28
709,22,0,21
709,54,1,50
709,39,1,35
709,43,0,36
709,64,0,38
709,66,0,23
709,0,1,41
709,32,0,34
709,17,1,70
709,48,1,56
709,23,1,37
709,2,0,57
709,34,1,30
709,69,0,38
709,51,1,34
709,53,0,43
709,42,1,29
709,37,0,37
709,64,1,51
709,28,1,49
709,20,0,59
709,6,0,26
709,63,0,39
709,59,0,51
709,43,0,60
709,37,0,28
709,50,1,28
709,58,1,72
709,6,1,34
709,56,1,46
709,48,0,51
709,52,1,50
709,29,0,50
709,8,0,49
709,17,0,54
709,20,1,19
709,44,0,86
709,21,0,61
709,68,1,35
709,24,1,30
709,65,1,29
709,26,1,71
709,50,0,51
709,53,0,27
709,31,0,35
709,24,0,16
709,55,0,14
709,2,0,42
709,59,0,75
709,25,0,52
709,70,1,32
709,36,1,31
709,55,0,37
710,47,1,74
710,33,0,53
710,33,0,41
710,41,1,32
710,17,1,36
710,9,0,65
710,70,0,48
710,68,0,35
710,19,0,15
710,26,1,51
710,69,0,34
710,46,1,34
710,27,0,61
710,39,1,43
710,63,1,39
710,28,1,57
710,12,0,47
710,2,0,22
710,59,0,41
710,38,0,67
710,55,0,41
710,0,0,26
710,18,0,44
710,71,0,50
710,63,1,54
710,56,1,45
710,68,1,44
710,24,0,47
710,3,0,33
710,2,1,57
710,9,0,43
710,63,0,39
710,35,0,64
710,63,0,28
710,43,0,55
710,13,0,49
710,67,1,47
710,13,0,61
710,8,0,25
710,56,1,47
710,49,0,69
710,18,0,18
710,57,1,43
710,62,1,60
710,50,1,56
710,13,1,34
710,59,0,29
710,49,1,36
710,1,1,62
710,57,0,58
710,50,1,68
710,35,1,44
710,32,0,40
710,47,1,35
710,44,0,29
710,25,1,23
710,49,1,62
710,42,1,45
710,6,1,45
710,32,0,48
710,58,0,55
710,64,1,48
710,71,0,34
710,5,1,37
710,48,1,37
710,36,1,64
710,54,0,40
710,63,1,38
710,57,1,35
710,0,1,41
710,12,0,51
710,38,0,55
711,28,1,56
711,34,0,43
711,69,0,48
711,11,0,48
711,62,0,38
711,19,1,40
711,52,1,63
711,43,1,52
711,56,1,34
711,39,1,50
711,27,1,33
711,69,1,36
711,8,0,47
711,36,1,20
711,31,0,52
711,10,1,48
711,43,1,39
711,57,1,24
711,29,1,36
711,61,1,69
711,26,1,36
711,23,1,20
711,70,1,44
711,27,0,44
711,8,1,43
711,64,0,47
711,22,1,48
711,63,1,55
711,48,1,57
711,68,1,41
711,44,0,59
711,68,1,51
711,26,1,42
711,9,1,43
711,3,0,68
711,63,1,49
711,34,0,29
711,9,1,65
711,12,1,34
711,28,1,50
711,28,1,41
711,25,1,41
711,40,0,54
711,14,0,28
711,15,1,25
711,71,0,31
711,1,1,85
711,64,1,36
711,43,0,55
711,31,0,51
711,6,1,55
711,59,0,18
711,6,0,40
711,37,0,47
711,46,1,57
711,53,0,30
711,66,0,27
711,0,1,36
711,70,0,61
711,53,1,48
711,4,0,35
711,9,1,28
711,26,1,50
711,30,1,19
711,60,1,53
711,3,0,70
711,64,1,44
711,34,1,33
711,46,0,30
711,60,1,42
711,54,0,37
711,5,1,36
712,5,1,29
712,51,1,30
712,9,1,55
712,26,1,74
712,11,0,52
712,38,1,78
712,16,1,26
712,39,0,24
712,58,1,6
712,18,0,50
712,56,1,70
712,45,0,46
712,64,0,62
712,55,1,50
712,68,1,55
712,55,0,46
712,37,0,60
712,20,0,11
712,59,0,31
712,10,1,68
712,69,1,30
712,2,1,39
712,21,1,26
712,54,0,50
712,7,0,31
712,27,1,33
712,34,0,17
712,37,1,46
712,45,1,41
712,47,0,53
712,68,0,33
712,40,1,51
712,9,0,46
712,71,0,43
712,40,0,27
712,41,1,50
712,16,1,58
712,20,1,59
712,69,0,46
712,62,0,46
712,3,1,40
712,48,1,54
712,63,1,21
712,20,0,45
712,12,0,42
712,42,1,56
712,5,1,51
712,6,1,78
712,47,0,34
712,12,0,32
712,36,1,47
712,20,0,56
712,32,0,40
712,65,1,47
712,71,1,56
712,0,1,18
712,68,1,50
712,27,1,32
712,33,0,53
712,18,0,26
712,67,1,42
712,44,0,51
712,32,1,51
712,9,0,80
712,15,0,49
712,53,1,63
712,51,1,21
712,59,1,59
712,70,0,63
712,19,1,60
712,5,1,65
712,53,1,51
713,67,1,26
713,64,1,38
713,53,1,30
713,50,0,23
713,7,1,28
713,57,1,33
713,45,1,30
713,23,1,28
713,21,1,13
713,44,1,41
713,63,1,29
713,71,0,27
713,71,1,41
713,69,0,18
713,45,1,17
713,44,1,30
713,43,0,25
713,41,1,37
713,16,0,27
713,13,1,34
713,19,0,34
713,13,1,27
713,47,1,30
713,24,0,16
713,20,1,43
713,41,1,42
713,12,1,38
713,43,0,26
713,53,1,28
713,56,1,33
713,18,1,38
713,68,1,39
713,44,0,44
713,14,1,23
713,8,0,27
713,69,0,14
713,3,1,15
713,60,1,5
713,13,1,28
713,66,0,33
713,47,0,22
713,49,1,36
713,47,1,36
713,27,1,23
713,22,1,32
713,3,1,24
713,8,1,31
713,5,1,27
713,61,1,30
713,14,1,33
713,52,1,26
713,18,1,28
713,7,1,29
713,35,1,45
713,59,1,17
713,11,1,26
713,52,1,43
713,29,0,40
713,71,1,33
713,53,1,40
713,7,1,46
713,13,1,18
713,5,1,23
713,32,0,31
713,15,1,33
713,22,1,34
713,55,1,30
713,7,1,31
713,55,1,29
713,21,1,48
713,64,0,25
713,4,0,18
714,16,0,25
714,15,0,22
714,32,0,34
714,48,0,48
714,56,0,45
714,32,0,58
714,54,0,68
714,23,0,92
714,46,0,56
714,18,0,47
714,53,0,52
714,0,0,44
714,13,0,20
714,22,0,70
714,1,1,31
714,33,0,54
714,23,0,74
714,54,0,65
714,64,0,40
714,43,0,67
714,10,0,79
714,47,1,91
714,51,0,73
714,24,0,49
714,66,0,88
714,29,0,54
714,40,0,52
714,37,0,98
714,38,0,61
714,28,0,86
714,18,0,73
714,51,0,47
714,4,0,75
714,44,0,74
714,16,0,87
714,52,0,66
714,32,0,43
714,2,0,74
714,44,0,80
714,55,1,67
714,58,1,51
714,71,0,33
714,19,0,26
714,50,0,35
714,31,0,58
714,19,0,33
714,30,1,37
714,64,1,99
714,37,0,110
714,16,0,83
714,7,0,91
714,22,0,28
714,59,0,59
714,50,0,45
714,60,1,57
714,44,0,105
714,58,1,49
714,22,0,65
714,32,0,39
714,48,0,29
714,51,0,42
714,13,0,28
714,43,0,64
714,64,0,51
714,15,0,75
714,67,0,20
714,61,1,63
714,40,0,66
714,16,0,58
714,58,0,53
714,20,0,35
714,20,0,93
715,25,1,29
715,55,0,37
715,61,1,41
715,45,0,25
715,10,1,10
715,40,0,28
715,35,1,21
715,29,1,33
715,16,0,25
715,30,1,31
715,41,1,34
715,51,1,45
715,5,1,37
715,25,1,23
715,27,0,35
715,53,1,31
715,45,1,27
715,35,1,15
715,52,1,57
715,24,1,12
715,24,1,29
715,65,0,35
715,16,0,38
715,59,1,18
715,67,0,38
715,45,1,31
715,36,1,12
715,47,1,30
715,6,1,33
715,34,1,35
715,54,0,36
715,37,1,23
715,22,1,15
715,57,1,33
715,51,1,42
715,30,1,39
715,10,0,41
715,12,1,34
715,59,0,33
715,46,1,37
715,57,1,29
715,54,0,28
715,58,1,46
715,43,1,42
715,68,1,19
715,24,1,33
715,19,1,23
715,7,1,46
715,19,0,35
715,26,1,40
715,9,1,24
715,16,0,35
715,10,1,20
715,52,1,32
715,56,1,15
715,26,1,35
715,9,1,50
715,48,1,19
715,40,1,23
715,18,0,29
715,18,0,24
715,18,0,19
715,53,0,35
715,37,0,27
715,4,0,36
715,13,1,11
715,40,0,27
715,47,1,26
715,70,1,34
715,43,0,29
715,68,0,28
715,51,0,13
716,42,1,45
716,12,0,32
716,25,1,41
716,9,0,38
716,59,1,40
716,4,0,32
716,25,1,17
716,30,1,42
716,64,1,32
716,44,0,41
716,32,1,12
716,3,0,61
716,50,0,28
716,28,1,53
716,68,0,52
716,44,0,51
716,15,0,48
716,33,0,30
716,64,0,32
716,19,1,49
716,1,1,73
716,3,1,52
716,25,0,45
716,43,0,34
716,50,1,72
716,35,0,40
716,11,0,11
716,67,1,48
716,47,0,35
716,56,1,18
716,8,1,5
716,34,1,44
716,7,0,35
716,8,0,37
716,10,1,50
716,25,1,47
716,68,0,53
716,42,1,59
716,35,1,54
716,63,1,43
716,40,0,58
716,37,0,43
716,44,0,9
716,58,1,53
716,70,0,48
716,62,0,41
716,38,0,78
716,11,0,46
716,8,1,25
716,28,0,65
716,61,1,43
716,58,1,36
716,39,0,28
716,60,0,36
716,51,1,50
716,17,1,48
716,32,0,38
716,35,1,33
716,32,0,27
716,0,1,42
716,36,1,47
716,24,0,26
716,40,1,34
716,20,0,21
716,61,1,38
716,31,0,38
716,56,0,22
716,48,1,27
716,10,0,58
716,50,1,41
716,14,0,28
716,11,1,47
717,37,0,6
717,13,1,33
717,66,1,25
717,19,0,41
717,59,1,19
717,49,1,28
717,23,1,15
717,37,1,36
717,54,0,28
717,56,1,25
717,32,1,32
717,45,0,35
717,28,1,21
717,62,1,20
717,1,0,13
717,53,0,9
717,68,1,27
717,60,0,41
717,68,0,13
717,60,0,19
717,35,0,22
717,18,1,22
717,45,0,21
717,24,1,14
717,34,0,41
717,53,1,20
717,46,1,15
717,28,0,19
717,16,0,5
717,48,0,18
717,7,0,30
717,33,0,10
717,46,0,24
717,55,1,23
717,43,1,32
717,50,1,18
717,19,1,34
717,26,0,8
717,19,0,24
717,60,0,34
717,16,0,32
717,62,0,38
717,48,1,32
717,35,1,32
717,55,0,11
717,71,1,26
717,4,1,14
717,1,0,24
717,38,1,25
717,44,0,20
717,41,0,25
717,67,0,42
717,69,0,49
717,18,0,32
717,65,1,41
717,25,1,11
717,1,1,28
717,11,1,18
717,28,0,26
717,49,0,15
717,9,1,32
717,23,1,16
717,27,0,23
717,18,1,29
717,42,1,7
717,62,1,23
717,61,1,32
717,59,1,21
717,46,1,27
717,23,0,33
717,55,0,42
717,33,1,24
718,46,1,53
718,25,1,46
718,39,1,26
718,8,1,30
718,36,1,27
718,34,0,27
718,35,1,16
718,7,1,29
718,61,1,46
718,31,0,38
718,52,1,22
718,28,1,24
718,70,1,38
718,67,1,23
718,61,1,10
718,29,1,46
718,37,1,30
718,33,0,40
718,46,1,27
718,19,1,20
718,34,1,5
718,64,1,18
718,31,0,26
718,14,1,28
718,16,1,27
718,8,0,26
718,3,0,18
718,49,1,25
718,6,1,20
718,37,1,33
718,46,1,30
718,41,1,34
718,49,1,11
718,9,1,18
718,5,1,40
718,55,1,23
718,38,1,41
718,44,1,18
718,62,0,19
718,40,1,21
718,68,1,14
718,6,1,30
718,12,1,46
718,34,1,20
718,62,1,33
718,20,1,37
718,7,0,23
718,18,1,14
718,53,0,23
718,15,1,30
718,4,1,52
718,27,1,15
718,27,1,43
718,48,1,16
718,42,1,27
718,40,1,32
718,55,1,38
718,46,0,41
718,32,1,40
718,23,1,32
718,56,1,34
718,45,1,46
718,26,1,26
718,4,1,35
718,71,0,15
718,33,1,32
718,23,0,43
718,59,0,41
718,63,1,50
718,39,1,16
718,20,1,26
718,28,1,24
719,1,0,49
719,48,0,33
719,65,0,21
719,47,1,39
719,36,0,57
719,6,0,38
719,12,0,47
719,61,1,33
719,32,0,14
719,24,0,16
719,4,0,44
719,53,1,26
719,36,0,17
719,60,0,65
719,37,0,40
719,28,0,45
719,13,1,39
719,58,1,42
719,2,1,31
719,65,1,33
719,14,0,55
719,58,1,34
719,71,1,40
719,29,1,37
719,41,1,49
719,20,0,30
719,1,0,51
719,53,0,35
719,57,0,39
719,15,0,86
719,13,0,34
719,19,1,32
719,42,0,23
719,64,0,28
719,28,1,47
719,67,1,17
719,48,0,25
719,63,1,41
719,16,0,44
719,51,0,63
719,3,0,74
719,8,0,43
719,5,1,64
719,24,0,58
719,13,0,20
719,54,0,15
719,49,0,39
719,47,0,51
719,65,1,41
719,8,0,35
719,2,0,54
719,6,1,33
719,17,1,8
719,10,0,40
719,22,1,10
719,67,0,42
719,24,0,39
719,27,1,28
719,59,0,60
719,37,0,43
719,16,0,32
719,47,0,43
719,60,1,46
719,33,0,56
719,19,0,30
719,3,0,59
719,13,0,33
719,16,1,39
719,12,0,45
719,58,1,66
719,62,0,40
719,51,1,60
720,18,1,24
720,52,1,18
720,6,1,5
720,9,0,38
720,58,0,19
720,45,1,36
720,4,0,27
720,63,0,5
720,44,0,34
720,2,1,24
720,10,1,16
720,35,1,19
720,43,0,33
720,15,1,5
720,63,1,34
720,42,1,34
720,17,1,20
720,9,0,22
720,10,0,19
720,37,0,46
720,8,0,26
720,0,1,11
720,17,1,11
720,51,0,20
720,4,1,13
720,68,1,19
720,17,1,21
720,19,0,22
720,47,0,25
720,45,1,28
720,31,1,21
720,12,1,27
720,51,1,17
720,56,0,34
720,0,1,11
720,62,1,35
720,25,1,30
720,35,0,14
720,58,1,41
720,3,0,19
720,6,0,27
720,54,1,21
720,36,1,36
720,35,1,5
720,34,0,18
720,26,0,17
720,43,0,32
720,4,0,12
720,6,1,27
720,69,0,8
720,18,0,28
720,49,1,7
720,62,0,47
720,19,0,16
720,4,1,18
720,2,0,39
720,48,1,12
720,43,1,19
720,49,0,18
720,42,1,35
720,44,0,11
720,1,0,23
720,9,1,23
720,7,0,26
720,45,1,47
720,46,1,11
720,18,1,15
720,48,0,26
720,12,0,34
720,42,1,9
720,26,0,28
720,35,1,26
721,6,1,20
721,62,0,28
721,40,1,13
721,71,1,18
721,57,1,25
721,45,1,19
721,21,1,31
721,45,0,20
721,6,1,26
721,67,0,36
721,24,0,44
721,60,0,33
721,2,0,36
721,49,1,16
721,13,0,41
721,65,1,36
721,8,1,23
721,13,1,32
721,14,1,36
721,12,1,27
721,4,0,17
721,64,1,29
721,24,0,17
721,46,0,22
721,62,1,26
721,21,1,17
721,46,1,15
721,58,1,26
721,60,1,27
721,23,1,32
721,64,0,24
721,21,1,14
721,15,1,9
721,52,1,5
721,64,0,31
721,49,1,25
721,20,1,21
721,36,1,30
721,8,1,18
721,35,0,25
721,7,1,11
721,43,0,16
721,1,0,35
721,47,0,24
721,26,1,27
721,31,0,20
721,3,1,24
721,48,1,31
721,71,1,17
721,42,0,28
721,54,0,8
721,68,1,26
721,27,1,35
721,1,1,21
721,22,0,18
721,52,1,28
721,61,0,29
721,26,0,14
721,66,0,34
721,4,1,26
721,3,1,13
721,62,1,25
721,41,1,50
721,4,1,17
721,52,0,24
721,48,1,20
721,38,0,22
721,15,1,5
721,13,0,29
721,27,0,23
721,40,0,22
721,68,0,36
722,18,1,42
722,36,1,16
722,3,1,46
722,70,1,45
722,63,1,17
722,33,1,14
722,40,1,32
722,36,1,28
722,23,1,23
722,49,1,12
722,61,1,27
722,0,1,41
722,46,1,22
722,56,1,35
722,59,1,33
722,33,1,41
722,10,1,30
722,71,0,34
722,70,1,22
722,69,1,21
722,5,1,47
722,27,0,27
722,70,1,13
722,13,1,35
722,26,1,38
722,25,1,23
722,15,1,41
722,68,1,49
722,0,0,44
722,44,1,31
722,4,0,28
722,17,1,43
722,59,1,23
722,57,1,28
722,51,1,21
722,8,0,34
722,46,1,24
722,45,1,32
722,34,1,42
722,36,1,18
722,33,1,33
722,30,1,41
722,65,1,24
722,26,1,33
722,53,1,36
722,69,1,17
722,2,1,51
722,5,1,23
722,52,1,57
722,20,1,21
722,63,1,25
722,8,0,22
722,17,1,29
722,55,1,5
722,23,1,29
722,48,1,23
722,38,1,16
722,17,1,30
722,37,0,28
722,52,1,15
722,53,1,58
722,46,1,37
722,20,0,35
722,36,1,54
722,25,1,31
722,41,1,36
722,53,1,24
722,11,1,20
722,28,0,22
722,67,0,17
722,39,1,23
722,67,0,30
723,62,0,11
723,39,0,62
723,30,1,21
723,45,1,54
723,30,1,46
723,7,0,24
723,61,1,32
723,58,0,38
723,23,0,45
723,7,0,40
723,17,1,32
723,42,1,52
723,4,1,16
723,9,1,38
723,33,1,65
723,71,0,22
723,43,1,45
723,69,0,49
723,68,0,48
723,27,1,6
723,61,1,56
723,12,0,57
723,38,0,47
723,48,0,59
723,58,1,20
723,58,1,67
723,3,0,38
723,0,1,38
723,16,1,35
723,32,1,11
723,62,0,28
723,37,0,39
723,5,0,26
723,8,0,53
723,45,0,57
723,55,1,36
723,71,0,54
723,43,0,56
723,27,0,42
723,51,1,43
723,32,0,40
723,47,1,51
723,65,1,55
723,39,0,26
723,4,0,55
723,71,0,26
723,32,1,35
723,45,0,21
723,22,0,50
723,3,0,20
723,55,1,47
723,5,1,37
723,17,1,26
723,33,1,24
723,0,1,10
723,13,1,49
723,36,0,46
723,18,0,23
723,70,1,52
723,1,1,5
723,56,0,57
723,14,0,27
723,44,0,34
723,66,0,56
723,2,1,40
723,52,1,50
723,26,1,30
723,64,0,26
723,43,0,45
723,59,0,48
723,25,1,38
723,56,1,45
724,7,0,51
724,69,1,12
724,45,0,30
724,68,1,51
724,60,0,48
724,20,0,61
724,48,0,57
724,0,1,31
724,43,0,44
724,18,0,53
724,50,0,34
724,59,1,39
724,19,0,38
724,55,0,59
724,61,1,41
724,42,0,56
724,71,0,50
724,6,1,21
724,29,0,25
724,5,1,69
724,48,0,36
724,44,1,36
724,9,0,29
724,58,1,36
724,47,1,39
724,56,1,61
724,51,0,28
724,47,1,35
724,54,1,53
724,56,1,19
724,35,0,42
724,66,0,50
724,67,1,56
724,71,0,61
724,26,1,52
724,64,0,23
724,29,1,31
724,40,0,34
724,3,1,50
724,69,1,54
724,44,1,46
724,36,1,47
724,32,1,32
724,0,0,28
724,2,1,59
724,45,1,60
724,23,0,83
724,7,1,55
724,61,1,38
724,27,1,37
724,32,0,54
724,40,0,47
724,70,1,67
724,2,0,31
724,20,0,53
724,55,1,46
724,71,0,38
724,4,0,56
724,36,0,58
724,45,0,47
724,48,0,53
724,5,0,36
724,27,0,57
724,14,0,32
724,0,0,49
724,37,0,41
724,65,1,65
724,22,1,30
724,27,1,47
724,61,1,59
724,48,1,42
724,8,1,38
725,63,1,23
725,19,0,30
725,48,0,26
725,19,0,11
725,4,0,42
725,19,0,44
725,25,1,65
725,52,1,44
725,12,1,72
725,60,0,37
725,1,0,62
725,33,0,46
725,49,0,56
725,3,1,59
725,63,0,52
725,61,0,28
725,37,0,15
725,48,0,11
725,63,0,62
725,37,0,47
725,29,0,53
725,50,0,64
725,56,1,36
725,60,1,55
725,28,0,62
725,6,1,25
725,7,1,36
725,31,0,40
725,39,0,34
725,31,1,35
725,10,0,70
725,16,0,30
725,21,1,40
725,22,1,24
725,32,0,57
725,48,1,36
725,1,1,44
725,9,0,36
725,63,1,53
725,70,0,36
725,24,0,43
725,61,1,42
725,19,1,30
725,62,0,42
725,7,1,47
725,56,1,22
725,16,0,58
725,46,1,38
725,71,0,51
725,14,0,55
725,39,0,52
725,47,0,61
725,53,1,49
725,50,1,32
725,4,0,69
725,38,0,5
725,54,1,51
725,59,1,22
725,34,1,44
725,33,1,32
725,11,1,58
725,66,1,34
725,60,0,32
725,71,0,31
725,13,0,29
725,3,1,70
725,33,0,41
725,44,0,53
725,70,1,31
725,64,0,61
725,8,1,43
725,33,0,49
726,8,0,26
726,4,0,106
726,60,1,27
726,58,1,42
726,51,0,32
726,20,0,32
726,66,0,50
726,49,1,60
726,25,1,74
726,69,1,55
726,44,0,73
726,6,1,38
726,43,0,22
726,27,1,67
726,4,0,39
726,29,0,58
726,40,0,74
726,4,0,45
726,6,1,49
726,37,1,56
726,41,1,21
726,50,0,55
726,16,1,61
726,64,1,102
726,28,0,49
726,66,0,55
726,61,1,67
726,20,0,52
726,32,0,50
726,10,0,60
726,46,0,51
726,7,0,75
726,63,0,62
726,22,0,84
726,69,0,82
726,48,0,56
726,38,0,77
726,2,1,84
726,21,1,40
726,11,1,62
726,65,0,67
726,34,1,26
726,32,0,76
726,28,0,59
726,54,0,92
726,51,0,59
726,53,1,14
726,48,0,38
726,28,0,91
726,68,0,79
726,37,1,39
726,4,0,59
726,16,0,24
726,56,0,35
726,17,1,55
726,60,0,84
726,18,0,73
726,62,0,55
726,18,0,58
726,57,0,13
726,13,1,49
726,65,1,55
726,34,0,76
726,33,0,58
726,61,0,19
726,12,0,44
726,21,0,45
726,43,1,94
726,27,0,35
726,65,1,80
726,67,0,64
726,0,0,41
727,37,1,33
727,6,1,41
727,69,1,24
727,15,1,32
727,12,1,20
727,71,1,22
727,70,1,21
727,68,1,27
727,65,1,43
727,60,1,41
727,1,1,19
727,50,1,37
727,0,1,28
727,15,1,26
727,68,1,23
727,44,0,44
727,64,1,32
727,55,1,25
727,62,0,10
727,62,1,18
727,62,0,30
727,15,1,39
727,62,1,12
727,55,1,43
727,26,1,23
727,12,0,14
727,24,1,21
727,10,1,26
727,7,1,26
727,43,0,24
727,60,1,32
727,68,1,24
727,5,1,42
727,36,1,37
727,65,1,31
727,61,1,29
727,2,1,24
727,66,1,33
727,17,1,30
727,47,1,14
727,40,0,24
727,14,1,23
727,20,0,39
727,8,1,15
727,51,0,32
727,22,1,15
727,38,1,29
727,4,0,38
727,70,1,39
727,58,0,16
727,1,1,33
727,8,1,22
727,71,1,25
727,50,1,29
727,49,1,26
727,45,1,41
727,30,1,9
727,49,0,16
727,21,1,29
727,43,0,17
727,47,1,25
727,53,1,23
727,64,1,15
727,10,1,23
727,6,1,26
727,50,0,30
727,43,0,36
727,15,1,16
727,57,1,46
727,54,1,26
727,44,1,33
727,10,0,13
728,58,0,30
728,63,1,14
728,16,1,30
728,9,1,19
728,48,0,8
728,48,1,14
728,21,1,33
728,62,0,20
728,11,1,15
728,43,1,40
728,7,0,31
728,67,1,29
728,8,1,28
728,34,1,24
728,54,0,18
728,23,1,21
728,18,1,5
728,1,0,32
728,42,0,16
728,60,1,25
728,64,0,15
728,15,0,28
728,43,0,32
728,30,0,26
728,30,0,30
728,65,1,24
728,36,0,27
728,7,0,28
728,8,0,30
728,62,1,22
728,57,0,27
728,23,0,30
728,61,1,8
728,12,0,28
728,25,0,33
728,16,1,31
728,58,1,7
728,37,1,20
728,23,1,31
728,8,0,5
728,68,0,19
728,29,0,17
728,13,1,33
728,46,0,5
728,24,1,47
728,14,0,33
728,9,0,24
728,55,0,25
728,19,0,16
728,49,1,25
728,21,0,27
728,0,0,26
728,67,0,32
728,14,0,23
728,50,0,30
728,61,0,31
728,57,0,35
728,39,1,33
728,28,1,33
728,46,0,41
728,35,1,32
728,38,1,16
728,38,0,26
728,66,0,47
728,27,0,33
728,66,1,24
728,69,0,16
728,67,0,25
728,2,0,12
728,70,1,22
728,49,1,39
728,36,1,41
729,63,1,53
729,59,0,70
729,49,1,57
729,37,1,46
729,39,0,105
729,69,0,78
729,7,1,55
729,49,1,76
729,25,1,65
729,69,0,66
729,12,0,61
729,64,0,53
729,4,0,78
729,33,0,47
729,0,0,52
729,27,0,53
729,23,0,66
729,58,1,46
729,56,0,19
729,3,0,56
729,25,0,40
729,11,0,74
729,68,0,51
729,18,0,80
729,29,1,75
729,70,0,66
729,57,0,66
729,12,0,60
729,22,0,89
729,57,0,16
729,20,0,42
729,8,1,78
729,37,1,83
729,52,1,56
729,32,0,57
729,65,1,70
729,12,0,46
729,28,0,67
729,60,0,72
729,7,1,50
729,19,1,73
729,15,1,49
729,21,0,63
729,40,0,52
729,32,0,40
729,44,1,68
729,64,1,71
729,22,0,54
729,51,1,124
729,62,0,33
729,2,1,61
729,11,0,65
729,67,0,53
729,69,0,67
729,26,1,93
729,64,0,62
729,5,1,76
729,47,1,68
729,69,1,70
729,1,0,70
729,56,1,37
729,18,0,46
729,46,0,57
729,58,1,33
729,29,0,30
729,66,1,28
729,2,1,92
729,9,1,58
729,35,0,17
729,29,0,73
729,69,0,52
729,1,1,48
730,45,0,30
730,46,0,43
730,16,0,38
730,49,1,41
730,27,1,63
730,6,1,42
730,71,0,37
730,57,1,59
730,42,1,51
730,11,1,54
730,1,1,24
730,11,0,52
730,32,0,54
730,15,0,48
730,38,1,54
730,18,1,48
730,55,1,33
730,49,0,54
730,7,1,38
730,53,1,20
730,21,0,37
730,36,0,22
730,40,0,54
730,16,0,42
730,48,1,42
730,19,0,43
730,41,1,62
730,50,0,15
730,8,0,28
730,62,0,36
730,38,1,27
730,23,1,44
730,61,1,47
730,55,0,70
730,7,0,36
730,43,1,47
730,53,0,50
730,13,1,37
730,19,0,40
730,21,0,31
730,60,1,36
730,33,1,28
730,28,1,45
730,69,1,39
730,6,0,44
730,25,1,25
730,8,0,52
730,48,0,36
730,15,0,46
730,65,1,30
730,40,0,35
730,18,1,26
730,0,1,55
730,51,0,30
730,38,1,38
730,5,1,31
730,65,0,53
730,40,1,54
730,16,1,24
730,39,1,43
730,55,1,19
730,61,0,6
730,55,0,39
730,45,0,30
730,24,0,29
730,43,1,38
730,66,0,23
730,64,0,51
730,15,0,44
730,61,1,41
730,34,0,55
730,53,1,21
731,62,0,20
731,28,0,34
731,30,1,31
731,48,1,21
731,33,1,32
731,48,1,42
731,55,1,37
731,51,1,24
731,37,1,35
731,27,1,22
731,38,0,30
731,40,1,21
731,57,1,27
731,20,1,45
731,60,1,14
731,4,0,28
731,42,1,22
731,0,0,45
731,20,1,21
731,49,1,36
731,59,1,34
731,20,1,45
731,17,1,29
731,7,1,35
731,16,1,20
731,45,1,31
731,64,1,29
731,47,1,28
731,13,1,24
731,20,0,28
731,32,1,32
731,37,0,28
731,8,1,31
731,49,1,25
731,52,1,44
731,26,1,20
731,3,0,24
731,32,1,26
731,13,1,22
731,17,1,17
731,39,1,40
731,26,1,36
731,60,1,35
731,5,1,41
731,31,1,24
731,65,1,38
731,51,0,14
731,38,1,35
731,34,1,48
731,58,1,42
731,2,1,24
731,9,0,37
731,18,1,19
731,59,1,21
731,60,0,42
731,53,1,42
731,32,0,26
731,17,1,30
731,5,1,28
731,3,0,20
731,42,1,19
731,5,1,43
731,55,1,49
731,39,0,32
731,48,1,10
731,69,1,43
731,29,1,33
731,0,0,36
731,34,0,17
731,9,0,23
731,9,1,33
731,25,1,24
732,33,0,59
732,7,0,69
732,24,0,49
732,22,1,87
732,10,0,60
732,50,0,105
732,22,0,57
732,21,0,39
732,70,0,78
732,53,1,57
732,52,0,48
732,31,0,44
732,7,1,66
732,56,0,44
732,60,0,47
732,29,0,74
732,58,0,25
732,6,0,54
732,45,0,13
732,20,0,58
732,66,1,66
732,23,0,81
732,54,0,51
732,30,1,52
732,11,0,72
732,64,0,53
732,22,0,100
732,5,0,67
732,28,1,69
732,59,1,106
732,18,0,69
732,26,0,49
732,68,1,59
732,67,0,67
732,39,0,84
732,52,0,27
732,53,0,51
732,2,1,68
732,33,0,53
732,25,1,42
732,22,1,54
732,37,0,48
732,62,1,70
732,38,1,45
732,5,1,104
732,25,1,65
732,32,0,83
732,50,1,22
732,48,1,59
732,3,1,89
732,12,0,64
732,51,0,41
732,4,0,81
732,36,1,36
732,38,0,49
732,48,0,30
732,13,0,67
732,22,1,37
732,28,0,107
732,71,0,77
732,18,0,63
732,57,1,69
732,69,0,72
732,21,0,25
732,11,1,63
732,51,1,50
732,22,1,38
732,31,0,26
732,54,0,73
732,59,0,67
732,57,0,48
732,3,0,23
733,23,1,57
733,37,0,64
733,62,0,56
733,62,0,34
733,25,1,63
733,41,0,56
733,11,1,31
733,57,0,59
733,37,1,61
733,46,1,51
733,4,0,33
733,24,1,69
733,56,0,39
733,8,0,45
733,14,0,43
733,50,0,41
733,47,0,29
733,17,0,24
733,43,0,42
733,71,0,61
733,30,0,31
733,1,1,26
733,56,0,36
733,36,1,24
733,39,1,54
733,50,0,36
733,20,0,50
733,14,0,53
733,57,0,55
733,10,0,41
733,41,1,66
733,46,1,70
733,0,0,41
733,13,0,46
733,52,1,31
733,37,0,48
733,21,0,18
733,55,0,27
733,43,0,59
733,34,0,27
733,21,0,55
733,46,1,46
733,54,0,32
733,68,1,31
733,18,0,54
733,10,1,39
733,18,0,42
733,17,1,40
733,3,0,90
733,56,0,46
733,32,0,83
733,44,1,43
733,38,1,34
733,69,0,32
733,4,1,50
733,41,1,32
733,9,0,48
733,7,0,54
733,56,0,38
733,1,1,56
733,44,1,42
733,21,0,23
733,58,1,85
733,65,1,30
733,69,0,47
733,65,0,43
733,51,0,33
733,23,0,21
733,51,1,74
733,15,0,66
733,43,0,74
733,49,1,54
734,25,1,35
734,12,0,33
734,5,1,37
734,69,1,28
734,65,1,32
734,47,1,34
734,48,1,44
734,52,1,14
734,60,1,19
734,29,1,21
734,38,1,26
734,21,1,43
734,22,0,39
734,64,1,37
734,58,1,42
734,60,1,22
734,54,0,27
734,1,0,37
734,28,1,20
734,5,1,14
734,20,1,22
734,53,1,25
734,32,0,45
734,22,1,17
734,18,0,10
734,27,0,36
734,8,1,5
734,1,1,26
734,27,1,16
734,11,1,24
734,62,0,33
734,65,1,41
734,25,1,15
734,4,0,5
734,41,1,22
734,70,1,21
734,15,0,27
734,37,1,21
734,51,0,20
734,20,1,25
734,49,1,50
734,15,1,25
734,8,1,39
734,35,1,27
734,70,1,45
734,29,1,29
734,61,1,26
734,16,1,27
734,62,1,49
734,55,1,9
734,48,1,45
734,17,1,28
734,63,1,54
734,54,1,23
734,14,1,36
734,51,0,23
734,69,1,23
734,30,1,16
734,46,1,35
734,50,1,35
734,60,1,24
734,58,1,32
734,43,1,37
734,69,0,19
734,32,0,31
734,22,0,28
734,11,1,41
734,20,1,29
734,40,1,29
734,11,1,32
734,33,1,30
734,24,1,31
735,71,0,48
735,35,1,48
735,62,0,56
735,52,1,87
735,69,1,64
735,4,0,53
735,33,0,30
735,9,0,79
735,34,1,76
735,12,0,47
735,2,1,68
735,20,0,48
735,41,0,77
735,15,0,56
735,23,1,97
735,16,0,71
735,17,1,81
735,31,0,29
735,5,1,45
735,26,0,47
735,20,0,90
735,2,1,87
735,36,1,46
735,52,0,55
735,41,0,53
735,47,0,33
735,0,0,44
735,46,0,90
735,43,1,73
735,64,0,65
735,13,0,26
735,71,0,47
735,32,0,29
735,67,0,17
735,52,0,46
735,47,1,66
735,32,0,73
735,53,1,72
735,9,0,72
735,35,0,57
735,52,1,73
735,59,0,78
735,33,1,60
735,37,0,61
735,66,0,39
735,66,0,48
735,32,0,71
735,50,0,77
735,39,0,59
735,55,0,19
735,3,0,56
735,44,0,36
735,4,0,63
735,34,0,65
735,21,1,53
735,18,1,32
735,40,0,83
735,18,1,44
735,62,0,29
735,25,1,84
735,27,0,51
735,29,0,51
735,51,1,31
735,28,0,83
735,61,1,90
735,46,1,79
735,60,0,36
735,55,0,74
735,47,0,97
735,19,0,38
735,48,0,91
735,11,0,65
736,58,0,47
736,31,1,20
736,32,1,29
736,3,0,35
736,58,0,17
736,37,1,30
736,70,1,14
736,2,0,33
736,44,0,25
736,55,0,27
736,30,1,27
736,56,0,35
736,56,0,28
736,64,0,30
736,36,1,35
736,27,1,37
736,37,0,10
736,55,0,19
736,37,0,15
736,62,0,17
736,62,0,23
736,22,1,14
736,58,1,21
736,65,1,5
736,45,1,23
736,29,0,19
736,35,1,12
736,67,1,29
736,39,1,5
736,20,0,20
736,46,0,45
736,17,1,38
736,65,0,25
736,30,0,10
736,39,0,39
736,26,1,24
736,28,1,31
736,1,0,41
736,51,0,27
736,6,0,37
736,9,1,22
736,46,0,33
736,32,0,22
736,67,1,34
736,64,0,14
736,46,0,19
736,41,0,35
736,7,1,18
736,62,0,26
736,14,1,18
736,63,1,27
736,71,0,27
736,66,0,29
736,59,1,15
736,36,1,37
736,71,1,14
736,63,0,32
736,15,1,27
736,65,1,32
736,4,0,21
736,40,0,46
736,30,1,19
736,35,0,37
736,46,0,28
736,43,0,17
736,32,0,24
736,34,1,21
736,31,1,30
736,66,0,28
736,65,1,32
736,13,1,5
736,25,1,30
737,64,0,16
737,61,1,24
737,62,1,11
737,39,1,23
737,52,0,28
737,58,0,24
737,56,0,35
737,1,0,5
737,29,1,13
737,47,1,45
737,15,0,36
737,56,1,21
737,23,1,26
737,52,1,27
737,53,1,25
737,9,1,8
737,4,0,12
737,25,0,33
737,19,0,27
737,39,0,24
737,16,1,42
737,60,1,5
737,4,0,18
737,57,1,19
737,5,1,31
737,63,0,22
737,52,1,35
737,33,1,22
737,53,0,29
737,28,0,5
737,36,1,39
737,66,1,25
737,28,1,27
737,15,0,21
737,44,0,24
737,49,1,21
737,49,1,21
737,32,0,35
737,37,1,16
737,59,1,5
737,7,0,22
737,44,0,22
737,29,0,30
737,14,1,38
737,51,1,22
737,17,1,30
737,37,0,19
737,1,0,38
737,2,1,18
737,36,1,39
737,2,1,29
737,64,1,28
737,13,1,30
737,46,0,20
737,51,0,27
737,54,0,31
737,34,0,11
737,20,0,34
737,67,1,32
737,2,0,26
737,13,1,29
737,71,0,29
737,16,1,27
737,0,0,20
737,23,0,17
737,67,1,5
737,9,1,34
737,69,1,31
737,53,0,31
737,16,0,26
737,56,0,23
737,52,0,16
738,30,0,50
738,49,1,70
738,37,0,33
738,66,0,83
738,33,0,32
738,53,0,36
738,50,1,51
738,23,0,57
738,50,1,61
738,31,0,67
738,26,0,64
738,12,0,38
738,68,0,95
738,6,1,81
738,37,0,51
738,69,0,48
738,23,0,98
738,23,0,70
738,16,1,73
738,52,1,85
738,29,0,85
738,29,0,53
738,46,1,56
738,69,0,34
738,45,0,60
738,58,0,30
738,33,0,40
738,5,1,113
738,41,0,31
738,56,0,76
738,13,1,52
738,44,0,49
738,2,1,31
738,36,1,42
738,59,0,76
738,53,0,58
738,19,0,28
738,49,1,48
738,25,1,33
738,15,0,69
738,3,0,49
738,56,0,74
738,45,0,47
738,58,1,63
738,10,0,74
738,63,1,73
738,35,0,73
738,22,1,7
738,49,1,35
738,50,0,99
738,70,0,16
738,63,0,70
738,9,0,67
738,25,1,70
738,57,0,62
738,37,0,53
738,57,0,68
738,1,1,81
738,48,0,18
738,46,0,63
738,13,0,29
738,37,0,48
738,71,0,62
738,42,0,75
738,28,0,57
738,33,0,67
738,55,0,91
738,26,1,68
738,26,1,75
738,35,1,60
738,68,0,33
738,1,0,56
739,20,1,28
739,51,1,27
739,18,0,28
739,32,0,24
739,29,1,22
739,6,1,31
739,65,1,25
739,69,1,42
739,62,0,35
739,34,1,42
739,18,1,33
739,27,1,32
739,24,1,38
739,32,1,36
739,6,1,22
739,8,1,22
739,17,1,17
739,8,1,29
739,24,0,13
739,60,1,22
739,66,1,58
739,15,1,35
739,62,1,23
739,47,1,28
739,66,1,49
739,41,1,34
739,23,1,38
739,31,1,38
739,29,1,33
739,10,1,34
739,69,1,47
739,18,1,29
739,43,1,34
739,0,1,34
739,47,1,34
739,36,1,26
739,15,1,41
739,59,1,30
739,13,1,21
739,20,0,44
739,47,1,48
739,45,1,29
739,3,1,20
739,23,0,33
739,38,1,32
739,54,1,27
739,10,1,45
739,57,1,16
739,16,1,37
739,3,1,25
739,44,1,28
739,45,1,22
739,34,0,10
739,14,1,17
739,50,1,27
739,45,0,17
739,50,0,35
739,66,1,15
739,6,1,34
739,18,0,30
739,13,1,30
739,28,1,38
739,21,1,19
739,1,1,12
739,38,1,21
739,45,1,29
739,70,0,24
739,51,1,36
739,8,1,33
739,62,1,22
739,6,1,31
739,37,1,38
740,44,0,48
740,59,0,58
740,31,0,89
740,9,1,9
740,56,1,57
740,50,0,65
740,7,0,63
740,2,0,50
740,55,0,61
740,68,0,70
740,45,0,18
740,46,0,67
740,40,0,41
740,0,0,71
740,68,0,32
740,20,0,70
740,16,1,46
740,30,0,39
740,52,0,70
740,55,0,94
740,49,1,43
740,54,1,63
740,45,0,84
740,63,1,38
740,22,0,56
740,35,1,94
740,53,0,34
740,6,1,73
740,40,0,22
740,66,0,74
740,42,0,78
740,68,0,64
740,27,0,52
740,26,0,66
740,3,0,80
740,30,1,50
740,47,0,83
740,59,1,47
740,46,0,73
740,39,0,51
740,56,0,62
740,71,0,49
740,64,0,93
740,1,0,40
740,26,1,53
740,24,1,59
740,25,1,55
740,13,1,44
740,42,0,50
740,6,0,55
740,28,0,43
740,52,0,54
740,70,0,67
740,64,1,96
740,59,0,43
740,8,1,89
740,39,0,54
740,1,0,49
740,55,1,43
740,30,0,55
740,39,0,32
740,13,0,38
740,39,0,72
740,55,0,75
740,8,0,81
740,46,1,68
740,9,0,105
740,48,0,99
740,67,0,58
740,6,0,55
740,47,0,62
740,51,0,47
741,3,1,16
741,62,1,32
741,24,0,30
741,51,0,27
741,60,1,28
741,61,0,14
741,9,1,36
741,62,0,11
741,44,1,22
741,12,0,23
741,43,1,37
741,54,1,34
741,6,0,24
741,51,1,42
741,51,1,41
741,52,1,26
741,8,0,18
741,34,1,5
741,51,1,37
741,41,1,43
741,31,1,31
741,57,0,27
741,53,1,29
741,20,1,27
741,71,0,12
741,0,1,8
741,66,1,20
741,42,1,31
741,17,1,42
741,13,1,16
741,31,0,45
741,65,0,34
741,41,1,29
741,14,1,18
741,18,0,9
741,27,0,14
741,3,1,18
741,20,0,24
741,34,0,19
741,45,1,26
741,62,1,5
741,41,0,15
741,60,0,12
741,71,1,10
741,71,0,17
741,50,1,23
741,17,1,20
741,56,0,37
741,5,1,22
741,61,1,17
741,22,1,30
741,17,0,41
741,62,0,6
741,34,1,19
741,39,0,34
741,10,0,5
741,69,1,22
741,28,1,24
741,29,1,5
741,27,0,14
741,42,0,19
741,40,0,38
741,36,0,33
741,18,0,31
741,56,1,11
741,53,1,28
741,44,1,21
741,38,1,29
741,16,0,24
741,43,0,22
741,16,0,36
741,0,0,30
742,38,0,44
742,34,1,51
742,59,1,33
742,29,1,43
742,50,0,53
742,41,1,43
742,39,0,16
742,25,1,49
742,64,0,31
742,64,1,39
742,18,0,55
742,58,0,42
742,8,0,51
742,7,1,26
742,38,0,24
742,67,0,61
742,28,0,43
742,64,1,55
742,62,0,62
742,47,0,5
742,60,1,67
742,65,1,58
742,18,0,37
742,50,0,85
742,11,1,42
742,25,0,24
742,10,0,76
742,7,1,44
742,43,1,17
742,55,0,27
742,55,1,35
742,54,0,57
742,45,0,38
742,46,0,40
742,4,0,43
742,24,0,32
742,60,1,47
742,55,0,83
742,57,0,49
742,11,1,36
742,14,0,65
742,4,0,36
742,70,0,26
742,61,1,58
742,3,1,43
742,6,1,42
742,53,1,66
742,0,0,33
742,5,1,52
742,37,0,33
742,62,1,63
742,11,0,49
742,15,1,60
742,28,1,50
742,62,0,37
742,66,1,35
742,2,1,39
742,59,1,42
742,53,0,38
742,59,0,39
742,14,0,33
742,35,0,51
742,2,1,52
742,57,1,47
742,69,1,59
742,8,1,64
742,5,1,66
742,6,1,76
742,54,0,77
742,65,1,37
742,11,0,37
742,6,1,47
743,35,0,63
743,37,0,50
743,19,0,56
743,33,1,54
743,11,0,59
743,55,0,5
743,31,0,63
743,61,1,66
743,16,1,53
743,26,0,34
743,48,0,59
743,69,0,51
743,27,0,51
743,26,0,46
743,69,1,36
743,23,0,87
743,30,1,41
743,47,0,73
743,11,0,56
743,71,0,55
743,5,1,64
743,67,0,57
743,54,0,80
743,23,0,62
743,36,0,72
743,23,0,33
743,33,1,74
743,18,0,83
743,43,1,67
743,70,0,92
743,18,0,54
743,60,1,81
743,43,0,67
743,38,1,72
743,24,0,66
743,43,0,70
743,53,0,75
743,71,0,45
743,48,0,49
743,24,0,64
743,71,0,31
743,33,0,48
743,33,0,33
743,26,1,48
743,65,1,39
743,52,1,53
743,26,0,71
743,43,0,97
743,64,1,62
743,58,1,79
743,50,1,85
743,27,0,97
743,67,0,74
743,6,0,40
743,51,1,43
743,24,0,51
743,40,0,43
743,37,0,18
743,12,1,48
743,47,0,29
743,11,1,82
743,17,0,72
743,32,0,58
743,28,0,90
743,4,0,65
743,50,0,44
743,37,0,66
743,59,1,20
743,32,0,59
743,44,1,69
743,12,0,48
743,45,0,31
744,17,1,42
744,40,0,36
744,62,0,33
744,40,0,56
744,21,1,44
744,35,1,64
744,30,1,21
744,36,1,31
744,39,0,59
744,58,0,36
744,24,0,56
744,6,1,83
744,21,1,43
744,9,0,46
744,33,1,44
744,6,0,64
744,5,0,54
744,27,1,59
744,68,0,49
744,54,0,53
744,56,1,41
744,59,0,35
744,11,1,21
744,23,0,31
744,8,1,17
744,35,0,29
744,65,1,65
744,36,1,64
744,66,1,55
744,70,1,39
744,44,0,36
744,69,0,54
744,22,1,55
744,17,1,52
744,22,0,34
744,71,0,49
744,1,0,42
744,5,1,51
744,15,1,63
744,47,0,26
744,23,0,68
744,56,0,51
744,18,0,41
744,7,0,22
744,57,1,57
744,17,1,6
744,28,1,22
744,47,0,42
744,28,0,27
744,46,1,55
744,21,0,58
744,41,1,32
744,35,1,31
744,26,0,34
744,2,0,42
744,25,1,41
744,4,1,37
744,6,0,52
744,32,0,71
744,47,0,52
744,48,0,19
744,46,0,35
744,22,1,65
744,62,0,76
744,3,0,33
744,41,1,62
744,28,0,56
744,71,0,27
744,11,1,40
744,12,0,34
744,31,0,37
744,54,0,42
745,71,1,48
745,1,0,37
745,51,1,34
745,70,1,23
745,37,1,32
745,6,1,25
745,27,1,17
745,20,1,25
745,44,1,34
745,45,1,31
745,5,1,29
745,2,1,27
745,0,1,17
745,43,1,26
745,26,1,25
745,44,0,40
745,52,1,27
745,2,1,36
745,15,1,14
745,2,1,22
745,36,1,40
745,20,1,26
745,29,1,27
745,16,1,28
745,30,1,27
745,57,0,37
745,20,1,29
745,36,1,37
745,57,1,24
745,53,1,35
745,28,0,44
745,40,0,39
745,28,1,37
745,57,1,15
745,60,1,34
745,69,1,33
745,58,0,36
745,14,1,37
745,41,1,32
745,60,1,24
745,50,1,34
745,5,0,27
745,32,1,20
745,32,0,15
745,61,1,38
745,49,1,39
745,5,1,15
745,38,1,32
745,49,1,29
745,49,1,24
745,66,1,15
745,52,1,31
745,51,0,33
745,45,0,42
745,20,0,33
745,31,0,22
745,19,1,25
745,40,1,26
745,9,1,26
745,35,1,24
745,55,1,25
745,47,1,22
745,35,1,40
745,41,1,26
745,18,0,32
745,11,1,30
745,7,1,30
745,28,1,48
745,71,1,31
745,21,1,36
745,58,1,34
745,9,0,38
746,26,1,39
746,9,0,24
746,50,0,23
746,19,0,38
746,66,0,26
746,30,1,19
746,36,1,44
746,39,1,24
746,39,0,32
746,53,1,36
746,58,1,35
746,58,1,28
746,23,1,34
746,30,1,24
746,3,0,27
746,0,0,9
746,15,1,20
746,23,1,29
746,68,0,22
746,54,0,13
746,45,1,22
746,26,1,15
746,4,0,29
746,5,1,24
746,14,1,25
746,12,0,5
746,5,1,5
746,53,0,24
746,5,1,35
746,25,0,23
746,9,0,38
746,18,1,31
746,34,1,45
746,15,0,24
746,37,0,28
746,40,0,27
746,19,0,6
746,11,1,19
746,53,0,5
746,33,1,16
746,37,0,17
746,45,0,5
746,58,1,28
746,38,1,12
746,66,1,23
746,50,1,25
746,10,0,26
746,25,0,22
746,1,0,30
746,45,1,31
746,32,1,25
746,6,0,22
746,2,1,23
746,61,1,34
746,62,1,24
746,60,1,37
746,32,1,14
746,20,1,8
746,24,1,14
746,28,0,34
746,46,1,28
746,32,1,24
746,65,1,30
746,35,1,16
746,32,0,25
746,45,1,22
746,41,1,28
746,14,0,20
746,53,1,21
746,47,1,42
746,51,0,10
746,69,0,13
747,19,0,61
747,12,0,55
747,63,0,62
747,45,0,62
747,2,0,47
747,33,0,61
747,22,0,39
747,53,0,53
747,27,0,20
747,20,0,51
747,4,0,56
747,10,1,62
747,5,1,64
747,71,0,45
747,57,0,48
747,51,0,61
747,44,0,75
747,60,0,49
747,17,0,32
747,38,1,73
747,7,0,35
747,1,0,81
747,6,0,95
747,29,0,64
747,61,0,83
747,39,0,56
747,65,1,51
747,22,0,38
747,25,0,64
747,29,0,71
747,33,0,82
747,50,0,29
747,58,0,63
747,38,0,90
747,29,1,33
747,35,0,76
747,11,0,58
747,46,0,88
747,3,0,24
747,27,0,76
747,1,0,31
747,45,0,53
747,33,0,62
747,24,0,60
747,35,1,36
747,9,0,65
747,17,1,77
747,4,1,50
747,17,0,51
747,71,0,75
747,36,1,52
747,25,1,91
747,23,0,42
747,9,0,92
747,18,0,72
747,4,0,50
747,46,0,45
747,65,1,35
747,35,0,34
747,25,0,47
747,0,0,73
747,34,1,50
747,54,0,94
747,38,1,48
747,71,0,32
747,67,0,105
747,7,0,54
747,67,0,56
747,31,0,81
747,54,0,63
747,43,0,81
747,24,0,47
748,55,0,12
748,34,0,37
748,60,0,19
748,59,1,18
748,41,0,19
748,0,1,17
748,37,0,46
748,16,1,24
748,0,0,22
748,7,0,24
748,13,0,26
748,6,0,20
748,55,0,53
748,10,0,27
748,67,0,33
748,51,0,27
748,69,1,15
748,35,0,28
748,38,1,24
748,69,1,20
748,32,0,18
748,14,0,30
748,71,1,17
748,38,1,15
748,33,0,26
748,14,0,31
748,9,0,37
748,22,1,36
748,44,0,33
748,40,1,27
748,60,1,34
748,61,1,17
748,19,1,21
748,26,1,26
748,53,0,31
748,37,1,40
748,65,1,30
748,67,0,31
748,10,0,34
748,19,1,27
748,8,0,34
748,20,0,30
748,54,1,34
748,59,0,16
748,31,1,33
748,42,0,7
748,56,0,26
748,39,0,42
748,7,1,27
748,67,0,43
748,18,0,6
748,51,0,24
748,29,0,14
748,48,0,18
748,20,0,16
748,59,0,32
748,0,0,37
748,22,0,21
748,67,0,5
748,7,0,20
748,52,0,53
748,42,1,23
748,49,1,21
748,12,1,9
748,44,1,32
748,59,0,14
748,17,1,24
748,50,0,10
748,53,0,30
748,30,1,32
748,52,0,20
748,28,0,30
749,20,0,80
749,8,0,58
749,25,0,34
749,17,1,91
749,25,1,69
749,59,1,68
749,16,1,109
749,14,0,45
749,55,1,69
749,71,0,45
749,26,0,56
749,60,0,57
749,60,1,41
749,68,0,80
749,24,1,48
749,38,1,43
749,7,1,43
749,63,0,41
749,46,0,22
749,68,0,64
749,59,0,87
749,32,0,40
749,39,1,80
749,17,1,64
749,6,0,52
749,45,0,83
749,22,1,23
749,6,1,42
749,21,1,65
749,70,0,42
749,14,0,64
749,16,0,64
749,28,0,33
749,31,0,43
749,0,1,83
749,52,0,50
749,70,1,54
749,60,0,88
749,2,1,84
749,65,1,31
749,22,0,83
749,41,1,67
749,44,1,87
749,32,0,75
749,53,0,56
749,44,1,62
749,0,1,42
749,60,1,76
749,63,1,76
749,46,1,63
749,45,0,41
749,55,0,70
749,43,0,93
749,2,0,43
749,44,1,40
749,16,0,57
749,29,0,50
749,65,1,73
749,59,0,47
749,27,0,86
749,4,0,42
749,61,0,57
749,71,0,75
749,11,1,30
749,49,1,37
749,8,1,85
749,7,1,46
749,18,0,57
749,14,0,82
749,64,0,33
749,47,0,65
749,53,0,42
750,21,1,20
750,58,1,22
750,19,0,34
750,55,0,27
750,21,0,33
750,59,1,26
750,7,0,34
750,19,1,31
750,2,0,43
750,24,0,46
750,58,0,29
750,14,1,17
750,2,1,19
750,60,0,19
750,26,0,34
750,28,0,14
750,17,1,44
750,36,0,19
750,16,0,10
750,39,1,24
750,44,1,39
750,43,0,31
750,58,1,16
750,25,1,29
750,69,0,25
750,17,1,45
750,62,0,18
750,6,0,42
750,31,1,57
750,1,0,26
750,49,0,30
750,25,0,41
750,55,1,26
750,54,0,16
750,2,1,17
750,18,0,20
750,54,1,9
750,52,1,13
750,30,1,46
750,44,1,5
750,67,0,13
750,30,0,13
750,36,1,34
750,49,1,5
750,5,1,39
750,33,0,34
750,7,1,15
750,65,1,13
750,35,0,21
750,27,0,42
750,55,1,20
750,36,1,28
750,12,1,31
750,66,1,31
750,71,0,24
750,4,0,21
750,41,1,28
750,39,0,28
750,1,0,11
750,8,0,5
750,66,0,30
750,46,1,17
750,10,0,36
750,62,1,28
750,20,0,25
750,47,0,22
750,53,1,30
750,38,1,13
750,60,1,19
750,36,1,45
750,62,0,16
750,35,0,8
751,37,1,15
751,33,1,27
751,18,1,32
751,22,1,17
751,31,0,59
751,66,0,25
751,42,0,14
751,33,1,5
751,48,0,20
751,9,1,39
751,61,1,19
751,44,1,13
751,56,1,20
751,0,0,37
751,30,1,41
751,52,1,20
751,19,0,50
751,3,0,6
751,39,1,25
751,33,1,34
751,42,1,22
751,42,1,27
751,34,0,31
751,18,0,20
751,24,1,19
751,57,0,21
751,63,1,28
751,4,1,34
751,8,1,22
751,38,1,6
751,53,0,25
751,35,1,30
751,4,1,5
751,20,0,31
751,2,0,23
751,37,0,38
751,1,1,12
751,5,1,33
751,65,1,14
751,62,1,13
751,10,1,20
751,52,0,25
751,20,0,6
751,53,1,30
751,23,1,22
751,25,1,5
751,10,1,18
751,63,1,33
751,58,0,41
751,2,1,53
751,27,0,15
751,69,0,25
751,27,1,29
751,46,1,24
751,15,1,34
751,30,1,13
751,68,0,22
751,46,0,42
751,58,1,17
751,28,1,17
751,42,0,16
751,27,0,37
751,48,0,30
751,70,0,19
751,11,1,16
751,15,1,26
751,67,0,12
751,25,0,45
751,15,1,37
751,47,1,29
751,26,1,15
751,27,0,18
752,16,0,34
752,54,1,63
752,43,0,75
752,68,0,91
752,39,0,44
752,30,0,31
752,29,0,62
752,33,1,67
752,35,1,66
752,50,0,48
752,66,0,57
752,35,1,79
752,67,1,54
752,25,0,77
752,45,0,79
752,45,1,73
752,28,0,70
752,18,0,69
752,9,0,49
752,43,0,88
752,58,1,82
752,42,0,36
752,8,0,36
752,21,0,40
752,15,1,39
752,36,1,67
752,5,0,48
752,53,1,80
752,56,0,25
752,60,0,40
752,35,0,60
752,21,0,27
752,8,0,68
752,55,0,71
752,30,0,56
752,10,0,93
752,36,0,93
752,56,0,35
752,56,0,50
752,66,1,47
752,36,1,47
752,13,0,62
752,69,0,38
752,59,1,94
752,6,0,89
752,22,1,62
752,50,0,118
752,0,0,46
752,29,0,58
752,61,1,81
752,70,0,47
752,35,0,87
752,37,0,77
752,11,1,61
752,42,0,38
752,56,0,100
752,50,0,11
752,69,0,71
752,37,0,84
752,22,1,71
752,67,0,69
752,67,0,51
752,49,1,81
752,46,1,83
752,53,0,50
752,34,0,52
752,28,0,61
752,63,0,29
752,52,0,80
752,57,0,72
752,64,0,68
752,39,0,31
753,10,0,15
753,5,1,38
753,48,1,38
753,4,0,25
753,15,0,19
753,27,1,5
753,42,1,33
753,60,1,19
753,17,0,39
753,22,1,14
753,21,1,35
753,11,1,29
753,53,1,25
753,69,1,20
753,46,1,24
753,17,1,20
753,56,0,25
753,66,0,26
753,30,1,32
753,58,1,26
753,18,1,36
753,49,1,44
753,28,1,21
753,22,1,41
753,70,1,22
753,36,1,34
753,17,1,28
753,42,1,28
753,19,1,25
753,17,1,34
753,59,0,34
753,7,1,42
753,68,1,9
753,18,0,29
753,54,1,34
753,13,1,21
753,21,1,36
753,26,1,25
753,68,1,42
753,15,1,36
753,65,1,25
753,9,1,13
753,19,1,25
753,38,1,29
753,26,0,35
753,47,0,38
753,4,1,30
753,54,1,31
753,31,0,27
753,70,1,29
753,53,1,30
753,28,0,27
753,1,1,38
753,29,1,43
753,52,1,24
753,47,1,14
753,56,0,26
753,41,1,45
753,33,0,28
753,31,0,38
753,63,1,30
753,71,0,12
753,59,1,38
753,11,1,27
753,59,1,25
753,17,1,41
753,6,1,8
753,68,1,35
753,65,1,15
753,9,0,56
753,68,1,11
753,7,1,11
754,63,1,36
754,4,0,27
754,33,1,15
754,22,1,42
754,53,1,46
754,67,1,24
754,13,1,27
754,6,1,24
754,29,0,19
754,17,1,16
754,5,1,19
754,49,1,24
754,47,1,26
754,34,0,19
754,9,0,34
754,20,0,31
754,42,1,49
754,10,1,43
754,5,1,16
754,20,1,44
754,36,1,12
754,25,1,26
754,3,0,25
754,34,1,32
754,69,0,22
754,57,1,40
754,43,0,30
754,30,1,35
754,23,1,14
754,68,1,34
754,28,1,48
754,71,1,44
754,51,1,46
754,23,0,15
754,71,1,28
754,43,0,38
754,6,1,27
754,39,0,19
754,64,1,29
754,27,0,57
754,36,1,36
754,54,1,28
754,4,1,24
754,62,1,36
754,45,1,12
754,20,1,26
754,28,1,48
754,10,1,34
754,17,1,21
754,38,1,27
754,63,0,42
754,56,1,17
754,23,1,32
754,45,0,18
754,14,1,31
754,6,1,26
754,28,1,34
754,27,1,21
754,63,1,21
754,50,1,23
754,39,1,23
754,0,1,36
754,58,1,48
754,59,1,32
754,65,1,31
754,67,1,29
754,41,1,32
754,19,1,22
754,12,1,34
754,6,1,50
754,43,0,45
754,32,0,33
755,13,1,14
755,7,0,52
755,34,1,27
755,61,1,40
755,20,0,45
755,46,0,87
755,0,1,39
755,42,0,48
755,49,0,48
755,33,0,71
755,47,0,37
755,62,0,89
755,29,0,48
755,50,0,71
755,3,1,88
755,39,1,68
755,17,0,48
755,7,0,73
755,17,0,36
755,40,0,82
755,22,1,60
755,21,1,58
755,1,0,81
755,17,1,109
755,22,1,66
755,4,0,88
755,62,0,110
755,21,0,89
755,42,1,60
755,40,0,41
755,49,1,102
755,24,0,76
755,21,1,24
755,69,0,41
755,0,0,52
755,28,1,45
755,33,0,55
755,1,0,38
755,44,0,90
755,13,0,85
755,45,1,60
755,59,0,45
755,56,1,82
755,43,0,78
755,61,1,85
755,3,1,67
755,27,0,74
755,42,1,50
755,37,0,55
755,69,0,74
755,19,0,31
755,9,1,58
755,64,0,58
755,33,0,60
755,38,0,74
755,57,0,45
755,67,0,57
755,52,1,68
755,30,0,52
755,38,0,90
755,8,0,47
755,32,0,80
755,37,0,64
755,41,0,87
755,39,1,74
755,27,1,56
755,63,0,40
755,44,1,85
755,39,0,66
755,18,0,78
755,0,1,110
755,55,0,51
756,22,1,62
756,19,1,40
756,31,0,42
756,69,0,39
756,70,0,43
756,5,0,66
756,56,0,47
756,8,0,47
756,17,1,48
756,14,0,64
756,27,0,26
756,31,0,28
756,48,1,55
756,3,0,58
756,24,0,66
756,9,0,67
756,58,1,25
756,70,0,45
756,34,0,16
756,15,1,58
756,49,0,60
756,38,0,28
756,58,1,48
756,47,1,44
756,48,0,44
756,19,0,26
756,61,0,40
756,47,0,45
756,58,0,28
756,6,1,48
756,49,1,69
756,0,0,38
756,49,1,46
756,28,1,29
756,66,0,39
756,42,1,67
756,59,0,44
756,20,0,51
756,31,0,63
756,36,0,33
756,21,0,19
756,58,0,46
756,7,1,44
756,11,0,51
756,23,0,70
756,32,0,58
756,50,0,37
756,38,1,46
756,63,1,31
756,2,0,55
756,42,0,40
756,23,0,53
756,42,1,36
756,29,0,37
756,19,0,48
756,19,0,29
756,60,1,34
756,1,1,49
756,18,0,27
756,23,1,40
756,1,0,43
756,17,0,49
756,45,0,35
756,32,0,62
756,14,0,40
756,52,1,58
756,12,0,30
756,48,1,56
756,34,0,27
756,4,0,16
756,16,0,41
756,15,0,38
757,13,1,14
757,15,0,64
757,20,1,46
757,67,1,46
757,11,0,24
757,29,1,41
757,3,1,29
757,7,0,13
757,47,1,47
757,48,1,35
757,16,0,24
757,2,0,47
757,57,0,60
757,57,0,18
757,18,1,72
757,37,0,67
757,71,0,45
757,17,1,47
757,30,1,55
757,27,1,51
757,56,1,25
757,69,0,26
757,56,0,39
757,6,1,35
757,62,0,81
757,71,0,35
757,29,0,48
757,56,0,43
757,60,0,44
757,3,1,48
757,47,0,30
757,69,0,41
757,49,0,29
757,64,0,23
757,2,1,35
757,6,1,22
757,16,1,41
757,50,1,50
757,60,0,26
757,31,0,47
757,13,1,37
757,10,1,58
757,38,0,53
757,61,1,36
757,50,0,26
757,64,1,6
757,54,1,69
757,71,0,44
757,45,0,29
757,13,1,27
757,58,1,53
757,41,1,46
757,68,1,43
757,71,0,57
757,16,1,22
757,65,0,52
757,65,0,49
757,19,0,28
757,62,1,24
757,30,0,26
757,25,1,45
757,52,0,64
757,52,0,70
757,58,0,67
757,49,1,42
757,67,0,33
757,36,1,14
757,2,0,28
757,59,0,53
757,67,0,64
757,67,0,52
757,0,1,11
758,11,0,9
758,33,0,30
758,33,0,29
758,65,0,56
758,51,1,69
758,46,1,55
758,46,0,74
758,55,1,79
758,18,0,76
758,53,0,75
758,27,0,78
758,19,0,71
758,41,1,54
758,38,1,79
758,17,0,70
758,60,0,24
758,62,0,100
758,53,0,58
758,9,0,69
758,48,1,65
758,50,0,66
758,64,0,69
758,1,0,35
758,26,1,59
758,25,1,73
758,13,0,49
758,14,1,59
758,68,0,63
758,12,0,99
758,27,0,51
758,48,1,68
758,42,0,53
758,12,0,43
758,48,0,45
758,34,0,63
758,68,1,93
758,28,0,73
758,68,0,69
758,70,0,64
758,48,0,94
758,17,1,67
758,46,0,54
758,13,0,45
758,38,0,70
758,2,1,54
758,12,0,63
758,6,1,72
758,31,0,35
758,48,0,74
758,56,0,89
758,67,0,35
758,50,0,46
758,32,0,66
758,28,0,55
758,13,0,40
758,23,0,56
758,14,0,53
758,11,0,83
758,26,0,95
758,66,1,86
758,43,0,52
758,13,0,74
758,27,1,91
758,67,1,72
758,53,1,65
758,16,0,65
758,53,0,51
758,23,0,50
758,9,0,60
758,54,0,63
758,67,0,67
758,6,1,53
759,44,1,31
759,47,0,48
759,24,0,54
759,12,1,45
759,1,1,47
759,43,1,46
759,36,1,64
759,50,0,44
759,63,0,44
759,63,0,37
759,48,1,40
759,14,0,15
759,45,1,34
759,31,0,62
759,6,1,55
759,15,0,64
759,53,0,64
759,53,1,33
759,34,0,34
759,2,1,26
759,12,1,37
759,11,1,61
759,62,0,54
759,25,1,41
759,47,0,40
759,58,0,54
759,62,1,32
759,43,0,58
759,50,0,53
759,70,1,33
759,53,1,46
759,8,0,55
759,25,1,31
759,61,1,53
759,34,0,70
759,17,0,53
759,69,1,53
759,13,1,39
759,59,1,43
759,50,0,39
759,24,0,52
759,18,0,50
759,18,1,40
759,37,1,58
759,34,0,33
759,50,1,45
759,29,1,24
759,56,1,51
759,28,0,22
759,45,0,46
759,14,1,12
759,19,0,16
759,52,0,27
759,25,1,49
759,62,0,45
759,49,1,75
759,67,0,74
759,53,1,54
759,44,0,38
759,9,1,49
759,8,1,34
759,11,1,59
759,57,0,59
759,64,1,44
759,20,1,40
759,11,0,39
759,36,0,46
759,49,1,51
759,36,0,43
759,12,1,42
759,31,0,51
759,24,0,26
760,27,0,39
760,64,0,44
760,21,0,23
760,66,1,15
760,36,1,9
760,34,1,15
760,50,1,6
760,68,0,26
760,27,1,35
760,26,0,9
760,25,1,39
760,32,0,10
760,71,0,15
760,58,1,24
760,20,1,20
760,63,0,47
760,16,1,22
760,62,0,27
760,59,0,26
760,37,1,22
760,24,0,18
760,56,1,5
760,62,1,5
760,13,1,5
760,7,1,20
760,28,1,35
760,68,1,18
760,4,0,11
760,52,1,15
760,37,0,27
760,50,1,17
760,55,0,38
760,14,1,15
760,45,1,16
760,56,0,5
760,59,0,32
760,71,0,10
760,65,1,45
760,56,1,24
760,58,1,41
760,11,1,24
760,35,0,47
760,49,1,27
760,60,1,30
760,59,1,36
760,13,1,5
760,33,0,29
760,9,1,18
760,12,0,22
760,61,1,32
760,29,1,29
760,0,1,19
760,31,1,16
760,67,1,44
760,18,0,10
760,12,1,35
760,52,1,7
760,60,1,27
760,52,1,33
760,36,1,23
760,62,1,14
760,2,1,34
760,1,0,31
760,52,0,41
760,24,0,26
760,12,0,35
760,39,1,12
760,66,0,25
760,66,0,21
760,58,1,26
760,8,1,34
760,28,1,18
761,71,0,28
761,58,1,23
761,16,0,39
761,30,1,34
761,32,1,16
761,5,1,31
761,9,1,47
761,55,0,12
761,56,0,13
761,23,0,34
761,31,1,11
761,53,1,26
761,27,1,19
761,53,1,53
761,6,1,24
761,43,0,25
761,2,1,26
761,51,1,29
761,13,1,41
761,61,1,25
761,9,0,37
761,39,0,5
761,43,1,32
761,38,1,28
761,4,0,36
761,3,1,40
761,29,1,13
761,47,1,33
761,14,1,40
761,23,1,34
761,54,1,28
761,65,1,32
761,26,0,22
761,37,0,29
761,15,1,12
761,55,1,26
761,51,1,33
761,48,1,31
761,24,0,27
761,45,0,32
761,8,0,23
761,57,1,42
761,66,0,34
761,16,1,37
761,18,1,31
761,40,1,29
761,8,1,17
761,25,1,13
761,55,1,22
761,23,1,13
761,54,1,11
761,1,1,40
761,4,1,32
761,46,0,33
761,59,1,29
761,34,0,24
761,41,1,45
761,29,1,27
761,58,1,28
761,27,0,29
761,37,1,33
761,41,1,15
761,23,0,39
761,60,1,22
761,51,1,38
761,15,1,21
761,9,1,24
761,3,0,37
761,16,1,22
761,21,1,38
761,26,1,25
761,3,0,31
762,35,0,49
762,15,1,54
762,62,0,77
762,33,0,43
762,71,1,26
762,9,1,40
762,61,1,56
762,27,1,48
762,32,1,34
762,11,0,28
762,23,1,55
762,60,1,46
762,37,0,37
762,52,0,55
762,62,0,51
762,20,0,62
762,34,1,47
762,27,0,29
762,68,0,40
762,36,0,24
762,67,0,54
762,5,1,17
762,61,1,70
762,2,1,25
762,7,1,28
762,39,1,31
762,65,0,42
762,16,0,45
762,50,0,39
762,13,0,66
762,29,1,48
762,3,0,37
762,54,0,17
762,54,0,40
762,14,1,33
762,6,0,35
762,70,0,77
762,47,0,67
762,24,1,37
762,19,0,31
762,56,1,50
762,10,0,40
762,4,0,13
762,51,0,33
762,27,1,32
762,63,0,35
762,2,1,48
762,65,1,48
762,36,1,26
762,59,0,57
762,63,1,62
762,41,1,52
762,37,1,12
762,54,0,67
762,48,1,41
762,26,1,67
762,21,1,55
762,58,1,26
762,18,0,38
762,67,1,53
762,50,1,32
762,51,1,53
762,37,0,32
762,33,1,37
762,53,1,53
762,20,1,24
762,32,0,56
762,49,0,66
762,45,1,60
762,53,1,42
762,54,0,38
762,57,1,53
763,39,0,28
763,59,0,39
763,50,0,38
763,36,1,31
763,63,0,30
763,9,0,14
763,7,0,21
763,24,0,20
763,18,1,24
763,36,1,27
763,43,0,23
763,58,1,24
763,59,1,19
763,31,0,37
763,65,0,23
763,41,0,35
763,32,1,33
763,64,1,17
763,50,1,25
763,35,0,29
763,46,0,35
763,41,0,25
763,52,1,29
763,49,0,21
763,64,0,25
763,57,1,19
763,21,1,13
763,8,1,40
763,22,1,39
763,52,0,38
763,55,0,40
763,9,1,21
763,68,1,25
763,10,0,24
763,69,0,20
763,57,0,27
763,15,1,28
763,45,1,10
763,4,0,10
763,55,0,26
763,4,1,20
763,32,0,27
763,13,1,24
763,68,1,29
763,64,1,24
763,26,1,16
763,16,0,49
763,22,0,21
763,18,0,38
763,61,1,15
763,58,1,32
763,26,1,32
763,49,1,11
763,58,1,6
763,61,1,43
763,10,1,19
763,48,1,22
763,26,0,27
763,67,0,16
763,49,1,32
763,42,0,28
763,44,1,19
763,33,1,29
763,7,0,40
763,2,1,21
763,51,1,29
763,56,0,43
763,14,0,16
763,42,0,22
763,36,1,34
763,33,1,34
763,26,1,7
764,25,1,48
764,8,1,43
764,60,1,38
764,43,0,35
764,12,1,57
764,33,1,43
764,13,1,31
764,58,1,34
764,23,1,36
764,3,0,36
764,57,0,38
764,52,1,47
764,57,1,53
764,67,0,15
764,23,0,28
764,12,1,46
764,48,1,49
764,59,0,39
764,5,1,43
764,24,0,31
764,50,0,52
764,20,0,41
764,22,0,72
764,28,1,30
764,5,0,22
764,66,0,41
764,4,0,36
764,30,0,20
764,52,1,29
764,12,1,51
764,19,0,43
764,43,1,13
764,68,0,44
764,35,1,32
764,67,0,42
764,24,0,35
764,12,1,31
764,69,1,53
764,59,0,53
764,47,0,66
764,54,0,39
764,18,1,21
764,55,0,66
764,27,0,17
764,6,0,48
764,17,1,51
764,45,1,60
764,43,0,48
764,30,1,71
764,1,0,54
764,59,1,62
764,41,0,20
764,1,0,43
764,26,1,39
764,1,1,62
764,51,0,31
764,18,0,48
764,65,1,39
764,50,0,58
764,16,1,40
764,15,1,42
764,20,1,13
764,24,0,38
764,48,1,48
764,12,0,32
764,2,0,14
764,3,0,47
764,32,0,26
764,7,1,16
764,29,1,38
764,2,0,49
764,30,1,54
765,63,0,14
765,37,1,16
765,39,1,7
765,64,0,11
765,45,0,40
765,55,1,36
765,69,1,16
765,49,0,18
765,7,1,39
765,67,0,30
765,69,0,32
765,17,0,34
765,67,0,27
765,1,1,23
765,63,1,39
765,39,0,36
765,46,1,10
765,59,0,7
765,19,0,9
765,21,1,27
765,12,1,23
765,8,0,37
765,28,1,42
765,33,1,17
765,40,0,10
765,67,1,5
765,38,0,30
765,58,0,20
765,65,0,26
765,50,0,39
765,35,1,25
765,71,1,34
765,49,0,35
765,51,0,16
765,68,0,25
765,27,1,12
765,59,0,7
765,44,0,23
765,65,1,33
765,54,0,27
765,34,1,22
765,49,0,24
765,17,0,31
765,22,1,23
765,42,1,24
765,6,1,26
765,48,0,23
765,59,1,19
765,44,0,22
765,57,1,17
765,16,1,7
765,31,0,22
765,9,1,21
765,51,0,34
765,36,1,22
765,32,0,18
765,8,1,21
765,6,1,16
765,31,0,34
765,32,0,15
765,23,0,28
765,37,0,38
765,19,1,5
765,52,0,13
765,54,0,15
765,35,1,21
765,61,0,35
765,7,1,28
765,37,0,5
765,55,1,20
765,64,1,39
765,33,0,17
766,25,0,60
766,54,0,51
766,7,0,65
766,47,0,45
766,65,1,5
766,32,1,39
766,24,0,50
766,29,0,94
766,35,1,33
766,58,0,46
766,71,0,69
766,62,0,57
766,17,0,58
766,56,0,75
766,28,0,39
766,25,0,61
766,66,1,54
766,64,0,32
766,38,1,75
766,63,0,30
766,15,0,91
766,3,1,66
766,23,0,20
766,61,0,42
766,26,1,56
766,11,0,103
766,42,1,92
766,20,0,68
766,56,0,41
766,14,0,65
766,48,0,57
766,4,0,60
766,18,1,34
766,45,0,73
766,0,0,19
766,9,0,38
766,0,0,55
766,48,0,82
766,56,0,91
766,71,0,53
766,30,0,67
766,35,1,73
766,1,1,95
766,68,0,68
766,70,0,60
766,4,0,41
766,39,0,66
766,5,0,58
766,42,1,53
766,59,0,52
766,0,0,73
766,31,0,67
766,43,0,49
766,58,0,33
766,62,0,82
766,4,0,97
766,17,0,82
766,14,0,38
766,40,0,44
766,1,0,87
766,14,0,81
766,13,0,47
766,7,0,45
766,5,1,91
766,21,0,73
766,34,0,35
766,36,0,39
766,55,0,57
766,40,0,20
766,6,1,19
766,6,0,66
766,23,0,52
767,54,0,45
767,22,0,10
767,52,0,58
767,33,0,13
767,21,1,53
767,31,0,34
767,13,0,22
767,10,0,44
767,21,0,58
767,49,1,50
767,23,0,28
767,54,1,42
767,22,0,48
767,38,1,11
767,6,1,34
767,11,0,56
767,18,0,61
767,66,0,38
767,19,0,19
767,62,0,20
767,70,0,37
767,17,1,30
767,42,1,53
767,22,1,46
767,42,1,52
767,28,0,64
767,61,1,62
767,69,0,31
767,47,0,28
767,53,0,18
767,28,0,53
767,48,0,21
767,37,1,41
767,53,0,21
767,54,0,54
767,45,0,19
767,42,1,52
767,7,1,32
767,25,0,45
767,58,0,61
767,0,0,47
767,61,1,27
767,16,0,38
767,46,0,59
767,27,0,46
767,62,0,9
767,15,0,45
767,31,0,49
767,63,1,53
767,64,0,31
767,33,1,38
767,3,1,39
767,43,0,27
767,42,0,28
767,47,0,7
767,17,0,29
767,44,0,35
767,46,1,53
767,54,1,54
767,8,0,68
767,36,0,17
767,4,0,18
767,38,0,39
767,26,1,51
767,44,0,71
767,37,1,27
767,42,1,36
767,32,0,49
767,67,0,56
767,60,0,28
767,65,1,34
767,33,0,49
768,35,1,38
768,0,1,25
768,66,1,42
768,20,1,54
768,42,1,67
768,22,1,34
768,67,1,20
768,15,1,40
768,28,0,39
768,25,1,26
768,40,0,37
768,65,1,32
768,66,0,21
768,13,1,23
768,1,1,68
768,31,1,46
768,7,0,47
768,52,1,73
768,54,0,38
768,55,0,29
768,24,0,28
768,31,1,18
768,23,1,46
768,62,1,51
768,29,1,41
768,68,1,57
768,0,1,41
768,5,1,48
768,23,0,38
768,49,1,33
768,65,1,40
768,68,1,19
768,44,0,35
768,11,1,63
768,33,1,60
768,25,1,58
768,46,1,33
768,10,1,58
768,18,1,36
768,10,1,79
768,17,1,58
768,10,1,38
768,56,0,22
768,58,1,31
768,32,0,21
768,51,1,53
768,27,1,27
768,37,0,37
768,10,1,46
768,2,1,58
768,63,1,46
768,14,0,37
768,20,0,43
768,28,1,47
768,61,1,25
768,56,1,35
768,32,1,35
768,50,1,49
768,57,1,24
768,70,1,76
768,55,1,57
768,45,1,32
768,16,1,41
768,6,1,55
768,25,1,47
768,42,1,33
768,50,0,45
768,55,1,41
768,68,0,38
768,31,1,54
768,68,1,66
768,63,1,47
769,6,1,28
769,57,0,31
769,16,1,46
769,6,1,46
769,5,0,29
769,34,0,36
769,39,0,32
769,44,1,66
769,19,1,46
769,56,1,72
769,64,0,63
769,40,1,52
769,55,1,42
769,47,1,42
769,70,0,62
769,62,1,36
769,2,0,51
769,64,1,32
769,44,1,5
769,7,1,5
769,35,1,31
769,4,0,6
769,12,1,52
769,71,0,59
769,64,1,21
769,4,0,65
769,67,1,57
769,56,0,62
769,22,1,21
769,39,1,24
769,42,1,29
769,66,0,60
769,22,0,46
769,16,0,62
769,23,1,42
769,39,0,22
769,30,1,40
769,68,0,8
769,28,1,51
769,32,0,33
769,8,1,57
769,53,1,59
769,50,1,32
769,42,1,50
769,55,0,20
769,37,1,50
769,65,1,34
769,3,1,41
769,62,1,47
769,53,1,27
769,26,1,5
769,55,1,76
769,54,1,62
769,46,1,45
769,24,0,44
769,9,0,24
769,33,1,59
769,25,0,33
769,47,1,57
769,2,1,45
769,52,0,48
769,18,0,60
769,0,1,33
769,33,1,27
769,52,1,40
769,17,0,44
769,69,0,53
769,70,0,36
769,20,1,23
769,33,0,32
769,65,1,32
769,36,0,46
770,64,0,49
770,39,0,31
770,57,1,47
770,16,1,32
770,69,1,16
770,25,1,47
770,65,1,27
770,6,0,37
770,26,1,38
770,30,1,50
770,19,0,46
770,43,1,65
770,33,0,53
770,55,1,77
770,27,0,60
770,3,0,44
770,4,0,34
770,37,1,50
770,7,1,31
770,37,0,5
770,40,1,45
770,65,1,42
770,47,1,46
770,57,1,34
770,43,0,40
770,69,0,63
770,31,0,42
770,19,0,67
770,50,0,42
770,24,0,39
770,14,1,58
770,51,1,31
770,38,1,41
770,44,0,37
770,16,1,46
770,5,0,29
770,59,1,51
770,37,1,45
770,27,1,50
770,45,0,51
770,27,1,45
770,26,0,32
770,45,1,50
770,42,1,28
770,52,1,36
770,41,0,41
770,49,1,39
770,66,0,48
770,52,1,65
770,56,1,49
770,71,0,54
770,32,0,44
770,16,0,68
770,68,1,40
770,55,0,27
770,18,0,34
770,16,1,37
770,32,0,55
770,60,0,76
770,12,0,57
770,25,1,32
770,60,1,69
770,37,1,9
770,12,0,21
770,60,1,33
770,37,0,38
770,52,1,48
770,59,1,56
770,55,1,23
770,59,0,68
770,25,0,48
770,44,0,41
771,50,1,59
771,39,1,39
771,59,0,56
771,39,1,52
771,60,1,64
771,63,0,37
771,49,0,32
771,65,1,46
771,10,1,55
771,9,0,61
771,34,1,39
771,26,1,17
771,56,1,53
771,42,1,38
771,42,0,30
771,18,0,38
771,34,0,38
771,8,0,39
771,65,1,51
771,28,0,43
771,3,1,19
771,38,1,52
771,11,1,15
771,40,1,31
771,22,1,63
771,0,1,55
771,51,1,31
771,28,1,43
771,36,1,64
771,6,1,34
771,67,1,54
771,25,1,30
771,52,1,30
771,55,0,26
771,66,1,57
771,35,1,72
771,39,1,43
771,61,1,74
771,64,1,36
771,41,1,26
771,9,1,48
771,4,1,40
771,3,1,42
771,29,0,29
771,47,0,56
771,66,0,25
771,24,1,34
771,9,0,69
771,8,1,40
771,35,1,43
771,1,0,34
771,65,1,47
771,29,1,56
771,19,0,36
771,39,0,41
771,48,1,35
771,4,1,72
771,59,1,28
771,31,1,37
771,2,1,26
771,56,1,23
771,18,0,55
771,28,1,46
771,4,0,58
771,45,1,59
771,12,1,32
771,25,1,18
771,23,0,55
771,11,1,53
771,19,0,59
771,54,1,56
771,59,1,56
772,2,1,24
772,35,1,39
772,24,1,31
772,2,1,36
772,26,1,21
772,20,1,18
772,8,0,15
772,9,0,30
772,12,1,38
772,14,1,16
772,39,0,17
772,24,1,30
772,44,1,18
772,69,0,24
772,9,0,16
772,17,1,25
772,55,1,34
772,9,0,13
772,38,1,24
772,8,0,26
772,33,1,29
772,22,0,26
772,18,1,26
772,3,0,17
772,25,1,35
772,9,0,18
772,47,0,8
772,48,1,22
772,17,1,18
772,66,1,38
772,44,0,28
772,23,1,11
772,5,0,39
772,27,0,10
772,55,1,30
772,69,0,25
772,41,0,47
772,65,1,42
772,47,1,35
772,20,1,45
772,71,0,19
772,29,1,19
772,1,0,39
772,9,1,24
772,45,0,22
772,39,0,35
772,71,0,42
772,49,1,29
772,24,1,12
772,14,1,18
772,70,0,15
772,23,0,16
772,31,0,25
772,38,0,33
772,49,1,25
772,5,1,34
772,11,1,26
772,62,1,25
772,23,1,26
772,56,0,25
772,17,1,20
772,15,1,31
772,66,1,24
772,45,0,47
772,65,1,30
772,39,1,34
772,43,1,7
772,26,1,11
772,62,1,27
772,20,0,21
772,30,1,6
772,33,1,20
773,61,1,50
773,1,1,17
773,44,1,19
773,39,0,36
773,30,1,52
773,46,0,40
773,38,0,38
773,59,1,43
773,51,0,28
773,69,1,28
773,64,1,40
773,43,1,52
773,12,1,47
773,35,0,68
773,18,1,51
773,13,1,40
773,68,1,69
773,60,1,24
773,2,0,53
773,13,1,64
773,7,0,44
773,14,1,44
773,34,1,43
773,22,1,27
773,52,1,54
773,64,1,5
773,9,0,29
773,61,0,49
773,5,1,61
773,29,0,38
773,44,1,80
773,3,1,66
773,50,0,41
773,48,0,48
773,20,0,55
773,33,0,48
773,23,0,49
773,48,1,70
773,53,1,59
773,68,1,69
773,42,1,40
773,20,1,54
773,12,0,15
773,47,1,57
773,12,0,69
773,68,0,54
773,21,1,26
773,25,1,78
773,37,0,52
773,8,1,42
773,41,1,26
773,11,0,36
773,13,0,84
773,17,0,32
773,50,1,56
773,45,1,48
773,59,1,44
773,58,1,13
773,4,0,53
773,5,1,36
773,44,0,32
773,69,1,32
773,50,1,61
773,67,0,52
773,58,1,47
773,67,1,48
773,26,1,32
773,33,1,41
773,61,0,35
773,9,0,45
773,54,1,37
773,6,1,56
774,50,1,27
774,55,1,37
774,41,0,30
774,20,0,37
774,29,1,54
774,3,1,43
774,27,0,29
774,55,1,44
774,49,0,32
774,5,0,40
774,19,0,55
774,37,0,13
774,37,1,33
774,47,0,60
774,3,1,42
774,13,1,45
774,36,1,41
774,62,0,43
774,26,0,65
774,70,1,49
774,58,0,61
774,70,0,51
774,53,1,32
774,35,1,49
774,26,0,36
774,61,1,42
774,64,1,13
774,6,1,30
774,53,1,58
774,64,0,42
774,20,0,44
774,0,1,43
774,25,1,46
774,67,0,47
774,28,0,19
774,20,1,48
774,27,0,25
774,8,1,42
774,26,0,67
774,17,0,55
774,1,0,51
774,43,1,67
774,26,1,12
774,70,0,34
774,52,0,37
774,38,0,11
774,55,0,36
774,52,1,28
774,67,0,35
774,39,1,25
774,9,0,65
774,65,1,50
774,38,1,34
774,39,1,40
774,59,0,5
774,68,1,44
774,31,0,54
774,15,0,52
774,15,0,70
774,17,1,30
774,26,0,28
774,39,0,20
774,68,0,73
774,29,1,44
774,8,1,46
774,62,0,22
774,29,1,32
774,66,1,43
774,64,0,36
774,58,1,36
774,13,1,55
774,45,1,53
775,20,0,30
775,32,0,45
775,36,1,28
775,2,1,37
775,20,0,28
775,18,1,26
775,55,0,33
775,45,1,19
775,66,0,7
775,56,0,37
775,38,0,42
775,24,1,26
775,19,1,20
775,62,1,23
775,38,1,37
775,52,1,27
775,70,1,20
775,34,1,26
775,38,1,19
775,39,0,29
775,35,1,38
775,6,1,22
775,58,1,22
775,48,1,15
775,67,0,24
775,6,1,46
775,1,0,31
775,71,0,9
775,9,1,26
775,26,1,42
775,33,1,26
775,12,1,34
775,27,1,20
775,45,1,18
775,52,1,31
775,38,1,24
775,54,1,17
775,28,1,17
775,14,0,31
775,52,1,25
775,47,1,29
775,4,0,25
775,49,1,34
775,63,1,15
775,19,1,32
775,34,1,6
775,71,0,23
775,17,1,35
775,30,1,38
775,49,1,29
775,69,0,43
775,24,0,28
775,34,1,26
775,35,1,38
775,46,0,7
775,35,1,23
775,11,1,37
775,71,0,14
775,24,0,21
775,56,0,30
775,33,1,58
775,22,1,25
775,2,0,33
775,23,1,44
775,34,1,19
775,23,1,38
775,34,0,17
775,55,1,45
775,0,1,21
775,35,1,27
775,59,1,27
775,10,1,21
776,14,1,33
776,13,1,46
776,9,1,29
776,39,0,17
776,33,1,31
776,47,1,28
776,29,1,28
776,33,0,25
776,41,1,38
776,2,1,37
776,46,1,20
776,29,0,40
776,37,1,27
776,71,1,23
776,70,1,24
776,11,1,33
776,10,1,35
776,54,1,23
776,52,1,41
776,54,1,13
776,7,1,32
776,11,0,37
776,24,0,26
776,64,0,42
776,50,0,8
776,63,1,31
776,24,0,33
776,32,1,40
776,29,1,19
776,42,1,19
776,20,1,21
776,42,1,20
776,23,1,39
776,60,1,41
776,15,0,40
776,59,1,23
776,40,1,21
776,33,1,17
776,48,0,35
776,44,1,37
776,31,1,24
776,5,1,36
776,39,1,25
776,14,1,17
776,29,1,40
776,7,1,28
776,56,1,23
776,59,1,26
776,47,1,17
776,59,1,49
776,59,1,41
776,69,0,41
776,67,1,20
776,62,0,34
776,14,0,30
776,24,1,41
776,66,1,39
776,57,1,25
776,7,1,31
776,67,1,20
776,69,1,24
776,20,1,37
776,3,0,17
776,36,1,31
776,14,1,18
776,71,0,59
776,35,1,39
776,64,1,42
776,22,1,38
776,63,1,31
776,0,1,18
776,36,1,30
777,5,0,26
777,59,0,75
777,28,1,58
777,65,1,68
777,5,1,55
777,6,1,69
777,58,0,56
777,10,0,49
777,23,1,76
777,45,0,105
777,48,1,54
777,66,1,81
777,21,0,60
777,23,0,87
777,58,0,86
777,2,0,46
777,45,0,52
777,54,0,65
777,40,0,92
777,13,0,56
777,54,0,56
777,2,0,68
777,62,0,75
777,70,0,46
777,5,1,50
777,61,1,59
777,17,1,84
777,17,0,86
777,24,0,55
777,3,0,28
777,51,1,101
777,50,0,63
777,39,1,81
777,21,0,104
777,17,0,41
777,25,0,51
777,24,0,50
777,55,0,69
777,3,0,82
777,5,1,91
777,64,0,76
777,31,0,57
777,30,1,61
777,4,0,68
777,8,0,40
777,13,1,17
777,69,0,32
777,37,1,48
777,66,1,63
777,48,0,68
777,8,0,76
777,1,0,86
777,44,0,60
777,26,0,68
777,65,1,39
777,5,1,61
777,23,0,56
777,38,0,46
777,34,0,87
777,48,1,74
777,60,0,54
777,59,0,14
777,0,0,54
777,11,0,80
777,45,0,56
777,46,0,102
777,48,1,35
777,56,0,49
777,56,0,60
777,7,0,62
777,69,0,58
777,16,0,78
778,71,0,65
778,7,0,50
778,27,0,53
778,41,1,35
778,69,0,44
778,41,1,60
778,69,1,15
778,28,0,44
778,8,0,29
778,9,1,73
778,2,0,57
778,1,0,30
778,40,1,39
778,49,1,34
778,61,1,18
778,43,1,37
778,28,0,66
778,56,1,39
778,2,1,44
778,65,1,60
778,58,0,40
778,50,1,41
778,53,0,27
778,9,1,51
778,61,1,30
778,6,0,58
778,67,1,31
778,61,1,46
778,65,0,59
778,37,0,64
778,6,0,21
778,59,0,14
778,69,0,32
778,35,1,62
778,42,1,55
778,2,0,9
778,17,1,56
778,58,0,56
778,17,1,54
778,37,0,25
778,47,1,82
778,14,0,46
778,66,1,49
778,18,0,55
778,44,0,61
778,7,1,63
778,24,1,56
778,11,0,35
778,27,1,47
778,49,1,18
778,9,0,53
778,15,1,19
778,28,0,63
778,60,0,16
778,39,1,51
778,38,1,45
778,48,1,43
778,24,0,61
778,30,1,73
778,49,1,58
778,67,0,68
778,38,0,34
778,56,1,49
778,31,1,41
778,60,1,69
778,47,1,53
778,43,1,31
778,39,0,26
778,48,1,30
778,23,0,46
778,61,1,54
778,35,1,50
779,20,1,52
779,10,0,41
779,7,1,42
779,19,0,15
779,45,0,35
779,4,0,48
779,39,0,21
779,52,0,40
779,15,0,39
779,20,0,50
779,54,1,37
779,67,0,58
779,12,1,18
779,70,0,44
779,19,0,22
779,64,1,41
779,44,0,39
779,41,0,37
779,52,1,40
779,14,1,10
779,40,0,44
779,37,1,29
779,20,0,30
779,45,0,52
779,29,1,35
779,55,0,44
779,17,1,72
779,44,0,45
779,40,0,30
779,38,0,20
779,28,0,68
779,15,1,24
779,56,1,44
779,10,0,51
779,39,0,14
779,29,1,34
779,61,1,47
779,23,1,41
779,46,0,46
779,66,1,27
779,26,1,27
779,52,1,24
779,35,1,43
779,6,1,67
779,33,0,30
779,24,1,41
779,4,0,46
779,41,0,54
779,47,1,40
779,33,1,48
779,8,0,34
779,48,1,35
779,14,1,44
779,43,0,45
779,9,1,44
779,27,1,58
779,32,0,49
779,64,1,45
779,70,1,48
779,66,0,51
779,17,1,50
779,13,1,53
779,15,1,19
779,56,1,23
779,20,0,19
779,65,1,17
779,1,0,34
779,40,1,28
779,26,1,56
779,4,0,26
779,56,0,41
779,44,1,41
780,29,1,36
780,34,1,37
780,5,1,39
780,61,1,42
780,51,1,24
780,67,1,44
780,3,0,42
780,26,1,43
780,41,1,12
780,68,0,11
780,2,1,28
780,16,1,40
780,2,1,29
780,65,1,46
780,24,1,37
780,33,1,36
780,31,1,47
780,35,1,35
780,23,1,52
780,24,1,49
780,19,1,30
780,69,1,28
780,64,1,34
780,1,1,42
780,8,1,20
780,65,1,14
780,52,1,18
780,57,1,31
780,33,1,31
780,12,1,43
780,21,1,31
780,4,0,17
780,33,1,29
780,27,1,15
780,54,1,49
780,11,1,29
780,26,1,31
780,24,1,37
780,4,0,43
780,5,1,28
780,41,1,39
780,21,1,10
780,33,1,29
780,18,1,31
780,14,1,27
780,44,0,27
780,39,1,13
780,2,1,30
780,42,1,36
780,21,1,31
780,39,1,36
780,24,1,16
780,2,1,20
780,65,1,35
780,27,1,33
780,4,1,18
780,66,1,35
780,57,1,34
780,54,0,28
780,14,1,21
780,37,0,38
780,26,1,39
780,36,0,28
780,5,1,32
780,8,1,29
780,20,0,43
780,47,1,27
780,45,1,31
780,67,1,40
780,1,0,48
780,61,1,23
780,37,0,33
781,25,0,7
781,26,1,31
781,50,0,54
781,11,0,58
781,61,1,26
781,24,0,52
781,11,1,30
781,57,0,30
781,69,0,25
781,63,1,44
781,42,1,51
781,51,1,33
781,70,0,41
781,68,0,37
781,59,0,36
781,41,1,43
781,66,0,63
781,1,1,54
781,70,0,48
781,44,0,18
781,65,1,27
781,13,1,38
781,24,0,40
781,35,0,36
781,53,0,33
781,70,1,90
781,50,1,22
781,52,1,43
781,7,1,35
781,39,0,63
781,70,1,28
781,59,1,35
781,60,0,49
781,19,1,25
781,14,0,33
781,21,1,49
781,44,0,51
781,28,0,34
781,12,0,20
781,36,1,21
781,53,0,27
781,53,0,35
781,2,0,34
781,2,0,66
781,30,1,63
781,49,0,48
781,66,1,18
781,6,0,36
781,9,0,23
781,23,1,42
781,61,1,50
781,50,1,5
781,67,0,42
781,34,1,29
781,6,1,34
781,3,0,61
781,6,1,57
781,61,1,41
781,16,1,59
781,52,1,52
781,39,1,74
781,55,0,42
781,2,1,39
781,22,0,45
781,24,0,32
781,16,1,39
781,10,0,22
781,30,1,66
781,71,0,19
781,46,0,33
781,16,1,48
781,26,0,41
782,12,0,8
782,54,0,27
782,6,1,28
782,3,1,35
782,38,1,33
782,46,1,7
782,48,1,31
782,42,1,28
782,9,0,12
782,0,1,43
782,38,1,14
782,32,0,19
782,20,1,16
782,11,0,18
782,3,0,30
782,31,0,18
782,14,1,15
782,62,0,14
782,40,0,14
782,1,0,21
782,18,1,27
782,59,1,35
782,23,0,38
782,68,1,36
782,48,0,23
782,51,1,42
782,27,0,23
782,17,0,20
782,0,0,27
782,3,0,18
782,36,1,20
782,0,0,13
782,36,1,33
782,41,0,32
782,8,0,23
782,45,1,39
782,40,1,22
782,57,1,29
782,69,1,18
782,28,1,20
782,58,1,28
782,34,0,23
782,32,0,37
782,43,0,19
782,51,1,31
782,63,1,44
782,56,1,26
782,13,1,17
782,24,1,33
782,56,0,31
782,36,0,5
782,54,1,29
782,26,1,20
782,58,1,31
782,68,1,14
782,2,1,30
782,47,0,29
782,22,1,36
782,45,0,20
782,30,1,36
782,48,1,22
782,15,0,23
782,63,0,19
782,19,0,43
782,30,0,7
782,4,0,25
782,42,1,31
782,5,1,25
782,20,0,24
782,3,0,26
782,47,0,25
782,19,0,23
783,53,1,13
783,64,0,39
783,21,0,21
783,25,0,27
783,13,1,12
783,3,1,50
783,37,1,36
783,34,0,37
783,37,0,20
783,33,0,25
783,27,1,32
783,10,0,23
783,60,0,31
783,24,0,22
783,28,0,19
783,53,0,39
783,57,1,27
783,68,0,17
783,8,0,28
783,48,0,25
783,17,1,32
783,38,1,21
783,58,0,37
783,52,0,19
783,18,1,35
783,32,1,19
783,52,0,16
783,42,1,15
783,2,0,26
783,41,1,30
783,53,0,29
783,66,0,50
783,39,1,52
783,34,1,36
783,59,0,12
783,39,0,36
783,40,0,50
783,12,1,18
783,35,0,20
783,44,1,37
783,38,1,7
783,64,0,21
783,26,0,37
783,50,0,18
783,9,1,5
783,44,0,25
783,30,1,17
783,35,0,25
783,14,0,30
783,60,1,24
783,48,0,25
783,63,1,22
783,41,0,25
783,48,0,5
783,51,0,23
783,8,0,24
783,26,1,26
783,33,0,29
783,6,0,25
783,40,1,9
783,58,0,37
783,49,1,20
783,60,1,23
783,70,1,20
783,69,1,27
783,24,0,22
783,0,0,27
783,70,1,16
783,46,0,15
783,5,1,15
783,19,0,19
783,66,1,20
784,37,1,32
784,68,0,55
784,47,0,45
784,38,1,57
784,38,0,34
784,63,0,45
784,52,1,34
784,19,1,21
784,29,1,35
784,48,1,59
784,7,1,43
784,41,1,48
784,66,0,49
784,14,0,15
784,56,0,23
784,56,0,34
784,28,0,12
784,22,1,52
784,14,0,62
784,57,0,62
784,43,1,47
784,1,0,58
784,29,1,39
784,57,0,29
784,65,1,26
784,23,1,39
784,17,1,52
784,39,0,51
784,57,1,39
784,21,0,51
784,61,0,43
784,18,0,27
784,40,1,52
784,26,0,56
784,4,0,44
784,17,1,26
784,9,1,45
784,9,1,35
784,36,1,63
784,39,0,30
784,24,0,32
784,56,0,34
784,60,0,23
784,4,0,31
784,55,1,38
784,32,0,54
784,16,0,16
784,66,0,31
784,43,0,36
784,61,1,43
784,35,1,34
784,12,1,66
784,70,0,41
784,36,1,20
784,8,1,45
784,31,0,45
784,30,0,41
784,23,0,46
784,70,0,10
784,47,1,28
784,41,1,45
784,4,0,24
784,47,0,31
784,27,1,47
784,23,1,43
784,1,1,12
784,51,0,30
784,27,1,26
784,8,0,99
784,54,0,38
784,28,1,31
784,10,0,32
785,67,0,60
785,28,0,26
785,37,0,17
785,47,1,75
785,29,1,74
785,35,0,5
785,48,0,76
785,43,0,59
785,44,0,23
785,3,0,50
785,19,0,81
785,70,1,21
785,64,0,82
785,39,0,50
785,18,0,55
785,65,1,20
785,57,0,57
785,3,0,53
785,10,0,61
785,13,1,53
785,55,0,52
785,52,0,27
785,27,1,77
785,31,0,83
785,60,0,38
785,50,1,39
785,37,0,61
785,18,0,74
785,19,0,21
785,69,0,72
785,26,0,64
785,15,0,91
785,60,1,24
785,26,0,52
785,66,0,49
785,62,1,62
785,62,0,63
785,47,0,40
785,68,0,43
785,39,0,48
785,39,0,84
785,70,1,91
785,60,0,38
785,50,0,58
785,3,0,50
785,63,1,121
785,49,0,64
785,44,0,67
785,41,1,73
785,58,0,24
785,35,0,53
785,6,0,75
785,12,0,73
785,1,1,61
785,24,0,47
785,8,1,64
785,51,1,67
785,45,0,64
785,44,0,78
785,50,0,55
785,49,0,40
785,54,0,42
785,8,1,75
785,13,1,85
785,46,0,66
785,7,0,77
785,23,0,86
785,40,0,64
785,63,0,82
785,18,0,39
785,34,0,42
785,29,0,50
786,20,0,58
786,45,0,22
786,43,0,59
786,23,1,60
786,50,1,83
786,32,0,13
786,34,0,50
786,36,0,42
786,70,0,38
786,54,1,44
786,14,1,68
786,70,1,60
786,71,0,46
786,67,0,46
786,52,0,62
786,54,1,30
786,53,1,34
786,46,1,48
786,65,1,50
786,10,1,48
786,54,1,20
786,19,1,35
786,68,1,61
786,56,1,74
786,36,1,50
786,30,1,44
786,38,1,25
786,35,1,63
786,17,1,46
786,33,1,33
786,61,1,18
786,2,1,66
786,62,1,48
786,23,0,55
786,53,0,36
786,30,1,72
786,56,1,71
786,62,0,45
786,20,0,46
786,10,0,63
786,29,1,65
786,61,1,47
786,10,1,8
786,2,1,51
786,15,1,53
786,41,1,27
786,39,1,28
786,38,0,66
786,55,0,48
786,64,0,19
786,51,1,48
786,67,1,63
786,33,0,58
786,4,1,54
786,13,0,24
786,48,0,48
786,5,1,61
786,32,1,12
786,56,1,41
786,26,1,32
786,62,0,39
786,18,1,59
786,53,1,40
786,42,0,57
786,42,0,55
786,44,1,32
786,57,1,52
786,1,1,36
786,35,1,36
786,7,1,28
786,39,1,27
786,38,1,73
787,70,1,31
787,44,1,58
787,36,1,51
787,61,1,71
787,52,0,6
787,3,0,37
787,66,1,37
787,27,1,26
787,2,1,28
787,60,1,56
787,41,1,58
787,28,0,25
787,10,0,48
787,6,1,32
787,41,1,22
787,5,1,45
787,43,1,52
787,5,1,60
787,21,0,16
787,57,1,45
787,39,0,53
787,0,1,38
787,31,1,41
787,39,1,36
787,32,0,56
787,42,1,39
787,12,0,44
787,3,0,32
787,5,1,48
787,26,0,66
787,37,1,59
787,16,1,47
787,45,0,24
787,20,1,34
787,39,1,29
787,66,1,64
787,43,0,48
787,9,1,54
787,3,0,43
787,17,0,61
787,26,1,39
787,45,1,43
787,12,1,36
787,22,1,35
787,52,1,40
787,26,0,40
787,42,0,31
787,12,0,55
787,70,0,39
787,64,1,42
787,8,0,45
787,10,1,63
787,45,1,71
787,61,0,38
787,0,1,35
787,52,0,71
787,51,0,63
787,14,0,20
787,7,1,13
787,28,1,55
787,63,1,28
787,71,0,51
787,31,0,40
787,37,1,5
787,27,1,40
787,26,0,45
787,0,1,59
787,34,0,19
787,6,1,31
787,61,1,45
787,45,0,9
787,18,1,44
788,71,1,23
788,71,1,28
788,28,1,17
788,56,1,17
788,19,0,34
788,54,1,25
788,38,0,22
788,66,0,25
788,24,1,17
788,3,1,33
788,59,0,27
788,30,1,17
788,64,1,9
788,67,0,37
788,50,1,28
788,13,1,30
788,12,1,25
788,2,0,33
788,11,1,15
788,19,1,5
788,28,1,27
788,16,1,17
788,45,1,5
788,42,0,33
788,28,0,22
788,27,0,31
788,68,1,17
788,35,1,14
788,27,1,17
788,48,1,33
788,26,0,43
788,42,1,25
788,41,0,37
788,26,0,5
788,43,1,29
788,14,0,23
788,65,1,46
788,7,1,18
788,47,0,40
788,16,0,22
788,53,0,30
788,2,0,24
788,34,1,16
788,28,0,32
788,61,1,23
788,20,1,23
788,11,1,32
788,69,1,31
788,55,1,25
788,35,1,21
788,57,0,21
788,15,0,27
788,28,1,35
788,67,1,5
788,18,0,20
788,69,0,27
788,37,0,31
788,59,1,27
788,2,1,45
788,61,0,17
788,63,0,5
788,54,1,26
788,50,0,39
788,59,1,32
788,5,1,9
788,34,0,27
788,38,0,50
788,22,1,41
788,47,1,21
788,39,1,16
788,31,1,24
788,49,1,17
789,53,0,24
789,51,0,39
789,43,0,81
789,2,0,104
789,26,0,54
789,3,0,52
789,61,0,56
789,49,1,61
789,39,1,77
789,19,0,80
789,26,1,33
789,47,0,75
789,23,0,79
789,65,1,81
789,67,0,62
789,14,0,52
789,6,0,85
789,69,0,93
789,40,0,72
789,4,0,59
789,67,0,63
789,41,0,67
789,40,0,58
789,55,0,64
789,69,1,41
789,24,0,57
789,60,1,46
789,37,0,55
789,55,1,70
789,36,0,79
789,54,0,61
789,42,0,49
789,28,0,81
789,42,0,69
789,34,0,41
789,8,0,51
789,42,0,76
789,3,0,84
789,61,1,48
789,21,1,54
789,52,1,104
789,48,0,66
789,65,1,64
789,66,0,75
789,69,0,54
789,10,0,60
789,57,0,50
789,19,0,49
789,59,0,60
789,41,0,50
789,59,0,36
789,25,0,63
789,10,0,66
789,29,0,86
789,8,1,68
789,53,0,27
789,58,0,64
789,22,1,35
789,5,0,58
789,0,0,79
789,7,0,38
789,48,0,63
789,6,0,66
789,65,1,97
789,45,0,52
789,23,0,83
789,19,1,70
789,15,0,53
789,31,0,89
789,33,0,86
789,19,0,43
789,57,0,41
790,4,0,18
790,35,1,27
790,60,1,43
790,9,0,33
790,24,0,24
790,6,1,20
790,55,1,39
790,0,0,21
790,60,0,30
790,2,0,20
790,54,0,26
790,14,1,42
790,7,1,32
790,33,1,23
790,51,1,30
790,1,0,44
790,15,1,9
790,45,1,35
790,62,0,41
790,67,1,24
790,52,1,5
790,47,1,32
790,42,1,23
790,30,1,31
790,28,0,29
790,15,1,32
790,62,0,35
790,13,0,18
790,30,0,26
790,15,0,45
790,29,0,31
790,43,1,30
790,39,1,16
790,33,0,28
790,45,0,35
790,50,0,29
790,47,1,52
790,48,1,16
790,9,1,32
790,12,1,33
790,33,0,32
790,4,0,42
790,47,1,27
790,3,0,21
790,23,0,42
790,63,1,42
790,33,0,31
790,68,1,28
790,13,0,22
790,67,1,20
790,8,1,35
790,53,1,25
790,12,1,40
790,8,1,43
790,60,0,42
790,5,1,31
790,49,0,43
790,69,1,36
790,66,1,14
790,53,0,7
790,62,1,30
790,40,0,39
790,27,1,46
790,25,1,23
790,4,0,37
790,47,1,15
790,9,1,26
790,18,1,25
790,48,1,5
790,6,1,27
790,56,1,28
790,34,1,25
791,50,0,58
791,17,1,68
791,45,0,90
791,64,0,57
791,36,1,66
791,10,0,63
791,0,0,68
791,3,0,85
791,43,0,34
791,46,0,56
791,64,0,47
791,50,0,52
791,12,0,61
791,46,1,78
791,7,1,38
791,64,0,43
791,52,1,76
791,67,0,100
791,9,1,95
791,53,1,38
791,13,0,5
791,35,0,74
791,31,0,55
791,19,0,37
791,61,1,41
791,11,0,69
791,33,0,38
791,62,0,83
791,29,0,65
791,48,0,65
791,22,0,71
791,58,0,46
791,64,1,50
791,62,0,11
791,24,0,85
791,30,1,69
791,39,0,50
791,55,0,85
791,34,0,83
791,5,0,71
791,16,0,32
791,25,0,85
791,37,0,20
791,71,0,55
791,54,0,41
791,26,0,62
791,39,0,37
791,20,1,83
791,35,0,71
791,29,0,43
791,24,1,58
791,1,1,66
791,30,0,35
791,23,0,69
791,54,0,89
791,58,1,54
791,11,1,54
791,48,0,55
791,34,0,12
791,26,0,49
791,6,1,66
791,48,0,76
791,2,0,46
791,7,0,49
791,23,0,63
791,31,0,35
791,19,0,69
791,69,0,47
791,54,0,49
791,41,1,69
791,0,1,62
791,42,1,42
792,59,0,19
792,68,0,28
792,70,1,15
792,66,0,34
792,55,0,26
792,32,0,17
792,47,0,19
792,19,1,26
792,58,0,18
792,66,1,34
792,54,1,24
792,3,0,14
792,30,1,24
792,46,0,30
792,61,1,38
792,18,0,32
792,71,1,33
792,71,0,35
792,7,0,21
792,71,1,37
792,56,1,14
792,41,1,40
792,62,1,30
792,32,1,23
792,57,1,42
792,41,0,23
792,12,1,27
792,28,1,27
792,27,0,22
792,38,1,11
792,39,1,34
792,63,1,36
792,12,1,23
792,29,1,19
792,42,0,43
792,7,0,25
792,63,1,29
792,38,1,9
792,6,0,9
792,44,1,28
792,7,1,23
792,65,1,14
792,49,1,32
792,15,1,13
792,2,1,17
792,53,0,40
792,10,0,37
792,21,1,20
792,65,1,23
792,40,1,41
792,68,0,28
792,30,1,14
792,64,1,38
792,11,1,31
792,13,1,16
792,24,1,33
792,71,0,18
792,27,1,13
792,35,1,23
792,24,0,16
792,5,1,15
792,14,0,36
792,31,0,26
792,64,1,20
792,53,0,25
792,41,0,12
792,10,0,18
792,31,0,54
792,14,0,40
792,45,0,11
792,13,1,34
792,56,0,45
793,2,1,24
793,57,1,26
793,46,1,26
793,39,1,17
793,61,1,34
793,28,1,30
793,16,1,15
793,18,1,32
793,52,1,35
793,22,0,41
793,0,1,39
793,25,1,36
793,21,0,30
793,62,0,32
793,35,1,16
793,36,1,23
793,28,1,13
793,34,1,35
793,67,0,47
793,6,0,27
793,42,1,29
793,55,1,31
793,51,0,53
793,69,1,17
793,55,0,26
793,15,1,37
793,18,0,41
793,36,1,44
793,8,1,28
793,50,0,29
793,16,1,16
793,6,1,27
793,1,0,34
793,2,0,52
793,16,1,29
793,70,0,8
793,13,1,35
793,35,1,36
793,43,0,21
793,66,0,30
793,22,1,19
793,10,1,32
793,64,0,22
793,70,1,34
793,38,1,39
793,6,1,33
793,69,1,22
793,10,1,23
793,0,1,36
793,12,0,33
793,7,0,48
793,3,0,37
793,66,0,26
793,8,1,36
793,31,0,30
793,44,1,51
793,7,1,25
793,58,1,37
793,36,1,28
793,56,1,50
793,5,1,29
793,7,1,45
793,28,1,25
793,1,1,36
793,24,1,34
793,41,1,33
793,43,0,35
793,64,1,33
793,27,1,37
793,11,0,19
793,39,1,35
793,2,1,30
794,66,1,21
794,63,1,26
794,29,1,47
794,11,1,31
794,57,1,42
794,24,1,51
794,8,1,20
794,35,1,41
794,64,1,28
794,69,0,23
794,55,1,34
794,3,0,33
794,16,1,21
794,52,1,13
794,9,1,7
794,30,1,14
794,13,1,32
794,66,0,26
794,53,1,22
794,14,0,27
794,56,1,37
794,5,1,11
794,5,1,12
794,6,1,26
794,35,1,31
794,25,1,17
794,20,1,37
794,2,1,33
794,17,1,27
794,8,0,29
794,7,1,39
794,32,0,32
794,10,1,19
794,26,1,46
794,44,0,18
794,62,0,39
794,71,0,38
794,3,0,40
794,15,0,22
794,45,1,55
794,12,1,26
794,60,1,27
794,55,1,37
794,22,1,35
794,19,1,22
794,48,1,14
794,66,0,26
794,60,1,33
794,28,1,25
794,64,0,20
794,4,0,8
794,30,1,36
794,46,1,19
794,34,1,33
794,50,1,19
794,19,1,32
794,15,1,24
794,23,0,39
794,12,0,22
794,17,1,14
794,3,1,40
794,59,1,12
794,53,1,30
794,39,0,29
794,2,1,28
794,54,0,25
794,43,1,15
794,40,1,29
794,38,1,27
794,43,1,21
794,37,1,41
794,31,1,18
795,55,1,25
795,49,1,30
795,8,1,61
795,39,1,5
795,54,1,39
795,64,1,33
795,3,1,21
795,38,1,45
795,16,1,17
795,29,1,30
795,70,1,23
795,21,1,30
795,39,1,15
795,26,1,37
795,31,1,36
795,46,1,48
795,48,1,20
795,12,1,39
795,6,1,28
795,38,1,29
795,68,1,32
795,35,1,30
795,33,1,32
795,24,1,10
795,5,1,33
795,46,1,34
795,23,0,38
795,32,0,29
795,43,1,29
795,47,1,25
795,44,1,29
795,20,1,32
795,39,1,19
795,10,1,19
795,48,1,53
795,64,1,28
795,24,0,22
795,47,1,28
795,30,1,35
795,71,0,37
795,30,1,33
795,5,1,38
795,6,1,34
795,38,1,34
795,62,1,36
795,7,1,22
795,69,0,44
795,26,1,24
795,62,1,51
795,52,1,50
795,51,1,47
795,18,1,34
795,17,1,40
795,61,1,27
795,11,1,40
795,59,1,25
795,47,0,39
795,50,1,33
795,66,1,35
795,60,1,31
795,60,1,21
795,19,1,11
795,29,1,45
795,50,1,24
795,2,1,22
795,3,0,27
795,6,1,25
795,26,1,43
795,67,0,10
795,3,1,41
795,7,1,39
795,2,1,26
796,43,0,19
796,51,1,31
796,0,1,18
796,50,1,36
796,40,0,13
796,19,1,54
796,27,1,36
796,49,1,32
796,46,1,31
796,42,1,15
796,28,1,25
796,44,0,24
796,45,0,29
796,34,1,27
796,8,1,53
796,37,1,28
796,34,0,32
796,45,1,23
796,54,0,21
796,53,1,21
796,54,0,27
796,26,1,39
796,33,1,35
796,23,1,18
796,22,1,30
796,39,0,33
796,59,1,29
796,22,1,31
796,8,0,27
796,37,0,33
796,46,0,44
796,19,0,47
796,64,1,35
796,66,1,33
796,37,1,36
796,66,0,36
796,22,1,28
796,15,1,34
796,37,0,23
796,19,1,28
796,69,0,27
796,43,1,30
796,57,0,19
796,20,1,26
796,70,1,23
796,33,1,22
796,27,1,13
796,39,1,48
796,70,1,26
796,17,1,21
796,29,1,31
796,53,1,31
796,70,1,17
796,24,1,21
796,71,0,39
796,6,1,36
796,14,1,24
796,60,0,29
796,70,1,27
796,33,1,16
796,23,0,34
796,38,1,16
796,29,1,10
796,40,1,33
796,32,1,36
796,13,1,48
796,17,1,13
796,1,1,17
796,52,1,42
796,1,0,29
796,44,1,34
796,19,1,23
797,66,0,20
797,54,0,40
797,64,1,18
797,43,0,35
797,62,0,22
797,59,1,31
797,6,1,25
797,21,0,35
797,4,1,43
797,49,0,21
797,47,1,31
797,37,0,35
797,16,0,16
797,47,1,23
797,26,1,32
797,42,0,15
797,35,0,20
797,43,0,24
797,55,0,25
797,36,0,16
797,52,0,22
797,13,1,19
797,67,0,22
797,53,1,28
797,53,1,24
797,57,1,47
797,66,1,30
797,67,0,5
797,71,1,22
797,66,1,31
797,12,0,23
797,55,0,13
797,24,0,22
797,51,1,25
797,41,1,23
797,68,1,36
797,30,1,32
797,8,1,18
797,31,1,28
797,0,0,34
797,56,0,26
797,56,0,31
797,16,1,13
797,18,1,12
797,57,1,27
797,54,0,39
797,33,0,8
797,58,1,28
797,22,0,21
797,60,1,29
797,15,1,31
797,68,1,31
797,30,0,30
797,23,0,26
797,54,0,17
797,44,0,5
797,39,0,24
797,41,0,15
797,2,1,5
797,28,0,17
797,15,0,26
797,4,0,14
797,45,0,28
797,65,0,18
797,20,1,25
797,54,0,13
797,39,0,24
797,12,1,21
797,70,0,28
797,51,1,40
797,65,1,18
797,65,1,14
798,39,1,19
798,3,1,18
798,65,1,32
798,52,1,15
798,4,0,19
798,56,1,44
798,66,1,17
798,61,1,21
798,0,1,28
798,68,1,24
798,9,1,27
798,40,1,28
798,15,1,31
798,29,1,33
798,61,1,15
798,40,0,36
798,22,1,30
798,37,1,30
798,58,1,30
798,59,1,17
798,36,1,38
798,31,0,27
798,29,1,19
798,51,1,5
798,56,1,27
798,6,1,34
798,66,0,38
798,24,1,32
798,17,1,34
798,70,1,33
798,46,1,28
798,23,1,28
798,51,1,38
798,38,0,32
798,23,0,29
798,30,1,27
798,61,1,11
798,41,0,30
798,61,1,23
798,15,1,23
798,56,1,38
798,7,1,28
798,12,1,32
798,32,0,31
798,53,1,29
798,31,0,26
798,69,1,40
798,17,1,25
798,17,0,39
798,9,1,23
798,35,1,37
798,18,1,26
798,56,1,15
798,61,1,19
798,21,0,27
798,54,1,28
798,53,1,30
798,36,1,40
798,27,1,31
798,11,1,24
798,64,1,37
798,52,1,37
798,22,1,30
798,22,1,20
798,19,0,33
798,11,1,37
798,60,1,21
798,71,0,39
798,56,1,16
798,28,1,24
798,31,0,25
798,54,1,27
799,27,1,35
799,8,0,27
799,4,0,19
799,53,1,29
799,60,0,16
799,19,0,43
799,43,1,14
799,33,1,42
799,49,0,31
799,36,1,32
799,39,0,22
799,53,0,18
799,21,1,41
799,39,1,20
799,65,1,31
799,7,1,23
799,22,1,14
799,6,1,6
799,39,1,17
799,36,1,18
799,56,0,21
799,60,1,22
799,54,0,36
799,15,0,25
799,26,1,25
799,63,0,36
799,38,1,24
799,26,0,35
799,46,1,13
799,10,1,19
799,25,0,26
799,24,1,25
799,39,0,28
799,29,1,23
799,34,0,5
799,45,0,5
799,12,1,37
799,14,0,28
799,68,0,35
799,37,0,34
799,46,1,25
799,57,0,17
799,16,0,42
799,35,1,35
799,36,1,34
799,17,1,36
799,22,1,23
799,67,0,18
799,61,1,31
799,51,1,22
799,50,0,26
799,18,1,16
799,42,0,33
799,57,0,9
799,20,1,39
799,34,0,20
799,14,1,21
799,42,1,11
799,37,1,25
799,52,1,30
799,15,1,38
799,51,0,21
799,59,1,26
799,45,0,24
799,25,1,20
799,18,1,25
799,7,1,42
799,17,1,31
799,1,0,24
799,37,1,29
799,39,0,10
799,41,0,27
800,24,0,63
800,51,0,50
800,70,0,86
800,49,1,63
800,65,0,52
800,10,1,31
800,11,1,47
800,2,1,56
800,43,0,78
800,68,0,72
800,57,1,70
800,64,0,84
800,55,0,64
800,2,1,97
800,23,0,43
800,9,0,53
800,19,0,37
800,17,1,56
800,64,0,51
800,53,0,111
800,2,0,58
800,9,0,70
800,43,0,56
800,60,1,58
800,40,0,47
800,7,1,59
800,9,0,88
800,1,0,59
800,23,0,52
800,56,0,7
800,45,0,72
800,0,0,90
800,70,0,70
800,33,1,86
800,8,0,50
800,25,0,70
800,51,0,61
800,32,0,45
800,71,0,66
800,46,0,31
800,68,0,56
800,0,0,35
800,6,1,66
800,19,0,91
800,32,0,53
800,68,0,82
800,11,0,76
800,38,0,37
800,24,0,42
800,9,0,32
800,54,1,92
800,33,0,60
800,56,0,22
800,67,0,60
800,1,1,55
800,24,0,62
800,6,0,49
800,6,1,35
800,8,0,32
800,39,0,63
800,44,0,64
800,35,1,11
800,68,1,71
800,71,0,74
800,10,0,52
800,29,0,78
800,24,0,45
800,43,1,61
800,1,1,62
800,11,0,47
800,61,1,27
800,14,0,87
801,68,0,34
801,0,0,37
801,53,0,33
801,59,0,41
801,55,1,28
801,51,0,14
801,3,1,30
801,26,0,13
801,0,1,29
801,7,1,32
801,35,1,27
801,44,1,18
801,60,0,29
801,45,0,23
801,43,1,32
801,24,1,27
801,22,1,25
801,43,1,37
801,28,0,19
801,23,1,40
801,30,1,14
801,4,1,34
801,42,1,21
801,31,0,21
801,61,1,20
801,68,1,16
801,59,1,25
801,46,0,30
801,30,1,20
801,63,1,25
801,13,0,20
801,15,1,13
801,11,0,32
801,39,0,23
801,54,0,32
801,55,1,40
801,50,0,51
801,54,0,17
801,57,1,36
801,3,0,33
801,20,0,36
801,4,0,23
801,62,0,24
801,70,0,20
801,60,1,15
801,44,0,7
801,29,0,5
801,63,0,10
801,48,1,16
801,4,0,39
801,14,0,34
801,7,1,22
801,17,1,17
801,66,0,15
801,45,1,31
801,23,1,9
801,4,1,20
801,56,1,28
801,33,0,5
801,20,0,31
801,70,0,15
801,30,0,26
801,52,1,17
801,68,0,20
801,24,1,30
801,35,0,31
801,36,1,24
801,45,0,21
801,60,1,29
801,22,0,21
801,54,1,15
801,28,1,18
802,8,1,48
802,51,1,34
802,43,1,5
802,51,1,36
802,54,1,22
802,68,1,33
802,42,1,33
802,44,1,31
802,8,1,30
802,29,1,29
802,36,1,30
802,29,1,18
802,42,1,11
802,17,1,38
802,64,1,30
802,34,1,19
802,64,1,23
802,50,0,33
802,54,0,43
802,0,1,16
802,59,1,34
802,5,0,38
802,31,1,31
802,5,1,30
802,30,1,27
802,53,1,35
802,6,0,38
802,2,1,37
802,48,0,27
802,24,1,30
802,66,0,5
802,32,0,35
802,10,1,6
802,19,0,37
802,20,1,33
802,17,1,30
802,20,0,28
802,17,1,42
802,9,0,45
802,26,1,13
802,21,1,32
802,56,1,39
802,18,0,6
802,26,1,44
802,26,1,49
802,54,1,31
802,7,1,29
802,3,0,32
802,32,1,22
802,42,1,33
802,22,1,15
802,63,0,25
802,35,1,26
802,59,1,15
802,7,1,36
802,8,1,46
802,6,1,22
802,4,1,22
802,14,0,43
802,29,1,28
802,65,1,33
802,51,1,32
802,65,1,23
802,10,1,40
802,4,1,42
802,65,1,21
802,31,0,23
802,30,1,41
802,19,1,9
802,7,0,24
802,58,1,5
802,14,1,12
803,45,0,42
803,21,0,47
803,56,1,50
803,59,0,65
803,26,0,34
803,17,1,59
803,4,0,37
803,38,1,80
803,68,0,50
803,54,1,45
803,65,1,40
803,35,0,30
803,39,0,40
803,11,0,28
803,13,0,24
803,57,1,72
803,32,0,76
803,45,0,26
803,59,1,58
803,21,0,40
803,69,0,36
803,3,0,35
803,30,1,57
803,7,0,39
803,19,0,41
803,39,0,30
803,28,1,23
803,60,1,39
803,21,1,29
803,10,0,41
803,17,1,58
803,67,0,57
803,44,0,35
803,63,1,43
803,40,1,37
803,59,1,15
803,33,0,55
803,63,0,51
803,65,1,29
803,27,1,29
803,23,0,40
803,33,1,60
803,29,0,74
803,0,0,62
803,33,0,57
803,31,0,32
803,53,1,44
803,25,1,48
803,40,1,26
803,6,0,59
803,13,1,59
803,68,0,28
803,68,0,84
803,53,0,38
803,46,0,27
803,33,0,60
803,40,0,29
803,22,1,14
803,64,0,22
803,18,0,35
803,49,1,51
803,18,0,38
803,28,1,35
803,6,0,49
803,68,1,45
803,62,0,35
803,22,0,64
803,7,0,51
803,37,0,58
803,49,1,27
803,22,1,45
803,69,0,27
804,39,0,37
804,50,1,49
804,34,0,66
804,69,1,30
804,62,1,32
804,28,0,48
804,66,0,34
804,63,1,54
804,47,1,31
804,53,0,48
804,17,1,53
804,14,0,44
804,57,0,50
804,58,0,58
804,51,0,35
804,40,1,47
804,31,1,35
804,49,0,28
804,31,0,5
804,52,0,11
804,33,0,27
804,38,1,50
804,0,1,63
804,40,1,46
804,46,0,20
804,10,0,53
804,56,0,42
804,31,0,57
804,45,0,31
804,71,0,27
804,9,1,36
804,49,1,51
804,65,1,45
804,11,0,40
804,0,0,50
804,29,1,85
804,9,1,70
804,39,0,61
804,35,1,29
804,68,1,13
804,37,1,54
804,20,0,35
804,21,1,37
804,63,1,61
804,46,0,70
804,49,1,50
804,12,1,52
804,30,1,56
804,50,0,70
804,41,0,33
804,59,0,57
804,27,0,52
804,10,0,43
804,19,0,36
804,27,0,59
804,70,0,34
804,44,0,62
804,18,0,59
804,37,0,21
804,2,1,34
804,50,0,76
804,56,1,56
804,67,0,33
804,31,0,23
804,52,1,24
804,56,0,48
804,61,0,65
804,70,1,41
804,5,1,40
804,21,0,68
804,65,1,39
804,42,0,65
805,37,0,20
805,19,1,14
805,43,0,28
805,50,1,5
805,58,1,5
805,44,1,5
805,6,0,18
805,25,1,31
805,69,1,27
805,9,0,29
805,64,1,9
805,0,0,10
805,30,1,28
805,46,1,37
805,15,1,43
805,56,0,32
805,58,1,32
805,62,0,33
805,15,1,16
805,69,1,19
805,5,1,16
805,41,0,34
805,64,0,19
805,7,1,30
805,17,1,34
805,50,0,46
805,67,1,21
805,51,0,31
805,2,1,21
805,39,1,46
805,24,1,40
805,25,0,25
805,58,0,13
805,10,0,25
805,50,0,13
805,69,0,36
805,26,0,24
805,62,0,20
805,55,1,5
805,27,1,35
805,61,1,27
805,67,1,24
805,61,1,22
805,58,1,22
805,50,1,13
805,59,1,27
805,59,1,25
805,70,1,36
805,70,1,18
805,68,1,26
805,16,1,25
805,27,0,12
805,18,0,27
805,26,1,22
805,9,1,21
805,40,0,28
805,70,1,41
805,55,1,5
805,20,1,26
805,23,1,13
805,51,0,14
805,16,0,19
805,31,1,20
805,36,0,33
805,6,0,32
805,33,1,22
805,71,1,5
805,20,1,19
805,32,0,18
805,20,0,5
805,62,1,18
805,21,1,13
806,50,1,23
806,68,1,17
806,23,1,27
806,3,0,26
806,46,0,30
806,63,1,23
806,51,0,16
806,33,1,38
806,6,1,15
806,44,0,22
806,52,0,46
806,55,0,33
806,37,0,33
806,41,1,25
806,44,0,16
806,4,0,42
806,17,1,30
806,32,0,31
806,35,0,33
806,71,0,37
806,36,0,34
806,1,1,20
806,16,1,33
806,36,1,8
806,38,1,16
806,20,1,40
806,60,1,22
806,45,1,26
806,40,0,28
806,5,1,45
806,67,1,21
806,40,1,33
806,3,0,29
806,62,0,24
806,3,0,25
806,9,0,5
806,40,0,36
806,55,0,27
806,26,0,41
806,54,0,24
806,13,0,23
806,19,1,34
806,19,0,37
806,15,1,26
806,62,0,21
806,39,1,27
806,11,0,16
806,40,0,14
806,41,1,34
806,28,1,24
806,70,0,25
806,71,0,40
806,56,1,27
806,71,1,38
806,8,1,22
806,67,1,20
806,10,0,33
806,16,0,19
806,21,0,21
806,64,1,20
806,2,1,37
806,28,1,22
806,49,0,30
806,28,1,14
806,53,0,34
806,56,1,5
806,18,0,47
806,52,1,34
806,0,0,15
806,62,0,27
806,7,0,13
806,46,0,16
807,17,1,18
807,5,1,42
807,27,0,56
807,12,1,58
807,28,0,55
807,8,0,39
807,56,1,24
807,45,0,24
807,53,1,81
807,15,1,21
807,16,1,64
807,31,0,5
807,51,0,53
807,4,1,30
807,15,1,57
807,32,1,22
807,19,1,38
807,60,1,24
807,52,1,15
807,12,1,34
807,64,0,51
807,2,1,74
807,28,1,35
807,23,1,47
807,22,1,24
807,54,1,55
807,6,0,74
807,35,1,14
807,10,1,34
807,0,1,54
807,51,1,53
807,31,0,47
807,22,1,41
807,52,1,42
807,66,1,42
807,58,1,45
807,71,0,8
807,44,1,29
807,0,1,54
807,30,0,62
807,25,0,24
807,56,1,54
807,39,1,35
807,22,1,27
807,31,0,31
807,36,1,75
807,57,1,29
807,29,1,47
807,41,0,34
807,5,1,49
807,46,0,34
807,32,0,38
807,49,1,36
807,62,1,20
807,3,0,44
807,10,0,66
807,49,1,55
807,48,1,51
807,41,1,25
807,49,1,31
807,40,0,23
807,36,1,35
807,32,0,29
807,53,1,23
807,56,1,63
807,25,1,35
807,28,0,27
807,28,1,14
807,0,1,16
807,10,0,54
807,19,1,73
807,2,1,20
808,7,0,20
808,54,0,60
808,28,1,74
808,36,0,49
808,23,1,52
808,10,0,67
808,28,0,30
808,19,0,37
808,34,0,20
808,44,0,50
808,22,1,49
808,1,1,33
808,34,0,29
808,39,0,32
808,16,0,40
808,66,0,61
808,35,1,53
808,65,1,83
808,12,0,52
808,39,0,54
808,12,0,21
808,34,1,14
808,11,0,21
808,71,0,47
808,13,0,64
808,1,1,57
808,12,0,58
808,71,0,41
808,62,1,37
808,39,0,38
808,22,1,52
808,29,1,11
808,11,0,38
808,16,0,41
808,44,0,56
808,62,0,47
808,4,0,59
808,19,1,28
808,47,1,45
808,45,0,53
808,21,1,64
808,50,0,46
808,62,0,35
808,67,0,32
808,24,0,41
808,61,1,64
808,41,1,30
808,22,0,51
808,50,0,23
808,34,0,53
808,60,1,31
808,62,0,37
808,11,0,42
808,6,0,32
808,17,1,29
808,62,0,66
808,7,0,57
808,64,1,59
808,16,1,59
808,5,1,46
808,17,1,35
808,3,0,52
808,13,0,69
808,71,0,51
808,38,0,60
808,21,1,42
808,20,1,46
808,13,0,25
808,41,1,56
808,1,1,16
808,22,1,63
808,3,0,45
809,32,1,79
809,57,1,51
809,71,0,38
809,45,0,71
809,64,0,78
809,64,1,28
809,15,0,47
809,16,0,54
809,48,0,66
809,53,0,76
809,70,1,123
809,24,0,97
809,65,0,41
809,56,0,47
809,36,0,65
809,55,0,50
809,64,0,39
809,48,1,99
809,16,0,75
809,26,1,76
809,62,1,30
809,54,0,34
809,71,0,43
809,10,0,77
809,48,0,71
809,31,0,68
809,47,0,27
809,69,0,55
809,71,0,22
809,65,1,28
809,3,0,69
809,36,0,51
809,31,0,52
809,55,0,73
809,67,1,73
809,21,0,50
809,51,0,86
809,70,0,52
809,5,1,52
809,4,1,82
809,6,0,24
809,58,1,25
809,4,0,67
809,54,1,56
809,44,0,68
809,30,0,73
809,8,0,44
809,70,0,80
809,54,0,68
809,12,1,36
809,15,0,75
809,2,1,61
809,12,0,67
809,16,0,17
809,29,0,62
809,34,0,44
809,56,0,30
809,46,1,33
809,56,1,54
809,27,0,39
809,65,1,87
809,43,0,88
809,71,0,39
809,61,0,68
809,11,0,64
809,42,0,33
809,46,0,41
809,57,0,39
809,69,0,86
809,46,0,33
809,2,1,59
809,24,0,67
810,31,0,36
810,54,0,36
810,22,1,40
810,10,1,28
810,22,1,22
810,39,1,29
810,32,1,28
810,35,1,21
810,70,1,36
810,25,1,35
810,44,1,36
810,35,1,32
810,68,1,18
810,59,1,27
810,10,1,40
810,29,1,32
810,37,0,40
810,62,1,29
810,35,1,33
810,52,1,21
810,43,0,38
810,50,1,25
810,18,0,39
810,18,1,23
810,29,1,17
810,29,0,41
810,42,1,31
810,43,0,24
810,60,1,44
810,29,0,41
810,19,0,10
810,67,1,33
810,30,1,18
810,34,1,34
810,28,1,29
810,6,1,26
810,70,1,17
810,2,0,36
810,30,1,32
810,60,0,28
810,66,1,47
810,37,1,31
810,70,1,35
810,71,1,31
810,47,1,19
810,43,1,15
810,66,1,40
810,38,0,15
810,4,0,27
810,56,1,37
810,45,1,23
810,52,1,33
810,27,1,33
810,56,1,23
810,35,1,41
810,7,1,28
810,9,1,32
810,29,1,37
810,4,1,26
810,26,1,27
810,63,1,32
810,14,1,18
810,10,0,23
810,52,1,30
810,3,0,35
810,49,1,27
810,14,0,16
810,65,1,55
810,7,1,40
810,51,1,18
810,24,1,12
810,23,0,24
811,51,1,35
811,57,0,34
811,45,0,30
811,19,1,17
811,7,1,31
811,0,1,25
811,11,1,48
811,1,1,14
811,53,0,36
811,69,1,38
811,39,1,40
811,10,1,28
811,67,1,47
811,66,1,34
811,4,0,14
811,48,0,27
811,19,1,16
811,51,1,41
811,9,0,30
811,21,1,27
811,69,1,31
811,31,1,42
811,7,1,39
811,29,1,34
811,15,1,42
811,24,1,48
811,6,1,33
811,1,1,16
811,17,1,43
811,57,1,25
811,59,1,50
811,18,0,6
811,57,1,34
811,5,1,29
811,24,0,47
811,63,1,19
811,52,1,48
811,52,1,28
811,12,0,19
811,2,1,18
811,44,1,27
811,35,1,33
811,51,1,22
811,3,1,20
811,62,0,19
811,21,1,22
811,69,0,28
811,45,1,25
811,20,0,32
811,17,1,16
811,16,1,42
811,41,1,28
811,47,1,37
811,45,0,29
811,7,1,37
811,29,1,31
811,13,1,28
811,32,0,24
811,28,1,54
811,12,0,21
811,60,1,22
811,21,1,37
811,39,1,29
811,37,1,39
811,53,1,26
811,55,1,18
811,1,1,36
811,17,1,31
811,71,1,33
811,14,0,30
811,42,1,35
811,33,1,18
812,35,1,32
812,50,0,57
812,57,0,26
812,48,0,94
812,10,0,70
812,4,0,95
812,13,0,51
812,7,1,72
812,31,0,73
812,17,0,46
812,35,0,53
812,60,0,84
812,60,1,71
812,16,1,89
812,34,0,64
812,29,0,73
812,47,1,58
812,59,0,14
812,22,0,57
812,23,1,55
812,54,0,67
812,7,1,58
812,2,0,41
812,30,0,68
812,14,0,82
812,61,1,27
812,48,0,25
812,38,1,65
812,13,1,93
812,70,1,70
812,7,0,53
812,7,1,63
812,55,1,39
812,29,0,81
812,55,0,91
812,59,0,66
812,44,0,75
812,3,0,45
812,63,0,57
812,35,1,68
812,54,0,57
812,61,1,60
812,51,0,77
812,66,0,57
812,33,0,79
812,13,1,48
812,46,0,61
812,8,0,15
812,1,1,57
812,68,1,57
812,54,0,54
812,64,0,57
812,67,0,61
812,37,0,36
812,27,0,52
812,8,0,48
812,23,0,89
812,1,0,48
812,7,0,29
812,15,1,93
812,21,1,70
812,62,0,69
812,19,0,82
812,64,1,56
812,25,0,75
812,40,0,71
812,38,1,69
812,41,0,65
812,70,0,51
812,29,0,49
812,17,1,103
812,71,0,74
813,2,0,34
813,37,0,57
813,18,1,48
813,20,1,31
813,29,1,31
813,2,1,31
813,64,1,22
813,66,1,33
813,57,1,34
813,25,1,26
813,12,0,37
813,58,1,54
813,23,0,72
813,6,0,72
813,44,1,28
813,31,0,44
813,38,1,45
813,30,1,53
813,36,0,15
813,5,1,29
813,70,1,36
813,51,1,57
813,24,0,22
813,12,1,64
813,48,1,36
813,27,0,29
813,66,1,57
813,26,1,25
813,54,1,45
813,1,0,52
813,51,0,40
813,59,1,51
813,50,1,46
813,26,1,54
813,32,0,19
813,1,1,51
813,37,1,46
813,41,1,28
813,22,1,39
813,61,1,14
813,13,1,52
813,51,0,58
813,43,0,12
813,32,1,54
813,54,1,65
813,41,1,51
813,54,1,21
813,34,0,75
813,16,0,66
813,58,1,82
813,67,1,26
813,42,1,30
813,26,0,42
813,2,0,40
813,36,0,31
813,60,1,41
813,32,1,8
813,46,0,50
813,7,1,52
813,66,0,40
813,55,0,34
813,17,1,21
813,58,0,96
813,30,1,44
813,12,0,17
813,54,0,44
813,26,1,38
813,39,0,56
813,62,1,37
813,61,1,17
813,49,1,58
813,29,0,73
814,68,1,50
814,50,0,52
814,12,1,19
814,26,1,45
814,29,1,83
814,71,0,24
814,31,0,59
814,38,1,38
814,12,0,43
814,50,0,20
814,27,0,70
814,3,0,62
814,60,1,38
814,4,0,39
814,60,1,40
814,3,0,33
814,59,0,37
814,54,1,36
814,68,1,47
814,4,1,44
814,15,0,68
814,29,1,56
814,6,0,58
814,2,0,62
814,45,0,32
814,40,0,59
814,9,1,47
814,41,1,44
814,46,0,55
814,62,0,11
814,27,0,32
814,21,1,30
814,24,0,43
814,8,1,37
814,48,0,74
814,10,0,24
814,57,0,40
814,11,1,40
814,20,0,52
814,63,1,47
814,14,0,29
814,14,0,49
814,47,0,25
814,55,0,30
814,41,1,61
814,45,0,42
814,68,1,37
814,58,1,33
814,20,0,31
814,57,0,40
814,44,1,47
814,25,1,47
814,1,0,61
814,23,0,31
814,26,0,29
814,48,1,18
814,27,1,68
814,66,1,74
814,24,0,49
814,43,1,54
814,32,0,15
814,56,1,35
814,7,0,41
814,24,0,49
814,66,1,25
814,8,0,48
814,67,0,25
814,64,1,65
814,9,0,36
814,30,1,47
814,52,1,39
814,47,0,42
815,9,1,26
815,71,0,29
815,59,1,33
815,43,1,27
815,8,0,47
815,20,0,19
815,45,1,25
815,39,0,23
815,26,1,44
815,70,1,32
815,37,1,24
815,14,0,31
815,47,1,29
815,9,1,29
815,35,1,20
815,70,1,34
815,37,1,24
815,43,0,43
815,5,1,22
815,15,1,32
815,27,1,31
815,63,1,36
815,12,1,28
815,49,1,38
815,1,1,20
815,11,1,24
815,4,0,24
815,30,1,27
815,50,1,22
815,43,1,32
815,12,1,15
815,29,1,39
815,9,1,26
815,18,1,23
815,47,0,24
815,19,1,28
815,51,1,30
815,18,1,35
815,46,1,7
815,28,1,27
815,5,1,37
815,32,0,37
815,39,1,41
815,4,0,27
815,9,1,39
815,70,1,22
815,3,1,38
815,28,1,27
815,41,1,24
815,7,1,43
815,24,1,50
815,3,1,30
815,2,1,44
815,21,1,31
815,23,0,42
815,10,0,15
815,50,0,23
815,70,1,29
815,39,1,45
815,64,1,28
815,37,1,36
815,50,0,36
815,57,1,15
815,40,0,21
815,10,0,41
815,27,1,25
815,26,0,44
815,2,1,30
815,61,1,29
815,33,1,41
815,37,1,42
815,63,1,18
816,15,0,28
816,2,1,32
816,66,0,26
816,29,0,28
816,37,0,28
816,35,1,44
816,29,1,22
816,0,0,15
816,53,0,12
816,68,0,37
816,13,1,16
816,67,0,40
816,51,0,13
816,41,0,24
816,9,0,31
816,65,1,25
816,71,1,28
816,6,1,26
816,43,0,35
816,63,0,42
816,11,1,15
816,34,0,19
816,9,1,30
816,17,0,18
816,4,0,10
816,43,0,34
816,60,0,15
816,59,1,22
816,70,1,5
816,5,1,39
816,48,1,20
816,63,0,41
816,1,1,21
816,24,1,29
816,32,0,20
816,33,1,21
816,47,0,20
816,15,1,11
816,12,0,26
816,34,0,20
816,31,1,44
816,63,1,16
816,65,1,22
816,65,1,16
816,10,0,18
816,14,0,19
816,44,0,29
816,59,1,34
816,36,1,5
816,7,1,24
816,25,1,24
816,16,1,22
816,66,0,39
816,21,0,26
816,52,1,15
816,52,0,39
816,49,1,24
816,22,1,35
816,55,1,28
816,55,0,18
816,43,0,36
816,41,0,26
816,30,0,16
816,66,0,24
816,5,1,39
816,67,1,33
816,6,0,29
816,56,0,21
816,1,1,36
816,42,1,22
816,22,1,19
816,1,0,19
817,11,1,37
817,22,0,12
817,48,0,50
817,7,1,31
817,38,0,36
817,41,1,32
817,42,1,55
817,43,0,28
817,14,1,53
817,43,0,38
817,34,1,49
817,67,0,38
817,52,1,63
817,3,1,37
817,54,1,47
817,47,1,42
817,60,1,35
817,61,1,5
817,12,0,31
817,31,0,46
817,3,0,74
817,47,1,50
817,54,1,53
817,65,1,34
817,37,0,48
817,38,0,57
817,1,0,28
817,34,0,61
817,36,0,61
817,33,1,69
817,25,1,57
817,9,1,44
817,17,1,38
817,66,0,34
817,53,0,52
817,5,1,7
817,67,0,54
817,15,1,34
817,46,1,21
817,55,1,31
817,39,0,31
817,4,1,15
817,26,1,50
817,61,0,29
817,52,1,28
817,61,0,34
817,36,1,48
817,10,0,35
817,70,1,28
817,61,1,23
817,42,1,49
817,14,0,53
817,64,0,35
817,40,0,28
817,17,1,55
817,2,0,34
817,59,1,42
817,0,1,20
817,56,0,46
817,47,1,60
817,43,0,44
817,67,0,29
817,33,1,33
817,19,1,30
817,59,1,21
817,63,1,40
817,48,0,46
817,21,1,41
817,55,1,49
817,60,1,46
817,0,0,29
817,6,1,42
818,41,1,30
818,0,0,56
818,31,0,55
818,67,0,62
818,53,1,27
818,59,1,58
818,41,0,51
818,44,0,43
818,9,1,36
818,57,0,55
818,29,1,51
818,31,0,53
818,15,1,40
818,19,0,56
818,67,1,51
818,4,0,38
818,34,0,22
818,9,0,21
818,40,0,38
818,28,0,56
818,2,1,36
818,68,0,21
818,48,1,36
818,69,1,32
818,36,1,43
818,17,1,47
818,23,0,58
818,69,0,57
818,29,1,25
818,36,1,43
818,48,1,20
818,37,0,50
818,10,0,14
818,16,1,38
818,44,1,32
818,38,0,59
818,63,0,50
818,7,0,47
818,63,1,42
818,35,1,40
818,44,0,20
818,38,1,21
818,8,1,60
818,70,1,29
818,33,1,38
818,5,0,26
818,39,0,19
818,47,0,43
818,23,0,57
818,50,0,24
818,39,1,52
818,9,1,29
818,23,0,45
818,65,1,47
818,24,1,60
818,46,0,27
818,68,1,25
818,24,1,36
818,24,0,78
818,37,0,47
818,65,1,88
818,22,0,81
818,13,0,26
818,48,0,27
818,35,1,8
818,47,0,38
818,54,1,46
818,52,1,40
818,5,0,32
818,49,0,48
818,67,0,64
818,38,1,21
819,57,0,59
819,71,1,35
819,15,0,71
819,34,0,80
819,28,1,74
819,38,1,43
819,36,0,40
819,38,1,42
819,29,1,61
819,52,1,80
819,17,1,33
819,10,1,53
819,71,0,42
819,60,0,81
819,38,1,62
819,8,1,27
819,63,1,24
819,51,0,71
819,1,1,52
819,9,0,25
819,57,0,44
819,5,0,105
819,22,1,67
819,33,1,84
819,55,0,34
819,54,0,37
819,20,1,67
819,50,0,49
819,6,1,65
819,4,0,55
819,11,0,18
819,3,0,53
819,49,1,50
819,24,0,50
819,31,0,15
819,54,0,63
819,21,0,60
819,13,1,81
819,35,1,56
819,64,0,54
819,37,0,80
819,71,0,69
819,1,0,29
819,68,0,99
819,30,1,62
819,35,1,49
819,11,0,43
819,21,1,46
819,21,0,114
819,24,1,64
819,37,0,113
819,41,1,73
819,28,0,64
819,10,0,104
819,10,0,38
819,42,1,47
819,55,1,56
819,52,0,48
819,51,0,84
819,35,1,86
819,36,1,66
819,46,0,43
819,47,0,75
819,23,0,94
819,18,1,84
819,3,1,66
819,42,0,101
819,30,1,51
819,0,0,77
819,52,1,49
819,20,0,48
819,38,0,61
820,6,1,31
820,58,1,24
820,13,1,32
820,40,0,25
820,45,1,43
820,37,1,7
820,18,0,17
820,32,0,39
820,52,0,32
820,21,0,24
820,24,1,29
820,8,0,36
820,6,1,35
820,66,0,21
820,3,0,40
820,25,1,21
820,31,0,24
820,35,1,11
820,25,0,18
820,10,1,8
820,34,0,24
820,54,0,20
820,35,1,24
820,14,1,33
820,31,0,19
820,56,0,21
820,43,0,21
820,12,1,30
820,23,0,20
820,16,0,22
820,41,1,27
820,22,1,33
820,45,0,18
820,65,1,17
820,24,1,21
820,5,1,30
820,46,1,24
820,57,1,35
820,44,1,31
820,67,1,28
820,32,1,22
820,8,0,22
820,52,0,26
820,4,0,43
820,68,1,15
820,28,1,41
820,14,1,31
820,48,0,19
820,29,1,22
820,69,1,19
820,71,0,23
820,29,1,5
820,63,1,14
820,60,1,27
820,28,1,32
820,19,0,50
820,43,0,29
820,0,1,37
820,10,1,25
820,13,0,24
820,67,0,19
820,49,1,9
820,11,0,15
820,70,1,34
820,15,0,25
820,30,1,13
820,20,0,24
820,63,0,29
820,31,1,37
820,31,1,21
820,68,1,10
820,56,1,30
821,31,0,64
821,19,0,64
821,37,0,113
821,27,0,68
821,71,0,56
821,29,1,49
821,51,0,74
821,61,1,57
821,37,0,63
821,32,0,61
821,22,0,26
821,22,0,99
821,56,0,24
821,1,0,68
821,42,1,75
821,52,1,39
821,35,1,29
821,20,0,76
821,66,0,44
821,45,0,26
821,26,0,53
821,55,0,30
821,5,0,66
821,45,0,39
821,55,0,29
821,19,0,61
821,53,0,50
821,27,0,65
821,46,1,30
821,42,0,104
821,58,1,36
821,61,1,62
821,41,0,45
821,63,0,60
821,47,1,61
821,65,1,71
821,56,0,6
821,31,0,91
821,50,0,56
821,33,0,18
821,42,0,100
821,54,0,72
821,58,1,44
821,30,1,83
821,63,1,91
821,34,0,81
821,7,0,67
821,34,0,114
821,29,0,80
821,20,1,70
821,38,0,66
821,11,1,68
821,0,0,78
821,14,0,82
821,43,0,56
821,24,0,40
821,17,1,91
821,0,0,50
821,46,0,74
821,44,0,82
821,26,0,63
821,25,0,73
821,24,0,49
821,53,0,80
821,25,0,40
821,8,0,62
821,69,0,47
821,19,0,76
821,49,0,37
821,6,0,59
821,17,0,98
821,28,1,100
822,45,0,46
822,66,0,37
822,36,1,53
822,10,1,42
822,20,0,34
822,50,1,33
822,55,0,45
822,54,0,38
822,52,1,49
822,3,1,53
822,17,1,58
822,60,0,27
822,30,1,62
822,10,0,69
822,63,0,28
822,13,1,36
822,16,1,44
822,16,1,5
822,4,0,37
822,12,0,53
822,61,0,29
822,45,1,37
822,14,0,72
822,30,1,45
822,40,0,10
822,3,0,42
822,65,1,43
822,4,0,49
822,31,0,45
822,21,1,44
822,48,0,28
822,60,1,48
822,9,0,42
822,55,0,30
822,66,1,18
822,25,1,26
822,37,1,37
822,9,0,77
822,9,1,56
822,44,1,48
822,69,0,47
822,11,1,41
822,4,1,85
822,46,1,61
822,62,0,20
822,26,1,46
822,27,1,26
822,12,1,35
822,66,0,35
822,45,0,50
822,70,1,74
822,52,1,75
822,70,1,48
822,44,1,46
822,61,1,60
822,16,1,58
822,23,0,21
822,61,1,63
822,64,1,38
822,32,1,42
822,16,1,29
822,19,0,32
822,0,1,65
822,18,1,36
822,68,0,62
822,59,1,53
822,9,0,67
822,61,1,44
822,4,1,44
822,25,1,68
822,38,0,39
822,1,1,37
823,22,0,17
823,9,1,32
823,15,0,57
823,4,0,55
823,10,0,41
823,1,1,57
823,66,0,27
823,20,1,44
823,53,1,30
823,15,0,58
823,5,1,50
823,53,1,47
823,66,1,34
823,55,1,46
823,52,1,51
823,39,1,68
823,14,1,42
823,30,1,20
823,49,1,50
823,59,1,34
823,43,0,45
823,67,0,34
823,67,1,58
823,70,1,18
823,71,0,28
823,68,0,51
823,50,1,48
823,23,1,31
823,70,0,41
823,51,0,38
823,61,0,52
823,21,1,45
823,1,0,40
823,3,0,47
823,40,1,34
823,53,0,48
823,19,0,38
823,54,0,22
823,50,1,41
823,39,0,35
823,32,0,59
823,61,1,34
823,14,1,33
823,38,0,35
823,59,0,47
823,40,1,29
823,8,1,56
823,8,1,11
823,18,1,39
823,64,0,17
823,5,0,41
823,22,0,30
823,8,1,29
823,14,0,43
823,34,0,39
823,23,0,9
823,4,0,27
823,57,1,47
823,31,0,45
823,23,0,43
823,36,0,51
823,13,1,46
823,63,1,50
823,19,0,12
823,7,0,40
823,57,1,40
823,11,0,49
823,4,1,13
823,59,1,33
823,3,0,43
823,7,0,41
823,53,0,59
824,7,1,46
824,19,1,45
824,50,1,37
824,11,0,14
824,52,1,21
824,26,0,39
824,40,0,46
824,50,1,34
824,9,0,50
824,43,0,46
824,21,1,48
824,67,1,30
824,59,0,15
824,15,1,27
824,46,0,8
824,7,1,40
824,61,1,30
824,40,0,20
824,45,1,27
824,10,0,31
824,46,1,43
824,20,0,21
824,9,0,45
824,28,0,28
824,40,1,30
824,2,1,19
824,39,0,42
824,71,0,25
824,5,1,23
824,9,0,30
824,58,1,40
824,30,1,41
824,60,1,27
824,57,0,23
824,44,1,19
824,61,1,27
824,11,0,24
824,31,0,32
824,49,1,21
824,65,1,33
824,1,0,32
824,59,0,36
824,64,1,29
824,42,1,15
824,31,1,27
824,60,1,25
824,62,0,31
824,65,1,33
824,67,1,29
824,30,1,39
824,6,1,35
824,10,1,58
824,33,1,33
824,70,1,33
824,18,0,43
824,37,1,46
824,33,1,20
824,5,1,27
824,64,1,31
824,52,0,50
824,17,1,5
824,64,1,29
824,26,0,32
824,60,1,27
824,49,1,24
824,24,1,15
824,0,1,25
824,46,0,36
824,23,0,42
824,36,1,50
824,68,1,44
824,40,0,29
825,41,0,33
825,37,0,25
825,19,0,16
825,32,1,18
825,3,1,22
825,19,0,16
825,41,1,22
825,60,0,22
825,14,1,39
825,38,1,30
825,12,1,30
825,69,0,19
825,12,0,35
825,68,1,24
825,12,1,16
825,1,0,17
825,3,0,32
825,8,1,32
825,34,1,33
825,45,1,29
825,60,1,23
825,47,0,34
825,65,0,13
825,38,1,27
825,53,0,25
825,12,0,16
825,19,1,35
825,23,0,31
825,68,1,11
825,61,1,25
825,0,1,5
825,66,0,40
825,66,1,14
825,47,0,20
825,59,1,36
825,35,1,32
825,33,1,28
825,1,0,22
825,29,0,17
825,19,1,10
825,16,1,21
825,67,0,37
825,28,1,41
825,11,0,11
825,55,1,34
825,8,0,32
825,1,1,17
825,67,0,35
825,6,0,17
825,56,0,23
825,5,1,22
825,6,1,22
825,50,0,36
825,40,1,17
825,47,0,17
825,1,1,26
825,1,1,19
825,43,1,17
825,31,1,8
825,60,1,17
825,38,1,22
825,69,0,26
825,69,0,23
825,65,0,36
825,45,0,33
825,18,1,22
825,28,1,37
825,16,0,36
825,26,1,35
825,34,0,27
825,60,1,12
825,13,1,33
826,12,1,34
826,23,0,14
826,30,1,39
826,71,0,34
826,20,0,27
826,50,1,31
826,70,0,44
826,62,0,44
826,32,1,22
826,54,0,45
826,34,0,37
826,20,1,33
826,66,1,40
826,47,0,36
826,9,0,18
826,9,1,32
826,40,0,31
826,46,1,46
826,65,1,27
826,27,1,23
826,42,1,40
826,32,0,24
826,68,1,25
826,68,1,40
826,8,1,28
826,55,1,16
826,32,0,45
826,16,1,32
826,58,1,24
826,53,1,23
826,9,0,33
826,47,1,39
826,70,1,25
826,16,0,32
826,24,1,38
826,31,1,37
826,59,1,32
826,68,1,12
826,17,1,43
826,6,1,35
826,36,1,21
826,39,1,16
826,48,1,30
826,48,1,33
826,23,1,43
826,43,0,16
826,43,1,25
826,40,1,17
826,69,0,20
826,17,1,33
826,15,1,39
826,47,1,50
826,63,0,31
826,32,0,24
826,49,1,32
826,52,1,6
826,1,1,20
826,13,1,30
826,38,1,23
826,69,1,21
826,44,0,21
826,24,0,27
826,8,0,23
826,14,1,31
826,28,1,28
826,19,1,46
826,36,1,35
826,22,1,29
826,23,0,21
826,12,1,34
826,32,1,31
826,29,1,20
827,30,1,27
827,59,1,24
827,24,0,33
827,37,1,24
827,44,0,18
827,56,0,39
827,31,1,29
827,29,1,19
827,53,1,24
827,59,0,34
827,47,1,33
827,7,0,26
827,19,0,25
827,70,1,42
827,45,0,24
827,19,0,7
827,12,1,23
827,10,1,39
827,37,0,32
827,32,1,25
827,14,0,50
827,63,0,38
827,61,1,49
827,47,0,32
827,1,1,44
827,30,1,22
827,37,1,27
827,35,0,39
827,68,1,37
827,1,1,27
827,56,1,32
827,2,0,31
827,44,0,43
827,70,1,18
827,13,1,29
827,33,1,39
827,66,1,15
827,19,0,21
827,52,1,22
827,14,0,18
827,17,1,30
827,11,1,22
827,41,1,34
827,37,0,19
827,67,1,16
827,28,1,43
827,2,1,38
827,7,0,22
827,0,1,26
827,28,1,29
827,47,0,32
827,15,1,37
827,56,1,45
827,69,0,29
827,55,1,23
827,38,1,27
827,24,0,39
827,13,1,28
827,26,0,29
827,28,1,18
827,69,1,20
827,28,0,36
827,20,0,16
827,66,1,45
827,70,1,40
827,36,1,18
827,10,1,47
827,43,0,23
827,57,1,40
827,28,1,40
827,24,0,8
827,43,0,34
828,52,1,5
828,19,1,15
828,70,0,29
828,55,0,14
828,6,1,17
828,31,1,32
828,2,0,45
828,29,0,43
828,71,1,27
828,3,0,23
828,22,1,19
828,27,1,29
828,13,1,5
828,48,1,25
828,0,1,47
828,14,1,28
828,4,0,24
828,55,1,15
828,32,1,34
828,48,0,47
828,6,0,25
828,49,0,40
828,59,1,31
828,67,1,34
828,58,1,18
828,27,0,27
828,17,1,26
828,20,1,22
828,27,0,21
828,31,1,17
828,62,0,34
828,16,1,6
828,26,0,21
828,70,0,34
828,54,0,33
828,56,0,33
828,59,0,17
828,58,1,26
828,24,1,24
828,26,1,26
828,22,1,33
828,46,0,28
828,30,0,28
828,7,0,26
828,27,1,20
828,18,0,14
828,42,1,32
828,55,0,18
828,27,1,37
828,1,0,41
828,20,0,8
828,26,1,12
828,0,0,5
828,18,0,16
828,27,1,6
828,16,1,13
828,28,1,25
828,9,0,18
828,45,0,35
828,1,0,17
828,18,1,36
828,60,1,5
828,39,0,19
828,19,1,5
828,42,1,22
828,71,1,27
828,6,0,6
828,35,0,16
828,8,0,5
828,34,0,26
828,61,1,35
828,9,1,27
829,39,1,23
829,6,1,19
829,21,1,40
829,18,0,35
829,42,1,39
829,38,1,34
829,51,1,33
829,49,0,24
829,57,0,29
829,7,1,16
829,11,1,23
829,56,1,33
829,61,1,15
829,44,0,13
829,58,0,27
829,11,1,27
829,8,1,16
829,9,0,29
829,47,1,36
829,40,1,17
829,44,0,10
829,5,1,19
829,44,0,16
829,69,1,5
829,31,0,31
829,44,1,20
829,8,0,12
829,13,1,22
829,32,0,27
829,58,1,35
829,62,1,17
829,62,1,50
829,2,1,22
829,15,1,20
829,68,1,35
829,66,1,21
829,70,1,27
829,10,1,5
829,65,1,24
829,28,1,24
829,14,0,21
829,66,0,24
829,34,0,21
829,17,1,22
829,60,1,17
829,61,1,8
829,55,1,14
829,18,1,30
829,37,1,9
829,41,0,31
829,42,1,17
829,3,0,42
829,59,1,39
829,30,1,15
829,47,1,15
829,50,1,25
829,47,1,7
829,42,1,28
829,69,1,18
829,52,1,28
829,42,0,31
829,17,1,27
829,10,0,33
829,18,0,38
829,57,1,32
829,52,1,28
829,38,1,32
829,45,1,39
829,2,1,23
829,30,1,38
829,66,0,26
829,8,1,19
830,1,0,60
830,61,1,73
830,65,0,58
830,16,1,54
830,46,1,62
830,14,1,8
830,4,0,43
830,16,1,77
830,49,1,68
830,23,1,54
830,13,1,61
830,34,0,57
830,1,0,77
830,16,0,73
830,43,0,76
830,41,0,68
830,48,1,56
830,46,0,49
830,28,1,46
830,43,1,74
830,24,0,36
830,56,1,20
830,39,0,10
830,16,0,34
830,2,0,60
830,32,0,66
830,65,0,45
830,22,1,98
830,67,0,51
830,34,0,62
830,15,0,62
830,14,0,40
830,19,0,43
830,43,0,40
830,16,1,93
830,70,0,44
830,63,1,45
830,51,0,57
830,31,0,107
830,68,0,41
830,15,0,51
830,20,0,67
830,60,1,74
830,42,1,59
830,59,0,89
830,58,1,50
830,58,1,43
830,63,0,79
830,21,0,97
830,43,0,70
830,48,0,79
830,6,0,78
830,55,1,78
830,9,0,42
830,57,0,79
830,26,0,77
830,3,0,64
830,24,1,80
830,52,1,49
830,3,1,29
830,55,1,42
830,35,0,69
830,3,0,55
830,34,0,37
830,22,1,49
830,9,0,60
830,33,0,41
830,7,1,59
830,13,0,105
830,31,0,90
830,0,0,62
830,13,1,59
831,15,1,72
831,61,1,32
831,56,0,19
831,36,0,19
831,29,0,38
831,12,0,50
831,1,0,45
831,52,1,34
831,43,0,18
831,49,0,25
831,10,1,38
831,31,0,16
831,44,0,50
831,50,1,35
831,5,0,29
831,11,1,7
831,30,0,39
831,21,1,59
831,7,1,39
831,35,0,15
831,27,0,35
831,58,0,35
831,49,1,42
831,8,1,33
831,1,0,51
831,15,1,14
831,7,0,38
831,71,0,6
831,21,0,36
831,39,1,46
831,20,1,43
831,62,0,41
831,36,1,55
831,21,1,14
831,61,1,57
831,18,0,57
831,5,1,14
831,66,0,46
831,18,0,23
831,11,0,75
831,56,0,50
831,71,0,52
831,22,0,43
831,7,0,40
831,67,1,59
831,12,0,41
831,57,0,43
831,22,1,28
831,21,1,45
831,22,1,40
831,67,0,40
831,63,0,36
831,54,0,40
831,56,1,31
831,4,0,35
831,20,0,32
831,55,0,23
831,9,0,35
831,15,0,73
831,52,1,45
831,44,1,13
831,31,1,43
831,53,1,64
831,41,0,78
831,44,0,45
831,64,1,67
831,5,1,32
831,13,0,7
831,25,1,41
831,16,1,38
831,44,0,49
831,7,1,62
832,3,1,17
832,20,1,17
832,9,1,21
832,35,0,22
832,18,0,25
832,18,1,20
832,69,0,18
832,15,1,32
832,33,0,7
832,29,1,17
832,4,0,20
832,9,1,29
832,16,1,32
832,0,1,6
832,30,1,14
832,22,1,17
832,4,1,27
832,32,0,25
832,13,1,41
832,48,0,18
832,15,1,28
832,0,0,24
832,10,1,26
832,52,1,26
832,10,0,6
832,0,1,23
832,10,1,39
832,70,1,6
832,55,1,27
832,56,0,25
832,40,0,31
832,67,1,23
832,4,1,27
832,2,0,6
832,45,0,15
832,70,1,34
832,11,1,30
832,8,1,20
832,6,1,5
832,35,0,10
832,25,1,18
832,65,1,5
832,35,1,22
832,64,1,21
832,17,0,40
832,55,1,39
832,44,0,42
832,20,0,31
832,54,0,30
832,23,1,13
832,43,1,18
832,34,1,38
832,11,1,24
832,57,1,54
832,10,1,32
832,10,0,27
832,57,1,32
832,32,0,41
832,44,0,23
832,36,1,21
832,35,0,20
832,64,1,22
832,44,0,26
832,9,0,25
832,61,1,26
832,65,1,42
832,68,1,42
832,14,1,25
832,42,1,22
832,38,1,23
832,41,1,29
832,65,0,22
833,4,1,31
833,0,1,23
833,67,1,18
833,33,0,25
833,65,1,28
833,48,1,5
833,24,0,26
833,71,0,35
833,15,1,7
833,49,1,29
833,71,1,34
833,35,1,41
833,47,1,21
833,54,1,21
833,8,1,30
833,68,1,31
833,38,0,14
833,52,1,33
833,57,1,24
833,29,1,24
833,59,0,32
833,22,1,12
833,51,0,30
833,56,1,39
833,17,1,26
833,0,1,21
833,28,1,41
833,49,1,28
833,50,0,25
833,30,0,26
833,26,0,14
833,55,1,37
833,44,0,27
833,18,0,27
833,47,1,28
833,70,0,28
833,44,0,23
833,13,1,16
833,31,0,18
833,5,1,25
833,60,0,30
833,40,1,20
833,18,0,36
833,55,1,28
833,46,0,25
833,29,1,32
833,63,1,32
833,34,0,18
833,42,1,27
833,31,1,35
833,35,0,51
833,67,0,30
833,29,1,32
833,53,0,29
833,66,0,39
833,65,1,12
833,26,0,27
833,6,1,30
833,30,1,42
833,12,0,27
833,38,1,17
833,43,0,19
833,18,0,15
833,38,1,18
833,45,1,24
833,13,0,20
833,10,0,7
833,46,0,31
833,65,1,38
833,71,0,19
833,0,1,18
833,9,1,45
834,12,0,25
834,54,1,25
834,31,1,18
834,58,0,33
834,61,1,42
834,32,0,22
834,22,1,33
834,20,0,26
834,13,1,28
834,53,1,16
834,25,0,31
834,28,1,39
834,24,1,30
834,6,0,16
834,9,0,32
834,23,1,42
834,49,1,28
834,15,0,33
834,16,1,26
834,25,1,14
834,49,1,43
834,43,1,41
834,30,1,40
834,12,1,28
834,4,0,12
834,28,1,40
834,53,1,41
834,22,1,38
834,38,1,15
834,57,1,31
834,27,1,30
834,31,1,25
834,55,1,12
834,13,1,35
834,46,1,15
834,57,1,28
834,27,1,25
834,44,0,31
834,4,0,33
834,7,1,38
834,43,1,18
834,68,1,22
834,9,0,36
834,48,1,16
834,52,1,44
834,53,1,38
834,39,1,34
834,52,1,35
834,9,1,25
834,59,1,34
834,55,1,32
834,6,1,30
834,64,0,22
834,5,1,33
834,35,1,13
834,31,0,17
834,51,0,26
834,24,1,32
834,64,1,35
834,56,1,23
834,45,0,37
834,47,1,19
834,17,1,42
834,44,0,32
834,67,0,30
834,18,1,18
834,62,0,25
834,5,1,52
834,52,1,5
834,66,1,37
834,28,1,5
834,67,1,39
835,36,1,10
835,38,1,18
835,13,1,34
835,58,0,31
835,62,1,13
835,11,1,42
835,19,0,25
835,15,0,40
835,1,1,11
835,49,1,32
835,63,0,23
835,12,0,23
835,39,1,27
835,67,1,27
835,33,0,23
835,49,0,28
835,14,1,35
835,59,1,30
835,4,0,22
835,25,1,45
835,24,0,22
835,71,0,21
835,5,0,21
835,36,1,30
835,55,0,8
835,58,0,32
835,26,1,21
835,15,0,15
835,48,0,5
835,28,1,20
835,56,1,36
835,56,0,12
835,43,0,30
835,9,0,21
835,58,0,28
835,71,1,26
835,8,0,25
835,0,0,28
835,18,1,44
835,7,1,25
835,42,0,20
835,31,1,32
835,61,1,30
835,52,1,27
835,16,0,34
835,25,1,26
835,71,1,37
835,47,1,12
835,54,0,16
835,16,0,33
835,19,0,20
835,56,1,19
835,30,1,11
835,53,0,31
835,1,0,22
835,9,0,9
835,21,0,21
835,29,0,21
835,41,1,16
835,39,0,33
835,43,1,11
835,42,1,27
835,9,0,23
835,66,1,20
835,16,1,15
835,71,0,19
835,7,1,35
835,5,1,34
835,65,1,31
835,58,1,27
835,20,0,15
835,62,0,44
836,52,1,47
836,17,1,50
836,27,1,28
836,19,0,42
836,3,0,62
836,10,0,58
836,3,0,48
836,28,0,46
836,12,1,62
836,39,1,53
836,33,0,48
836,56,1,60
836,17,0,39
836,67,0,34
836,46,0,56
836,23,0,42
836,41,0,50
836,26,1,38
836,54,0,53
836,5,1,44
836,42,0,30
836,61,1,30
836,33,0,40
836,21,0,71
836,53,0,53
836,45,0,37
836,23,0,44
836,6,1,16
836,69,1,30
836,53,1,36
836,54,0,63
836,49,0,37
836,42,0,50
836,70,0,45
836,5,0,58
836,36,1,73
836,69,0,14
836,70,1,51
836,1,0,46
836,66,1,60
836,60,0,55
836,39,0,53
836,42,0,52
836,43,0,51
836,24,0,70
836,36,1,26
836,31,0,69
836,2,1,47
836,38,1,42
836,50,0,55
836,70,1,26
836,44,0,60
836,42,1,56
836,8,0,17
836,11,0,35
836,45,1,72
836,9,0,45
836,47,0,45
836,9,1,19
836,5,1,51
836,36,1,42
836,12,1,40
836,32,0,48
836,38,0,21
836,0,0,22
836,37,1,21
836,5,1,63
836,34,0,42
836,34,1,39
836,63,1,50
836,21,0,43
836,11,1,53
837,48,1,25
837,39,1,43
837,53,1,25
837,41,1,13
837,23,1,21
837,0,1,27
837,0,1,48
837,3,1,29
837,25,1,33
837,54,1,20
837,10,1,21
837,36,1,26
837,35,1,34
837,23,0,42
837,35,1,19
837,45,1,14
837,53,1,26
837,56,1,35
837,27,1,38
837,34,1,17
837,47,1,25
837,14,0,27
837,20,0,5
837,56,1,27
837,35,1,42
837,5,1,26
837,24,0,29
837,43,0,37
837,18,0,36
837,32,0,21
837,35,1,37
837,45,1,34
837,57,1,39
837,37,1,36
837,33,0,30
837,52,1,15
837,43,0,41
837,59,1,20
837,62,1,19
837,6,1,34
837,45,0,49
837,25,1,22
837,62,0,58
837,57,0,30
837,43,1,20
837,1,1,23
837,12,1,30
837,13,1,31
837,1,1,21
837,21,1,39
837,36,1,23
837,20,0,30
837,40,0,29
837,71,0,28
837,70,1,43
837,11,1,21
837,29,1,14
837,19,0,39
837,17,1,28
837,24,1,37
837,29,1,25
837,29,1,37
837,56,1,25
837,7,1,8
837,36,1,25
837,71,0,20
837,67,1,40
837,59,1,28
837,53,1,19
837,22,1,24
837,65,1,11
837,40,1,47
838,14,0,81
838,1,1,41
838,4,0,38
838,68,0,32
838,4,0,54
838,48,1,45
838,70,1,37
838,0,0,32
838,14,1,42
838,52,1,37
838,6,1,30
838,38,1,38
838,19,1,43
838,24,0,41
838,43,0,31
838,18,1,5
838,41,1,40
838,39,0,49
838,27,1,24
838,40,0,34
838,20,1,38
838,24,1,40
838,45,1,51
838,49,1,56
838,31,0,55
838,53,0,46
838,16,0,55
838,56,0,22
838,70,0,25
838,54,1,57
838,57,1,41
838,8,0,72
838,61,1,28
838,15,1,81
838,58,1,45
838,12,0,55
838,26,0,35
838,21,0,41
838,46,0,48
838,60,0,51
838,26,1,48
838,49,1,25
838,50,1,19
838,12,1,30
838,18,0,40
838,7,1,42
838,51,1,38
838,62,0,59
838,66,1,35
838,10,1,13
838,48,0,58
838,2,1,60
838,34,0,55
838,8,1,24
838,23,0,43
838,5,1,56
838,53,1,17
838,2,0,32
838,53,0,62
838,63,1,48
838,30,1,18
838,58,1,53
838,71,0,37
838,58,0,39
838,33,1,30
838,53,1,54
838,51,1,44
838,50,1,43
838,46,0,21
838,56,0,36
838,60,1,49
838,60,1,35
839,30,1,30
839,0,1,26
839,2,1,13
839,23,1,24
839,13,1,29
839,70,1,26
839,14,0,32
839,9,1,29
839,13,1,20
839,17,1,25
839,50,0,21
839,65,1,32
839,8,1,39
839,70,0,18
839,58,1,37
839,34,1,8
839,47,1,37
839,56,1,25
839,46,1,21
839,32,1,20
839,53,1,13
839,20,1,48
839,66,1,32
839,41,1,29
839,16,1,35
839,52,1,30
839,30,1,41
839,49,1,21
839,47,1,33
839,9,1,35
839,54,1,27
839,41,1,32
839,24,0,29
839,39,0,40
839,57,1,20
839,5,1,28
839,65,1,39
839,10,0,25
839,53,1,26
839,24,1,29
839,45,1,44
839,19,1,23
839,22,1,49
839,40,1,42
839,53,1,37
839,63,1,45
839,16,1,19
839,27,1,21
839,27,1,22
839,21,1,35
839,15,1,36
839,25,1,15
839,28,1,34
839,41,1,34
839,15,0,41
839,10,1,12
839,37,0,48
839,21,1,42
839,15,1,34
839,2,1,31
839,13,1,35
839,50,1,45
839,9,1,15
839,45,1,11
839,47,1,20
839,32,0,32
839,31,1,28
839,0,1,26
839,7,1,27
839,3,1,21
839,62,0,21
839,18,1,36
840,42,1,74
840,47,1,52
840,62,0,32
840,42,0,39
840,15,0,16
840,20,0,47
840,64,1,40
840,57,1,49
840,1,0,38
840,35,0,51
840,42,1,37
840,47,1,38
840,46,1,53
840,13,1,38
840,57,0,49
840,38,1,39
840,69,0,53
840,25,1,29
840,70,1,58
840,9,1,45
840,60,0,46
840,60,1,55
840,24,0,36
840,57,1,22
840,18,1,52
840,60,1,51
840,19,0,66
840,19,0,28
840,46,0,67
840,15,1,58
840,50,1,64
840,64,1,68
840,5,1,42
840,63,1,70
840,70,1,48
840,15,1,50
840,50,1,38
840,34,0,34
840,34,0,64
840,68,1,43
840,55,1,32
840,58,1,65
840,71,1,57
840,10,1,26
840,56,1,41
840,12,1,76
840,57,0,46
840,30,1,69
840,37,0,9
840,60,1,44
840,27,1,50
840,19,1,70
840,4,0,36
840,71,0,43
840,45,0,45
840,51,1,30
840,26,1,32
840,1,0,52
840,55,1,50
840,38,1,39
840,52,1,71
840,68,1,52
840,23,0,75
840,21,0,27
840,61,1,49
840,38,1,51
840,16,1,33
840,14,0,49
840,46,0,32
840,59,1,47
840,31,1,35
840,11,0,76
841,52,0,63
841,22,1,40
841,9,1,58
841,13,1,26
841,48,1,65
841,1,0,57
841,2,1,44
841,13,1,36
841,58,1,39
841,12,1,23
841,0,0,29
841,66,0,45
841,33,0,47
841,39,0,37
841,62,1,41
841,68,0,40
841,71,0,61
841,12,1,37
841,70,0,42
841,18,0,53
841,43,0,50
841,59,1,31
841,23,1,43
841,6,0,52
841,42,1,47
841,20,0,60
841,40,0,42
841,27,0,53
841,7,1,27
841,52,0,47
841,33,0,60
841,63,0,35
841,46,1,32
841,61,1,30
841,12,0,62
841,52,0,32
841,32,1,47
841,20,0,66
841,19,1,34
841,47,0,56
841,66,0,29
841,37,1,48
841,14,0,5
841,59,0,74
841,38,0,52
841,59,0,53
841,53,1,56
841,48,0,30
841,55,0,20
841,68,0,45
841,36,1,56
841,55,1,20
841,45,1,52
841,71,0,80
841,54,0,72
841,68,1,30
841,39,0,52
841,5,1,28
841,15,0,28
841,14,1,46
841,53,0,47
841,28,1,74
841,39,0,9
841,7,1,51
841,4,1,68
841,22,1,45
841,71,0,46
841,7,0,45
841,47,1,40
841,24,0,37
841,21,1,23
841,56,1,21
842,13,0,18
842,48,1,17
842,58,0,23
842,11,1,22
842,29,1,27
842,46,1,22
842,45,0,22
842,52,1,23
842,14,1,40
842,30,0,27
842,32,0,14
842,55,0,20
842,24,1,20
842,59,0,5
842,4,0,26
842,15,0,32
842,28,0,22
842,41,0,19
842,11,0,29
842,63,1,23
842,46,0,9
842,28,1,35
842,53,0,18
842,46,1,35
842,18,1,50
842,22,0,34
842,10,0,37
842,51,0,18
842,50,1,35
842,68,0,27
842,39,0,20
842,8,1,32
842,42,1,42
842,34,1,13
842,22,0,13
842,32,0,26
842,67,0,27
842,6,0,40
842,37,1,17
842,45,0,12
842,7,0,22
842,70,1,44
842,7,0,36
842,14,1,16
842,56,0,19
842,12,0,21
842,18,0,31
842,60,1,35
842,30,0,16
842,68,1,29
842,59,0,28
842,0,0,27
842,15,0,24
842,62,1,28
842,40,0,19
842,9,0,15
842,34,0,23
842,17,0,28
842,10,0,28
842,30,1,28
842,12,1,30
842,71,1,15
842,37,0,42
842,64,0,21
842,47,1,39
842,5,1,26
842,0,0,44
842,38,1,33
842,60,1,17
842,15,0,24
842,3,1,12
842,36,1,30
843,15,0,47
843,49,1,90
843,47,0,46
843,67,1,49
843,17,1,79
843,16,0,87
843,58,1,53
843,68,1,80
843,8,0,85
843,69,0,74
843,23,0,53
843,57,0,83
843,27,0,102
843,49,1,69
843,21,1,106
843,35,1,55
843,39,1,71
843,31,0,45
843,62,0,59
843,55,0,43
843,69,1,62
843,50,0,52
843,70,1,78
843,16,0,44
843,68,1,31
843,9,0,21
843,20,0,91
843,31,0,48
843,65,1,43
843,2,0,63
843,58,0,84
843,11,0,45
843,9,0,98
843,56,0,53
843,9,1,55
843,10,0,106
843,22,0,56
843,2,0,77
843,34,0,51
843,47,0,95
843,11,1,101
843,59,0,57
843,66,0,40
843,24,0,98
843,59,0,73
843,29,0,20
843,5,0,79
843,50,0,73
843,66,0,49
843,13,0,62
843,35,0,16
843,61,1,95
843,63,0,68
843,21,0,57
843,59,1,40
843,66,0,62
843,52,0,8
843,28,0,59
843,22,0,76
843,12,0,90
843,28,0,29
843,69,0,82
843,4,0,69
843,45,0,53
843,56,0,44
843,16,0,75
843,57,0,30
843,41,0,53
843,59,0,36
843,16,1,91
843,10,0,69
843,3,0,52
844,30,1,91
844,18,0,51
844,57,0,43
844,6,0,30
844,29,0,39
844,54,0,29
844,0,0,46
844,40,0,54
844,9,0,60
844,43,0,33
844,22,1,19
844,70,0,65
844,15,1,49
844,27,1,103
844,49,1,73
844,66,0,70
844,39,1,60
844,44,0,61
844,46,0,56
844,8,0,91
844,12,1,71
844,52,1,93
844,39,0,81
844,67,0,98
844,32,1,69
844,51,0,62
844,70,1,50
844,45,1,86
844,42,1,45
844,69,0,63
844,33,0,28
844,42,0,55
844,7,0,69
844,23,0,65
844,62,0,43
844,33,0,37
844,67,0,58
844,42,0,68
844,35,0,59
844,43,1,60
844,10,0,67
844,32,0,36
844,17,0,53
844,26,0,60
844,69,1,59
844,5,1,43
844,41,0,72
844,23,0,43
844,11,0,51
844,55,1,37
844,51,1,59
844,27,0,46
844,71,0,75
844,6,1,67
844,34,0,35
844,14,0,82
844,48,0,79
844,28,1,5
844,36,1,69
844,8,0,41
844,3,1,84
844,65,1,57
844,19,0,32
844,1,1,42
844,65,0,84
844,3,0,45
844,52,0,26
844,70,1,105
844,61,1,13
844,20,0,23
844,29,0,53
844,12,0,70
845,27,1,47
845,59,1,29
845,25,1,36
845,8,1,30
845,57,0,33
845,3,1,42
845,51,1,34
845,49,1,21
845,65,1,38
845,52,1,15
845,29,1,38
845,55,1,37
845,47,1,40
845,53,0,30
845,11,1,35
845,14,0,42
845,47,1,24
845,55,1,16
845,68,1,28
845,17,1,27
845,9,1,29
845,35,0,21
845,68,1,19
845,33,0,32
845,28,1,43
845,45,1,35
845,27,1,36
845,11,1,39
845,62,0,23
845,57,1,29
845,35,1,38
845,47,1,37
845,54,1,24
845,29,1,36
845,20,1,28
845,32,1,22
845,35,1,30
845,57,1,41
845,29,1,43
845,30,1,32
845,25,1,44
845,71,0,43
845,41,1,28
845,41,1,16
845,0,0,30
845,56,1,25
845,42,1,31
845,37,1,27
845,12,1,43
845,18,0,19
845,38,0,27
845,53,1,39
845,53,0,27
845,40,1,43
845,9,1,15
845,15,1,34
845,67,1,16
845,41,1,28
845,41,1,23
845,13,1,36
845,55,0,34
845,15,1,34
845,22,1,25
845,8,1,5
845,58,1,28
845,10,0,28
845,69,0,16
845,48,1,23
845,43,0,49
845,50,0,11
845,51,1,34
845,16,1,25
846,11,0,36
846,33,1,53
846,2,1,23
846,48,1,24
846,69,1,23
846,67,0,56
846,47,1,27
846,18,1,37
846,16,1,30
846,4,0,39
846,0,0,42
846,60,1,49
846,42,0,46
846,36,1,62
846,36,1,29
846,51,0,39
846,22,1,57
846,43,0,48
846,53,0,41
846,33,0,50
846,51,1,53
846,33,1,42
846,14,0,38
846,17,1,35
846,44,1,83
846,24,0,39
846,69,1,55
846,7,0,28
846,4,0,28
846,13,1,25
846,27,1,39
846,11,1,35
846,38,1,37
846,59,1,19
846,61,1,68
846,18,1,44
846,34,1,24
846,30,0,53
846,54,1,45
846,58,1,14
846,70,1,32
846,68,0,18
846,41,0,41
846,52,1,31
846,66,1,30
846,8,0,41
846,11,1,55
846,23,1,51
846,21,1,47
846,2,1,24
846,13,1,40
846,4,0,20
846,10,0,27
846,63,1,30
846,15,1,16
846,70,1,55
846,21,0,38
846,40,0,25
846,32,0,29
846,43,0,49
846,38,1,36
846,67,1,31
846,18,0,35
846,8,1,35
846,7,0,60
846,32,0,10
846,57,1,82
846,6,1,62
846,8,0,43
846,63,1,26
846,45,0,38
846,43,0,31
847,33,1,20
847,53,1,26
847,17,1,28
847,51,0,13
847,23,1,19
847,36,1,32
847,45,1,32
847,63,1,22
847,66,0,36
847,33,0,24
847,4,0,43
847,5,1,21
847,40,0,15
847,47,1,39
847,12,0,24
847,51,0,32
847,11,1,40
847,35,0,30
847,1,0,22
847,7,0,14
847,23,0,32
847,17,1,35
847,4,0,23
847,57,0,29
847,52,1,25
847,14,1,11
847,15,0,43
847,33,0,27
847,32,0,7
847,12,1,16
847,15,1,8
847,29,0,9
847,71,0,31
847,35,1,25
847,53,1,50
847,7,1,16
847,31,0,28
847,53,1,13
847,30,0,23
847,21,1,31
847,26,0,13
847,32,0,16
847,28,0,33
847,29,1,38
847,8,0,14
847,48,0,27
847,70,1,36
847,41,0,41
847,33,0,34
847,39,0,17
847,61,1,18
847,9,0,19
847,37,0,30
847,52,1,23
847,32,1,14
847,3,1,41
847,6,0,10
847,52,1,29
847,12,0,19
847,59,1,26
847,40,1,21
847,30,1,9
847,0,0,28
847,52,0,16
847,33,1,35
847,20,1,29
847,44,0,18
847,65,1,14
847,61,1,29
847,16,0,34
847,24,1,36
847,63,1,36
848,42,1,49
848,36,1,56
848,35,0,43
848,66,0,54
848,44,0,34
848,71,0,65
848,57,0,62
848,22,0,14
848,4,0,16
848,20,0,28
848,71,1,41
848,61,1,38
848,61,0,63
848,31,0,33
848,39,0,42
848,42,1,30
848,21,1,11
848,28,1,60
848,58,1,54
848,30,1,41
848,64,1,64
848,52,1,42
848,57,0,41
848,70,1,25
848,48,0,24
848,59,1,29
848,31,1,52
848,70,1,82
848,21,0,61
848,1,1,32
848,16,1,5
848,26,0,47
848,28,1,42
848,43,0,40
848,66,0,37
848,64,1,59
848,31,0,27
848,27,1,26
848,28,1,30
848,52,0,52
848,44,1,38
848,65,1,48
848,43,0,36
848,10,1,39
848,12,1,21
848,56,0,48
848,34,0,60
848,64,0,53
848,16,1,21
848,47,1,65
848,10,0,46
848,15,0,40
848,12,1,45
848,60,1,25
848,61,0,37
848,59,1,39
848,58,0,21
848,10,1,15
848,23,0,54
848,6,1,46
848,47,0,40
848,8,1,49
848,47,0,49
848,64,0,57
848,27,1,24
848,47,0,54
848,10,1,5
848,64,1,38
848,24,0,8
848,35,1,34
848,68,1,57
848,4,0,8
849,34,0,55
849,50,0,64
849,71,0,64
849,68,0,98
849,7,0,78
849,52,1,61
849,47,0,46
849,25,0,79
849,32,0,66
849,24,0,56
849,60,1,69
849,5,1,43
849,38,0,40
849,33,0,69
849,29,1,61
849,38,0,71
849,58,1,21
849,55,0,90
849,2,0,85
849,47,0,59
849,25,0,24
849,30,1,51
849,6,0,32
849,48,1,64
849,66,0,92
849,20,0,23
849,11,0,61
849,35,1,54
849,4,0,93
849,66,1,48
849,61,1,59
849,57,0,38
849,15,0,75
849,48,0,65
849,32,0,68
849,37,0,83
849,71,0,51
849,45,0,35
849,21,1,29
849,26,0,62
849,71,0,67
849,33,0,86
849,8,0,35
849,71,0,78
849,45,0,56
849,15,0,47
849,15,0,51
849,43,0,20
849,36,1,69
849,17,1,98
849,5,0,56
849,2,0,73
849,2,1,42
849,17,0,67
849,4,0,54
849,34,0,91
849,40,0,83
849,11,1,34
849,66,0,77
849,18,0,51
849,16,0,57
849,54,1,76
849,45,0,49
849,53,0,48
849,44,0,44
849,13,0,31
849,17,1,74
849,33,1,65
849,19,0,71
849,1,1,47
849,63,1,20
849,47,0,47
850,63,1,25
850,27,1,43
850,54,0,37
850,7,1,39
850,48,1,24
850,46,0,39
850,39,1,30
850,49,1,37
850,19,0,19
850,53,1,29
850,27,1,27
850,66,0,16
850,25,0,24
850,16,0,38
850,33,0,40
850,71,1,40
850,22,1,28
850,59,0,33
850,17,1,22
850,48,1,36
850,46,1,27
850,15,1,33
850,22,1,35
850,39,1,49
850,30,1,20
850,9,1,38
850,21,1,30
850,27,1,5
850,7,0,34
850,9,1,11
850,48,1,23
850,42,1,37
850,43,1,9
850,31,1,26
850,55,0,27
850,29,1,39
850,28,1,23
850,68,1,25
850,55,1,26
850,49,1,30
850,9,1,17
850,24,0,38
850,20,0,47
850,36,1,25
850,67,1,45
850,62,1,26
850,56,1,21
850,64,0,10
850,46,0,5
850,24,0,28
850,65,1,36
850,67,0,31
850,48,1,21
850,65,1,17
850,41,1,20
850,18,1,29
850,59,1,18
850,0,1,28
850,17,1,33
850,15,1,49
850,30,0,12
850,8,1,27
850,58,1,14
850,11,1,21
850,70,1,34
850,1,0,45
850,46,1,46
850,26,1,29
850,56,1,9
850,17,1,8
850,25,1,27
850,30,1,32
851,45,0,29
851,36,1,37
851,22,1,31
851,59,0,39
851,11,1,43
851,46,1,38
851,19,0,39
851,66,0,40
851,36,0,10
851,22,1,27
851,6,0,20
851,36,1,34
851,7,0,11
851,0,0,27
851,6,0,30
851,19,1,15
851,1,0,12
851,51,0,31
851,30,1,33
851,34,1,5
851,10,0,22
851,17,1,10
851,60,0,32
851,46,1,6
851,27,0,13
851,2,0,29
851,5,1,11
851,34,0,39
851,27,0,28
851,33,0,16
851,63,0,46
851,42,0,21
851,1,1,13
851,45,0,23
851,56,1,33
851,39,0,13
851,64,1,31
851,12,1,26
851,5,1,25
851,24,1,26
851,6,0,12
851,8,0,14
851,60,1,16
851,7,0,21
851,41,0,16
851,41,1,27
851,43,0,23
851,46,0,20
851,11,0,15
851,30,1,30
851,39,0,17
851,45,0,21
851,28,1,28
851,63,1,25
851,0,1,19
851,54,0,5
851,63,1,27
851,22,1,26
851,53,1,35
851,45,1,10
851,7,1,27
851,5,1,12
851,63,0,19
851,71,1,36
851,5,1,28
851,70,0,41
851,36,1,26
851,13,1,16
851,54,0,17
851,40,0,38
851,21,0,30
851,53,0,33
852,49,1,20
852,46,0,30
852,28,1,22
852,66,0,12
852,6,1,40
852,9,0,28
852,17,1,26
852,44,1,19
852,18,0,31
852,3,0,38
852,71,0,36
852,71,0,23
852,51,1,37
852,22,1,40
852,16,1,24
852,45,0,27
852,43,0,13
852,37,1,25
852,32,0,40
852,70,1,22
852,56,0,33
852,44,1,28
852,50,1,21
852,44,1,42
852,9,0,33
852,48,1,16
852,31,0,22
852,42,1,25
852,59,0,25
852,27,1,22
852,23,0,20
852,70,0,26
852,27,0,32
852,10,0,27
852,7,0,38
852,44,1,24
852,50,0,18
852,17,1,15
852,10,0,22
852,39,0,32
852,1,1,35
852,63,1,22
852,6,1,28
852,14,1,27
852,19,1,30
852,17,1,25
852,58,1,27
852,4,1,30
852,27,1,40
852,67,1,18
852,22,1,40
852,69,0,17
852,31,0,30
852,56,0,35
852,16,1,35
852,70,1,35
852,31,0,19
852,4,0,25
852,55,1,5
852,39,1,15
852,8,1,27
852,54,0,25
852,26,1,29
852,14,1,30
852,70,0,26
852,1,0,12
852,57,0,26
852,61,0,28
852,37,1,19
852,25,1,40
852,42,1,29
852,19,0,31
853,26,1,26
853,3,0,14
853,63,0,34
853,58,1,29
853,44,1,38
853,42,0,26
853,37,1,45
853,60,0,20
853,68,0,31
853,16,0,15
853,19,0,23
853,65,1,14
853,31,1,33
853,52,0,20
853,43,1,32
853,41,0,16
853,39,0,32
853,61,0,24
853,54,1,18
853,2,0,31
853,52,1,18
853,22,1,24
853,47,0,28
853,41,1,28
853,16,1,22
853,10,1,18
853,6,0,37
853,36,1,20
853,40,0,34
853,14,1,33
853,17,1,16
853,53,0,31
853,70,1,37
853,40,0,30
853,26,1,27
853,70,1,18
853,60,1,8
853,37,1,24
853,46,1,19
853,68,0,37
853,65,1,19
853,6,1,46
853,4,0,24
853,56,0,21
853,2,1,29
853,41,1,27
853,59,0,17
853,9,1,27
853,56,0,43
853,0,0,34
853,34,0,42
853,40,0,9
853,29,0,46
853,18,0,20
853,37,0,13
853,10,0,30
853,12,0,5
853,35,1,13
853,23,0,6
853,16,1,42
853,20,0,10
853,43,0,36
853,65,1,33
853,49,1,26
853,47,0,14
853,55,0,30
853,39,0,18
853,7,0,28
853,71,0,24
853,27,0,25
853,0,0,27
853,14,1,27
854,1,0,68
854,63,0,22
854,3,0,25
854,33,1,15
854,17,0,31
854,30,0,26
854,15,1,46
854,54,0,25
854,59,0,29
854,64,1,5
854,52,0,35
854,49,0,39
854,43,0,33
854,4,1,49
854,52,1,30
854,48,1,10
854,70,1,75
854,16,1,29
854,62,0,39
854,19,0,41
854,56,1,41
854,16,1,25
854,22,1,73
854,60,1,33
854,44,1,22
854,70,0,25
854,29,1,56
854,41,1,49
854,64,1,51
854,3,0,39
854,38,0,43
854,69,0,39
854,45,1,48
854,4,1,34
854,62,0,56
854,35,0,52
854,14,0,30
854,53,1,53
854,37,0,30
854,0,1,67
854,24,1,49
854,4,0,23
854,35,1,31
854,36,0,18
854,5,0,52
854,29,1,25
854,9,0,8
854,57,0,31
854,5,0,48
854,59,1,50
854,33,0,44
854,60,0,26
854,26,1,51
854,31,1,38
854,67,1,26
854,43,0,60
854,9,1,61
854,61,1,36
854,47,0,54
854,24,1,5
854,1,1,47
854,4,0,5
854,18,1,46
854,11,0,38
854,13,1,33
854,70,0,46
854,17,1,34
854,31,1,47
854,30,0,62
854,52,1,46
854,23,0,41
854,56,1,40
855,6,1,30
855,54,1,16
855,27,1,21
855,8,1,43
855,30,1,50
855,34,1,34
855,32,0,41
855,71,1,21
855,59,1,44
855,13,1,38
855,53,1,18
855,47,1,25
855,2,1,34
855,50,0,13
855,13,1,43
855,47,1,14
855,31,0,38
855,58,1,41
855,18,1,30
855,49,1,17
855,39,1,16
855,41,1,37
855,15,1,5
855,16,1,39
855,17,1,23
855,11,1,17
855,66,1,32
855,15,1,40
855,13,1,40
855,37,1,33
855,43,1,31
855,11,1,19
855,32,1,33
855,53,1,26
855,39,1,34
855,61,1,35
855,1,1,36
855,62,0,29
855,34,1,44
855,24,1,30
855,68,1,33
855,61,1,31
855,26,1,28
855,52,1,33
855,58,1,28
855,1,1,37
855,29,1,11
855,18,1,14
855,56,1,24
855,40,1,18
855,46,1,29
855,27,1,5
855,69,1,55
855,40,1,9
855,13,1,23
855,65,1,21
855,48,1,29
855,27,1,5
855,33,1,54
855,43,1,14
855,38,1,13
855,38,1,33
855,53,1,26
855,64,1,41
855,52,1,24
855,24,1,31
855,47,1,9
855,60,1,22
855,17,1,41
855,35,1,37
855,63,1,30
855,54,1,23
856,16,1,45
856,27,0,48
856,12,1,44
856,40,0,14
856,19,0,48
856,45,0,48
856,44,0,46
856,13,1,40
856,19,0,53
856,13,0,53
856,32,0,54
856,45,1,41
856,58,1,32
856,26,0,31
856,21,0,37
856,40,0,34
856,65,1,21
856,56,0,43
856,1,0,7
856,60,1,26
856,28,1,33
856,65,0,46
856,48,0,36
856,35,1,28
856,14,1,36
856,36,1,34
856,68,1,32
856,4,0,16
856,9,0,30
856,44,0,27
856,37,1,51
856,56,1,27
856,60,1,41
856,17,0,52
856,5,1,58
856,54,0,60
856,16,0,51
856,24,0,26
856,11,1,49
856,45,0,51
856,27,0,53
856,62,0,46
856,34,1,15
856,20,0,30
856,58,1,43
856,20,0,37
856,46,0,58
856,36,0,49
856,71,0,31
856,2,0,43
856,16,1,20
856,36,1,39
856,61,0,52
856,45,1,32
856,8,1,47
856,32,0,54
856,12,0,50
856,42,1,7
856,23,0,40
856,6,1,37
856,43,0,11
856,9,1,16
856,69,0,39
856,17,0,62
856,40,0,16
856,23,0,39
856,43,0,31
856,14,0,55
856,59,0,42
856,30,1,29
856,14,0,31
856,13,0,33
857,54,1,30
857,46,0,35
857,2,1,26
857,1,1,37
857,23,1,24
857,28,1,27
857,34,0,10
857,59,1,17
857,40,1,35
857,20,0,27
857,40,1,18
857,15,1,18
857,35,0,27
857,25,0,27
857,57,0,38
857,48,0,20
857,48,1,36
857,61,1,27
857,27,1,34
857,22,1,26
857,45,0,16
857,32,0,12
857,38,0,29
857,70,1,25
857,62,1,20
857,42,1,30
857,35,1,27
857,32,0,18
857,13,0,20
857,61,1,23
857,52,1,13
857,71,1,28
857,45,1,16
857,11,0,24
857,24,0,26
857,57,1,30
857,39,1,25
857,25,1,9
857,55,0,33
857,40,0,31
857,66,1,22
857,25,1,32
857,9,1,36
857,49,1,28
857,38,1,26
857,32,0,5
857,69,1,21
857,24,1,32
857,17,1,35
857,25,0,33
857,65,0,26
857,45,1,13
857,5,0,20
857,3,0,36
857,45,1,25
857,43,1,5
857,25,1,29
857,58,1,29
857,54,1,25
857,53,1,30
857,44,0,16
857,68,0,18
857,1,1,12
857,71,0,28
857,56,1,20
857,62,0,19
857,26,1,22
857,28,1,17
857,29,0,26
857,65,0,21
857,22,0,37
857,55,0,37
858,70,1,33
858,61,1,45
858,66,1,45
858,50,0,32
858,6,1,46
858,43,0,18
858,4,0,42
858,46,0,49
858,3,0,64
858,33,0,79
858,24,0,58
858,44,0,39
858,64,1,27
858,45,0,44
858,46,1,17
858,29,1,28
858,10,0,5
858,49,1,60
858,0,0,44
858,37,1,31
858,18,0,39
858,60,0,72
858,67,1,38
858,24,0,50
858,55,1,51
858,57,1,46
858,13,1,27
858,48,0,64
858,7,0,49
858,39,0,21
858,4,0,47
858,36,1,44
858,7,1,44
858,1,0,41
858,10,0,42
858,19,1,55
858,15,1,40
858,51,0,31
858,38,0,45
858,55,0,49
858,58,1,50
858,27,1,45
858,58,0,31
858,66,0,51
858,17,0,50
858,24,1,35
858,43,0,49
858,40,1,44
858,38,0,38
858,7,0,41
858,56,1,70
858,25,1,31
858,30,1,33
858,10,0,55
858,53,0,53
858,55,0,36
858,52,0,39
858,67,0,53
858,37,0,56
858,21,0,52
858,35,1,53
858,49,1,35
858,66,1,63
858,15,1,63
858,63,1,68
858,52,0,45
858,70,1,31
858,13,1,12
858,34,1,42
858,65,1,35
858,40,0,48
858,53,0,39
859,69,1,27
859,19,1,48
859,64,1,7
859,1,0,35
859,34,0,29
859,8,1,21
859,9,1,32
859,9,1,37
859,40,1,19
859,29,1,44
859,13,0,23
859,47,1,27
859,25,1,21
859,67,0,41
859,16,1,16
859,38,1,20
859,53,1,13
859,48,1,23
859,38,1,30
859,5,1,17
859,57,0,40
859,60,0,28
859,44,0,18
859,13,0,33
859,48,1,17
859,67,0,41
859,14,0,22
859,23,0,20
859,35,0,25
859,16,0,20
859,1,0,27
859,3,0,31
859,17,0,27
859,34,0,26
859,17,0,35
859,51,0,18
859,12,0,24
859,70,0,29
859,8,0,38
859,45,1,26
859,39,1,26
859,27,0,11
859,46,1,18
859,12,0,9
859,57,1,25
859,11,1,33
859,0,1,33
859,38,1,37
859,36,0,33
859,30,1,19
859,58,1,35
859,36,0,36
859,21,1,27
859,69,1,29
859,34,0,28
859,68,0,19
859,41,0,32
859,36,0,27
859,36,1,28
859,2,1,19
859,5,0,24
859,49,1,25
859,38,0,14
859,6,0,42
859,2,0,5
859,33,0,12
859,3,0,37
859,11,1,22
859,11,0,9
859,31,0,30
859,70,1,31
859,7,1,32
860,45,0,28
860,26,1,44
860,4,0,43
860,48,1,32
860,17,0,59
860,20,0,36
860,25,1,68
860,0,0,65
860,37,0,60
860,46,0,37
860,17,1,24
860,57,0,29
860,20,0,52
860,59,0,30
860,68,0,43
860,18,0,53
860,18,0,39
860,62,0,53
860,39,0,23
860,0,0,61
860,8,0,42
860,71,0,85
860,23,0,62
860,1,1,51
860,49,1,75
860,35,0,37
860,8,1,36
860,48,1,39
860,18,0,33
860,59,1,60
860,2,0,18
860,44,0,37
860,54,0,74
860,7,0,44
860,8,0,45
860,30,1,21
860,17,1,45
860,53,1,33
860,47,1,47
860,13,1,41
860,60,1,34
860,38,1,27
860,25,1,53
860,50,0,46
860,68,0,35
860,36,1,40
860,55,0,64
860,3,0,48
860,25,1,34
860,11,1,29
860,56,0,34
860,16,0,63
860,5,1,38
860,25,1,33
860,69,1,34
860,36,1,40
860,68,0,56
860,57,0,55
860,8,1,62
860,71,0,23
860,9,1,35
860,6,1,35
860,13,1,47
860,34,0,45
860,14,0,47
860,21,1,46
860,52,1,18
860,2,1,57
860,49,1,59
860,27,0,63
860,33,0,49
860,38,0,47
861,23,0,38
861,1,0,37
861,41,1,18
861,66,1,31
861,32,1,12
861,34,0,32
861,53,0,25
861,70,1,24
861,23,1,29
861,53,1,24
861,0,1,35
861,6,1,6
861,0,1,11
861,31,0,37
861,1,1,41
861,17,1,38
861,43,0,29
861,36,1,26
861,19,0,27
861,8,1,20
861,52,1,28
861,16,1,33
861,16,0,30
861,41,1,35
861,17,1,25
861,16,1,29
861,11,1,41
861,36,1,31
861,10,1,54
861,30,1,47
861,29,1,27
861,28,1,34
861,52,1,43
861,7,1,33
861,57,1,36
861,70,1,30
861,46,1,40
861,61,1,36
861,32,0,21
861,23,1,24
861,25,1,43
861,30,1,22
861,9,1,46
861,66,0,36
861,29,1,30
861,44,1,55
861,10,0,12
861,12,1,39
861,7,0,36
861,35,1,41
861,68,1,33
861,62,1,26
861,19,0,37
861,63,1,32
861,46,1,32
861,69,1,38
861,13,1,43
861,25,0,31
861,37,1,39
861,17,1,35
861,10,1,33
861,19,1,30
861,9,1,27
861,18,0,36
861,26,1,30
861,25,1,25
861,11,1,30
861,44,1,30
861,51,0,30
861,35,1,15
861,14,1,38
861,42,0,23
862,13,1,33
862,60,0,67
862,64,0,36
862,6,0,62
862,48,0,43
862,15,0,54
862,46,1,52
862,27,1,41
862,2,1,41
862,71,1,29
862,17,0,28
862,53,0,25
862,22,1,30
862,15,0,13
862,51,1,9
862,66,0,31
862,54,1,31
862,39,0,21
862,63,0,17
862,22,0,43
862,67,0,35
862,28,1,26
862,50,0,43
862,29,1,43
862,53,1,9
862,35,1,53
862,20,1,46
862,63,0,61
862,38,1,39
862,55,0,36
862,56,0,18
862,69,0,33
862,15,1,47
862,61,1,52
862,61,1,37
862,58,0,37
862,55,0,78
862,29,0,24
862,3,1,36
862,43,0,30
862,63,1,26
862,23,0,57
862,43,0,53
862,57,0,49
862,22,0,43
862,60,1,48
862,4,1,51
862,4,1,47
862,55,0,49
862,6,1,43
862,1,1,55
862,39,0,56
862,60,0,16
862,49,1,40
862,63,0,43
862,68,0,25
862,6,0,41
862,22,1,26
862,54,1,26
862,2,1,37
862,13,0,64
862,70,1,51
862,19,0,32
862,5,1,35
862,12,1,43
862,61,1,32
862,15,1,60
862,7,1,26
862,8,1,44
862,45,1,32
862,68,1,46
862,37,1,36
863,59,0,20
863,56,1,21
863,24,0,36
863,63,1,23
863,3,1,27
863,15,1,28
863,66,1,17
863,34,0,13
863,7,1,51
863,41,1,32
863,38,1,40
863,43,1,21
863,37,1,42
863,51,1,13
863,27,1,30
863,16,0,43
863,16,1,26
863,56,1,16
863,43,1,37
863,29,1,42
863,14,0,28
863,26,1,50
863,23,1,25
863,28,1,18
863,55,0,24
863,48,0,47
863,57,1,18
863,69,1,20
863,19,0,39
863,44,1,19
863,58,1,39
863,18,1,42
863,1,0,42
863,2,1,13
863,1,1,43
863,41,0,24
863,64,1,38
863,33,1,17
863,3,0,26
863,3,0,32
863,63,1,14
863,51,1,26
863,60,1,42
863,30,1,36
863,57,1,35
863,39,1,34
863,35,1,37
863,28,1,13
863,30,1,25
863,23,1,33
863,21,1,35
863,11,1,36
863,23,1,30
863,14,1,26
863,42,0,30
863,55,1,9
863,25,1,20
863,8,1,20
863,36,1,41
863,2,1,27
863,7,1,34
863,70,0,31
863,27,1,29
863,58,1,10
863,57,1,21
863,45,0,36
863,4,0,37
863,3,0,34
863,41,1,27
863,61,1,31
863,61,1,16
863,32,1,31
864,29,1,31
864,2,1,29
864,46,0,36
864,25,1,42
864,29,1,46
864,61,1,28
864,54,1,37
864,36,1,26
864,65,1,37
864,67,1,34
864,9,1,44
864,44,1,15
864,37,1,30
864,4,1,26
864,37,1,13
864,13,1,5
864,12,1,32
864,0,1,21
864,46,1,16
864,38,1,21
864,33,1,25
864,35,1,17
864,44,0,29
864,71,1,31
864,25,1,32
864,44,0,30
864,28,1,47
864,46,1,27
864,11,1,28
864,31,0,32
864,35,1,46
864,57,1,36
864,35,1,38
864,70,1,20
864,34,1,37
864,47,1,37
864,26,1,34
864,33,0,18
864,24,0,43
864,7,0,18
864,29,1,31
864,65,1,34
864,35,1,16
864,19,0,24
864,45,1,29
864,65,1,37
864,27,0,19
864,57,1,20
864,61,1,45
864,54,1,42
864,21,1,34
864,64,1,28
864,3,0,12
864,64,1,28
864,13,1,31
864,54,0,35
864,60,1,27
864,30,1,31
864,68,1,29
864,4,0,25
864,23,1,42
864,41,1,31
864,12,1,31
864,49,1,29
864,39,0,34
864,26,1,31
864,24,1,44
864,39,0,36
864,48,1,33
864,2,1,16
864,45,0,20
864,44,0,36
865,60,1,60
865,44,0,61
865,62,0,64
865,3,0,58
865,21,0,35
865,20,0,67
865,36,1,20
865,14,1,43
865,55,1,35
865,6,0,66
865,19,0,28
865,59,0,47
865,30,1,53
865,29,1,53
865,18,0,47
865,29,1,84
865,26,1,15
865,44,0,27
865,26,1,64
865,12,0,36
865,3,0,71
865,13,0,34
865,39,0,44
865,8,0,50
865,6,0,54
865,57,0,52
865,45,0,55
865,56,1,44
865,65,0,62
865,23,0,41
865,48,1,54
865,49,0,53
865,67,0,43
865,26,0,54
865,42,1,35
865,61,1,45
865,63,0,91
865,56,1,43
865,57,1,41
865,10,0,40
865,5,1,56
865,24,0,37
865,43,1,34
865,66,0,46
865,11,0,32
865,27,1,72
865,27,0,44
865,53,1,33
865,22,0,65
865,21,0,56
865,48,0,55
865,29,1,49
865,13,1,53
865,18,0,35
865,17,1,20
865,43,0,19
865,9,0,41
865,14,0,32
865,1,1,33
865,18,0,48
865,71,0,34
865,39,0,61
865,43,0,69
865,53,0,58
865,48,0,37
865,0,0,50
865,13,0,44
865,43,1,41
865,21,0,37
865,46,0,63
865,37,0,40
865,18,0,32
866,55,1,5
866,48,0,31
866,58,1,17
866,6,1,17
866,6,1,41
866,68,0,24
866,49,0,18
866,25,0,40
866,71,0,33
866,1,1,14
866,23,1,47
866,49,1,29
866,58,0,21
866,46,0,25
866,26,0,38
866,15,0,32
866,17,0,31
866,34,1,29
866,3,0,22
866,58,1,33
866,39,1,8
866,58,1,36
866,51,1,15
866,28,0,27
866,25,1,28
866,46,1,28
866,62,0,17
866,40,0,26
866,70,1,30
866,14,0,22
866,43,0,23
866,54,0,30
866,4,1,28
866,46,1,33
866,48,0,24
866,18,1,25
866,71,0,30
866,66,0,18
866,26,1,22
866,11,0,22
866,45,0,18
866,2,1,39
866,23,0,23
866,59,0,39
866,25,1,23
866,61,1,23
866,21,0,17
866,36,1,29
866,70,0,9
866,17,1,10
866,23,1,29
866,59,1,37
866,34,0,34
866,53,0,41
866,4,0,28
866,10,0,23
866,68,0,24
866,32,1,14
866,25,1,29
866,39,1,23
866,58,1,22
866,24,1,29
866,23,1,31
866,13,1,21
866,45,1,13
866,39,1,17
866,38,1,20
866,55,0,36
866,41,0,37
866,50,0,33
866,67,0,12
866,7,0,35
867,39,0,5
867,27,1,29
867,16,1,24
867,28,0,16
867,40,1,15
867,45,1,39
867,3,0,16
867,65,1,13
867,27,1,35
867,66,0,29
867,25,1,24
867,42,1,37
867,55,1,22
867,53,0,34
867,26,1,5
867,19,0,22
867,0,0,19
867,26,0,31
867,19,0,32
867,59,0,32
867,53,0,17
867,41,1,20
867,59,1,39
867,48,1,29
867,71,0,15
867,36,1,14
867,15,1,23
867,40,0,34
867,29,0,25
867,23,1,38
867,53,1,31
867,55,0,27
867,57,0,25
867,24,1,11
867,49,1,20
867,29,0,27
867,52,1,32
867,58,1,46
867,22,0,26
867,59,1,38
867,68,0,35
867,33,0,32
867,23,0,34
867,15,0,25
867,33,1,23
867,7,0,28
867,20,1,38
867,59,0,26
867,65,0,26
867,39,0,8
867,24,0,30
867,61,1,18
867,30,1,23
867,71,0,36
867,22,0,27
867,45,0,43
867,67,0,8
867,62,0,5
867,31,0,20
867,65,1,15
867,31,0,5
867,55,1,33
867,1,1,32
867,7,0,24
867,40,1,23
867,41,0,17
867,62,1,27
867,16,0,32
867,17,0,15
867,12,1,32
867,3,0,28
867,9,1,23
868,0,1,13
868,63,1,51
868,63,1,47
868,14,0,20
868,50,0,54
868,23,0,34
868,49,0,46
868,48,1,44
868,36,1,26
868,42,1,51
868,36,0,44
868,62,1,40
868,32,0,54
868,3,1,41
868,61,1,43
868,26,1,50
868,37,0,15
868,25,1,42
868,70,0,30
868,18,1,46
868,12,1,17
868,1,0,24
868,35,1,8
868,24,0,26
868,17,1,55
868,37,0,64
868,32,0,27
868,67,0,55
868,71,0,63
868,36,1,24
868,62,0,44
868,62,0,19
868,5,1,24
868,14,0,46
868,37,0,56
868,46,1,57
868,68,1,45
868,50,0,55
868,42,0,60
868,0,0,52
868,34,0,67
868,20,0,61
868,68,0,52
868,44,0,45
868,66,0,36
868,6,1,37
868,53,0,42
868,5,1,50
868,38,1,56
868,28,0,36
868,32,0,58
868,58,1,35
868,64,0,25
868,15,0,50
868,0,0,31
868,63,0,72
868,13,1,30
868,31,0,59
868,71,0,36
868,70,0,58
868,50,1,53
868,69,1,64
868,65,1,52
868,23,0,38
868,1,0,50
868,18,0,48
868,33,1,38
868,36,1,7
868,57,0,28
868,8,1,29
868,68,1,37
868,57,1,56
869,34,0,43
869,55,1,24
869,68,1,27
869,18,0,25
869,58,0,22
869,44,1,18
869,65,1,60
869,41,1,26
869,19,1,27
869,30,1,36
869,56,0,44
869,58,0,34
869,22,1,23
869,34,1,50
869,34,1,43
869,45,1,25
869,68,1,27
869,9,1,26
869,67,1,30
869,41,1,26
869,21,1,30
869,20,0,29
869,64,1,19
869,53,0,19
869,24,1,29
869,43,0,48
869,3,0,38
869,3,1,51
869,6,1,18
869,61,1,32
869,47,1,40
869,23,0,37
869,2,1,39
869,9,1,32
869,5,1,29
869,61,1,46
869,36,0,29
869,66,1,36
869,1,1,23
869,29,1,29
869,54,1,38
869,55,1,22
869,47,1,21
869,7,1,39
869,33,1,29
869,68,1,12
869,63,1,45
869,12,1,35
869,15,1,36
869,45,0,34
869,20,1,28
869,22,1,47
869,25,1,45
869,10,0,24
869,42,1,32
869,15,1,27
869,60,1,17
869,26,1,26
869,6,1,22
869,55,1,30
869,9,1,38
869,65,1,11
869,47,0,31
869,45,0,31
869,11,1,23
869,61,1,26
869,14,1,18
869,45,1,28
869,0,1,37
869,36,1,24
869,56,1,35
869,57,1,23
870,17,1,98
870,65,1,83
870,9,0,38
870,27,0,107
870,20,0,70
870,0,0,91
870,1,1,46
870,12,0,102
870,55,0,57
870,49,0,94
870,14,0,48
870,27,0,60
870,61,1,46
870,63,0,59
870,19,0,65
870,71,1,58
870,60,0,50
870,55,0,72
870,61,1,64
870,33,1,100
870,68,0,61
870,0,1,57
870,55,0,71
870,22,0,37
870,66,0,28
870,67,0,32
870,20,1,58
870,13,0,51
870,11,1,42
870,49,0,19
870,54,0,67
870,4,1,80
870,9,0,51
870,58,0,51
870,25,0,74
870,64,0,56
870,9,0,46
870,70,0,62
870,42,0,27
870,48,0,70
870,63,1,58
870,64,0,43
870,17,1,46
870,33,0,70
870,22,1,61
870,69,1,57
870,10,0,61
870,48,0,79
870,70,0,60
870,35,1,52
870,48,0,72
870,55,1,23
870,70,0,69
870,53,0,16
870,50,0,71
870,62,1,55
870,12,0,86
870,26,0,58
870,17,1,77
870,1,0,83
870,26,0,31
870,1,0,68
870,64,0,56
870,47,0,22
870,58,1,98
870,50,0,96
870,14,1,71
870,18,0,72
870,51,1,5
870,58,1,66
870,48,0,41
870,12,0,47
871,17,1,27
871,58,0,23
871,49,1,22
871,62,0,38
871,37,0,28
871,21,0,22
871,61,1,15
871,0,1,19
871,3,0,31
871,34,0,26
871,50,0,12
871,22,0,22
871,9,1,20
871,45,1,5
871,52,1,37
871,66,1,24
871,53,1,22
871,0,1,15
871,22,1,13
871,29,0,16
871,12,0,28
871,41,0,16
871,9,1,35
871,32,0,36
871,3,0,33
871,23,1,22
871,4,0,17
871,61,1,17
871,46,0,32
871,49,1,13
871,44,0,19
871,59,1,13
871,29,0,35
871,44,0,14
871,24,0,13
871,49,1,17
871,36,1,50
871,48,1,15
871,49,1,16
871,15,0,21
871,12,0,40
871,6,1,36
871,34,1,27
871,47,0,26
871,41,1,41
871,61,1,23
871,39,0,26
871,3,0,23
871,52,1,24
871,17,0,34
871,69,0,22
871,30,1,30
871,18,1,28
871,50,1,21
871,53,1,25
871,0,0,24
871,49,1,18
871,22,0,28
871,29,0,30
871,32,0,36
871,35,1,22
871,8,1,19
871,44,0,14
871,48,0,35
871,46,1,27
871,51,0,5
871,19,0,10
871,38,1,34
871,20,0,28
871,0,1,15
871,62,1,46
871,3,0,21
872,17,0,50
872,59,0,33
872,15,0,50
872,3,0,50
872,69,1,64
872,22,1,73
872,67,0,62
872,17,1,68
872,40,0,59
872,43,0,59
872,34,0,88
872,68,0,23
872,46,0,79
872,44,0,42
872,35,0,50
872,10,0,62
872,70,0,70
872,31,0,61
872,5,1,82
872,16,0,62
872,19,0,45
872,71,0,61
872,41,1,54
872,46,0,28
872,4,1,67
872,63,1,86
872,15,1,44
872,71,0,49
872,36,1,92
872,56,0,78
872,23,0,41
872,16,1,55
872,51,0,67
872,31,0,52
872,59,0,33
872,31,1,45
872,63,0,62
872,28,1,55
872,22,1,75
872,10,0,38
872,5,1,45
872,56,1,86
872,56,0,48
872,56,0,64
872,9,0,51
872,27,1,30
872,48,0,86
872,27,1,55
872,33,0,67
872,65,1,62
872,69,0,86
872,1,0,58
872,61,1,80
872,48,0,106
872,28,1,45
872,29,1,26
872,69,0,85
872,6,1,21
872,35,1,46
872,55,0,32
872,24,0,72
872,0,0,47
872,46,0,40
872,44,0,66
872,64,1,76
872,18,0,45
872,27,0,53
872,23,0,72
872,39,0,83
872,68,0,62
872,21,1,49
872,1,1,70
873,29,0,55
873,39,0,45
873,60,1,54
873,26,0,26
873,52,1,64
873,10,0,26
873,10,0,36
873,40,0,44
873,29,0,42
873,31,0,46
873,41,1,37
873,14,0,46
873,37,0,20
873,57,1,19
873,65,1,9
873,59,0,64
873,57,0,72
873,8,1,39
873,40,0,47
873,55,0,53
873,34,1,48
873,57,0,28
873,60,1,10
873,47,0,37
873,29,0,45
873,66,0,38
873,11,1,48
873,33,0,66
873,25,0,47
873,29,1,42
873,7,1,44
873,69,0,48
873,45,0,23
873,22,0,44
873,3,0,34
873,52,1,42
873,52,1,17
873,56,0,50
873,51,0,69
873,1,1,43
873,62,0,54
873,36,1,45
873,31,1,79
873,24,0,44
873,14,0,37
873,13,0,56
873,59,0,39
873,21,1,28
873,34,0,75
873,0,1,41
873,33,1,34
873,34,0,46
873,36,1,46
873,24,1,69
873,21,0,41
873,7,0,59
873,59,1,28
873,16,1,47
873,24,1,66
873,38,0,43
873,13,0,45
873,29,0,22
873,30,1,23
873,19,0,54
873,33,1,40
873,35,0,11
873,38,1,46
873,11,0,54
873,23,0,33
873,71,0,60
873,53,1,25
873,8,0,27
874,5,1,27
874,71,0,24
874,38,1,28
874,0,1,36
874,52,1,29
874,3,0,29
874,15,0,24
874,57,1,38
874,66,0,30
874,12,1,19
874,51,1,23
874,45,1,34
874,29,1,15
874,63,1,21
874,33,1,45
874,56,1,18
874,35,1,48
874,17,1,41
874,19,0,24
874,39,0,46
874,56,0,37
874,32,0,7
874,46,1,16
874,62,0,35
874,13,1,40
874,13,1,21
874,14,1,27
874,58,1,41
874,64,1,30
874,17,1,24
874,54,0,22
874,69,0,27
874,43,0,25
874,35,1,8
874,25,1,21
874,6,1,35
874,39,0,33
874,22,1,30
874,63,1,26
874,31,1,30
874,9,1,36
874,11,0,41
874,67,0,30
874,21,0,39
874,39,1,32
874,61,1,21
874,57,0,22
874,13,1,32
874,41,1,21
874,59,1,40
874,16,1,27
874,9,1,17
874,63,1,18
874,50,1,12
874,36,1,28
874,3,0,36
874,40,1,23
874,62,0,18
874,49,1,32
874,0,1,13
874,65,1,25
874,28,1,25
874,30,1,29
874,2,0,19
874,19,0,43
874,12,0,19
874,38,1,37
874,32,1,30
874,10,0,30
874,22,1,35
874,43,0,32
874,69,0,27
875,44,1,53
875,13,0,69
875,29,1,64
875,54,1,18
875,49,1,49
875,44,0,62
875,56,1,39
875,57,0,43
875,2,1,68
875,4,0,56
875,9,1,70
875,43,0,84
875,42,1,70
875,46,0,55
875,8,1,28
875,67,0,55
875,15,1,94
875,29,1,77
875,52,0,55
875,25,1,52
875,69,1,42
875,54,0,30
875,7,1,63
875,35,1,100
875,11,1,62
875,32,0,60
875,23,0,64
875,20,0,66
875,19,0,62
875,44,0,52
875,13,1,52
875,45,0,90
875,24,0,61
875,18,1,27
875,34,0,49
875,63,1,22
875,59,1,69
875,61,1,55
875,32,0,14
875,39,0,81
875,18,0,59
875,31,1,75
875,49,1,73
875,18,0,91
875,57,0,79
875,52,1,74
875,18,0,37
875,58,0,28
875,56,0,58
875,56,0,69
875,44,1,36
875,32,0,57
875,17,1,55
875,63,0,81
875,34,1,13
875,62,1,111
875,70,1,49
875,43,0,81
875,19,0,56
875,22,1,58
875,40,0,50
875,38,0,74
875,51,0,66
875,64,1,27
875,11,1,74
875,15,1,118
875,45,0,43
875,41,1,52
875,32,0,65
875,56,0,32
875,13,0,95
875,42,0,11
876,54,0,32
876,70,1,43
876,7,0,20
876,42,0,23
876,23,0,26
876,10,1,7
876,57,1,29
876,12,0,18
876,39,0,28
876,31,0,22
876,44,0,43
876,30,1,8
876,6,1,29
876,42,1,13
876,66,0,47
876,51,0,30
876,34,0,32
876,20,1,36
876,8,0,36
876,39,0,30
876,54,0,27
876,62,1,36
876,50,0,31
876,24,0,32
876,11,0,34
876,36,1,15
876,59,1,46
876,30,1,33
876,69,0,39
876,40,0,19
876,9,1,15
876,59,1,27
876,41,0,29
876,31,0,38
876,55,0,19
876,30,1,16
876,54,0,26
876,6,1,20
876,34,0,18
876,52,0,33
876,43,0,29
876,59,0,18
876,11,1,13
876,59,1,27
876,13,0,24
876,22,1,38
876,28,1,11
876,30,1,35
876,35,1,10
876,32,1,8
876,42,0,8
876,67,1,41
876,18,0,9
876,25,1,21
876,58,1,30
876,23,1,9
876,69,0,39
876,22,1,38
876,6,1,23
876,26,1,27
876,51,0,19
876,61,0,16
876,25,0,5
876,32,1,12
876,2,0,13
876,48,1,47
876,70,1,11
876,64,0,8
876,68,1,18
876,49,1,23
876,46,0,33
876,63,1,27
877,17,1,12
877,13,1,22
877,61,1,31
877,49,1,39
877,52,1,33
877,55,1,34
877,34,1,38
877,17,1,19
877,53,1,27
877,43,0,36
877,45,0,30
877,25,1,19
877,16,1,40
877,48,0,30
877,53,1,14
877,8,0,18
877,42,1,50
877,33,0,24
877,48,1,16
877,68,1,23
877,30,1,27
877,36,1,31
877,22,1,38
877,34,1,19
877,52,1,18
877,26,1,40
877,25,1,45
877,22,1,30
877,19,1,48
877,46,0,34
877,6,1,18
877,61,1,20
877,34,1,30
877,46,0,24
877,71,1,16
877,58,0,5
877,57,1,54
877,13,1,30
877,28,1,15
877,64,0,17
877,23,1,22
877,32,0,23
877,3,0,29
877,59,0,36
877,44,0,49
877,24,0,42
877,4,0,31
877,21,1,7
877,0,1,38
877,3,0,25
877,21,1,22
877,31,1,39
877,62,1,46
877,5,0,28
877,13,1,23
877,24,1,15
877,65,1,31
877,22,1,39
877,34,0,23
877,45,0,26
877,13,0,43
877,65,1,21
877,11,1,49
877,31,0,38
877,26,1,32
877,13,1,16
877,51,1,25
877,65,1,50
877,56,0,18
877,18,0,15
877,29,1,30
877,55,0,13
878,20,1,40
878,54,1,37
878,29,0,25
878,57,1,51
878,35,1,74
878,35,1,43
878,34,1,46
878,13,0,43
878,51,1,56
878,11,1,50
878,62,1,53
878,61,1,39
878,14,0,36
878,3,0,42
878,25,1,50
878,17,0,5
878,57,1,81
878,53,0,52
878,65,1,38
878,15,0,37
878,9,0,28
878,20,0,29
878,55,0,43
878,65,0,15
878,47,0,26
878,2,0,83
878,46,0,75
878,9,0,78
878,57,1,50
878,36,0,12
878,48,1,25
878,12,0,50
878,45,0,17
878,21,1,57
878,52,1,40
878,22,0,33
878,67,0,66
878,9,0,60
878,0,0,52
878,29,1,65
878,19,1,37
878,61,1,35
878,16,0,47
878,53,1,48
878,55,1,61
878,68,0,73
878,64,1,31
878,55,0,31
878,41,1,37
878,26,0,41
878,4,0,29
878,63,0,34
878,23,0,58
878,12,0,37
878,22,1,60
878,29,1,40
878,41,1,61
878,17,0,33
878,10,0,60
878,5,1,46
878,10,0,63
878,52,1,37
878,58,0,46
878,45,0,54
878,44,0,73
878,1,0,22
878,2,1,55
878,20,0,52
878,52,0,36
878,11,0,62
878,60,0,43
878,56,1,42
879,8,0,42
879,22,1,54
879,9,0,53
879,68,0,47
879,17,1,70
879,19,0,55
879,59,1,50
879,22,1,34
879,68,1,45
879,63,1,33
879,51,1,38
879,10,1,68
879,4,0,51
879,25,0,58
879,44,0,52
879,21,1,44
879,66,1,55
879,29,1,55
879,44,0,22
879,67,1,44
879,7,1,37
879,66,0,50
879,39,0,31
879,22,1,37
879,61,1,39
879,54,0,29
879,38,0,50
879,33,0,42
879,55,0,62
879,0,0,40
879,65,1,44
879,46,0,37
879,46,0,59
879,23,1,38
879,20,0,63
879,14,0,36
879,71,0,31
879,28,0,28
879,7,1,82
879,26,1,37
879,25,0,9
879,27,0,50
879,40,0,14
879,65,1,47
879,66,1,37
879,64,0,74
879,22,0,50
879,63,1,65
879,59,1,46
879,51,1,45
879,9,0,31
879,53,0,41
879,26,0,40
879,50,1,32
879,62,0,68
879,52,1,69
879,46,0,18
879,38,0,57
879,50,1,59
879,68,1,48
879,22,1,58
879,55,1,42
879,2,1,32
879,28,1,26
879,44,0,72
879,31,0,59
879,8,1,36
879,14,0,38
879,34,0,40
879,22,1,39
879,16,1,56
879,39,1,49
880,15,1,22
880,66,0,28
880,16,0,32
880,2,0,18
880,26,1,30
880,5,1,27
880,17,1,26
880,31,0,21
880,22,0,34
880,17,1,7
880,38,1,16
880,34,1,36
880,60,1,19
880,12,1,29
880,46,0,19
880,62,0,21
880,32,0,38
880,46,0,5
880,71,0,6
880,41,1,30
880,4,0,20
880,25,1,19
880,34,0,18
880,67,0,29
880,10,0,27
880,13,0,9
880,6,0,27
880,49,1,28
880,61,1,38
880,26,0,28
880,7,1,21
880,43,1,28
880,25,0,25
880,47,1,16
880,14,1,12
880,61,0,19
880,18,1,34
880,51,0,11
880,59,0,19
880,19,1,15
880,15,0,6
880,46,1,19
880,53,1,23
880,49,1,20
880,50,0,27
880,8,0,41
880,43,0,36
880,18,1,30
880,13,1,33
880,57,1,33
880,71,0,40
880,22,1,9
880,4,1,37
880,29,1,31
880,18,0,10
880,43,1,33
880,6,1,44
880,27,1,20
880,9,1,39
880,64,0,6
880,27,0,17
880,29,1,25
880,44,1,31
880,1,1,24
880,44,1,15
880,68,1,14
880,42,1,23
880,33,0,5
880,20,1,19
880,15,1,23
880,67,0,15
880,15,1,19
881,64,1,60
881,32,0,35
881,47,1,48
881,62,0,55
881,43,1,40
881,35,1,25
881,57,0,50
881,14,0,39
881,60,0,52
881,32,0,51
881,38,1,34
881,55,0,40
881,40,0,19
881,15,0,39
881,10,1,42
881,14,0,40
881,24,1,34
881,21,0,48
881,0,1,15
881,1,1,63
881,65,1,61
881,59,0,42
881,39,1,56
881,64,1,71
881,17,1,50
881,27,0,32
881,55,0,11
881,71,0,36
881,6,0,57
881,42,0,53
881,65,1,36
881,26,1,46
881,27,0,46
881,44,0,23
881,66,0,46
881,55,0,67
881,37,0,44
881,37,0,44
881,34,0,55
881,48,0,46
881,66,1,56
881,11,1,39
881,13,1,35
881,15,0,33
881,18,0,68
881,67,0,39
881,51,0,53
881,51,1,51
881,32,0,58
881,9,1,29
881,20,0,56
881,4,1,14
881,6,1,37
881,20,1,48
881,5,0,64
881,17,1,30
881,7,0,44
881,8,0,39
881,54,1,47
881,0,0,32
881,6,0,44
881,17,0,15
881,29,0,45
881,7,1,51
881,60,1,39
881,29,1,29
881,3,0,50
881,7,0,44
881,43,0,5
881,52,1,56
881,39,0,5
881,23,1,70
882,45,1,54
882,43,1,9
882,67,0,53
882,31,0,41
882,30,1,33
882,19,1,32
882,27,0,26
882,52,1,73
882,46,0,26
882,25,1,35
882,70,0,33
882,31,0,32
882,55,1,42
882,57,0,35
882,44,1,37
882,46,0,47
882,19,0,15
882,30,1,43
882,3,0,27
882,27,0,46
882,25,1,8
882,23,1,63
882,51,1,36
882,61,1,53
882,30,1,53
882,18,1,45
882,61,1,67
882,66,0,15
882,63,0,12
882,25,1,68
882,33,0,48
882,66,0,46
882,13,0,39
882,46,0,38
882,64,1,86
882,21,0,54
882,34,0,18
882,1,1,20
882,13,1,41
882,52,0,50
882,29,0,48
882,22,1,24
882,40,0,41
882,17,1,46
882,44,1,46
882,2,1,53
882,12,0,65
882,13,1,42
882,31,1,39
882,51,0,25
882,4,1,61
882,45,1,35
882,27,0,48
882,59,1,26
882,32,0,68
882,34,0,30
882,18,1,51
882,17,1,5
882,61,0,48
882,26,0,53
882,39,0,72
882,66,0,26
882,10,0,19
882,34,0,62
882,37,0,33
882,53,1,34
882,20,0,81
882,11,1,37
882,40,1,72
882,4,0,14
882,36,0,18
882,64,1,52
883,51,0,42
883,35,0,68
883,27,1,104
883,56,0,65
883,8,0,45
883,65,1,32
883,5,1,33
883,38,0,68
883,60,0,60
883,2,0,72
883,49,0,58
883,36,1,83
883,43,0,47
883,68,1,64
883,33,0,89
883,12,1,52
883,16,0,84
883,48,1,25
883,8,0,37
883,71,0,21
883,52,1,88
883,3,0,55
883,56,0,42
883,27,0,63
883,3,0,78
883,66,0,58
883,65,0,60
883,26,0,86
883,67,0,54
883,32,0,49
883,44,0,51
883,46,0,22
883,31,0,47
883,11,0,14
883,52,0,79
883,17,1,42
883,28,0,71
883,15,0,53
883,44,0,69
883,21,0,70
883,14,0,59
883,11,0,45
883,17,0,50
883,33,0,62
883,15,0,28
883,49,1,36
883,66,0,53
883,18,0,38
883,69,0,71
883,52,0,69
883,25,0,40
883,13,0,53
883,59,1,69
883,6,0,67
883,12,1,104
883,57,0,75
883,48,0,59
883,51,0,81
883,8,0,61
883,2,1,73
883,26,0,51
883,17,0,72
883,38,0,64
883,15,0,61
883,70,0,49
883,4,0,30
883,54,0,96
883,63,0,59
883,27,0,63
883,19,1,87
883,41,1,72
883,30,1,51
884,31,0,71
884,66,0,83
884,70,0,55
884,53,0,74
884,32,0,62
884,63,0,27
884,35,1,49
884,56,0,60
884,60,0,62
884,16,1,62
884,55,0,60
884,37,0,56
884,33,1,54
884,68,1,62
884,64,0,65
884,5,0,92
884,47,0,74
884,24,0,94
884,6,0,68
884,44,0,67
884,20,0,75
884,59,0,64
884,4,0,78
884,69,1,42
884,52,0,58
884,19,0,52
884,29,1,73
884,10,1,44
884,7,1,54
884,2,0,89
884,34,0,70
884,37,0,76
884,67,0,60
884,43,0,90
884,61,1,60
884,54,0,61
884,31,1,58
884,0,0,78
884,52,1,70
884,19,1,37
884,7,0,89
884,20,0,58
884,42,1,29
884,47,0,56
884,60,0,45
884,21,0,64
884,0,0,79
884,45,0,50
884,8,1,47
884,10,0,108
884,26,0,80
884,40,0,70
884,45,0,82
884,37,0,56
884,17,1,86
884,43,0,30
884,9,0,66
884,9,0,88
884,50,0,58
884,67,0,86
884,58,0,74
884,0,0,70
884,40,1,52
884,50,0,57
884,71,1,5
884,3,0,44
884,12,0,107
884,22,1,53
884,52,0,45
884,1,1,67
884,31,0,37
884,35,1,80
885,11,0,84
885,4,0,63
885,19,1,69
885,52,0,77
885,31,0,53
885,18,0,35
885,29,1,60
885,30,1,49
885,6,1,59
885,68,1,75
885,51,1,52
885,66,0,52
885,34,1,80
885,29,1,26
885,34,1,65
885,60,1,47
885,66,0,39
885,28,1,51
885,34,0,23
885,12,0,33
885,46,0,117
885,13,0,35
885,36,1,33
885,9,0,36
885,6,1,42
885,40,0,68
885,38,1,64
885,54,1,13
885,14,0,61
885,34,0,63
885,53,1,78
885,23,0,52
885,55,0,48
885,63,0,46
885,32,1,60
885,22,1,106
885,71,0,86
885,24,0,59
885,7,1,66
885,57,0,53
885,51,0,117
885,16,1,68
885,21,0,85
885,49,0,88
885,59,0,89
885,25,1,58
885,1,0,49
885,13,0,42
885,10,0,64
885,36,0,26
885,51,0,45
885,14,0,15
885,17,1,47
885,13,0,60
885,18,0,77
885,53,1,69
885,36,0,48
885,48,0,45
885,13,0,40
885,61,1,52
885,65,1,51
885,69,0,36
885,38,0,65
885,16,1,79
885,51,0,88
885,37,0,73
885,55,0,73
885,68,1,55
885,21,0,78
885,33,0,90
885,24,0,68
885,58,1,30
886,26,1,65
886,16,1,58
886,21,0,71
886,64,0,36
886,42,1,58
886,45,1,36
886,46,0,50
886,58,1,67
886,30,1,40
886,20,0,60
886,28,1,27
886,20,0,56
886,50,0,40
886,54,0,39
886,9,0,37
886,47,0,30
886,17,0,33
886,2,1,46
886,53,1,39
886,43,0,81
886,36,0,37
886,45,0,23
886,68,1,64
886,5,1,38
886,26,1,30
886,61,1,22
886,42,0,10
886,71,0,50
886,6,1,24
886,65,0,31
886,28,1,32
886,49,1,72
886,37,0,51
886,40,0,47
886,5,1,46
886,4,0,35
886,13,0,64
886,2,0,46
886,20,0,42
886,53,1,56
886,58,1,55
886,35,1,52
886,60,1,61
886,67,1,7
886,9,1,67
886,64,0,26
886,24,0,50
886,61,1,41
886,60,1,58
886,7,0,50
886,55,0,43
886,5,1,62
886,47,1,89
886,69,0,32
886,30,1,54
886,7,1,47
886,30,1,33
886,2,1,13
886,69,0,33
886,3,0,43
886,65,1,50
886,35,0,21
886,20,0,38
886,60,1,51
886,11,1,49
886,45,0,26
886,66,0,48
886,34,1,24
886,4,0,57
886,30,0,26
886,58,1,24
886,68,0,76
887,20,1,45
887,37,0,52
887,38,1,69
887,34,1,35
887,0,0,20
887,57,0,7
887,4,1,39
887,56,1,33
887,68,1,61
887,25,0,48
887,4,0,5
887,45,0,75
887,32,0,45
887,57,1,47
887,29,0,72
887,34,0,43
887,6,1,34
887,16,1,61
887,18,1,50
887,7,0,51
887,16,1,59
887,65,0,51
887,40,1,54
887,30,1,42
887,53,0,28
887,31,0,68
887,29,1,41
887,62,0,60
887,18,0,41
887,45,1,44
887,65,1,66
887,21,0,65
887,65,1,58
887,39,1,39
887,57,1,59
887,12,0,27
887,26,0,53
887,59,1,19
887,13,1,27
887,47,1,26
887,63,1,70
887,43,0,64
887,50,0,54
887,5,0,71
887,50,0,38
887,29,0,43
887,28,0,54
887,23,1,40
887,43,1,51
887,54,0,32
887,42,1,26
887,70,1,53
887,58,1,72
887,39,1,27
887,26,0,57
887,58,1,47
887,69,0,26
887,11,0,35
887,3,0,47
887,60,1,31
887,62,0,19
887,61,1,32
887,44,0,38
887,57,0,25
887,10,0,52
887,11,0,41
887,40,0,39
887,35,1,57
887,1,0,27
887,6,0,31
887,49,0,30
887,37,1,45
888,21,1,17
888,34,0,41
888,61,1,19
888,1,1,22
888,44,1,46
888,57,1,21
888,65,1,31
888,33,0,22
888,70,1,28
888,53,1,20
888,47,1,15
888,34,0,19
888,68,1,27
888,39,0,20
888,28,1,19
888,27,1,28
888,35,1,33
888,17,1,20
888,46,1,34
888,27,1,19
888,58,1,31
888,31,0,29
888,17,1,19
888,42,1,23
888,35,1,22
888,34,1,25
888,52,0,18
888,56,1,22
888,22,1,27
888,29,0,27
888,26,1,23
888,51,0,36
888,70,1,18
888,26,1,17
888,7,1,19
888,69,1,41
888,16,1,28
888,24,0,41
888,15,0,15
888,60,1,16
888,54,0,24
888,8,0,27
888,67,0,31
888,13,1,40
888,20,0,37
888,12,1,37
888,59,0,31
888,65,1,37
888,59,1,35
888,7,1,21
888,46,1,6
888,5,1,23
888,64,0,29
888,0,0,25
888,59,1,22
888,57,1,26
888,6,1,29
888,17,1,27
888,7,1,6
888,37,0,33
888,53,1,17
888,55,0,32
888,39,0,26
888,4,0,36
888,32,0,25
888,47,1,38
888,71,1,24
888,25,1,21
888,20,0,21
888,65,1,27
888,13,1,17
888,68,1,33
889,56,1,34
889,31,0,22
889,44,0,43
889,31,1,37
889,13,1,24
889,16,0,49
889,41,1,52
889,51,0,42
889,25,0,33
889,7,1,30
889,59,1,32
889,2,1,19
889,38,0,50
889,25,0,49
889,5,1,34
889,63,1,44
889,3,1,23
889,58,1,55
889,66,0,30
889,13,1,47
889,14,0,24
889,56,1,22
889,27,1,85
889,59,1,56
889,8,0,43
889,56,1,34
889,8,1,36
889,65,1,42
889,62,1,46
889,71,1,37
889,15,1,50
889,68,1,29
889,36,1,39
889,55,1,57
889,9,1,39
889,38,1,44
889,68,1,42
889,33,1,12
889,15,1,24
889,69,1,32
889,52,1,76
889,59,0,54
889,45,0,26
889,60,1,43
889,15,1,33
889,56,0,36
889,53,1,17
889,46,0,41
889,49,1,51
889,50,1,73
889,15,1,48
889,33,1,44
889,51,0,34
889,67,1,23
889,13,1,19
889,22,1,12
889,43,0,46
889,10,0,42
889,68,0,35
889,39,0,56
889,32,0,38
889,5,1,59
889,52,1,53
889,60,1,55
889,20,0,60
889,52,1,35
889,47,1,65
889,39,1,54
889,13,1,38
889,7,1,27
889,27,0,24
889,54,1,33
890,69,0,40
890,28,0,37
890,34,1,27
890,42,0,45
890,41,1,53
890,56,0,55
890,15,1,55
890,66,0,60
890,21,1,26
890,45,0,37
890,66,0,62
890,55,0,49
890,11,0,33
890,31,0,39
890,22,0,47
890,36,1,59
890,45,0,35
890,53,1,40
890,60,1,45
890,55,0,54
890,43,0,45
890,18,0,19
890,52,0,50
890,14,0,58
890,50,0,50
890,37,0,45
890,34,1,39
890,3,0,49
890,40,0,26
890,21,1,39
890,69,1,31
890,56,1,44
890,20,0,43
890,5,1,48
890,67,1,34
890,68,0,44
890,1,0,47
890,22,1,36
890,22,0,52
890,49,1,26
890,47,0,27
890,42,1,50
890,15,1,40
890,53,0,33
890,11,0,24
890,11,0,30
890,26,1,42
890,3,0,40
890,0,1,39
890,70,0,37
890,26,1,53
890,28,1,39
890,17,1,40
890,51,0,75
890,65,0,60
890,43,0,42
890,3,1,47
890,68,1,28
890,3,0,37
890,69,1,33
890,9,0,43
890,62,0,47
890,69,0,48
890,65,0,63
890,14,0,51
890,59,1,22
890,54,1,31
890,25,1,41
890,31,0,58
890,62,1,46
890,63,1,44
890,60,0,47
891,34,0,52
891,10,1,51
891,54,1,23
891,1,1,61
891,41,1,24
891,44,0,60
891,0,0,12
891,17,1,52
891,63,1,31
891,3,1,30
891,29,0,24
891,47,1,22
891,11,1,45
891,23,1,62
891,49,0,59
891,10,0,50
891,0,1,44
891,56,0,38
891,57,1,55
891,4,0,42
891,7,1,9
891,0,0,34
891,58,1,49
891,15,1,18
891,17,1,30
891,14,0,48
891,14,0,25
891,48,1,27
891,34,0,53
891,51,1,39
891,22,1,13
891,48,0,65
891,53,1,42
891,41,1,45
891,35,1,14
891,46,0,22
891,18,1,69
891,58,1,31
891,59,1,30
891,16,1,46
891,45,1,18
891,38,1,25
891,58,0,70
891,20,0,44
891,4,0,37
891,1,1,63
891,15,0,32
891,40,0,48
891,1,0,62
891,71,1,48
891,55,1,28
891,15,0,28
891,18,1,53
891,50,0,37
891,0,1,32
891,40,0,54
891,38,1,43
891,51,1,18
891,65,0,56
891,32,1,21
891,60,0,52
891,40,1,37
891,49,1,30
891,68,0,38
891,71,0,63
891,59,0,65
891,15,0,28
891,39,0,41
891,50,0,38
891,40,0,48
891,7,1,58
891,7,1,52
892,31,1,35
892,7,1,24
892,60,1,42
892,54,1,44
892,44,1,26
892,37,1,27
892,37,1,19
892,37,0,37
892,48,1,36
892,34,1,35
892,70,1,50
892,58,1,33
892,15,1,38
892,5,1,23
892,6,1,26
892,39,0,22
892,16,1,56
892,56,1,31
892,36,0,38
892,33,0,35
892,6,1,34
892,28,1,21
892,30,1,5
892,61,1,47
892,40,0,38
892,61,1,34
892,3,1,46
892,5,0,42
892,9,1,30
892,28,0,14
892,13,1,18
892,37,0,10
892,45,1,27
892,17,1,33
892,7,1,44
892,6,0,48
892,30,1,35
892,39,0,38
892,29,1,20
892,8,1,46
892,40,1,32
892,15,1,33
892,71,0,34
892,15,1,14
892,30,1,27
892,22,0,20
892,0,1,28
892,51,1,43
892,21,1,21
892,54,1,20
892,63,1,5
892,64,1,35
892,7,1,32
892,10,1,29
892,38,1,40
892,54,1,33
892,7,1,5
892,65,1,22
892,59,1,15
892,53,1,41
892,65,1,38
892,18,0,33
892,14,1,56
892,53,0,18
892,32,1,8
892,64,0,25
892,47,1,25
892,34,1,19
892,2,1,14
892,66,1,19
892,60,1,27
892,0,1,38
893,42,1,17
893,25,0,37
893,40,1,18
893,16,0,12
893,28,1,19
893,52,1,24
893,33,1,41
893,27,1,36
893,69,0,7
893,13,0,28
893,67,1,39
893,11,1,38
893,39,1,22
893,34,1,41
893,46,1,21
893,1,0,25
893,9,1,5
893,5,0,20
893,26,0,20
893,35,1,38
893,42,0,19
893,37,1,11
893,31,1,37
893,10,0,5
893,13,1,26
893,58,1,21
893,41,1,23
893,57,1,20
893,2,0,27
893,52,1,34
893,23,0,34
893,63,0,28
893,67,1,53
893,18,0,27
893,66,1,12
893,37,1,13
893,31,1,35
893,6,1,30
893,54,0,24
893,25,1,16
893,23,0,19
893,46,1,26
893,71,1,21
893,27,1,26
893,34,0,21
893,7,0,25
893,63,1,15
893,60,1,34
893,0,0,27
893,22,1,12
893,5,1,30
893,32,1,43
893,21,0,33
893,24,1,5
893,29,1,28
893,5,0,23
893,14,0,33
893,25,1,23
893,26,0,36
893,57,0,28
893,69,1,12
893,65,1,23
893,51,0,50
893,36,1,24
893,69,1,41
893,3,0,17
893,50,0,25
893,43,0,26
893,57,1,34
893,44,1,36
893,22,1,43
893,15,0,15
894,67,0,13
894,27,0,11
894,69,0,16
894,40,1,22
894,39,1,35
894,33,1,35
894,56,1,39
894,66,1,36
894,71,1,50
894,22,1,44
894,61,1,33
894,18,0,19
894,44,0,26
894,28,1,41
894,7,1,48
894,17,1,49
894,14,0,33
894,15,1,45
894,29,1,32
894,39,1,23
894,47,1,32
894,31,0,34
894,52,1,33
894,4,0,25
894,35,1,19
894,43,1,20
894,50,1,12
894,38,1,7
894,62,1,30
894,47,1,33
894,42,1,36
894,53,0,27
894,61,1,26
894,10,0,15
894,64,1,44
894,69,1,29
894,1,1,43
894,31,0,30
894,15,1,28
894,27,0,22
894,43,1,31
894,41,0,37
894,4,1,32
894,18,1,21
894,40,1,30
894,66,1,17
894,5,1,21
894,7,1,18
894,36,1,27
894,48,1,41
894,43,1,28
894,62,0,15
894,19,1,21
894,60,1,30
894,52,1,30
894,45,1,29
894,50,0,36
894,64,0,32
894,37,1,26
894,71,0,23
894,16,1,41
894,35,1,31
894,16,1,20
894,2,1,45
894,30,1,27
894,6,1,40
894,31,1,20
894,63,1,29
894,66,1,33
894,61,1,16
894,10,0,29
894,58,1,32
895,58,1,40
895,10,0,43
895,5,1,44
895,27,0,33
895,55,1,44
895,61,1,60
895,39,0,35
895,3,0,33
895,55,0,56
895,7,0,31
895,25,1,51
895,55,0,43
895,8,1,50
895,4,0,54
895,49,1,24
895,33,0,65
895,7,0,51
895,5,0,52
895,9,1,33
895,39,0,65
895,7,1,20
895,8,0,31
895,6,0,25
895,8,0,50
895,24,0,37
895,58,0,39
895,71,0,19
895,62,1,29
895,43,0,30
895,16,0,10
895,13,1,49
895,54,1,50
895,0,0,57
895,30,1,56
895,28,0,42
895,9,0,23
895,50,0,25
895,1,0,70
895,10,1,36
895,29,0,38
895,46,0,41
895,33,0,61
895,35,0,19
895,32,1,56
895,48,1,54
895,29,1,34
895,59,0,29
895,55,0,50
895,1,0,44
895,29,1,46
895,60,1,66
895,48,0,5
895,53,0,45
895,10,0,40
895,48,0,30
895,55,0,21
895,14,0,30
895,2,0,47
895,25,0,24
895,24,0,30
895,59,0,37
895,2,0,49
895,10,0,45
895,19,0,45
895,34,1,27
895,62,0,57
895,11,1,32
895,66,1,51
895,15,0,29
895,43,0,55
895,39,0,31
895,70,1,60
896,9,0,29
896,4,0,10
896,68,1,17
896,46,0,28
896,64,1,21
896,10,1,42
896,40,0,23
896,8,0,55
896,45,0,25
896,7,1,25
896,2,1,38
896,22,1,25
896,35,1,38
896,39,1,31
896,47,1,36
896,2,0,29
896,10,0,34
896,51,1,27
896,24,1,15
896,52,1,28
896,44,0,30
896,25,1,49
896,59,0,41
896,54,1,47
896,68,1,19
896,38,1,24
896,40,1,36
896,12,1,15
896,30,1,37
896,64,1,30
896,53,0,34
896,17,1,21
896,64,1,27
896,30,1,26
896,9,0,35
896,45,1,36
896,57,1,47
896,2,1,25
896,3,0,30
896,31,0,33
896,60,1,35
896,41,0,34
896,35,1,15
896,30,1,23
896,62,1,29
896,60,1,34
896,22,1,52
896,52,1,45
896,49,1,33
896,66,1,20
896,30,1,40
896,43,0,30
896,25,1,29
896,66,0,40
896,43,0,15
896,10,1,26
896,6,1,51
896,61,1,12
896,53,0,40
896,49,0,36
896,70,1,21
896,21,0,29
896,45,1,50
896,14,1,24
896,27,1,30
896,27,1,28
896,66,1,34
896,20,0,26
896,0,1,33
896,17,1,33
896,21,1,30
896,62,1,10
897,4,1,32
897,34,0,43
897,5,1,36
897,61,1,49
897,13,0,40
897,43,0,45
897,28,0,32
897,7,1,15
897,47,1,33
897,66,1,34
897,41,1,29
897,27,0,53
897,47,1,41
897,39,1,31
897,55,1,28
897,1,0,37
897,64,0,26
897,0,1,64
897,46,0,59
897,16,1,56
897,37,1,31
897,25,1,49
897,8,0,50
897,52,1,43
897,57,0,62
897,47,0,29
897,68,1,39
897,42,1,64
897,56,1,45
897,3,0,55
897,56,0,52
897,63,1,61
897,59,1,44
897,5,1,32
897,69,0,39
897,1,0,18
897,44,0,41
897,69,0,36
897,5,1,61
897,14,1,50
897,47,0,81
897,23,0,34
897,48,0,66
897,62,1,49
897,53,1,34
897,0,1,52
897,8,1,55
897,64,1,61
897,0,0,26
897,11,1,38
897,20,0,52
897,35,1,45
897,5,1,47
897,29,1,75
897,34,0,43
897,45,1,27
897,39,0,55
897,0,0,39
897,12,1,15
897,14,1,32
897,20,0,41
897,61,1,36
897,36,1,5
897,24,1,40
897,48,1,41
897,58,0,26
897,63,1,31
897,13,0,33
897,43,0,12
897,71,0,56
897,41,1,53
897,12,1,52
898,28,1,29
898,29,0,60
898,52,1,42
898,47,0,40
898,14,0,41
898,68,0,59
898,62,0,42
898,58,0,59
898,28,1,48
898,25,0,37
898,48,0,42
898,40,1,50
898,12,0,57
898,37,0,57
898,8,1,47
898,48,1,64
898,14,1,66
898,5,1,55
898,71,0,37
898,41,1,70
898,53,0,46
898,67,1,49
898,59,1,17
898,56,0,58
898,50,0,69
898,7,1,52
898,58,1,37
898,34,0,39
898,39,0,44
898,31,0,46
898,68,0,75
898,52,1,39
898,3,0,14
898,44,0,55
898,20,0,44
898,68,0,33
898,11,1,27
898,11,0,31
898,27,0,72
898,54,0,51
898,8,1,24
898,6,1,33
898,59,0,31
898,17,1,60
898,61,1,48
898,39,1,42
898,40,0,57
898,64,1,54
898,18,0,61
898,47,0,39
898,66,1,51
898,0,1,44
898,64,0,70
898,56,0,54
898,29,1,56
898,47,1,48
898,10,0,21
898,36,1,66
898,20,1,28
898,42,1,66
898,63,0,59
898,9,0,19
898,2,1,36
898,57,1,50
898,59,0,83
898,69,0,29
898,67,1,56
898,13,1,78
898,24,0,38
898,9,0,56
898,4,0,55
898,12,0,46
899,7,0,49
899,7,0,77
899,31,0,57
899,71,0,65
899,7,1,67
899,1,0,79
899,44,0,91
899,23,0,70
899,57,0,60
899,19,0,68
899,35,1,60
899,5,1,100
899,49,0,46
899,8,0,41
899,49,0,32
899,68,0,81
899,3,0,69
899,58,0,31
899,37,1,88
899,69,0,14
899,62,0,41
899,28,0,84
899,21,0,49
899,43,0,44
899,44,0,103
899,18,0,52
899,65,1,95
899,69,0,58
899,8,0,71
899,7,0,42
899,52,0,71
899,59,1,52
899,45,0,63
899,21,0,52
899,51,0,104
899,3,0,71
899,55,1,66
899,17,0,57
899,39,0,43
899,14,0,100
899,68,0,41
899,53,0,48
899,69,0,71
899,38,0,53
899,55,1,39
899,39,0,65
899,41,0,66
899,30,0,62
899,41,0,38
899,59,1,61
899,15,1,61
899,59,0,83
899,1,1,48
899,55,0,19
899,57,0,58
899,13,0,71
899,68,0,76
899,48,1,45
899,28,0,95
899,0,0,44
899,2,0,61
899,71,0,80
899,46,0,58
899,60,0,65
899,47,0,46
899,10,0,37
899,24,0,63
899,28,0,57
899,10,0,40
899,23,1,97
899,42,0,46
899,58,0,38
900,45,0,37
900,69,1,39
900,9,1,42
900,58,1,5
900,59,0,53
900,32,0,42
900,16,0,57
900,28,1,54
900,71,0,32
900,60,1,26
900,16,0,60
900,48,0,24
900,39,0,33
900,56,0,37
900,38,1,34
900,25,0,56
900,57,1,21
900,26,1,38
900,31,0,39
900,8,0,35
900,30,1,66
900,3,0,72
900,40,0,50
900,32,0,37
900,8,0,44
900,54,1,80
900,5,1,33
900,33,0,16
900,32,0,45
900,53,0,47
900,58,1,28
900,6,0,34
900,31,1,33
900,59,0,38
900,45,0,63
900,39,1,36
900,43,0,37
900,32,1,60
900,62,0,36
900,24,0,45
900,2,1,46
900,23,1,56
900,24,0,34
900,22,1,44
900,32,0,28
900,31,0,36
900,68,0,42
900,17,0,41
900,44,1,16
900,18,0,14
900,11,1,17
900,29,1,28
900,4,0,57
900,21,0,18
900,70,1,26
900,68,1,56
900,30,0,64
900,3,1,38
900,45,0,48
900,46,0,46
900,1,1,50
900,56,0,65
900,66,0,75
900,46,1,39
900,51,1,32
900,10,0,37
900,7,1,65
900,15,0,40
900,8,1,44
900,11,1,37
900,51,0,59
900,13,1,16
901,30,1,36
901,45,0,26
901,28,1,30
901,39,1,17
901,52,1,28
901,69,1,35
901,42,1,32
901,62,0,32
901,54,1,22
901,14,0,27
901,38,1,25
901,32,1,25
901,53,0,30
901,8,1,29
901,34,1,35
901,64,1,36
901,59,1,16
901,54,1,18
901,13,1,37
901,56,1,26
901,52,1,31
901,38,0,41
901,26,1,5
901,14,0,25
901,7,0,34
901,2,0,18
901,46,0,25
901,55,0,17
901,13,1,25
901,21,1,11
901,67,1,55
901,70,1,14
901,68,1,38
901,6,0,41
901,52,1,33
901,45,0,24
901,10,0,25
901,8,0,28
901,18,0,34
901,41,1,19
901,61,1,27
901,54,0,47
901,49,1,47
901,60,1,41
901,12,1,39
901,32,1,31
901,13,1,38
901,52,1,34
901,51,1,11
901,32,1,19
901,44,0,39
901,65,1,18
901,52,0,31
901,22,1,33
901,28,1,23
901,11,1,22
901,48,1,11
901,1,1,19
901,68,1,15
901,55,1,34
901,16,1,34
901,58,1,46
901,52,1,32
901,9,1,29
901,31,0,28
901,71,0,46
901,47,1,23
901,59,1,38
901,58,1,48
901,38,1,44
901,7,1,19
901,20,1,32
902,0,1,41
902,47,1,42
902,45,0,24
902,38,1,14
902,33,1,31
902,54,0,47
902,65,1,62
902,44,0,55
902,56,1,44
902,53,0,45
902,59,0,33
902,67,0,34
902,23,0,54
902,57,0,44
902,55,1,44
902,8,1,36
902,1,1,24
902,27,1,68
902,44,0,31
902,14,1,28
902,15,0,83
902,34,0,36
902,29,0,30
902,28,0,64
902,57,0,70
902,11,1,43
902,0,1,65
902,64,0,44
902,10,1,43
902,19,1,25
902,71,1,32
902,26,0,70
902,56,1,35
902,32,0,52
902,26,0,45
902,11,0,51
902,71,1,33
902,8,0,52
902,13,1,64
902,47,1,39
902,52,0,29
902,6,0,65
902,48,0,39
902,10,0,59
902,1,1,19
902,28,1,55
902,31,0,47
902,8,1,50
902,46,0,54
902,52,0,54
902,56,0,37
902,30,1,56
902,9,0,41
902,48,0,60
902,40,0,26
902,42,1,38
902,21,1,49
902,27,1,26
902,59,0,34
902,37,0,56
902,36,1,36
902,40,0,43
902,22,1,43
902,3,0,33
902,49,0,61
902,39,0,46
902,41,0,28
902,55,1,61
902,47,1,49
902,64,0,44
902,54,1,46
902,71,0,64
903,14,0,31
903,32,0,57
903,27,0,37
903,13,0,44
903,20,0,59
903,52,1,33
903,44,1,44
903,68,1,35
903,39,1,47
903,25,1,58
903,33,0,63
903,69,0,25
903,0,1,32
903,62,1,33
903,19,0,31
903,33,0,30
903,13,1,56
903,59,1,27
903,64,1,70
903,28,1,57
903,31,1,35
903,62,1,29
903,5,0,43
903,49,0,39
903,0,0,38
903,67,0,34
903,51,0,57
903,11,0,33
903,4,1,53
903,23,1,45
903,9,1,26
903,50,1,38
903,60,1,39
903,59,0,23
903,62,0,61
903,37,1,41
903,71,0,68
903,36,1,61
903,26,1,43
903,23,0,45
903,32,0,50
903,55,1,37
903,66,1,43
903,61,0,49
903,15,1,66
903,55,1,18
903,2,0,34
903,30,0,43
903,29,1,52
903,21,1,51
903,23,1,36
903,71,1,42
903,54,0,59
903,22,0,46
903,10,0,78
903,53,0,32
903,36,1,25
903,36,1,26
903,49,0,33
903,67,1,37
903,66,0,26
903,6,0,78
903,51,1,44
903,29,0,43
903,68,1,36
903,69,0,49
903,70,1,24
903,69,1,15
903,70,0,37
903,33,1,28
903,61,1,14
903,68,0,55
904,62,0,58
904,69,1,14
904,11,1,30
904,45,0,32
904,40,1,16
904,38,1,84
904,56,1,49
904,66,0,45
904,4,0,85
904,35,0,59
904,53,1,46
904,5,1,76
904,27,0,51
904,13,1,27
904,13,1,55
904,31,0,40
904,19,0,70
904,63,0,38
904,36,1,40
904,71,0,54
904,46,1,35
904,6,1,28
904,53,1,36
904,23,0,56
904,69,0,37
904,51,0,50
904,23,0,56
904,66,1,28
904,52,1,50
904,5,1,37
904,39,0,33
904,11,1,50
904,35,1,61
904,59,1,54
904,34,0,51
904,49,1,45
904,64,1,64
904,15,1,50
904,61,1,27
904,48,0,31
904,15,1,44
904,60,1,58
904,46,1,62
904,31,0,55
904,70,0,35
904,35,1,37
904,8,0,26
904,57,0,54
904,31,0,22
904,40,0,82
904,49,1,51
904,35,0,35
904,69,1,35
904,48,0,57
904,22,1,63
904,36,0,51
904,56,0,53
904,39,1,24
904,13,0,53
904,51,0,53
904,38,1,27
904,2,1,42
904,28,0,26
904,20,0,25
904,2,1,38
904,25,1,40
904,68,1,38
904,24,0,51
904,27,0,79
904,27,1,46
904,51,0,63
904,10,0,59
905,31,0,47
905,27,1,18
905,56,0,13
905,1,1,29
905,65,0,36
905,12,0,19
905,47,1,17
905,35,1,12
905,23,1,12
905,49,1,32
905,19,1,38
905,71,1,18
905,30,1,22
905,62,0,37
905,60,1,25
905,7,0,10
905,11,0,29
905,24,0,23
905,13,1,29
905,23,0,39
905,25,0,5
905,11,1,25
905,36,0,26
905,35,1,22
905,12,0,16
905,8,0,37
905,33,0,22
905,0,0,17
905,53,0,13
905,16,0,25
905,7,0,30
905,10,1,10
905,57,0,10
905,20,1,16
905,8,0,26
905,67,0,26
905,50,0,18
905,39,0,11
905,65,1,20
905,25,0,27
905,62,0,5
905,38,1,21
905,14,1,42
905,2,0,31
905,25,1,14
905,45,1,29
905,12,0,21
905,36,1,49
905,68,1,21
905,58,1,5
905,12,0,20
905,24,0,33
905,11,0,28
905,38,1,33
905,6,0,30
905,37,1,14
905,34,1,18
905,17,1,20
905,66,1,27
905,51,0,18
905,31,0,22
905,0,0,43
905,29,1,29
905,12,0,10
905,18,0,26
905,15,0,16
905,5,1,27
905,67,1,34
905,47,0,29
905,1,0,26
905,57,0,28
905,24,1,40
906,67,0,73
906,50,0,85
906,43,0,41
906,33,0,102
906,10,0,55
906,58,0,84
906,19,1,22
906,17,0,60
906,23,0,50
906,19,0,99
906,35,1,72
906,45,0,67
906,38,0,24
906,21,0,67
906,44,0,56
906,61,1,48
906,6,1,28
906,17,0,71
906,49,1,66
906,71,0,76
906,57,0,22
906,35,0,22
906,67,0,75
906,46,0,46
906,11,0,73
906,71,0,69
906,43,0,61
906,69,0,48
906,35,1,54
906,13,1,76
906,28,1,102
906,9,0,54
906,64,0,29
906,13,1,58
906,13,0,67
906,19,0,70
906,32,0,69
906,62,0,86
906,68,1,73
906,28,0,63
906,44,0,70
906,2,0,56
906,13,0,91
906,24,0,44
906,62,0,57
906,50,0,43
906,45,0,73
906,22,0,66
906,4,0,60
906,20,1,34
906,35,1,61
906,59,0,38
906,17,0,58
906,27,0,36
906,6,1,34
906,27,0,64
906,9,0,77
906,58,1,59
906,23,0,57
906,5,1,35
906,8,0,77
906,66,0,76
906,52,1,52
906,66,0,57
906,0,1,59
906,34,1,57
906,26,0,84
906,24,0,68
906,71,0,46
906,44,0,89
906,47,0,33
906,33,0,49
907,41,0,62
907,55,0,55
907,44,0,59
907,43,0,79
907,6,1,76
907,19,0,60
907,39,0,71
907,36,1,94
907,1,1,27
907,21,0,62
907,0,0,71
907,43,0,85
907,66,0,70
907,61,0,103
907,47,0,37
907,26,0,63
907,14,0,50
907,64,0,70
907,47,1,81
907,24,1,60
907,49,0,42
907,24,1,75
907,36,0,36
907,0,0,47
907,4,0,82
907,20,0,36
907,16,1,69
907,2,1,56
907,47,0,50
907,0,1,64
907,0,0,40
907,24,0,75
907,29,0,66
907,47,0,36
907,24,0,69
907,26,0,61
907,62,0,56
907,53,0,59
907,44,0,50
907,49,0,47
907,66,0,55
907,4,0,49
907,49,0,35
907,57,1,64
907,65,1,88
907,27,0,101
907,43,0,69
907,61,1,54
907,3,0,62
907,71,0,65
907,48,0,61
907,44,0,91
907,52,0,79
907,13,1,64
907,71,0,71
907,15,0,51
907,35,1,25
907,19,1,51
907,38,1,63
907,50,0,102
907,8,1,71
907,18,0,76
907,60,0,59
907,63,0,70
907,10,0,53
907,66,1,64
907,2,0,14
907,19,0,61
907,19,1,75
907,71,0,64
907,49,1,78
907,37,0,67
908,21,0,48
908,45,0,25
908,14,1,33
908,29,0,45
908,42,1,54
908,61,0,73
908,21,0,43
908,51,0,43
908,7,1,51
908,52,0,74
908,64,1,38
908,27,1,56
908,48,1,27
908,32,0,62
908,61,1,26
908,52,1,63
908,48,1,27
908,41,1,41
908,69,0,20
908,60,1,41
908,42,0,72
908,3,0,46
908,49,1,47
908,53,0,21
908,35,0,60
908,30,1,82
908,34,0,22
908,33,0,55
908,66,0,28
908,21,1,46
908,38,1,18
908,21,0,40
908,58,1,54
908,1,0,32
908,19,1,35
908,27,0,33
908,30,1,41
908,60,1,39
908,34,0,49
908,47,0,46
908,53,1,49
908,70,1,56
908,37,1,48
908,12,1,32
908,10,1,24
908,47,1,67
908,41,0,67
908,6,0,39
908,24,0,75
908,34,1,33
908,25,1,34
908,62,0,56
908,29,1,46
908,13,0,72
908,21,1,29
908,43,1,34
908,11,1,51
908,71,0,54
908,71,1,52
908,44,1,52
908,6,0,46
908,71,0,66
908,70,0,25
908,33,0,45
908,36,0,49
908,67,0,62
908,23,1,56
908,62,0,21
908,17,0,55
908,3,0,20
908,32,1,68
908,23,1,64
909,54,0,94
909,3,0,31
909,17,0,73
909,66,1,48
909,8,0,41
909,20,0,67
909,29,0,73
909,4,0,61
909,33,0,40
909,38,0,78
909,37,0,78
909,64,1,80
909,56,0,52
909,49,0,40
909,8,0,55
909,22,0,48
909,23,0,77
909,24,0,91
909,17,1,27
909,36,0,57
909,32,0,80
909,30,1,59
909,29,1,47
909,42,0,34
909,23,0,26
909,55,0,53
909,51,0,50
909,34,0,46
909,40,0,38
909,38,1,62
909,7,0,44
909,31,1,57
909,40,0,50
909,24,1,25
909,24,0,75
909,57,0,61
909,23,0,111
909,41,1,64
909,58,0,57
909,25,0,85
909,26,1,78
909,18,0,67
909,59,0,33
909,63,0,77
909,62,0,67
909,60,1,57
909,5,0,55
909,32,0,47
909,26,0,66
909,69,0,58
909,30,0,80
909,66,0,42
909,65,1,69
909,49,0,73
909,0,1,66
909,4,0,77
909,0,0,65
909,37,0,76
909,4,0,83
909,25,1,52
909,22,1,57
909,67,0,90
909,55,0,42
909,64,0,63
909,33,0,47
909,15,0,36
909,5,1,59
909,36,1,80
909,35,1,47
909,5,1,58
909,64,0,66
909,57,1,74
910,34,1,36
910,38,0,24
910,54,0,22
910,12,0,21
910,19,1,35
910,48,0,19
910,52,1,5
910,43,0,13
910,23,1,16
910,26,0,33
910,64,0,41
910,47,0,15
910,43,1,15
910,16,0,29
910,45,0,23
910,64,1,40
910,43,0,43
910,26,1,28
910,48,1,19
910,39,1,7
910,20,1,11
910,53,0,5
910,61,1,26
910,33,0,21
910,47,0,34
910,1,1,28
910,69,0,14
910,38,0,13
910,3,0,34
910,63,0,22
910,37,1,16
910,62,0,9
910,13,0,9
910,5,1,29
910,14,0,42
910,38,1,29
910,64,1,25
910,13,1,26
910,33,0,28
910,32,0,17
910,36,1,15
910,52,0,33
910,39,0,50
910,44,0,32
910,51,1,24
910,2,1,17
910,60,1,23
910,58,0,30
910,16,0,45
910,49,1,21
910,39,0,16
910,17,1,28
910,43,0,7
910,7,0,36
910,25,0,43
910,12,0,20
910,9,1,15
910,20,0,25
910,14,0,20
910,44,0,35
910,18,1,42
910,19,0,8
910,60,0,12
910,3,1,29
910,60,1,11
910,59,1,17
910,54,0,25
910,51,0,33
910,65,1,24
910,28,1,30
910,62,1,15
910,58,1,30
911,35,1,35
911,68,1,27
911,24,1,28
911,29,1,25
911,65,1,24
911,47,1,15
911,56,1,48
911,1,1,48
911,39,1,30
911,16,1,27
911,16,1,28
911,71,1,33
911,45,0,34
911,16,0,34
911,11,1,41
911,7,1,31
911,0,1,42
911,63,1,18
911,38,1,23
911,36,1,19
911,66,1,23
911,71,1,39
911,45,1,25
911,21,1,27
911,3,1,23
911,30,1,30
911,8,1,41
911,36,1,39
911,16,1,38
911,52,1,48
911,6,1,35
911,68,1,37
911,6,1,17
911,44,1,36
911,20,1,42
911,41,1,13
911,58,1,32
911,40,1,26
911,65,1,40
911,26,1,43
911,29,1,19
911,6,1,29
911,2,1,32
911,59,1,26
911,64,1,36
911,32,1,53
911,26,1,23
911,5,1,17
911,42,1,22
911,11,1,12
911,45,0,18
911,57,1,43
911,3,1,45
911,4,1,41
911,21,0,25
911,12,1,17
911,33,1,28
911,65,1,25
911,59,1,37
911,0,1,26
911,4,0,30
911,44,1,22
911,32,0,15
911,41,1,6
911,15,1,21
911,16,1,23
911,62,1,33
911,12,1,28
911,34,1,25
911,67,1,37
911,34,0,32
911,60,1,23
912,46,1,19
912,3,1,32
912,29,0,24
912,25,1,32
912,40,0,22
912,36,1,15
912,26,1,29
912,66,1,5
912,5,1,20
912,8,1,24
912,39,1,27
912,32,0,32
912,25,0,36
912,70,1,19
912,7,0,25
912,6,1,14
912,43,0,26
912,55,1,26
912,32,0,42
912,5,1,31
912,3,1,15
912,16,0,23
912,65,1,33
912,36,1,36
912,21,1,10
912,59,1,42
912,26,0,22
912,58,0,15
912,38,0,32
912,69,0,14
912,43,0,19
912,40,1,43
912,70,1,6
912,33,1,32
912,11,0,32
912,56,1,43
912,49,1,14
912,31,1,5
912,27,0,38
912,37,0,19
912,20,0,32
912,23,0,24
912,22,0,36
912,21,1,14
912,0,1,43
912,62,0,27
912,29,1,27
912,21,0,32
912,33,0,28
912,3,0,31
912,33,0,16
912,53,1,23
912,2,0,20
912,41,1,18
912,4,0,35
912,29,0,24
912,66,0,22
912,57,1,34
912,42,1,6
912,11,1,17
912,34,0,34
912,42,1,5
912,23,1,37
912,61,0,29
912,57,1,29
912,0,1,35
912,33,0,29
912,60,1,24
912,43,0,17
912,59,1,28
912,15,1,37
912,46,0,25
913,13,1,32
913,1,1,22
913,45,0,15
913,13,0,17
913,58,1,28
913,65,1,36
913,15,1,30
913,33,1,15
913,12,0,29
913,40,0,30
913,32,1,21
913,18,0,14
913,18,0,21
913,51,1,34
913,28,1,25
913,28,1,43
913,42,0,29
913,60,1,31
913,63,0,5
913,22,0,49
913,58,0,11
913,64,1,30
913,33,0,12
913,67,1,26
913,30,1,16
913,44,0,30
913,42,1,17
913,34,0,30
913,13,0,19
913,29,1,17
913,39,0,36
913,68,1,17
913,23,0,43
913,68,1,41
913,62,0,28
913,36,0,40
913,53,1,21
913,48,0,35
913,19,1,6
913,12,1,15
913,38,1,15
913,62,0,15
913,33,0,22
913,66,1,20
913,16,1,20
913,39,1,15
913,18,1,26
913,54,1,27
913,12,1,28
913,20,0,30
913,70,1,29
913,41,0,17
913,3,0,19
913,55,0,21
913,10,1,16
913,61,1,17
913,55,1,23
913,6,1,34
913,40,0,28
913,23,0,45
913,52,0,13
913,71,1,27
913,65,1,25
913,1,0,31
913,40,1,24
913,4,0,28
913,13,1,9
913,68,1,26
913,12,1,13
913,29,0,14
913,1,1,32
913,41,0,22
914,48,0,36
914,4,0,42
914,28,1,50
914,37,1,45
914,11,1,27
914,37,1,45
914,5,1,43
914,18,0,46
914,7,1,61
914,57,0,26
914,37,0,36
914,66,0,48
914,22,1,42
914,60,1,42
914,49,1,37
914,17,1,41
914,56,1,64
914,34,0,32
914,30,1,41
914,5,1,45
914,15,0,59
914,16,0,22
914,54,0,59
914,52,1,27
914,31,0,49
914,12,0,33
914,59,1,51
914,59,1,25
914,66,1,61
914,35,1,58
914,24,1,41
914,43,0,55
914,37,1,35
914,34,1,86
914,12,1,42
914,66,0,23
914,4,1,17
914,62,0,75
914,32,0,42
914,56,1,54
914,34,0,58
914,51,1,55
914,7,0,39
914,22,1,64
914,46,1,43
914,43,0,29
914,57,0,62
914,3,1,13
914,29,1,67
914,68,1,35
914,29,0,53
914,2,0,52
914,32,0,52
914,6,0,62
914,26,0,61
914,49,1,34
914,20,0,52
914,15,1,30
914,55,1,35
914,5,1,54
914,27,1,49
914,42,1,42
914,44,0,52
914,64,1,56
914,58,1,23
914,54,1,51
914,46,1,50
914,52,1,5
914,37,1,74
914,69,0,46
914,31,0,6
914,24,0,54
915,60,0,38
915,66,0,61
915,58,1,55
915,56,0,39
915,34,0,47
915,13,1,34
915,43,0,66
915,26,1,60
915,21,0,16
915,43,1,66
915,53,1,30
915,50,1,65
915,64,1,53
915,7,1,15
915,11,0,54
915,24,0,49
915,18,1,70
915,68,0,45
915,61,1,56
915,5,1,64
915,13,1,42
915,15,1,50
915,67,0,75
915,70,1,59
915,61,1,52
915,29,1,65
915,54,0,56
915,33,1,41
915,23,0,45
915,27,1,50
915,39,0,35
915,42,0,40
915,59,1,45
915,22,1,26
915,17,1,70
915,46,0,30
915,17,1,42
915,68,0,66
915,40,1,39
915,47,1,44
915,44,0,47
915,51,1,43
915,9,0,53
915,13,0,17
915,31,0,39
915,30,0,33
915,71,0,73
915,67,0,59
915,35,0,26
915,39,1,34
915,16,1,38
915,59,1,36
915,6,1,67
915,40,1,60
915,40,0,49
915,1,1,27
915,55,0,45
915,38,1,33
915,35,0,51
915,61,1,33
915,31,0,51
915,30,1,29
915,13,0,41
915,33,0,26
915,30,1,34
915,21,0,26
915,40,0,46
915,21,0,53
915,64,1,74
915,28,1,64
915,34,0,17
915,40,0,56
916,58,1,106
916,2,0,77
916,30,0,80
916,23,0,50
916,36,0,76
916,55,0,49
916,3,0,78
916,50,0,40
916,48,0,48
916,6,1,63
916,11,0,49
916,40,0,44
916,20,0,37
916,59,0,41
916,60,0,43
916,25,1,63
916,32,1,57
916,65,1,58
916,28,1,36
916,24,1,48
916,34,0,63
916,42,1,67
916,26,1,36
916,29,0,43
916,20,1,57
916,41,0,53
916,21,1,70
916,19,0,66
916,9,1,55
916,48,0,75
916,4,0,47
916,64,1,53
916,49,1,73
916,6,0,65
916,37,0,5
916,64,1,94
916,45,1,47
916,19,1,72
916,8,0,100
916,55,0,22
916,5,1,32
916,0,0,47
916,52,0,51
916,37,1,79
916,8,0,72
916,18,0,65
916,43,0,45
916,6,1,49
916,4,0,45
916,15,0,45
916,10,1,81
916,35,1,64
916,53,0,71
916,39,1,49
916,62,0,81
916,36,1,68
916,69,0,39
916,13,1,43
916,27,0,44
916,40,0,83
916,38,0,65
916,25,1,102
916,40,1,43
916,14,0,53
916,60,1,99
916,13,1,40
916,20,0,72
916,42,1,47
916,20,0,44
916,38,1,79
916,52,1,67
916,43,0,88
917,16,0,37
917,22,1,17
917,48,0,24
917,3,0,21
917,44,0,17
917,33,1,20
917,4,1,35
917,42,0,24
917,63,1,33
917,67,0,24
917,1,0,49
917,65,1,16
917,52,1,22
917,0,0,22
917,50,1,10
917,30,0,34
917,61,1,37
917,14,0,16
917,19,0,30
917,8,0,29
917,49,1,31
917,60,1,16
917,61,1,43
917,58,1,14
917,35,1,46
917,46,0,23
917,32,1,19
917,52,1,20
917,20,0,34
917,36,1,27
917,48,1,46
917,24,1,23
917,30,1,10
917,8,0,22
917,52,0,31
917,26,0,19
917,41,1,33
917,35,1,33
917,31,0,10
917,6,0,26
917,63,1,14
917,42,0,17
917,61,1,19
917,15,1,33
917,39,0,18
917,61,1,41
917,22,1,30
917,24,1,18
917,12,0,17
917,49,1,15
917,71,0,25
917,13,0,27
917,57,1,10
917,9,0,34
917,24,0,16
917,10,1,36
917,59,0,24
917,1,0,8
917,53,1,13
917,29,0,37
917,37,0,33
917,43,0,29
917,49,1,31
917,2,1,37
917,57,1,25
917,65,1,28
917,65,0,8
917,28,1,27
917,33,0,31
917,54,1,37
917,52,1,12
917,71,1,17
918,48,1,35
918,52,1,39
918,38,1,8
918,32,1,33
918,45,1,40
918,35,1,15
918,63,0,8
918,61,1,35
918,8,0,37
918,69,0,18
918,3,0,31
918,1,0,24
918,7,1,26
918,10,1,35
918,44,0,33
918,58,0,32
918,26,1,36
918,57,0,22
918,34,0,28
918,38,1,34
918,44,1,45
918,63,1,21
918,69,0,28
918,54,1,53
918,35,1,7
918,21,0,31
918,68,0,19
918,66,1,30
918,22,1,21
918,12,1,29
918,41,1,19
918,53,1,22
918,2,0,26
918,52,1,20
918,51,1,31
918,53,0,28
918,44,1,42
918,58,1,33
918,52,1,12
918,64,1,28
918,20,0,15
918,21,0,26
918,48,0,34
918,31,1,16
918,40,0,35
918,70,0,37
918,44,1,36
918,1,1,42
918,58,1,24
918,35,1,26
918,38,1,16
918,67,1,26
918,10,1,28
918,4,0,11
918,48,1,37
918,32,1,9
918,23,0,15
918,24,1,35
918,49,0,34
918,19,0,27
918,66,0,41
918,62,0,31
918,17,1,16
918,31,0,40
918,57,1,36
918,50,1,41
918,49,0,19
918,6,1,50
918,19,0,19
918,57,0,18
918,42,1,26
918,37,1,19
919,51,1,58
919,3,0,47
919,67,1,47
919,14,1,19
919,29,1,58
919,66,1,24
919,63,0,35
919,57,1,32
919,14,1,35
919,27,1,14
919,8,1,39
919,6,1,19
919,42,1,45
919,44,0,36
919,65,1,32
919,68,1,16
919,71,0,50
919,54,1,40
919,71,1,44
919,40,0,54
919,23,1,49
919,21,0,49
919,14,0,43
919,12,1,22
919,69,1,25
919,42,1,16
919,53,1,48
919,8,1,51
919,48,1,33
919,70,0,26
919,39,1,35
919,53,0,38
919,23,1,33
919,4,0,37
919,21,1,45
919,14,0,73
919,30,1,40
919,42,1,15
919,19,1,65
919,22,1,12
919,18,0,59
919,67,1,28
919,51,0,55
919,66,1,26
919,22,1,54
919,34,1,19
919,9,0,27
919,54,1,12
919,11,0,50
919,66,0,51
919,68,1,57
919,31,0,51
919,3,1,27
919,19,0,17
919,63,1,63
919,18,1,23
919,39,0,30
919,54,0,32
919,23,0,35
919,67,1,44
919,31,1,59
919,51,1,49
919,12,0,31
919,70,1,52
919,33,0,24
919,16,1,55
919,2,1,23
919,16,1,33
919,6,0,34
919,40,1,11
919,32,0,34
919,15,0,32
920,66,1,30
920,8,0,12
920,20,1,50
920,67,0,40
920,70,1,38
920,51,1,41
920,43,1,34
920,54,0,60
920,59,1,45
920,0,1,45
920,20,0,38
920,16,1,40
920,34,1,21
920,11,0,54
920,14,0,29
920,18,0,48
920,2,0,25
920,13,1,39
920,36,1,47
920,51,1,37
920,45,1,49
920,64,1,31
920,53,0,29
920,3,1,9
920,59,1,42
920,60,0,66
920,11,1,42
920,70,0,23
920,14,1,40
920,38,1,34
920,47,1,47
920,54,0,35
920,43,0,29
920,41,0,35
920,2,1,48
920,39,1,46
920,8,0,40
920,71,0,44
920,25,1,55
920,41,0,58
920,28,1,22
920,21,1,44
920,29,0,33
920,30,1,37
920,45,0,58
920,69,0,26
920,18,0,31
920,24,1,55
920,27,0,62
920,33,0,34
920,48,1,55
920,9,0,24
920,10,0,64
920,19,0,35
920,19,0,48
920,11,0,50
920,3,1,15
920,47,0,59
920,42,1,43
920,2,1,35
920,14,0,65
920,65,1,36
920,46,0,33
920,49,1,37
920,69,0,25
920,70,0,50
920,13,1,31
920,10,1,27
920,10,0,42
920,59,0,55
920,20,1,36
920,9,1,28
921,6,1,26
921,25,1,28
921,1,1,23
921,54,1,19
921,56,1,29
921,16,1,27
921,9,1,19
921,43,0,34
921,11,1,31
921,28,1,29
921,23,1,10
921,3,1,22
921,71,0,29
921,16,1,20
921,4,0,8
921,55,1,38
921,41,1,22
921,61,1,26
921,9,1,34
921,19,1,42
921,64,1,28
921,54,1,28
921,1,1,29
921,2,1,28
921,44,1,37
921,13,1,44
921,65,1,37
921,62,1,28
921,32,1,19
921,8,1,35
921,66,1,28
921,62,1,21
921,35,1,45
921,0,1,40
921,24,0,30
921,50,0,37
921,68,1,25
921,14,1,24
921,19,1,28
921,38,1,18
921,26,1,24
921,8,0,26
921,19,1,28
921,43,0,49
921,25,1,19
921,57,1,43
921,60,1,35
921,44,1,50
921,25,1,38
921,53,0,30
921,29,1,21
921,37,1,27
921,12,1,19
921,32,0,37
921,52,1,46
921,25,1,26
921,18,1,20
921,56,0,28
921,66,0,21
921,68,0,18
921,17,1,34
921,41,1,37
921,25,0,24
921,65,1,40
921,17,1,35
921,5,1,23
921,33,1,31
921,32,1,40
921,62,1,35
921,21,1,22
921,5,1,7
921,66,0,21
922,11,0,52
922,15,0,41
922,64,1,63
922,41,0,36
922,64,1,16
922,66,0,31
922,53,1,28
922,69,1,77
922,61,1,53
922,3,0,90
922,6,1,57
922,58,1,80
922,56,0,47
922,38,1,65
922,33,1,39
922,20,1,74
922,38,0,95
922,33,0,42
922,9,0,40
922,53,0,100
922,66,0,42
922,49,1,61
922,9,1,61
922,13,1,68
922,20,1,60
922,58,1,52
922,63,1,88
922,16,0,101
922,6,1,67
922,71,0,69
922,33,0,70
922,47,0,79
922,19,0,101
922,29,1,38
922,20,0,50
922,28,1,49
922,12,1,70
922,62,0,71
922,66,0,84
922,4,0,66
922,8,1,85
922,6,1,82
922,58,0,27
922,17,0,59
922,34,0,80
922,35,0,66
922,71,0,102
922,20,0,71
922,14,0,49
922,18,0,91
922,70,1,82
922,54,1,59
922,2,0,47
922,20,0,17
922,46,0,40
922,52,1,74
922,15,0,80
922,71,0,24
922,36,1,76
922,61,1,48
922,30,1,60
922,68,0,99
922,8,0,67
922,57,1,104
922,49,0,75
922,71,0,36
922,69,0,73
922,3,0,70
922,0,0,29
922,13,1,42
922,37,0,59
922,33,0,62
923,70,1,43
923,66,1,36
923,12,0,45
923,69,0,35
923,38,1,40
923,24,0,54
923,12,0,95
923,54,0,30
923,50,1,45
923,68,1,44
923,4,0,39
923,2,1,31
923,31,0,50
923,70,1,34
923,23,1,52
923,67,0,39
923,13,0,31
923,1,0,63
923,29,1,33
923,16,0,32
923,31,0,52
923,68,1,43
923,61,0,43
923,2,1,53
923,3,1,36
923,17,0,39
923,45,1,44
923,60,1,50
923,48,1,30
923,1,0,12
923,25,1,32
923,34,1,48
923,0,0,42
923,18,0,34
923,13,1,43
923,65,0,58
923,63,1,48
923,36,1,35
923,20,0,46
923,25,1,32
923,46,0,37
923,24,0,24
923,42,1,60
923,67,1,23
923,68,1,53
923,12,1,5
923,16,0,58
923,19,1,65
923,12,1,42
923,4,1,16
923,25,1,67
923,38,1,29
923,44,0,23
923,2,1,31
923,20,0,24
923,12,1,29
923,0,0,28
923,42,1,38
923,57,1,6
923,32,0,40
923,33,1,54
923,30,0,63
923,31,1,39
923,55,1,65
923,48,0,52
923,60,1,10
923,32,1,73
923,43,0,39
923,7,0,15
923,58,1,33
923,36,1,55
923,22,1,18
924,8,1,25
924,51,1,31
924,25,0,35
924,50,1,51
924,47,0,51
924,50,1,34
924,30,1,22
924,21,1,33
924,70,1,22
924,27,0,45
924,35,1,66
924,2,1,25
924,59,1,27
924,61,1,38
924,63,1,32
924,48,1,50
924,49,1,13
924,65,1,17
924,16,1,55
924,14,0,61
924,29,0,29
924,68,1,64
924,41,1,25
924,49,1,42
924,24,0,36
924,55,0,35
924,20,1,60
924,0,1,45
924,10,0,23
924,23,1,45
924,5,1,34
924,65,1,41
924,0,1,51
924,7,1,51
924,9,1,50
924,51,1,33
924,60,1,36
924,36,0,33
924,64,1,8
924,21,1,34
924,66,1,77
924,8,0,44
924,41,1,55
924,68,0,59
924,48,1,37
924,63,0,53
924,68,1,39
924,1,1,51
924,50,0,36
924,55,1,42
924,16,0,24
924,35,1,45
924,59,1,59
924,29,1,37
924,39,0,23
924,63,1,45
924,33,0,32
924,35,0,49
924,24,1,31
924,20,0,54
924,70,1,34
924,63,1,53
924,63,0,75
924,58,1,39
924,21,1,49
924,51,1,20
924,53,1,27
924,4,0,24
924,45,1,21
924,2,1,39
924,42,0,33
924,13,1,23
925,51,1,20
925,42,0,35
925,62,1,28
925,32,1,40
925,67,0,36
925,28,1,32
925,21,0,30
925,11,1,26
925,54,0,36
925,45,1,11
925,37,1,14
925,63,1,24
925,36,1,19
925,56,1,25
925,57,0,36
925,3,1,6
925,21,0,41
925,14,0,39
925,24,0,31
925,53,1,41
925,40,1,19
925,54,0,26
925,22,1,33
925,46,0,22
925,8,1,34
925,13,1,23
925,30,1,29
925,48,0,47
925,14,0,5
925,40,0,24
925,69,1,36
925,3,1,44
925,45,1,36
925,51,1,22
925,30,1,36
925,38,1,38
925,39,1,48
925,28,1,22
925,46,1,28
925,52,1,29
925,65,1,20
925,9,1,36
925,35,1,31
925,51,0,42
925,41,1,19
925,2,1,35
925,27,1,46
925,59,1,5
925,60,1,48
925,34,1,25
925,64,0,30
925,6,1,33
925,68,1,30
925,16,0,19
925,0,1,20
925,19,0,22
925,65,1,14
925,12,1,44
925,39,1,29
925,40,1,51
925,5,1,45
925,31,0,21
925,40,0,47
925,10,1,29
925,12,1,19
925,14,0,49
925,0,0,31
925,21,1,23
925,16,1,27
925,70,1,49
925,26,1,42
925,70,1,39
926,70,0,33
926,22,0,20
926,47,1,54
926,2,0,28
926,46,0,47
926,26,0,51
926,45,1,46
926,33,1,21
926,51,0,41
926,20,0,42
926,30,1,60
926,60,0,59
926,40,0,5
926,58,1,30
926,9,1,27
926,64,0,37
926,33,0,34
926,35,1,29
926,4,0,32
926,69,0,50
926,8,0,47
926,57,1,46
926,42,1,53
926,19,0,27
926,22,0,32
926,13,1,46
926,44,1,40
926,45,0,37
926,37,0,18
926,52,0,38
926,56,0,55
926,24,0,17
926,40,1,42
926,5,1,5
926,2,0,66
926,44,0,67
926,3,0,64
926,11,1,32
926,0,1,23
926,71,0,56
926,65,1,72
926,19,1,66
926,52,1,16
926,25,0,29
926,50,0,48
926,7,1,29
926,20,1,45
926,28,0,35
926,29,1,59
926,35,1,38
926,16,1,48
926,2,1,42
926,7,1,16
926,51,0,34
926,28,0,50
926,14,0,36
926,49,0,19
926,50,0,76
926,41,1,33
926,58,1,25
926,44,0,66
926,5,0,49
926,69,1,32
926,36,1,19
926,31,1,37
926,17,1,33
926,32,0,38
926,25,1,62
926,59,0,35
926,52,0,32
926,54,1,38
926,15,0,57
927,10,0,39
927,43,0,91
927,71,0,66
927,2,0,50
927,49,0,48
927,1,0,90
927,39,0,69
927,71,0,71
927,55,1,49
927,36,0,26
927,2,0,66
927,10,0,59
927,9,0,70
927,58,0,60
927,68,0,89
927,35,1,76
927,52,0,38
927,48,0,39
927,33,0,65
927,8,0,42
927,33,0,26
927,13,0,37
927,36,1,84
927,19,0,51
927,9,0,84
927,51,0,46
927,15,0,50
927,62,0,58
927,21,0,30
927,6,0,62
927,23,0,33
927,65,0,91
927,45,0,38
927,0,0,47
927,17,1,68
927,1,1,79
927,61,0,28
927,16,0,79
927,60,0,57
927,24,0,70
927,68,0,54
927,27,0,44
927,50,0,10
927,47,0,69
927,0,0,70
927,3,0,69
927,54,0,73
927,49,0,71
927,7,0,88
927,36,0,47
927,50,0,79
927,7,0,41
927,65,0,29
927,19,0,75
927,33,0,59
927,13,0,54
927,9,1,47
927,70,0,49
927,36,1,119
927,34,0,61
927,58,1,89
927,12,0,23
927,53,0,19
927,69,0,83
927,67,0,76
927,47,0,90
927,64,0,71
927,68,0,21
927,49,0,71
927,41,1,63
927,53,0,70
927,37,1,57
928,67,0,75
928,8,0,26
928,21,0,47
928,17,0,49
928,52,0,72
928,42,0,66
928,42,0,69
928,30,0,100
928,31,0,50
928,14,0,59
928,46,0,95
928,71,0,73
928,52,0,30
928,62,0,51
928,0,0,69
928,39,0,84
928,37,0,70
928,8,0,65
928,32,0,44
928,70,0,81
928,0,0,44
928,56,0,36
928,56,0,48
928,65,1,54
928,2,0,67
928,37,0,93
928,64,0,57
928,59,0,62
928,46,0,44
928,0,0,96
928,31,0,72
928,67,0,63
928,9,1,13
928,39,0,95
928,12,0,52
928,16,0,84
928,31,0,64
928,48,0,65
928,23,0,68
928,56,0,64
928,55,0,68
928,56,0,77
928,51,0,54
928,63,1,83
928,5,1,54
928,19,0,71
928,21,1,73
928,7,1,74
928,16,0,25
928,25,0,52
928,29,0,41
928,50,0,95
928,0,1,84
928,2,0,43
928,46,0,58
928,37,0,40
928,45,0,73
928,71,0,29
928,52,0,19
928,43,0,35
928,33,1,74
928,31,1,53
928,69,0,76
928,2,0,72
928,37,0,101
928,22,0,56
928,27,0,52
928,33,0,54
928,5,1,57
928,66,0,61
928,3,0,34
928,37,1,46
929,2,0,47
929,66,0,35
929,55,0,42
929,25,1,66
929,39,1,40
929,64,0,33
929,67,0,34
929,27,1,56
929,71,1,24
929,52,1,35
929,57,1,37
929,25,0,64
929,39,1,54
929,32,0,62
929,49,1,46
929,22,0,15
929,20,0,53
929,11,0,56
929,55,0,27
929,10,1,55
929,14,1,51
929,25,0,51
929,70,0,38
929,21,1,27
929,36,1,25
929,7,0,62
929,35,0,57
929,33,1,11
929,55,1,22
929,67,0,59
929,47,0,42
929,4,1,35
929,46,0,38
929,29,1,38
929,8,1,38
929,15,0,15
929,53,1,66
929,63,0,36
929,56,1,36
929,7,0,39
929,69,0,38
929,55,0,44
929,51,1,50
929,42,0,32
929,40,0,32
929,41,0,24
929,54,0,38
929,7,0,16
929,29,0,46
929,9,1,36
929,30,0,9
929,43,1,42
929,45,0,49
929,67,0,39
929,55,1,39
929,4,0,32
929,38,0,43
929,44,1,31
929,27,0,27
929,18,1,30
929,9,0,21
929,34,1,39
929,46,0,35
929,26,0,36
929,55,1,35
929,53,1,46
929,4,1,36
929,2,1,33
929,42,1,9
929,25,1,59
929,11,1,51
929,10,1,32
930,37,0,73
930,7,1,51
930,33,0,84
930,60,0,87
930,27,0,55
930,42,1,63
930,30,1,61
930,1,0,31
930,6,1,38
930,64,1,46
930,47,0,89
930,4,0,58
930,11,0,19
930,50,0,59
930,2,1,51
930,21,0,56
930,28,0,39
930,45,0,72
930,31,0,92
930,27,0,55
930,36,0,56
930,12,0,58
930,68,0,107
930,54,0,51
930,49,1,87
930,0,0,25
930,9,0,56
930,58,0,66
930,51,0,55
930,56,1,97
930,0,0,55
930,41,0,78
930,39,0,60
930,5,1,76
930,10,0,34
930,13,0,93
930,27,0,75
930,23,0,70
930,39,0,58
930,69,0,82
930,62,0,19
930,6,1,46
930,38,0,53
930,29,0,101
930,67,0,60
930,68,0,63
930,31,0,13
930,42,0,77
930,62,1,36
930,29,0,81
930,2,0,56
930,33,0,46
930,49,1,66
930,38,1,41
930,2,0,57
930,9,0,90
930,2,0,49
930,9,0,57
930,50,0,12
930,60,0,25
930,66,0,57
930,19,0,70
930,52,0,50
930,5,1,49
930,6,0,17
930,20,0,42
930,36,0,59
930,43,1,33
930,32,0,58
930,71,0,34
930,38,1,49
930,49,0,74
931,70,1,43
931,32,1,30
931,22,1,23
931,24,1,50
931,32,1,14
931,17,1,19
931,48,1,29
931,34,0,22
931,42,0,34
931,58,1,18
931,4,1,30
931,6,1,35
931,4,0,30
931,9,0,15
931,2,1,21
931,55,1,43
931,67,1,29
931,10,1,22
931,66,0,28
931,69,1,27
931,16,1,50
931,54,1,34
931,51,1,22
931,4,1,43
931,20,1,25
931,44,1,17
931,17,1,18
931,3,0,25
931,47,1,24
931,7,1,33
931,4,1,33
931,56,0,19
931,32,0,34
931,9,1,33
931,33,0,23
931,3,1,28
931,7,1,17
931,8,1,34
931,38,1,26
931,30,1,24
931,45,0,14
931,48,1,31
931,43,1,8
931,48,0,27
931,21,0,17
931,36,1,43
931,56,0,26
931,62,1,22
931,3,0,17
931,47,0,29
931,65,0,20
931,63,1,11
931,62,0,35
931,37,1,29
931,45,0,50
931,62,1,20
931,67,1,18
931,28,1,18
931,30,1,19
931,37,0,39
931,45,1,25
931,50,1,38
931,41,0,41
931,24,0,23
931,26,1,28
931,23,1,36
931,17,1,30
931,45,1,27
931,39,1,41
931,70,1,16
931,71,1,33
931,10,1,23
932,6,0,41
932,38,1,43
932,64,0,49
932,17,1,59
932,43,0,61
932,45,0,64
932,33,1,57
932,69,1,33
932,60,0,36
932,64,1,43
932,64,0,42
932,59,1,21
932,1,0,33
932,46,0,59
932,1,0,38
932,58,0,33
932,44,0,25
932,45,0,18
932,24,1,32
932,7,0,58
932,23,1,58
932,51,0,18
932,32,1,15
932,25,1,12
932,21,0,39
932,16,1,9
932,16,0,37
932,34,0,41
932,33,0,46
932,23,1,33
932,51,0,36
932,0,0,44
932,63,0,46
932,7,1,57
932,17,1,37
932,14,0,19
932,50,1,38
932,16,1,34
932,3,0,45
932,71,0,26
932,29,0,48
932,42,1,57
932,63,1,30
932,3,0,28
932,57,0,20
932,4,0,42
932,20,1,11
932,66,0,36
932,8,0,23
932,59,0,65
932,57,1,54
932,60,0,40
932,53,0,40
932,56,1,28
932,60,1,29
932,25,1,45
932,56,1,32
932,29,1,47
932,59,1,47
932,0,1,27
932,18,0,34
932,52,1,31
932,20,0,36
932,30,1,34
932,5,1,33
932,30,1,50
932,16,1,39
932,33,0,52
932,2,0,49
932,7,0,44
932,22,0,26
932,71,1,8
933,18,0,28
933,38,1,41
933,16,0,44
933,7,0,35
933,64,1,27
933,16,0,28
933,13,1,51
933,9,0,36
933,32,0,16
933,24,0,34
933,1,1,24
933,32,1,28
933,52,1,51
933,7,1,40
933,56,1,19
933,71,1,18
933,21,1,34
933,50,1,33
933,34,0,32
933,64,0,28
933,49,1,24
933,2,1,19
933,50,0,54
933,17,1,23
933,3,0,5
933,32,1,32
933,3,0,13
933,9,1,23
933,67,1,42
933,9,1,24
933,45,0,38
933,25,1,23
933,24,0,16
933,0,1,20
933,70,1,19
933,1,1,33
933,20,0,32
933,65,1,41
933,39,1,10
933,59,1,26
933,44,0,47
933,68,1,58
933,10,1,44
933,46,0,32
933,9,1,39
933,46,0,46
933,45,1,30
933,12,0,47
933,11,1,38
933,38,1,23
933,68,1,23
933,18,1,32
933,59,1,30
933,55,1,24
933,5,1,40
933,0,1,23
933,71,0,27
933,44,1,48
933,63,1,5
933,18,1,35
933,33,0,19
933,38,1,9
933,57,0,32
933,39,1,32
933,33,1,21
933,4,0,22
933,60,1,37
933,42,1,37
933,43,1,34
933,22,1,35
933,43,1,36
933,22,1,35
934,41,0,40
934,52,0,37
934,71,0,61
934,62,0,85
934,43,0,43
934,11,1,47
934,15,1,69
934,25,1,70
934,47,0,5
934,45,0,21
934,61,1,44
934,50,0,71
934,65,1,40
934,35,0,61
934,61,0,40
934,7,0,85
934,26,0,92
934,20,0,54
934,6,0,37
934,40,1,55
934,66,0,61
934,21,0,26
934,29,0,44
934,41,0,20
934,64,0,86
934,18,0,92
934,43,0,72
934,55,0,41
934,65,1,41
934,15,0,99
934,26,0,32
934,29,0,45
934,44,1,78
934,18,0,40
934,27,0,89
934,51,0,96
934,16,0,43
934,37,0,68
934,5,1,17
934,55,0,69
934,59,1,13
934,18,0,52
934,39,0,77
934,13,0,57
934,6,0,53
934,32,0,77
934,38,0,86
934,7,0,70
934,57,0,80
934,33,0,63
934,53,0,49
934,26,0,66
934,53,0,27
934,65,1,77
934,18,1,77
934,37,0,68
934,67,1,72
934,8,0,51
934,9,0,96
934,47,0,68
934,26,1,50
934,10,0,44
934,15,0,63
934,8,0,48
934,52,1,76
934,68,1,51
934,48,1,33
934,1,0,50
934,53,1,62
934,31,0,93
934,54,0,69
934,53,0,30
935,0,0,20
935,15,1,23
935,50,0,22
935,26,0,33
935,17,0,11
935,15,1,11
935,27,0,22
935,32,0,31
935,60,0,23
935,30,1,9
935,48,1,30
935,23,1,16
935,18,1,25
935,15,1,26
935,51,0,12
935,31,0,32
935,48,1,7
935,60,1,26
935,43,0,28
935,11,1,32
935,12,1,42
935,1,0,26
935,4,0,33
935,1,1,23
935,29,0,39
935,64,1,26
935,22,0,18
935,7,0,14
935,70,1,15
935,46,1,20
935,18,0,32
935,3,1,26
935,41,1,6
935,2,0,36
935,56,0,29
935,71,0,5
935,58,0,26
935,25,0,12
935,0,1,26
935,21,1,25
935,10,0,12
935,55,0,12
935,17,0,19
935,61,1,16
935,40,0,21
935,67,0,22
935,27,0,28
935,42,0,29
935,63,0,29
935,0,1,21
935,71,0,16
935,47,0,32
935,14,1,38
935,53,0,15
935,50,0,19
935,59,1,28
935,53,0,23
935,39,0,17
935,59,0,33
935,49,1,22
935,47,1,31
935,27,0,20
935,0,0,27
935,39,1,22
935,53,1,19
935,45,0,22
935,14,0,23
935,13,0,13
935,59,0,27
935,56,0,9
935,1,0,47
935,52,1,5
936,71,0,43
936,51,1,75
936,12,1,35
936,3,0,50
936,8,0,55
936,42,1,74
936,59,0,78
936,36,1,29
936,42,1,86
936,62,0,55
936,55,0,82
936,21,1,65
936,19,1,67
936,61,1,37
936,55,0,59
936,3,0,88
936,3,0,79
936,47,0,39
936,12,0,56
936,26,1,82
936,37,0,67
936,11,1,67
936,7,1,99
936,3,0,90
936,54,0,79
936,71,1,51
936,34,0,70
936,10,0,31
936,26,0,60
936,56,0,65
936,35,1,86
936,56,0,59
936,56,1,87
936,65,0,11
936,9,0,67
936,0,0,43
936,2,0,33
936,43,0,92
936,26,1,79
936,21,1,64
936,0,0,92
936,3,0,43
936,42,0,63
936,24,0,83
936,15,1,31
936,2,0,68
936,37,0,64
936,47,0,24
936,41,1,37
936,22,0,49
936,67,0,60
936,23,0,90
936,55,0,63
936,4,0,65
936,40,0,42
936,44,0,41
936,6,0,58
936,51,0,14
936,30,0,69
936,67,0,5
936,55,0,78
936,8,0,45
936,9,0,78
936,18,0,22
936,58,1,87
936,58,0,83
936,18,0,61
936,29,1,71
936,41,0,8
936,42,1,84
936,39,1,43
936,53,0,98
937,34,1,28
937,38,1,9
937,30,1,29
937,61,1,30
937,39,1,36
937,25,0,37
937,65,0,12
937,60,1,13
937,64,1,5
937,67,0,26
937,27,0,15
937,26,0,16
937,63,0,27
937,64,1,26
937,36,1,32
937,65,1,17
937,51,0,24
937,35,1,35
937,45,1,27
937,67,1,31
937,37,0,27
937,4,1,25
937,58,0,36
937,68,0,22
937,9,1,26
937,42,1,23
937,64,0,40
937,31,1,34
937,6,0,17
937,49,1,20
937,4,0,22
937,29,0,38
937,46,0,25
937,26,1,30
937,18,1,37
937,33,0,8
937,11,1,45
937,43,0,34
937,25,0,6
937,52,1,30
937,46,0,12
937,62,0,23
937,26,0,19
937,58,0,42
937,57,0,12
937,29,0,15
937,50,1,24
937,3,1,16
937,47,0,35
937,36,1,30
937,50,1,37
937,49,1,29
937,63,1,34
937,23,0,19
937,38,1,43
937,1,1,34
937,69,0,31
937,11,0,33
937,12,1,26
937,51,0,32
937,44,1,31
937,15,1,12
937,45,0,21
937,65,0,35
937,17,1,33
937,26,1,46
937,36,0,28
937,64,0,27
937,33,0,37
937,63,0,26
937,12,0,31
937,41,0,5
938,18,0,40
938,4,0,44
938,64,1,11
938,48,1,45
938,25,1,35
938,49,1,14
938,42,1,26
938,25,1,37
938,68,0,31
938,52,1,34
938,33,1,30
938,37,1,33
938,19,1,22
938,28,1,29
938,10,1,33
938,10,1,31
938,30,1,30
938,65,1,33
938,20,1,38
938,24,0,5
938,45,0,20
938,37,0,19
938,37,1,45
938,46,1,34
938,27,1,17
938,58,1,34
938,5,1,46
938,47,1,53
938,31,1,27
938,38,1,19
938,19,0,23
938,0,0,25
938,31,0,18
938,29,1,34
938,4,0,13
938,24,0,35
938,31,1,19
938,46,1,25
938,7,1,34
938,40,0,25
938,62,1,41
938,43,0,31
938,14,0,25
938,30,1,38
938,47,1,5
938,13,1,15
938,69,1,36
938,66,1,40
938,68,1,27
938,21,1,48
938,17,0,49
938,32,0,27
938,69,0,25
938,4,1,19
938,16,0,8
938,23,1,40
938,54,1,29
938,29,1,18
938,23,0,39
938,21,1,32
938,70,0,22
938,21,0,21
938,62,0,38
938,57,1,20
938,42,1,28
938,3,0,31
938,68,1,32
938,61,1,27
938,57,1,33
938,66,1,38
938,32,0,21
938,56,1,14
939,23,1,22
939,61,1,23
939,9,0,50
939,68,0,45
939,32,0,25
939,33,0,31
939,48,0,32
939,7,0,35
939,40,0,30
939,39,1,34
939,2,1,22
939,48,1,36
939,24,1,29
939,35,1,22
939,24,1,34
939,16,1,15
939,41,1,32
939,27,1,13
939,69,0,46
939,39,1,41
939,15,0,29
939,47,1,27
939,36,1,13
939,50,0,40
939,69,0,24
939,11,1,18
939,62,0,15
939,35,1,23
939,31,0,27
939,10,1,28
939,64,1,36
939,11,1,27
939,8,1,17
939,58,1,16
939,24,1,46
939,28,1,40
939,19,1,38
939,57,0,28
939,14,0,16
939,7,0,44
939,70,0,41
939,68,1,22
939,70,0,53
939,53,1,25
939,33,0,16
939,44,0,21
939,62,0,25
939,37,1,34
939,5,1,44
939,19,0,45
939,53,1,13
939,1,1,39
939,31,0,38
939,44,0,29
939,3,1,32
939,59,0,31
939,41,1,37
939,10,1,25
939,59,0,28
939,49,1,44
939,70,0,35
939,8,0,36
939,22,1,28
939,69,0,37
939,65,1,49
939,16,1,9
939,52,1,34
939,50,0,35
939,9,0,27
939,61,1,31
939,35,1,32
939,29,1,38
940,23,1,65
940,47,0,22
940,29,0,24
940,36,1,71
940,35,1,24
940,32,1,24
940,44,0,15
940,40,0,42
940,8,0,34
940,20,1,33
940,1,0,14
940,23,1,23
940,40,0,31
940,51,0,16
940,36,1,60
940,67,0,29
940,35,1,11
940,40,0,49
940,63,1,9
940,67,0,48
940,15,1,39
940,53,0,38
940,49,1,35
940,2,0,26
940,53,0,35
940,57,1,25
940,33,0,57
940,38,1,57
940,57,1,43
940,39,1,46
940,70,0,37
940,61,1,45
940,20,0,34
940,8,1,60
940,53,1,5
940,24,1,10
940,59,1,49
940,15,0,58
940,23,1,65
940,40,0,56
940,21,1,32
940,29,1,24
940,55,1,66
940,66,0,64
940,47,0,53
940,68,1,30
940,15,1,50
940,4,0,42
940,21,0,50
940,0,0,10
940,25,1,50
940,3,0,18
940,8,0,27
940,26,1,57
940,20,1,48
940,36,0,32
940,24,0,56
940,7,0,55
940,37,0,34
940,25,1,37
940,27,1,54
940,11,1,45
940,12,1,43
940,15,0,29
940,65,1,60
940,46,0,35
940,51,1,77
940,70,0,33
940,3,1,53
940,35,1,43
940,41,1,49
940,70,0,53
941,58,0,20
941,36,0,23
941,33,0,39
941,11,1,26
941,3,0,30
941,62,0,23
941,5,1,16
941,25,1,25
941,25,1,12
941,46,0,46
941,39,1,26
941,71,1,23
941,51,0,15
941,7,1,25
941,12,1,16
941,13,1,35
941,64,1,33
941,5,1,16
941,7,1,44
941,6,1,38
941,5,1,34
941,66,1,31
941,23,0,45
941,3,1,21
941,46,0,41
941,43,0,36
941,53,1,18
941,3,0,28
941,65,1,25
941,43,0,31
941,44,1,28
941,66,0,27
941,39,1,20
941,62,0,40
941,58,1,22
941,67,0,25
941,8,0,28
941,31,1,33
941,3,1,30
941,26,1,24
941,5,1,16
941,3,0,15
941,1,0,18
941,44,0,23
941,34,0,34
941,35,1,29
941,24,0,25
941,10,1,19
941,65,1,17
941,4,0,16
941,35,1,25
941,50,1,5
941,14,0,37
941,58,1,22
941,35,0,28
941,43,0,19
941,70,0,24
941,17,1,21
941,63,1,37
941,9,1,26
941,55,1,21
941,40,0,30
941,62,1,20
941,2,0,19
941,28,1,10
941,51,0,36
941,71,0,34
941,21,1,24
941,20,1,5
941,19,0,13
941,42,1,21
941,23,1,39
942,30,0,53
942,53,1,74
942,59,0,51
942,29,0,85
942,20,0,83
942,32,0,68
942,63,0,11
942,69,1,48
942,11,0,48
942,67,0,70
942,13,0,76
942,62,0,70
942,34,0,84
942,6,1,50
942,45,1,69
942,35,0,64
942,11,0,20
942,32,0,66
942,42,0,76
942,33,0,79
942,27,1,57
942,40,0,87
942,9,0,51
942,45,0,50
942,56,1,63
942,8,1,58
942,21,0,71
942,15,0,66
942,8,0,39
942,55,0,39
942,67,0,65
942,23,1,23
942,70,1,50
942,42,0,57
942,10,0,38
942,43,0,26
942,40,0,55
942,13,1,59
942,67,0,63
942,53,0,49
942,20,0,50
942,36,1,71
942,66,1,66
942,71,0,73
942,20,0,54
942,41,1,42
942,57,0,48
942,63,1,45
942,39,0,95
942,59,0,75
942,43,0,91
942,16,0,47
942,27,0,58
942,65,1,46
942,52,1,46
942,41,0,62
942,65,1,72
942,34,0,57
942,19,0,20
942,58,0,45
942,48,0,67
942,9,0,77
942,30,1,77
942,60,1,37
942,12,0,30
942,58,0,70
942,12,0,64
942,67,1,27
942,13,0,18
942,59,0,70
942,23,0,42
942,26,0,59
943,67,0,38
943,54,0,66
943,22,1,41
943,43,0,85
943,51,0,37
943,24,0,61
943,66,0,30
943,7,1,53
943,67,0,22
943,70,1,56
943,26,0,60
943,11,0,78
943,4,0,49
943,14,0,76
943,65,0,40
943,3,0,81
943,29,0,49
943,12,0,42
943,51,0,40
943,70,0,91
943,35,0,20
943,56,0,52
943,44,1,40
943,33,0,45
943,27,0,55
943,4,0,39
943,50,1,83
943,32,1,45
943,35,1,69
943,29,0,55
943,57,0,54
943,9,0,66
943,31,0,69
943,27,0,80
943,15,1,46
943,26,0,96
943,27,0,58
943,14,0,61
943,40,0,43
943,6,1,51
943,49,0,12
943,37,0,77
943,56,0,88
943,28,0,38
943,29,1,91
943,15,0,74
943,34,0,79
943,58,1,100
943,38,0,25
943,9,0,60
943,11,0,62
943,68,0,91
943,16,0,66
943,34,1,47
943,20,0,37
943,9,0,60
943,45,0,45
943,50,0,89
943,24,0,97
943,53,0,71
943,15,0,87
943,21,0,8
943,24,1,38
943,54,1,53
943,5,1,49
943,66,0,65
943,8,1,52
943,40,0,92
943,61,1,59
943,42,0,58
943,0,1,78
943,29,0,37
944,6,1,31
944,18,0,20
944,58,1,22
944,51,0,31
944,34,0,55
944,9,0,18
944,17,1,34
944,16,0,23
944,68,0,51
944,66,0,27
944,9,0,30
944,26,1,10
944,54,0,39
944,51,0,15
944,53,1,38
944,63,1,49
944,69,0,32
944,9,1,14
944,42,1,36
944,13,1,23
944,49,1,30
944,68,1,34
944,39,0,31
944,48,0,27
944,39,1,23
944,49,1,33
944,63,1,28
944,5,1,32
944,37,0,23
944,19,0,38
944,28,0,37
944,42,1,42
944,46,0,35
944,49,1,31
944,10,1,28
944,48,0,21
944,49,1,17
944,21,0,47
944,69,0,17
944,41,1,14
944,58,0,32
944,67,0,26
944,0,0,40
944,14,0,10
944,32,1,28
944,15,1,29
944,41,0,21
944,4,0,51
944,34,0,41
944,45,1,33
944,2,1,32
944,13,1,45
944,35,1,34
944,59,0,39
944,16,1,25
944,59,1,28
944,70,1,19
944,8,0,14
944,71,1,30
944,11,1,28
944,5,1,29
944,30,1,33
944,63,0,53
944,64,1,27
944,45,0,13
944,22,1,31
944,21,1,24
944,20,1,35
944,46,1,35
944,57,1,33
944,50,1,13
944,11,1,30
945,62,0,42
945,22,1,43
945,21,0,49
945,17,0,60
945,71,0,88
945,41,0,53
945,31,0,78
945,47,0,80
945,44,0,38
945,52,0,66
945,46,0,61
945,15,0,64
945,38,0,34
945,22,0,27
945,40,0,70
945,19,0,65
945,48,1,93
945,3,0,74
945,35,0,61
945,17,1,73
945,14,0,47
945,65,0,46
945,51,0,96
945,20,0,42
945,12,0,54
945,23,0,66
945,40,0,36
945,37,0,37
945,69,1,74
945,38,0,69
945,12,1,34
945,18,0,77
945,13,0,69
945,9,0,57
945,50,0,76
945,15,0,57
945,22,1,45
945,59,0,82
945,59,1,72
945,63,0,63
945,13,1,49
945,34,0,52
945,25,0,93
945,44,0,44
945,65,0,82
945,23,0,55
945,8,0,32
945,52,1,75
945,18,1,73
945,49,0,54
945,5,1,76
945,27,0,69
945,15,0,43
945,35,0,59
945,49,0,64
945,18,0,46
945,1,0,38
945,24,0,79
945,58,0,78
945,16,0,36
945,70,0,46
945,51,1,76
945,9,0,48
945,20,0,64
945,65,0,86
945,26,0,44
945,25,0,53
945,28,0,50
945,53,0,88
945,11,0,75
945,27,0,57
945,49,1,50
946,29,1,34
946,12,0,38
946,55,1,56
946,61,1,45
946,12,0,53
946,63,1,34
946,55,0,14
946,52,1,34
946,12,0,36
946,20,0,55
946,56,1,23
946,8,1,5
946,60,1,81
946,33,0,32
946,70,1,21
946,12,0,34
946,0,0,50
946,3,0,30
946,6,0,57
946,33,0,43
946,11,1,61
946,70,1,64
946,46,1,44
946,16,1,47
946,1,1,43
946,14,0,57
946,6,0,52
946,51,0,46
946,70,1,13
946,23,1,44
946,47,1,44
946,63,1,50
946,6,1,26
946,64,1,41
946,66,0,43
946,4,0,50
946,63,1,48
946,14,1,76
946,39,0,63
946,2,1,52
946,63,1,51
946,16,1,48
946,15,0,69
946,19,1,49
946,17,1,65
946,38,1,28
946,10,1,37
946,64,1,83
946,38,1,53
946,41,0,35
946,64,1,21
946,8,0,40
946,26,0,48
946,1,1,38
946,16,1,20
946,17,1,58
946,40,1,35
946,53,1,60
946,3,0,47
946,29,1,53
946,63,1,44
946,61,1,51
946,19,1,47
946,6,1,31
946,46,1,73
946,62,0,21
946,50,1,59
946,11,1,71
946,53,1,46
946,2,1,59
946,4,0,47
946,1,1,38
947,47,0,54
947,52,0,47
947,58,0,77
947,31,0,58
947,55,0,57
947,57,1,42
947,34,0,97
947,62,0,46
947,13,1,68
947,44,0,50
947,14,0,96
947,57,0,48
947,0,0,74
947,30,0,47
947,31,0,51
947,28,0,89
947,33,0,49
947,2,0,63
947,59,0,30
947,50,0,54
947,29,0,62
947,41,0,30
947,62,0,31
947,62,0,69
947,9,0,89
947,11,0,117
947,0,0,46
947,60,0,55
947,49,1,59
947,19,0,77
947,6,1,56
947,69,0,84
947,47,0,75
947,49,1,73
947,50,0,64
947,21,0,41
947,61,1,62
947,19,0,47
947,53,0,69
947,10,0,61
947,41,1,55
947,49,1,53
947,52,0,53
947,31,0,67
947,62,0,51
947,62,1,29
947,59,0,89
947,70,0,74
947,54,0,47
947,26,0,53
947,24,0,72
947,31,0,71
947,16,0,82
947,9,1,93
947,9,0,14
947,64,0,65
947,22,0,67
947,16,0,73
947,25,0,81
947,39,0,70
947,30,0,78
947,9,0,65
947,59,0,67
947,65,0,73
947,3,0,70
947,66,0,74
947,42,0,48
947,36,0,31
947,53,0,58
947,42,1,61
947,29,0,58
947,20,0,78
948,2,1,16
948,44,1,43
948,53,1,39
948,29,1,35
948,41,1,24
948,14,0,39
948,62,1,35
948,66,1,30
948,53,1,17
948,14,0,28
948,70,1,26
948,30,1,18
948,21,1,49
948,0,0,25
948,35,1,24
948,21,0,47
948,57,1,29
948,61,1,43
948,5,1,22
948,65,1,34
948,33,1,19
948,53,1,53
948,48,1,45
948,37,1,43
948,7,1,16
948,54,1,30
948,36,1,29
948,61,1,25
948,36,1,20
948,27,1,38
948,12,1,39
948,64,0,21
948,21,1,17
948,66,1,13
948,38,1,30
948,44,0,24
948,38,1,29
948,4,0,48
948,45,1,23
948,49,1,32
948,36,1,20
948,23,0,26
948,6,1,30
948,21,0,41
948,18,0,38
948,71,1,12
948,64,1,21
948,57,1,37
948,51,1,10
948,64,1,41
948,59,1,37
948,54,1,20
948,26,1,41
948,70,1,33
948,23,1,33
948,53,1,27
948,0,1,27
948,32,0,30
948,2,1,55
948,15,1,24
948,55,1,36
948,33,1,23
948,32,0,23
948,23,1,34
948,31,0,33
948,2,0,21
948,26,1,32
948,47,1,25
948,19,1,34
948,26,1,23
948,13,1,18
948,17,1,32
949,57,0,30
949,43,1,9
949,49,0,21
949,28,0,24
949,34,0,21
949,57,1,40
949,51,1,5
949,20,0,30
949,8,0,25
949,5,0,21
949,34,0,17
949,62,0,25
949,25,1,15
949,53,0,27
949,51,0,27
949,40,0,37
949,28,1,20
949,36,1,10
949,23,0,29
949,55,0,29
949,20,0,36
949,14,1,23
949,36,0,18
949,44,1,18
949,68,1,15
949,5,1,36
949,26,1,5
949,33,0,35
949,45,1,5
949,11,1,34
949,28,1,36
949,28,1,22
949,26,0,22
949,2,0,5
949,30,1,28
949,38,1,8
949,44,0,45
949,8,0,11
949,3,0,40
949,53,0,18
949,50,1,25
949,56,1,18
949,42,0,42
949,10,0,40
949,68,1,24
949,57,1,40
949,49,0,27
949,52,1,22
949,49,0,25
949,56,1,25
949,33,1,7
949,67,0,36
949,34,0,17
949,61,1,24
949,9,1,23
949,62,1,17
949,13,0,21
949,59,0,12
949,32,1,23
949,66,1,22
949,37,0,46
949,48,0,22
949,29,0,33
949,58,0,19
949,70,0,28
949,19,1,32
949,40,0,19
949,22,0,21
949,39,0,5
949,62,0,29
949,60,1,21
949,55,0,12
950,49,1,38
950,66,1,29
950,52,1,49
950,38,1,35
950,68,1,53
950,50,1,31
950,69,0,33
950,50,1,32
950,11,1,59
950,33,0,54
950,35,1,64
950,1,1,53
950,54,1,44
950,67,1,15
950,9,0,52
950,17,1,30
950,58,1,46
950,18,0,64
950,29,1,47
950,59,1,47
950,17,1,21
950,69,0,41
950,15,1,57
950,13,1,40
950,42,1,83
950,26,1,73
950,68,1,53
950,7,1,33
950,65,1,59
950,2,0,75
950,29,0,39
950,6,0,54
950,52,1,38
950,19,0,37
950,10,0,53
950,62,0,31
950,2,1,54
950,11,0,21
950,33,0,32
950,45,1,57
950,27,0,46
950,31,1,40
950,37,0,58
950,33,0,38
950,53,0,22
950,59,1,52
950,44,0,44
950,5,1,47
950,26,1,12
950,34,1,58
950,41,1,40
950,68,0,54
950,26,1,39
950,68,0,76
950,27,1,50
950,44,1,42
950,38,1,43
950,71,0,26
950,65,1,31
950,29,1,44
950,61,1,46
950,39,1,6
950,68,1,43
950,52,0,65
950,40,0,55
950,66,0,54
950,52,1,45
950,43,1,39
950,55,0,54
950,51,0,53
950,42,1,31
950,2,1,51
951,65,0,69
951,34,1,54
951,45,1,42
951,61,1,33
951,3,1,38
951,16,0,21
951,71,1,36
951,53,0,32
951,49,1,30
951,36,1,49
951,45,1,46
951,12,1,22
951,6,1,46
951,15,0,32
951,16,1,40
951,34,0,35
951,8,0,51
951,21,1,71
951,55,1,25
951,51,0,51
951,44,0,56
951,23,0,41
951,55,0,47
951,51,0,43
951,45,1,14
951,21,1,28
951,25,1,49
951,65,1,74
951,54,1,34
951,67,0,54
951,62,0,55
951,23,0,45
951,43,1,13
951,32,0,78
951,12,0,49
951,51,1,58
951,67,1,62
951,2,1,42
951,58,0,47
951,68,0,22
951,2,0,17
951,67,0,57
951,27,1,31
951,7,0,66
951,15,0,56
951,47,0,56
951,32,0,53
951,38,1,43
951,13,0,40
951,55,1,56
951,67,0,52
951,64,0,33
951,49,1,43
951,14,0,39
951,63,1,43
951,57,1,38
951,70,0,49
951,61,1,46
951,54,1,39
951,58,0,55
951,55,0,67
951,26,0,41
951,11,1,64
951,56,0,30
951,59,0,61
951,32,1,51
951,52,1,43
951,48,0,12
951,55,0,28
951,2,0,23
951,70,1,56
951,47,1,22
952,63,1,25
952,41,1,30
952,35,1,39
952,30,1,34
952,34,1,36
952,18,0,18
952,57,1,40
952,21,1,53
952,56,1,36
952,35,1,19
952,36,1,14
952,40,1,30
952,53,1,25
952,16,1,20
952,24,0,22
952,17,1,30
952,69,0,31
952,47,1,38
952,43,1,36
952,35,1,30
952,10,1,30
952,7,0,26
952,57,1,28
952,1,0,26
952,27,1,32
952,5,0,40
952,55,1,31
952,8,1,34
952,7,1,11
952,53,0,27
952,31,0,18
952,66,1,10
952,9,0,15
952,38,1,22
952,51,0,24
952,60,1,31
952,47,1,16
952,16,0,39
952,66,0,42
952,32,1,28
952,30,1,36
952,62,0,28
952,59,1,37
952,62,0,15
952,70,0,22
952,28,1,20
952,62,0,38
952,69,0,12
952,60,1,14
952,64,1,17
952,71,0,24
952,2,1,42
952,60,0,36
952,9,0,43
952,41,1,26
952,71,1,26
952,6,1,22
952,5,1,32
952,67,0,32
952,49,1,44
952,31,0,39
952,13,1,19
952,71,0,26
952,55,1,39
952,3,0,21
952,50,0,19
952,71,0,35
952,41,1,48
952,29,1,29
952,66,1,30
952,62,0,15
952,3,1,29
953,58,1,48
953,16,1,22
953,35,1,43
953,54,1,12
953,46,1,29
953,33,1,32
953,47,1,41
953,55,1,15
953,54,1,41
953,62,0,31
953,51,1,33
953,7,1,23
953,53,1,5
953,41,1,21
953,9,1,37
953,29,1,48
953,6,1,12
953,42,1,49
953,35,1,16
953,63,0,40
953,2,1,51
953,15,1,32
953,38,1,40
953,30,1,31
953,59,1,20
953,45,1,13
953,70,1,31
953,32,1,32
953,40,1,32
953,61,1,20
953,36,1,23
953,20,1,16
953,50,1,35
953,12,1,23
953,39,1,33
953,63,1,30
953,52,1,24
953,37,1,34
953,18,1,40
953,68,1,29
953,41,1,21
953,42,1,24
953,62,0,20
953,39,1,37
953,52,1,14
953,69,1,17
953,2,1,18
953,18,0,15
953,11,1,20
953,44,1,46
953,56,1,34
953,65,1,20
953,7,1,31
953,63,1,39
953,20,1,32
953,44,1,16
953,65,1,42
953,49,1,33
953,8,1,24
953,41,1,5
953,65,1,37
953,46,1,35
953,1,1,22
953,29,1,36
953,63,1,5
953,25,1,46
953,64,1,39
953,19,0,7
953,69,1,41
953,15,1,24
953,67,1,25
953,7,0,13
954,43,1,73
954,33,0,38
954,48,0,56
954,39,0,43
954,13,1,67
954,64,0,56
954,44,0,67
954,48,1,26
954,16,0,41
954,17,0,37
954,63,0,53
954,62,1,35
954,54,0,57
954,29,0,41
954,44,0,30
954,18,0,25
954,66,0,54
954,6,1,32
954,13,0,62
954,16,1,37
954,63,1,43
954,15,0,52
954,22,1,72
954,17,1,46
954,9,0,24
954,18,0,18
954,63,1,23
954,16,0,34
954,47,0,21
954,66,0,43
954,39,0,39
954,52,0,52
954,67,0,25
954,18,0,25
954,39,1,74
954,64,0,40
954,5,0,31
954,0,1,50
954,39,0,25
954,32,0,40
954,48,0,50
954,39,0,31
954,58,1,61
954,18,0,32
954,60,1,15
954,68,0,51
954,31,1,40
954,42,1,35
954,0,0,46
954,30,1,60
954,7,1,39
954,14,0,40
954,60,1,41
954,47,0,44
954,71,0,43
954,50,1,39
954,2,1,44
954,65,0,60
954,43,1,56
954,49,1,59
954,14,0,28
954,56,1,17
954,63,1,42
954,47,0,19
954,61,1,66
954,34,0,48
954,23,0,67
954,56,0,56
954,29,0,44
954,54,0,43
954,46,1,52
954,15,1,45
955,18,1,37
955,18,1,26
955,32,0,33
955,54,1,35
955,39,0,44
955,32,0,23
955,66,1,24
955,20,0,26
955,58,1,19
955,52,1,16
955,41,1,39
955,35,1,30
955,16,1,20
955,1,1,24
955,50,1,41
955,10,1,40
955,28,1,37
955,9,1,33
955,70,1,44
955,18,1,29
955,49,1,21
955,1,1,36
955,67,1,23
955,47,1,37
955,35,1,48
955,1,1,42
955,22,1,22
955,20,0,16
955,45,1,37
955,29,1,22
955,26,0,18
955,17,1,30
955,52,1,27
955,47,1,29
955,34,1,19
955,4,0,28
955,32,1,18
955,13,1,46
955,9,0,29
955,29,1,23
955,9,1,21
955,26,1,23
955,5,1,16
955,50,0,24
955,22,1,29
955,60,1,15
955,23,1,34
955,58,1,27
955,5,1,24
955,50,1,5
955,33,1,46
955,21,1,27
955,31,0,31
955,52,1,22
955,14,0,38
955,21,0,15
955,63,1,27
955,42,1,23
955,14,1,26
955,41,1,20
955,22,1,35
955,9,1,22
955,47,1,29
955,64,1,36
955,12,0,18
955,45,0,41
955,25,1,29
955,39,0,26
955,12,1,18
955,71,1,29
955,3,0,19
955,18,1,33
956,33,0,74
956,65,1,38
956,6,0,30
956,22,1,64
956,53,0,69
956,53,1,69
956,39,0,67
956,6,1,75
956,30,1,44
956,11,0,88
956,63,0,88
956,57,0,52
956,69,0,70
956,25,1,49
956,58,1,49
956,24,0,37
956,56,0,39
956,32,0,74
956,29,1,64
956,71,0,51
956,24,0,40
956,61,1,63
956,35,1,49
956,41,0,81
956,62,0,37
956,57,0,47
956,71,0,59
956,49,1,68
956,16,0,66
956,30,0,39
956,14,0,29
956,2,1,64
956,70,1,53
956,27,1,71
956,67,0,29
956,5,0,41
956,71,0,104
956,51,0,9
956,66,0,7
956,53,1,45
956,34,0,67
956,22,0,51
956,65,1,54
956,54,0,80
956,71,0,36
956,16,0,47
956,22,0,72
956,26,0,63
956,45,1,31
956,62,0,52
956,59,0,48
956,62,0,93
956,25,1,51
956,40,0,81
956,67,0,36
956,25,1,111
956,16,0,25
956,41,0,59
956,53,0,51
956,23,1,50
956,51,0,60
956,36,1,83
956,27,0,40
956,27,0,53
956,38,1,19
956,11,0,58
956,12,0,70
956,47,1,68
956,31,0,52
956,54,0,71
956,29,0,51
956,14,0,129
957,50,0,19
957,42,0,30
957,53,1,28
957,66,0,21
957,7,0,25
957,51,0,33
957,15,0,20
957,43,1,16
957,58,1,22
957,42,1,33
957,65,1,14
957,48,1,18
957,55,1,23
957,19,0,19
957,52,1,21
957,49,1,19
957,9,1,5
957,19,0,32
957,25,1,8
957,7,1,31
957,65,1,31
957,58,0,25
957,19,0,57
957,30,1,37
957,6,1,16
957,22,1,9
957,70,0,21
957,38,1,15
957,21,0,30
957,4,0,15
957,0,1,13
957,6,1,32
957,60,0,5
957,42,1,7
957,68,1,17
957,3,0,29
957,50,0,6
957,9,0,22
957,24,1,25
957,47,0,25
957,58,0,23
957,63,0,34
957,7,0,10
957,65,1,39
957,21,0,28
957,53,0,41
957,2,0,6
957,26,0,23
957,11,1,25
957,24,1,19
957,21,0,13
957,11,0,13
957,38,0,26
957,40,0,27
957,26,0,32
957,21,1,16
957,0,1,28
957,30,0,30
957,27,1,15
957,31,0,29
957,32,1,27
957,36,0,38
957,9,1,5
957,16,0,28
957,69,0,28
957,11,0,16
957,11,1,9
957,16,1,7
957,20,0,22
957,12,1,38
957,41,0,47
957,30,1,28
958,58,1,22
958,20,0,41
958,56,1,23
958,41,0,35
958,8,1,17
958,63,1,25
958,71,1,31
958,9,0,42
958,22,1,47
958,62,0,29
958,12,0,23
958,56,1,26
958,32,1,58
958,7,1,27
958,70,1,52
958,62,0,22
958,46,1,17
958,61,1,32
958,50,1,35
958,16,1,32
958,14,0,35
958,21,1,43
958,15,1,30
958,53,1,38
958,54,1,30
958,19,1,28
958,59,1,22
958,40,1,34
958,33,1,32
958,53,0,31
958,6,1,18
958,45,0,19
958,68,1,17
958,50,1,31
958,19,0,34
958,56,1,16
958,60,0,17
958,38,1,32
958,59,0,27
958,61,1,33
958,1,1,22
958,52,1,31
958,11,1,35
958,54,0,30
958,9,1,22
958,19,1,34
958,14,1,32
958,16,1,30
958,23,0,35
958,23,1,31
958,0,0,28
958,29,1,28
958,51,1,14
958,68,1,28
958,2,1,44
958,1,1,43
958,25,1,28
958,17,1,22
958,10,0,40
958,41,1,37
958,8,1,19
958,11,1,27
958,35,1,36
958,64,0,39
958,20,1,31
958,6,1,12
958,53,1,15
958,5,1,30
958,22,1,14
958,46,0,37
958,50,1,38
958,70,0,28
959,41,1,44
959,71,1,26
959,7,1,21
959,53,1,32
959,23,0,31
959,41,0,30
959,23,0,43
959,33,1,28
959,44,0,32
959,34,0,28
959,24,0,27
959,12,1,35
959,42,1,29
959,6,1,19
959,58,1,22
959,39,1,33
959,45,1,19
959,51,1,30
959,56,1,50
959,36,1,28
959,0,1,15
959,7,1,29
959,24,1,16
959,70,1,50
959,41,1,47
959,50,1,36
959,51,1,26
959,51,0,29
959,57,1,21
959,17,0,17
959,70,1,15
959,29,1,28
959,14,0,16
959,18,1,52
959,63,1,18
959,49,1,28
959,64,1,19
959,19,1,18
959,46,1,27
959,70,1,17
959,14,0,48
959,69,1,45
959,66,1,24
959,37,1,33
959,61,1,22
959,48,1,25
959,66,1,36
959,67,1,34
959,35,1,33
959,26,1,30
959,24,1,31
959,14,1,34
959,9,1,40
959,57,1,54
959,3,0,25
959,49,1,38
959,51,0,38
959,63,1,15
959,9,1,53
959,32,0,13
959,19,1,12
959,52,1,23
959,42,1,30
959,51,1,43
959,37,1,25
959,43,0,33
959,53,1,16
959,32,1,28
959,63,1,38
959,49,1,27
959,38,1,33
959,69,0,35
960,29,0,32
960,20,0,27
960,66,0,5
960,31,0,33
960,52,1,5
960,3,0,24
960,10,0,20
960,14,0,11
960,54,0,6
960,36,1,29
960,2,1,18
960,4,0,29
960,18,1,23
960,65,0,23
960,32,0,34
960,10,0,17
960,21,0,18
960,24,1,37
960,1,1,31
960,10,1,29
960,62,0,45
960,33,1,8
960,48,0,14
960,39,0,13
960,20,0,12
960,29,0,11
960,49,1,29
960,58,1,28
960,32,0,26
960,33,0,15
960,44,1,33
960,8,0,26
960,39,1,32
960,13,0,37
960,61,1,27
960,28,1,8
960,1,0,31
960,25,1,23
960,39,0,22
960,47,0,17
960,4,0,21
960,39,0,15
960,64,0,19
960,51,0,31
960,51,1,20
960,61,1,14
960,13,1,22
960,36,1,32
960,35,0,5
960,21,0,25
960,45,1,14
960,34,0,38
960,58,0,30
960,64,1,26
960,52,1,26
960,11,1,20
960,26,0,24
960,53,1,27
960,1,1,30
960,10,0,24
960,61,1,24
960,17,0,22
960,0,0,35
960,2,1,22
960,47,1,11
960,25,0,30
960,20,1,17
960,19,1,24
960,6,1,9
960,43,0,21
960,14,1,31
960,51,0,28
961,33,0,16
961,70,0,46
961,66,0,33
961,25,1,29
961,54,1,36
961,70,0,26
961,28,0,12
961,21,1,18
961,3,1,36
961,26,1,33
961,32,1,20
961,45,0,35
961,52,0,17
961,65,1,24
961,38,1,25
961,46,1,20
961,40,1,30
961,61,0,19
961,28,1,39
961,58,1,25
961,57,1,31
961,51,1,34
961,56,1,14
961,7,1,25
961,68,1,26
961,35,1,30
961,64,1,23
961,10,0,9
961,22,1,27
961,8,1,26
961,2,1,28
961,36,1,10
961,53,1,19
961,19,1,35
961,52,1,19
961,2,0,27
961,34,0,17
961,4,0,21
961,67,1,21
961,12,1,16
961,23,1,34
961,51,1,20
961,53,1,48
961,19,1,38
961,68,1,32
961,24,0,35
961,59,1,18
961,71,0,8
961,47,1,34
961,42,0,9
961,37,1,17
961,63,1,25
961,38,1,35
961,3,0,11
961,68,0,20
961,0,0,14
961,53,1,17
961,12,1,13
961,68,1,37
961,31,0,27
961,21,0,47
961,24,0,11
961,31,0,23
961,61,0,22
961,28,0,25
961,50,1,43
961,35,1,14
961,36,1,25
961,35,1,25
961,60,0,23
961,55,1,23
961,14,1,35
962,32,0,54
962,36,1,23
962,49,1,49
962,3,0,39
962,27,1,40
962,1,0,42
962,71,0,65
962,20,0,48
962,28,0,47
962,46,0,57
962,4,0,28
962,15,1,46
962,61,1,57
962,39,0,42
962,14,0,50
962,38,1,54
962,60,1,27
962,28,0,62
962,50,0,44
962,12,0,41
962,20,0,58
962,25,1,39
962,51,0,32
962,31,0,45
962,59,0,25
962,53,0,13
962,14,0,70
962,32,1,44
962,31,0,33
962,43,0,46
962,70,1,61
962,51,0,47
962,44,1,46
962,54,0,49
962,68,1,70
962,49,0,41
962,2,1,74
962,29,1,14
962,31,0,40
962,43,0,33
962,64,1,43
962,6,0,43
962,68,1,36
962,40,0,27
962,35,1,87
962,1,1,44
962,26,1,46
962,18,0,57
962,12,0,49
962,14,0,27
962,71,0,61
962,3,1,7
962,36,1,43
962,65,1,28
962,28,1,49
962,32,0,36
962,67,0,35
962,21,1,62
962,50,0,36
962,29,1,59
962,16,0,19
962,1,0,60
962,6,1,34
962,37,0,40
962,6,0,25
962,66,1,55
962,68,1,56
962,20,0,66
962,25,1,60
962,67,0,53
962,70,0,37
962,13,1,40
963,34,0,60
963,5,1,73
963,11,0,20
963,35,1,47
963,32,0,71
963,32,0,37
963,54,0,81
963,60,1,100
963,17,0,54
963,39,0,74
963,61,1,40
963,59,0,58
963,50,0,65
963,10,0,52
963,6,1,35
963,69,0,64
963,69,0,40
963,46,0,56
963,37,0,72
963,10,0,58
963,45,0,42
963,3,0,80
963,24,0,74
963,64,1,68
963,69,0,64
963,26,0,57
963,58,0,90
963,60,0,73
963,7,0,59
963,69,0,37
963,5,1,88
963,15,0,76
963,38,1,54
963,47,0,53
963,57,1,60
963,11,1,79
963,68,1,73
963,34,0,78
963,16,0,44
963,47,0,79
963,15,0,67
963,51,0,83
963,24,0,56
963,65,0,41
963,12,0,113
963,23,0,53
963,16,1,57
963,70,0,44
963,5,1,91
963,44,0,70
963,44,0,54
963,66,1,26
963,22,1,54
963,27,0,9
963,17,0,51
963,28,0,57
963,60,1,41
963,24,0,65
963,16,1,63
963,50,1,113
963,16,0,65
963,27,0,46
963,44,0,49
963,18,0,42
963,25,0,49
963,22,0,72
963,31,1,73
963,41,1,56
963,17,1,54
963,20,0,43
963,68,1,31
963,58,1,87
964,18,0,27
964,10,0,28
964,14,0,32
964,8,0,21
964,11,0,17
964,2,0,24
964,55,0,19
964,11,1,25
964,5,1,31
964,29,0,17
964,68,1,7
964,52,0,16
964,30,1,24
964,54,0,51
964,14,0,23
964,61,1,12
964,63,1,18
964,19,1,5
964,39,0,44
964,58,0,31
964,22,1,31
964,69,0,27
964,46,0,20
964,28,0,9
964,33,0,27
964,35,1,27
964,16,1,5
964,14,0,33
964,18,0,34
964,66,0,30
964,68,0,29
964,0,1,44
964,46,0,19
964,45,0,23
964,8,1,36
964,31,0,8
964,0,1,23
964,47,0,28
964,65,1,33
964,45,0,30
964,56,0,31
964,44,1,22
964,33,0,21
964,66,0,18
964,1,0,10
964,23,0,27
964,15,0,17
964,8,1,21
964,0,0,34
964,27,1,21
964,64,0,8
964,58,1,28
964,30,0,20
964,34,0,27
964,27,0,32
964,3,0,21
964,33,0,9
964,25,1,38
964,70,0,17
964,44,0,27
964,23,0,21
964,29,0,21
964,14,0,19
964,32,0,31
964,7,0,9
964,14,0,23
964,5,1,24
964,52,0,32
964,6,1,42
964,40,0,28
964,3,0,27
964,28,1,33
965,31,0,8
965,64,0,23
965,29,0,24
965,59,1,30
965,31,1,14
965,58,1,25
965,68,0,17
965,52,0,18
965,34,0,17
965,29,1,27
965,38,1,36
965,20,0,19
965,11,0,28
965,17,0,30
965,37,1,13
965,58,1,28
965,59,1,12
965,48,0,31
965,59,1,24
965,20,1,7
965,54,1,32
965,53,1,28
965,36,1,28
965,66,0,33
965,50,0,25
965,68,0,35
965,33,0,30
965,24,1,26
965,13,0,22
965,37,0,13
965,52,1,17
965,26,0,26
965,64,0,35
965,53,0,29
965,21,0,26
965,20,0,41
965,48,1,11
965,15,0,5
965,71,0,35
965,26,0,18
965,19,0,24
965,36,1,26
965,48,0,44
965,60,0,20
965,61,1,25
965,63,0,35
965,30,1,23
965,1,0,28
965,40,0,35
965,71,0,21
965,0,0,19
965,10,0,29
965,11,0,32
965,59,0,44
965,55,1,21
965,70,1,28
965,21,0,5
965,65,0,24
965,68,0,29
965,21,1,21
965,70,1,11
965,53,1,38
965,39,1,13
965,36,1,24
965,33,1,32
965,5,0,19
965,65,1,17
965,65,1,9
965,17,1,21
965,58,0,38
965,13,0,35
965,4,1,17
966,16,0,15
966,9,1,35
966,23,0,30
966,46,0,29
966,37,0,21
966,19,1,34
966,27,0,31
966,1,0,17
966,68,1,23
966,71,1,18
966,13,1,31
966,45,0,27
966,1,1,10
966,27,0,20
966,14,0,19
966,5,1,21
966,21,1,20
966,15,0,33
966,67,1,34
966,67,0,20
966,20,0,19
966,26,1,23
966,43,0,32
966,65,1,17
966,46,1,5
966,18,1,33
966,38,1,20
966,19,1,31
966,59,1,29
966,16,1,34
966,44,0,18
966,40,0,41
966,65,1,23
966,59,1,26
966,20,0,20
966,0,1,16
966,16,0,22
966,12,1,32
966,6,1,32
966,63,1,13
966,20,0,21
966,60,0,31
966,68,0,21
966,65,1,26
966,51,1,10
966,3,0,9
966,21,1,8
966,30,1,5
966,16,0,26
966,46,0,30
966,39,0,18
966,15,1,8
966,62,0,36
966,30,1,26
966,34,1,33
966,1,1,31
966,62,0,21
966,29,1,18
966,35,0,16
966,41,0,15
966,66,1,31
966,16,0,27
966,39,0,27
966,57,1,13
966,22,1,19
966,21,1,31
966,65,1,32
966,62,0,29
966,39,1,38
966,0,0,19
966,55,1,25
966,59,1,35
967,14,1,16
967,59,0,26
967,56,1,22
967,47,1,29
967,67,0,16
967,67,0,18
967,61,1,45
967,55,1,17
967,19,0,16
967,54,1,32
967,2,1,23
967,44,0,20
967,34,0,19
967,43,1,32
967,49,1,25
967,28,0,33
967,40,0,27
967,39,0,28
967,50,1,16
967,31,0,21
967,12,1,21
967,65,1,11
967,48,0,7
967,13,1,16
967,38,0,17
967,56,1,11
967,10,0,24
967,46,1,38
967,49,1,21
967,67,1,33
967,11,1,15
967,50,0,17
967,61,1,20
967,62,0,17
967,63,1,33
967,51,1,22
967,26,0,31
967,71,0,31
967,62,1,30
967,13,1,34
967,56,0,12
967,55,1,31
967,17,0,20
967,28,1,25
967,58,1,22
967,27,1,38
967,16,1,24
967,2,1,12
967,60,1,19
967,25,1,26
967,18,0,5
967,51,0,14
967,56,1,15
967,70,0,30
967,30,1,28
967,5,1,14
967,32,0,20
967,68,1,38
967,28,0,24
967,61,1,26
967,2,1,29
967,11,0,5
967,2,0,20
967,3,0,16
967,60,1,31
967,59,1,29
967,20,0,23
967,2,1,21
967,53,1,27
967,8,1,28
967,23,1,5
967,50,0,40
968,6,1,65
968,47,1,44
968,68,1,35
968,70,1,23
968,18,1,57
968,14,1,50
968,58,0,56
968,8,0,46
968,37,1,13
968,3,1,41
968,18,1,12
968,27,1,39
968,57,0,20
968,18,0,41
968,0,1,70
968,63,0,5
968,7,1,53
968,33,0,13
968,43,0,24
968,22,0,54
968,9,1,20
968,44,1,42
968,58,1,56
968,4,0,5
968,56,1,50
968,0,0,47
968,59,1,48
968,65,1,47
968,3,1,40
968,32,0,51
968,26,0,26
968,10,1,21
968,61,1,55
968,70,0,39
968,60,1,46
968,4,0,10
968,46,0,69
968,25,0,6
968,16,1,31
968,29,1,40
968,19,1,61
968,43,1,63
968,69,1,34
968,23,1,33
968,31,0,44
968,52,1,37
968,46,0,28
968,9,0,31
968,65,0,59
968,10,1,40
968,2,0,31
968,17,1,34
968,17,1,23
968,9,1,34
968,56,0,35
968,44,1,24
968,0,1,34
968,31,1,31
968,63,0,42
968,40,0,39
968,38,1,18
968,52,1,35
968,36,1,57
968,65,1,43
968,41,0,81
968,50,0,34
968,0,0,42
968,50,0,51
968,43,0,42
968,7,0,30
968,42,1,16
968,59,1,47
969,17,1,21
969,66,0,23
969,49,1,35
969,34,1,25
969,43,1,32
969,24,1,20
969,38,1,9
969,20,1,29
969,31,0,40
969,64,1,28
969,49,1,25
969,50,1,33
969,51,1,35
969,64,1,38
969,3,1,42
969,31,0,34
969,29,1,48
969,46,1,29
969,10,0,17
969,19,0,35
969,46,1,21
969,41,1,37
969,11,1,10
969,46,1,20
969,54,0,27
969,58,1,31
969,26,1,23
969,22,1,32
969,38,1,31
969,62,1,24
969,57,1,41
969,7,1,40
969,28,1,34
969,17,1,18
969,32,0,21
969,32,0,26
969,52,1,23
969,50,0,49
969,6,1,17
969,20,1,29
969,38,1,5
969,27,1,43
969,61,1,27
969,12,1,24
969,36,1,34
969,42,1,25
969,31,0,28
969,34,1,21
969,35,1,35
969,64,1,30
969,38,1,20
969,5,1,52
969,2,1,38
969,44,0,19
969,37,1,35
969,14,1,31
969,55,1,34
969,23,1,35
969,57,0,29
969,48,1,25
969,62,1,29
969,54,1,21
969,63,1,29
969,27,1,26
969,50,1,24
969,40,1,31
969,15,0,45
969,0,0,27
969,18,1,27
969,52,1,38
969,9,1,21
969,32,0,45
970,13,0,12
970,20,0,65
970,31,0,41
970,57,0,45
970,19,0,26
970,64,1,18
970,58,0,44
970,40,0,18
970,24,0,49
970,54,0,27
970,15,1,26
970,22,1,5
970,50,0,35
970,17,0,60
970,70,0,45
970,30,0,42
970,3,0,48
970,28,1,50
970,6,1,20
970,24,0,22
970,15,0,58
970,3,0,19
970,27,0,37
970,51,1,30
970,67,0,33
970,29,0,18
970,1,0,34
970,48,0,21
970,21,0,50
970,16,0,40
970,7,1,15
970,51,0,44
970,9,0,57
970,63,1,47
970,66,0,60
970,22,1,28
970,69,1,39
970,12,0,18
970,69,0,52
970,28,0,65
970,48,1,48
970,57,0,23
970,71,1,25
970,27,1,62
970,14,0,34
970,61,1,29
970,54,0,27
970,50,0,31
970,5,0,48
970,65,1,22
970,56,1,62
970,23,0,69
970,5,0,45
970,59,0,30
970,22,1,45
970,16,0,20
970,69,1,54
970,2,0,27
970,68,0,48
970,3,0,51
970,36,0,21
970,23,1,25
970,43,0,21
970,9,1,34
970,68,0,41
970,41,0,31
970,30,0,59
970,42,1,37
970,22,1,44
970,45,0,62
970,47,0,37
970,71,0,69
971,1,0,49
971,50,0,46
971,18,0,63
971,27,1,24
971,66,0,44
971,66,0,15
971,35,1,59
971,64,0,44
971,12,0,39
971,17,1,56
971,47,0,12
971,38,0,31
971,30,1,68
971,48,0,57
971,0,1,53
971,37,0,32
971,30,1,35
971,49,1,28
971,25,0,29
971,65,0,14
971,19,0,62
971,47,1,64
971,36,1,35
971,43,0,39
971,41,1,38
971,57,0,57
971,49,1,37
971,32,0,31
971,57,1,24
971,38,1,41
971,58,0,42
971,13,1,29
971,55,1,17
971,35,1,72
971,26,1,18
971,55,0,50
971,53,1,58
971,70,0,53
971,8,0,31
971,7,0,63
971,0,0,59
971,25,0,67
971,17,0,35
971,23,0,48
971,38,1,41
971,33,0,42
971,7,0,32
971,64,1,20
971,13,1,8
971,24,1,37
971,49,1,43
971,2,0,38
971,71,1,39
971,58,1,61
971,46,1,39
971,42,1,21
971,28,0,54
971,16,1,38
971,42,0,36
971,34,0,88
971,67,0,49
971,7,1,43
971,27,0,23
971,37,1,47
971,34,0,65
971,6,1,26
971,48,0,50
971,62,0,41
971,13,1,64
971,42,1,38
971,31,1,46
971,60,1,52
972,5,1,13
972,0,0,35
972,60,1,42
972,5,1,36
972,30,1,42
972,43,0,55
972,49,0,57
972,24,0,27
972,18,0,42
972,36,1,24
972,49,1,37
972,21,1,42
972,57,1,47
972,64,1,54
972,57,0,27
972,64,1,26
972,25,1,34
972,67,0,32
972,33,0,46
972,34,0,27
972,44,1,21
972,22,1,29
972,68,1,41
972,14,1,23
972,30,1,90
972,6,0,58
972,48,0,54
972,66,0,21
972,48,0,38
972,25,0,31
972,51,1,26
972,70,0,76
972,41,1,35
972,4,1,47
972,69,1,51
972,49,1,31
972,46,1,33
972,66,0,25
972,58,1,53
972,33,0,30
972,37,1,28
972,66,0,41
972,32,0,34
972,49,1,37
972,41,0,50
972,62,1,50
972,41,1,23
972,39,0,17
972,39,0,34
972,70,1,7
972,8,0,15
972,11,0,53
972,23,0,33
972,27,1,53
972,22,1,49
972,10,0,38
972,53,0,26
972,25,1,54
972,37,1,40
972,32,0,46
972,15,1,16
972,63,1,49
972,70,1,27
972,9,0,79
972,59,1,44
972,49,1,37
972,52,0,50
972,15,1,52
972,3,0,32
972,1,1,32
972,14,1,12
972,16,0,41
973,36,0,32
973,42,1,5
973,54,0,20
973,56,1,11
973,56,1,30
973,12,1,5
973,67,0,22
973,43,1,5
973,9,0,11
973,5,1,44
973,6,1,29
973,4,1,5
973,18,1,26
973,0,0,37
973,36,0,40
973,56,0,20
973,49,1,26
973,34,0,28
973,27,1,19
973,52,1,22
973,67,0,11
973,31,1,27
973,12,0,17
973,18,1,34
973,29,1,11
973,25,1,12
973,54,0,31
973,61,1,22
973,62,1,13
973,52,1,15
973,71,0,35
973,36,1,23
973,57,0,25
973,19,0,8
973,31,0,30
973,33,0,39
973,48,0,12
973,3,1,39
973,13,1,24
973,24,1,20
973,34,1,5
973,32,1,27
973,25,0,20
973,4,0,15
973,8,0,38
973,36,0,33
973,55,0,19
973,22,1,22
973,45,0,34
973,68,0,38
973,63,1,9
973,45,0,19
973,62,0,36
973,38,1,41
973,45,1,37
973,46,0,16
973,44,1,18
973,16,1,24
973,31,1,21
973,39,0,27
973,36,1,9
973,43,0,9
973,38,1,17
973,16,1,25
973,60,0,11
973,9,0,6
973,29,0,21
973,59,1,32
973,0,1,15
973,35,1,27
973,23,0,30
973,20,0,37
974,42,1,21
974,8,0,30
974,22,1,22
974,55,1,18
974,39,1,26
974,40,1,19
974,17,1,26
974,46,1,41
974,42,1,18
974,18,0,41
974,15,1,22
974,25,1,6
974,17,1,19
974,15,1,27
974,29,1,19
974,53,1,17
974,49,1,32
974,44,1,16
974,3,1,28
974,20,0,40
974,34,0,51
974,45,0,16
974,55,1,28
974,38,1,28
974,46,1,41
974,6,1,13
974,40,1,30
974,14,1,30
974,0,0,33
974,9,1,25
974,36,1,17
974,57,1,29
974,65,1,29
974,33,1,12
974,6,1,31
974,37,1,26
974,60,1,29
974,59,1,29
974,36,1,49
974,56,0,32
974,59,1,33
974,71,0,41
974,8,1,25
974,26,1,50
974,17,1,34
974,50,1,16
974,8,1,30
974,51,1,43
974,49,1,17
974,65,1,23
974,23,1,35
974,37,1,13
974,13,1,28
974,7,1,32
974,23,0,26
974,25,0,26
974,2,1,46
974,22,1,31
974,51,1,27
974,59,1,27
974,35,1,40
974,66,0,5
974,62,0,15
974,39,1,50
974,40,0,31
974,7,1,45
974,58,1,34
974,35,0,43
974,0,1,45
974,11,1,42
974,7,1,21
974,51,0,19
975,7,1,32
975,36,0,74
975,33,0,30
975,64,1,36
975,53,1,49
975,43,0,32
975,52,1,60
975,49,0,19
975,60,1,46
975,65,1,52
975,64,1,57
975,21,1,38
975,66,0,32
975,0,0,37
975,51,0,55
975,21,1,43
975,26,0,46
975,65,0,54
975,52,1,68
975,38,0,63
975,45,0,55
975,27,1,47
975,20,0,33
975,63,1,10
975,4,1,72
975,49,1,52
975,57,1,36
975,41,1,35
975,0,0,64
975,60,1,27
975,43,0,49
975,19,1,33
975,43,0,29
975,60,0,57
975,34,0,23
975,3,0,61
975,4,1,63
975,8,1,31
975,3,0,49
975,2,1,38
975,68,0,47
975,25,0,53
975,15,1,64
975,29,0,90
975,33,0,77
975,68,1,58
975,25,1,44
975,20,1,58
975,59,1,81
975,65,1,51
975,27,0,38
975,47,0,42
975,27,1,67
975,9,0,52
975,54,0,44
975,39,0,45
975,56,1,51
975,48,0,51
975,2,1,54
975,11,0,6
975,3,0,38
975,56,0,41
975,45,0,58
975,59,0,40
975,47,1,21
975,36,1,46
975,61,1,41
975,44,0,70
975,14,0,34
975,57,0,50
975,30,1,49
975,1,1,51
976,31,0,28
976,64,1,32
976,2,1,16
976,67,1,22
976,64,1,15
976,40,1,41
976,47,1,26
976,55,0,26
976,1,1,10
976,5,1,12
976,25,1,22
976,50,1,28
976,63,0,29
976,67,0,12
976,63,1,13
976,65,1,32
976,36,1,20
976,66,1,17
976,32,1,21
976,70,1,23
976,31,1,5
976,46,1,41
976,20,1,19
976,65,1,28
976,9,0,35
976,52,1,26
976,29,0,5
976,33,1,25
976,22,0,26
976,43,0,38
976,27,0,27
976,9,0,16
976,15,1,29
976,6,0,28
976,29,1,24
976,18,0,25
976,18,1,25
976,41,0,23
976,1,1,23
976,27,1,25
976,68,1,15
976,31,0,12
976,54,0,24
976,29,1,37
976,2,1,43
976,22,1,29
976,47,0,24
976,37,1,31
976,21,0,32
976,63,1,14
976,11,1,32
976,40,0,48
976,36,0,27
976,8,1,25
976,40,1,23
976,23,1,23
976,49,1,32
976,16,0,8
976,27,1,33
976,56,1,23
976,52,1,28
976,11,1,18
976,13,1,39
976,59,1,42
976,42,0,12
976,21,1,12
976,29,0,44
976,42,1,18
976,2,1,33
976,6,1,32
976,45,1,24
976,55,0,17
977,25,1,27
977,19,1,27
977,71,0,15
977,57,1,18
977,30,0,39
977,30,1,22
977,27,0,26
977,50,0,5
977,41,1,23
977,46,0,31
977,15,1,18
977,34,0,28
977,48,0,20
977,59,0,23
977,7,0,28
977,64,1,20
977,12,0,21
977,21,0,26
977,38,0,15
977,29,1,27
977,7,0,35
977,45,0,25
977,56,0,9
977,1,0,9
977,54,0,26
977,16,0,29
977,32,1,14
977,59,1,20
977,54,1,17
977,60,1,30
977,14,1,30
977,58,0,27
977,27,0,23
977,40,1,20
977,4,0,17
977,13,1,24
977,17,1,23
977,47,0,27
977,25,0,28
977,34,0,27
977,36,0,17
977,61,0,21
977,48,0,22
977,35,1,23
977,0,0,24
977,50,0,37
977,9,0,34
977,52,1,31
977,11,1,19
977,37,1,29
977,13,1,30
977,15,1,39
977,13,1,39
977,64,1,13
977,28,1,26
977,26,1,28
977,29,0,24
977,35,0,48
977,69,1,32
977,11,0,20
977,70,0,31
977,3,0,20
977,54,0,15
977,30,1,11
977,32,0,24
977,4,1,12
977,31,1,16
977,49,1,23
977,54,0,39
977,66,1,30
977,16,1,17
977,66,1,9
978,62,0,14
978,38,1,18
978,52,0,5
978,17,1,52
978,21,0,23
978,41,1,17
978,63,1,39
978,31,0,38
978,20,0,67
978,46,1,34
978,8,0,36
978,16,0,22
978,23,0,35
978,70,1,44
978,46,0,45
978,2,1,45
978,21,0,59
978,14,1,49
978,5,1,22
978,58,1,41
978,25,1,43
978,33,1,40
978,50,0,17
978,50,1,12
978,34,1,25
978,25,1,61
978,28,1,5
978,59,0,53
978,14,0,28
978,1,0,25
978,19,0,16
978,70,0,43
978,0,1,45
978,38,1,36
978,38,0,71
978,1,0,13
978,46,1,16
978,38,1,33
978,23,1,53
978,14,0,70
978,52,0,51
978,2,1,19
978,68,0,21
978,46,1,48
978,26,1,37
978,12,1,28
978,61,1,56
978,19,0,29
978,33,0,50
978,71,0,50
978,3,0,34
978,68,1,57
978,61,1,28
978,23,0,38
978,56,1,41
978,23,1,65
978,9,1,35
978,32,0,40
978,14,0,28
978,48,0,19
978,55,1,31
978,49,1,40
978,4,1,55
978,15,0,34
978,35,0,29
978,17,1,93
978,36,0,37
978,53,1,25
978,71,0,56
978,45,0,24
978,34,1,15
978,62,0,37
979,25,1,5
979,46,1,33
979,45,1,34
979,14,0,39
979,43,0,47
979,42,1,17
979,24,1,19
979,9,0,23
979,12,1,32
979,48,0,32
979,47,1,31
979,47,0,33
979,22,1,30
979,33,0,21
979,67,1,29
979,3,1,29
979,58,1,43
979,69,1,25
979,18,0,17
979,56,1,45
979,8,1,44
979,36,1,29
979,26,1,15
979,56,1,8
979,39,0,30
979,52,1,19
979,60,1,23
979,10,1,31
979,23,1,28
979,2,1,32
979,37,1,47
979,43,0,37
979,19,0,28
979,19,0,46
979,5,1,36
979,68,1,32
979,13,1,20
979,64,1,34
979,54,1,44
979,31,0,34
979,27,1,35
979,70,0,40
979,4,0,42
979,67,0,18
979,7,0,32
979,56,1,27
979,66,0,26
979,69,1,41
979,68,1,36
979,23,1,26
979,58,1,22
979,24,1,35
979,67,1,29
979,7,1,47
979,70,1,38
979,62,0,17
979,62,0,19
979,42,1,28
979,32,0,43
979,67,0,13
979,59,1,30
979,66,1,32
979,2,1,43
979,24,1,25
979,14,1,33
979,64,1,28
979,66,1,30
979,54,0,46
979,20,1,39
979,30,1,29
979,45,0,40
979,46,0,38
980,7,1,54
980,23,0,60
980,48,0,55
980,61,0,68
980,54,0,58
980,62,1,53
980,31,0,66
980,56,1,52
980,67,0,54
980,35,1,72
980,43,0,50
980,31,0,68
980,12,0,52
980,1,0,49
980,11,0,29
980,26,1,45
980,70,0,48
980,29,0,58
980,35,0,101
980,35,1,48
980,33,0,72
980,9,0,79
980,49,1,100
980,38,1,44
980,3,0,59
980,66,0,62
980,34,0,14
980,39,0,72
980,49,1,86
980,56,0,92
980,16,0,42
980,41,0,57
980,15,0,62
980,7,1,100
980,43,0,61
980,17,0,56
980,30,0,72
980,45,0,44
980,63,0,73
980,32,0,66
980,19,1,67
980,28,0,59
980,61,0,100
980,22,0,70
980,56,0,58
980,23,0,45
980,27,0,86
980,66,0,52
980,53,0,55
980,37,1,75
980,20,0,90
980,62,0,12
980,10,0,68
980,18,0,59
980,17,0,51
980,22,0,66
980,38,0,17
980,34,1,34
980,62,0,67
980,17,0,93
980,60,0,74
980,23,0,53
980,61,1,41
980,43,0,19
980,29,0,43
980,10,0,83
980,62,0,49
980,24,0,54
980,56,0,44
980,11,0,71
980,64,0,44
980,3,0,55
981,4,1,30
981,69,1,21
981,43,1,25
981,63,1,34
981,63,1,12
981,38,1,36
981,45,1,27
981,56,0,25
981,39,1,27
981,46,0,13
981,70,1,15
981,37,1,8
981,49,1,29
981,55,0,44
981,5,1,15
981,33,1,30
981,38,1,27
981,54,1,25
981,24,0,21
981,4,1,30
981,50,1,44
981,21,1,22
981,48,1,22
981,29,1,36
981,12,1,29
981,31,1,11
981,26,0,41
981,47,1,41
981,51,0,45
981,44,1,33
981,51,0,34
981,46,1,24
981,16,0,21
981,48,1,26
981,37,1,27
981,45,0,23
981,37,1,26
981,25,0,41
981,8,0,39
981,40,1,29
981,3,0,25
981,11,1,39
981,41,1,28
981,70,1,35
981,41,1,22
981,63,1,17
981,33,1,38
981,0,1,31
981,15,0,38
981,51,1,31
981,64,1,32
981,39,0,39
981,33,0,40
981,10,0,25
981,63,0,39
981,14,0,45
981,6,1,31
981,71,0,37
981,3,1,47
981,47,1,22
981,23,0,24
981,52,1,31
981,10,1,29
981,15,1,36
981,11,1,45
981,54,1,25
981,30,1,22
981,8,1,33
981,63,1,30
981,3,0,32
981,33,1,27
981,3,0,26
982,42,1,33
982,19,1,27
982,53,1,30
982,21,1,40
982,34,0,18
982,11,1,12
982,7,1,19
982,45,1,11
982,34,0,45
982,1,0,28
982,51,0,34
982,49,1,30
982,47,1,48
982,70,1,32
982,42,0,22
982,11,1,28
982,9,1,18
982,44,0,36
982,36,0,37
982,60,1,11
982,49,1,29
982,17,0,36
982,20,1,15
982,71,1,39
982,68,1,49
982,60,1,23
982,15,1,22
982,33,0,25
982,2,1,37
982,26,1,26
982,47,1,25
982,9,1,28
982,20,1,34
982,71,0,41
982,44,0,20
982,27,1,32
982,46,0,34
982,10,1,34
982,10,0,37
982,41,1,33
982,39,1,5
982,66,0,28
982,60,1,26
982,0,1,25
982,66,1,24
982,26,1,24
982,22,0,40
982,47,0,28
982,63,1,27
982,57,0,16
982,42,0,49
982,71,0,31
982,14,1,41
982,12,0,10
982,50,1,34
982,5,1,8
982,28,1,7
982,36,1,26
982,2,1,34
982,37,1,22
982,32,0,43
982,70,1,28
982,7,1,26
982,69,0,26
982,18,0,34
982,65,1,15
982,43,1,20
982,46,1,23
982,18,0,34
982,54,0,37
982,51,1,26
982,68,1,19
983,25,0,33
983,1,0,24
983,67,1,28
983,28,1,13
983,57,1,25
983,53,1,26
983,19,1,18
983,13,1,22
983,32,0,20
983,31,0,28
983,34,1,23
983,64,1,14
983,37,0,14
983,2,0,10
983,70,0,12
983,31,0,32
983,14,0,34
983,41,0,24
983,40,1,15
983,7,1,27
983,52,1,21
983,63,1,17
983,12,1,23
983,63,1,16
983,11,0,27
983,68,1,17
983,43,0,21
983,3,0,20
983,66,0,53
983,42,0,27
983,46,0,17
983,13,0,45
983,17,1,36
983,7,0,10
983,23,0,27
983,44,0,39
983,46,1,12
983,66,0,28
983,43,0,21
983,66,1,29
983,31,0,33
983,23,0,18
983,14,0,31
983,54,0,31
983,7,1,44
983,24,0,34
983,71,1,16
983,69,0,30
983,4,0,17
983,25,0,23
983,47,1,27
983,15,1,6
983,0,1,21
983,68,1,39
983,23,0,32
983,64,0,21
983,62,0,24
983,65,1,35
983,61,1,9
983,61,1,18
983,70,1,20
983,69,1,27
983,6,0,24
983,7,1,14
983,39,1,8
983,69,1,22
983,61,0,28
983,23,0,23
983,50,0,35
983,8,1,37
983,69,0,26
983,60,0,28
984,10,0,30
984,20,0,15
984,24,0,76
984,12,0,45
984,63,1,66
984,13,0,21
984,6,1,26
984,44,0,33
984,2,1,43
984,8,1,37
984,45,0,33
984,34,1,36
984,40,0,44
984,1,0,52
984,36,0,15
984,6,1,49
984,44,0,49
984,71,0,52
984,52,1,24
984,70,0,49
984,57,0,42
984,14,0,38
984,39,0,47
984,67,1,53
984,24,0,23
984,36,1,59
984,34,1,27
984,21,0,15
984,50,0,49
984,63,0,50
984,11,1,34
984,45,0,25
984,4,1,40
984,11,1,13
984,41,1,41
984,15,0,32
984,2,1,56
984,26,1,33
984,69,0,55
984,12,0,45
984,1,0,29
984,39,0,51
984,26,0,51
984,5,1,44
984,70,0,32
984,29,0,14
984,46,0,19
984,70,1,38
984,10,0,35
984,25,1,18
984,63,1,54
984,44,0,39
984,19,0,60
984,1,0,33
984,48,0,37
984,68,1,57
984,2,1,45
984,55,0,5
984,57,0,45
984,13,0,42
984,18,0,65
984,34,0,70
984,15,0,41
984,2,1,52
984,62,0,44
984,59,0,43
984,22,0,40
984,12,1,44
984,43,0,19
984,65,1,64
984,9,0,34
984,60,1,25
985,11,1,11
985,7,0,29
985,9,0,19
985,44,0,13
985,33,1,19
985,1,1,38
985,1,0,30
985,4,0,23
985,71,0,12
985,28,0,43
985,64,0,20
985,5,1,33
985,18,1,18
985,44,1,37
985,23,1,7
985,21,0,34
985,52,1,10
985,30,1,45
985,62,0,31
985,65,1,10
985,8,0,30
985,22,1,14
985,57,0,25
985,28,0,12
985,7,0,15
985,7,1,35
985,9,1,33
985,49,1,10
985,54,1,17
985,60,0,27
985,3,0,39
985,8,0,32
985,30,1,30
985,31,0,41
985,38,1,31
985,71,1,19
985,55,0,30
985,71,0,28
985,71,0,26
985,15,1,44
985,19,0,24
985,8,0,29
985,5,1,29
985,31,0,24
985,11,0,19
985,71,0,23
985,25,1,24
985,71,0,16
985,60,1,28
985,24,1,34
985,58,1,7
985,9,1,51
985,30,0,30
985,0,0,25
985,49,1,31
985,25,0,15
985,34,0,13
985,68,0,17
985,4,0,42
985,42,0,31
985,39,1,29
985,30,1,36
985,49,1,15
985,13,1,24
985,9,1,34
985,25,1,18
985,23,0,17
985,40,0,31
985,10,0,26
985,48,0,27
985,19,1,29
985,50,0,36
986,35,1,44
986,43,1,50
986,63,1,44
986,62,0,24
986,16,1,44
986,14,0,5
986,0,1,15
986,34,1,41
986,6,1,38
986,10,1,39
986,61,1,27
986,68,1,20
986,31,0,41
986,27,0,28
986,0,1,5
986,65,1,30
986,3,0,26
986,53,1,35
986,56,1,18
986,34,1,52
986,20,1,5
986,27,0,21
986,0,1,26
986,68,1,32
986,52,1,19
986,11,1,17
986,53,1,40
986,64,1,17
986,14,1,44
986,60,0,56
986,44,1,43
986,26,1,18
986,38,1,22
986,41,1,5
986,35,0,28
986,19,0,26
986,32,0,27
986,7,1,34
986,11,1,42
986,14,1,56
986,21,1,45
986,37,1,28
986,41,0,52
986,49,1,37
986,14,1,33
986,60,1,56
986,53,1,9
986,43,1,34
986,50,1,24
986,17,1,24
986,5,1,37
986,16,1,16
986,70,1,31
986,38,1,26
986,25,1,38
986,55,0,54
986,43,0,24
986,16,0,16
986,11,0,27
986,67,1,34
986,52,1,40
986,43,0,36
986,41,1,30
986,45,0,34
986,60,1,34
986,57,1,10
986,10,1,43
986,6,1,15
986,41,1,49
986,60,1,36
986,7,1,22
986,41,1,21
987,9,1,36
987,48,0,39
987,55,0,33
987,56,1,64
987,9,1,46
987,20,0,49
987,8,1,55
987,20,1,53
987,62,0,59
987,5,1,69
987,13,0,44
987,55,1,25
987,66,0,59
987,46,1,21
987,42,0,44
987,12,0,42
987,65,1,46
987,44,0,40
987,14,0,31
987,69,1,41
987,26,0,5
987,63,0,33
987,12,1,54
987,24,1,44
987,60,1,66
987,44,1,65
987,40,0,44
987,15,1,27
987,46,0,54
987,7,1,63
987,55,1,47
987,54,0,26
987,20,0,53
987,70,1,36
987,2,0,57
987,41,0,45
987,3,0,63
987,2,1,24
987,65,1,49
987,40,0,60
987,15,1,60
987,4,1,36
987,13,1,27
987,61,1,39
987,6,0,60
987,11,0,54
987,32,0,5
987,46,0,60
987,5,1,47
987,22,1,79
987,26,0,41
987,15,0,38
987,48,0,50
987,37,1,50
987,26,0,32
987,41,1,82
987,35,0,32
987,70,0,36
987,35,1,52
987,28,0,17
987,16,1,32
987,43,1,34
987,19,0,33
987,35,1,25
987,71,1,48
987,64,0,32
987,50,1,38
987,43,0,45
987,16,0,35
987,26,1,33
987,21,1,50
987,21,1,58
988,65,1,29
988,52,1,68
988,68,1,12
988,59,1,42
988,19,1,20
988,0,1,59
988,69,1,33
988,13,1,41
988,26,1,30
988,28,0,53
988,17,0,14
988,37,1,47
988,4,0,27
988,25,1,31
988,38,0,17
988,42,0,47
988,54,0,57
988,7,1,56
988,47,1,29
988,60,1,58
988,36,0,23
988,62,1,41
988,30,0,27
988,70,1,51
988,12,0,62
988,13,1,45
988,18,0,35
988,6,1,10
988,31,1,10
988,18,1,69
988,52,0,43
988,57,0,38
988,36,0,29
988,30,1,5
988,33,1,35
988,31,0,22
988,49,1,42
988,31,0,31
988,43,0,78
988,51,0,38
988,69,1,55
988,63,0,53
988,62,0,27
988,55,1,32
988,41,1,26
988,57,0,17
988,24,0,30
988,48,1,34
988,19,0,18
988,49,1,58
988,43,0,51
988,38,0,33
988,41,0,56
988,9,0,28
988,15,0,33
988,34,0,44
988,28,0,65
988,54,1,22
988,61,1,34
988,25,0,43
988,61,0,46
988,11,1,40
988,24,0,56
988,18,0,17
988,26,0,49
988,46,1,32
988,25,1,23
988,69,1,26
988,5,0,46
988,16,1,29
988,24,1,27
988,36,1,28
989,6,1,43
989,41,1,58
989,57,0,67
989,6,0,53
989,28,0,61
989,62,1,78
989,30,1,49
989,16,1,60
989,62,0,80
989,0,1,56
989,21,1,63
989,4,0,63
989,20,0,56
989,30,1,73
989,51,0,60
989,65,0,101
989,40,0,73
989,67,0,67
989,64,0,79
989,35,0,58
989,57,1,71
989,9,0,74
989,2,1,62
989,61,1,47
989,39,0,57
989,2,0,94
989,35,1,71
989,16,0,93
989,8,0,41
989,57,1,10
989,35,0,54
989,18,0,49
989,49,1,67
989,67,0,84
989,13,0,54
989,7,0,80
989,4,0,65
989,3,1,49
989,51,0,81
989,45,0,64
989,12,0,56
989,23,0,28
989,29,0,48
989,22,1,52
989,66,0,78
989,2,0,51
989,32,0,63
989,15,1,66
989,9,0,76
989,62,0,100
989,58,1,60
989,7,0,68
989,59,0,52
989,6,1,47
989,11,1,65
989,62,0,56
989,6,0,62
989,32,0,46
989,16,0,79
989,9,0,82
989,2,0,34
989,44,0,90
989,0,0,72
989,9,1,76
989,15,0,54
989,4,0,34
989,39,0,55
989,11,1,24
989,38,1,78
989,14,0,53
989,16,1,36
989,11,1,25
990,53,0,53
990,18,1,69
990,5,1,41
990,59,0,61
990,24,0,90
990,21,0,55
990,0,1,61
990,49,1,35
990,46,1,39
990,24,0,33
990,51,0,68
990,51,0,48
990,40,0,73
990,36,1,75
990,24,0,48
990,13,1,71
990,23,0,29
990,52,1,55
990,18,0,49
990,35,0,42
990,33,0,59
990,5,1,18
990,22,1,44
990,55,0,82
990,51,0,72
990,70,1,50
990,44,0,67
990,61,1,48
990,50,0,89
990,40,1,56
990,8,0,54
990,34,0,48
990,56,1,57
990,22,0,61
990,25,0,60
990,14,0,64
990,60,1,63
990,60,1,69
990,12,0,66
990,29,0,41
990,51,1,21
990,34,0,55
990,65,1,85
990,54,0,34
990,41,1,47
990,21,0,45
990,45,1,102
990,7,1,69
990,45,0,68
990,40,0,41
990,51,1,90
990,21,1,43
990,6,0,66
990,24,0,60
990,42,1,67
990,6,0,69
990,16,0,45
990,58,1,87
990,45,0,87
990,23,0,61
990,6,0,33
990,4,0,76
990,3,0,87
990,48,0,81
990,34,0,71
990,64,0,95
990,60,1,70
990,37,1,41
990,49,1,63
990,69,0,63
990,51,1,32
990,26,0,54
991,24,0,27
991,46,1,51
991,61,1,33
991,18,0,35
991,2,1,27
991,31,0,47
991,24,1,57
991,32,0,55
991,30,1,49
991,27,0,71
991,30,0,44
991,26,1,42
991,35,1,23
991,18,1,45
991,39,0,52
991,50,1,45
991,13,1,41
991,44,0,52
991,26,0,24
991,43,1,55
991,2,1,32
991,30,0,17
991,62,0,52
991,11,0,67
991,24,0,52
991,44,0,44
991,21,1,48
991,66,0,30
991,6,1,66
991,6,1,38
991,33,0,29
991,4,0,60
991,7,1,64
991,9,1,51
991,51,1,47
991,40,0,66
991,60,1,49
991,62,0,37
991,2,1,31
991,9,1,78
991,30,1,24
991,2,1,51
991,47,1,18
991,36,0,36
991,59,1,57
991,55,1,44
991,12,0,39
991,23,0,47
991,2,1,57
991,25,1,34
991,63,0,50
991,68,0,62
991,6,1,58
991,39,0,42
991,68,0,71
991,18,0,48
991,64,1,47
991,57,0,59
991,68,1,20
991,4,0,41
991,44,0,45
991,8,1,23
991,17,1,49
991,15,1,26
991,26,1,61
991,69,0,46
991,64,1,54
991,23,1,33
991,30,1,33
991,64,1,45
991,61,1,42
991,3,0,56
992,12,1,26
992,36,1,40
992,55,1,31
992,54,1,8
992,65,1,32
992,6,1,42
992,45,1,49
992,54,1,35
992,11,1,32
992,24,1,35
992,8,1,46
992,70,1,31
992,10,1,12
992,55,1,8
992,68,1,36
992,48,1,39
992,36,1,30
992,16,1,20
992,8,1,42
992,48,1,34
992,21,1,38
992,39,1,33
992,21,1,30
992,64,1,22
992,45,1,24
992,61,1,38
992,31,1,32
992,59,1,31
992,22,1,16
992,10,1,31
992,20,1,17
992,36,1,24
992,64,0,27
992,30,1,27
992,36,1,32
992,50,1,24
992,35,1,25
992,59,1,22
992,49,1,25
992,60,1,27
992,51,1,15
992,30,1,32
992,23,0,48
992,38,1,35
992,45,0,45
992,67,1,30
992,3,0,16
992,31,1,35
992,10,1,45
992,19,1,16
992,45,1,30
992,53,1,36
992,65,1,33
992,70,1,44
992,65,1,19
992,69,0,29
992,51,0,36
992,8,0,29
992,58,1,26
992,28,1,43
992,49,1,39
992,14,0,18
992,52,1,21
992,28,0,39
992,68,1,25
992,27,1,47
992,33,1,35
992,51,1,50
992,34,1,29
992,27,1,5
992,37,1,29
992,55,1,41
993,18,0,21
993,49,1,36
993,49,1,36
993,29,1,31
993,6,1,37
993,62,1,26
993,37,1,24
993,1,1,37
993,65,1,35
993,43,0,24
993,56,1,26
993,55,1,30
993,32,1,35
993,7,1,37
993,59,1,42
993,57,1,19
993,29,0,29
993,8,0,31
993,50,1,25
993,44,1,34
993,19,0,16
993,21,1,39
993,43,0,21
993,1,1,33
993,29,1,11
993,41,1,23
993,22,1,13
993,13,1,27
993,18,1,30
993,51,1,22
993,30,1,24
993,60,1,24
993,21,1,41
993,35,1,44
993,46,1,36
993,44,1,25
993,31,1,33
993,45,1,26
993,23,0,26
993,3,1,37
993,53,1,32
993,12,1,31
993,67,1,26
993,56,1,20
993,9,1,28
993,40,0,40
993,69,1,37
993,12,1,41
993,22,1,36
993,4,0,20
993,5,1,27
993,9,1,27
993,34,1,38
993,17,1,20
993,38,1,28
993,38,1,23
993,48,0,26
993,44,0,32
993,68,1,15
993,11,1,41
993,41,1,45
993,13,1,27
993,68,0,12
993,3,1,23
993,24,0,38
993,33,1,46
993,3,1,37
993,13,0,12
993,69,1,27
993,67,1,7
993,46,1,29
993,61,0,24
994,67,0,47
994,62,0,46
994,20,0,15
994,51,0,37
994,15,0,57
994,8,0,63
994,44,0,40
994,19,0,26
994,66,0,14
994,62,0,6
994,13,0,57
994,9,1,35
994,28,1,5
994,45,0,48
994,23,0,49
994,34,0,49
994,28,1,26
994,21,1,42
994,40,0,65
994,37,0,19
994,55,0,43
994,62,1,40
994,41,1,44
994,18,0,43
994,70,1,40
994,53,0,62
994,31,1,61
994,20,0,18
994,60,1,61
994,4,1,24
994,7,0,46
994,5,1,55
994,64,1,16
994,8,0,40
994,10,0,30
994,20,0,32
994,29,0,50
994,13,0,55
994,14,0,37
994,45,0,39
994,1,1,38
994,56,1,46
994,39,1,48
994,40,0,52
994,4,1,40
994,55,0,48
994,28,1,36
994,11,1,19
994,33,0,93
994,6,0,45
994,0,1,29
994,45,1,50
994,55,1,18
994,1,0,51
994,5,0,5
994,24,0,49
994,21,1,34
994,45,0,31
994,20,0,73
994,38,0,43
994,0,0,53
994,68,1,37
994,71,0,58
994,58,0,57
994,15,0,21
994,22,1,42
994,43,0,35
994,56,0,65
994,58,0,68
994,6,0,77
994,49,1,34
994,66,1,52
995,7,1,63
995,15,0,15
995,53,0,23
995,69,1,9
995,63,0,17
995,10,0,54
995,49,1,51
995,19,1,30
995,32,1,39
995,28,1,58
995,30,0,66
995,47,0,47
995,27,1,34
995,1,1,33
995,32,0,31
995,34,1,26
995,5,0,20
995,49,1,31
995,7,0,66
995,57,1,47
995,46,0,35
995,42,0,31
995,61,0,41
995,51,0,41
995,33,1,39
995,2,1,15
995,35,1,47
995,29,1,59
995,51,1,38
995,60,1,20
995,33,1,35
995,70,1,75
995,10,0,49
995,57,1,63
995,34,1,41
995,23,1,71
995,63,0,39
995,20,1,49
995,34,1,42
995,26,0,19
995,3,0,43
995,54,0,34
995,4,0,46
995,3,1,23
995,29,1,59
995,0,1,52
995,21,1,39
995,5,1,50
995,9,1,46
995,8,0,42
995,19,0,33
995,51,0,28
995,9,1,35
995,44,1,35
995,59,0,36
995,59,1,37
995,62,0,51
995,9,0,45
995,2,1,46
995,67,1,42
995,54,1,50
995,70,1,25
995,45,0,38
995,36,0,40
995,70,0,61
995,10,1,30
995,13,1,34
995,5,0,31
995,51,0,16
995,44,1,38
995,9,1,15
995,24,0,31
996,48,0,17
996,62,0,29
996,62,1,26
996,1,1,13
996,60,1,38
996,20,1,20
996,27,1,29
996,5,1,35
996,15,0,20
996,3,1,28
996,5,0,20
996,16,1,22
996,14,0,34
996,41,0,24
996,68,0,9
996,56,1,40
996,4,0,20
996,0,0,18
996,8,0,10
996,48,1,14
996,37,1,44
996,20,1,31
996,70,1,9
996,40,1,42
996,20,0,16
996,15,0,35
996,68,0,16
996,33,1,17
996,40,0,32
996,71,0,48
996,47,0,27
996,36,1,6
996,30,1,21
996,22,0,10
996,61,0,13
996,43,0,10
996,56,1,17
996,28,1,18
996,21,1,29
996,31,0,20
996,58,1,43
996,6,1,18
996,61,1,30
996,56,0,10
996,51,1,26
996,2,0,27
996,30,0,39
996,65,0,6
996,60,0,14
996,55,1,9
996,49,1,27
996,40,0,24
996,54,0,20
996,15,1,39
996,28,0,39
996,0,0,13
996,19,0,31
996,69,0,36
996,18,1,15
996,2,0,22
996,29,0,27
996,4,0,33
996,24,0,24
996,13,1,8
996,3,0,24
996,2,1,27
996,26,0,25
996,6,1,22
996,30,1,10
996,57,0,15
996,6,0,35
996,1,1,22
997,60,1,30
997,70,1,41
997,14,0,14
997,52,1,52
997,41,1,51
997,22,0,39
997,28,0,36
997,36,1,39
997,56,1,50
997,31,0,39
997,10,1,12
997,13,0,52
997,54,1,80
997,59,0,41
997,30,1,47
997,67,1,54
997,67,0,35
997,13,1,53
997,59,1,35
997,27,0,43
997,16,1,36
997,14,0,32
997,31,0,63
997,56,1,17
997,22,0,55
997,15,0,35
997,21,0,45
997,12,0,41
997,31,0,49
997,20,1,49
997,59,1,44
997,18,1,45
997,65,1,35
997,70,1,18
997,58,0,49
997,64,0,23
997,0,0,49
997,0,0,41
997,69,0,51
997,51,1,57
997,62,0,40
997,59,1,34
997,16,1,48
997,42,1,46
997,21,0,35
997,7,0,35
997,37,0,64
997,28,1,44
997,37,0,50
997,69,0,52
997,18,1,18
997,13,1,40
997,53,0,30
997,62,0,36
997,39,0,44
997,0,0,12
997,7,0,56
997,20,0,58
997,37,1,38
997,48,1,50
997,54,0,58
997,57,1,45
997,55,0,27
997,9,1,70
997,44,0,57
997,2,0,25
997,10,1,31
997,65,1,44
997,49,0,23
997,50,0,20
997,8,0,56
997,31,0,5
998,63,1,43
998,5,1,13
998,47,1,16
998,6,1,13
998,64,1,12
998,34,0,40
998,13,1,40
998,69,0,32
998,41,0,21
998,16,1,22
998,46,1,39
998,63,1,24
998,67,0,18
998,61,1,13
998,2,1,9
998,13,1,35
998,61,1,18
998,41,1,42
998,31,0,17
998,51,1,36
998,37,0,14
998,43,1,30
998,22,1,28
998,9,1,21
998,30,1,21
998,49,1,17
998,69,1,14
998,41,1,27
998,55,1,26
998,20,0,35
998,63,1,16
998,17,1,32
998,22,1,5
998,9,1,35
998,44,1,25
998,2,0,31
998,37,0,38
998,51,0,23
998,10,1,24
998,25,1,13
998,12,1,21
998,9,1,29
998,53,1,13
998,45,0,11
998,44,1,16
998,14,0,16
998,12,1,42
998,69,0,36
998,52,1,31
998,51,0,13
998,46,1,15
998,35,0,17
998,36,0,28
998,58,1,10
998,14,1,35
998,22,1,31
998,48,0,28
998,51,1,26
998,4,1,16
998,43,1,39
998,56,1,10
998,40,0,21
998,23,0,23
998,21,1,16
998,40,0,16
998,46,1,19
998,41,1,5
998,43,0,27
998,35,1,25
998,28,1,25
998,6,1,10
998,19,0,14
999,39,0,17
999,31,1,8
999,38,1,29
999,50,1,30
999,29,0,22
999,7,1,38
999,10,0,36
999,71,0,5
999,62,0,26
999,17,0,33
999,2,0,32
999,64,0,25
999,50,0,28
999,21,0,26
999,67,0,20
999,49,0,34
999,22,0,32
999,31,0,30
999,66,0,21
999,45,1,41
999,44,1,16
999,32,1,31
999,58,0,15
999,69,1,25
999,36,0,33
999,44,0,5
999,12,0,25
999,17,1,20
999,28,1,36
999,60,1,16
999,12,1,21
999,51,1,26
999,54,0,35
999,59,0,15
999,25,0,21
999,71,0,21
999,49,1,19
999,6,0,24
999,6,1,28
999,11,1,21
999,48,0,19
999,26,1,28
999,69,1,5
999,17,0,26
999,63,1,20
999,57,0,40
999,53,0,28
999,26,1,10
999,43,1,35
999,54,1,26
999,55,1,39
999,24,0,27
999,70,0,24
999,65,1,27
999,44,1,32
999,46,0,44
999,71,0,24
999,23,1,32
999,69,1,46
999,39,0,20
999,44,0,17
999,62,0,16
999,22,1,19
999,15,1,20
999,37,0,15
999,4,0,25
999,19,0,31
999,3,0,29
999,11,1,39
999,47,0,18
999,10,1,16
999,42,0,17
