student_id,question_id,is_correct,response_time
0,40,0,37
0,1,0,37
0,57,0,29
0,26,1,27
0,35,1,32
0,44,0,23
0,53,0,15
0,49,1,38
0,69,1,24
0,67,0,5
0,26,0,28
0,69,1,16
0,58,1,25
0,17,0,34
0,0,1,17
0,26,1,20
0,42,1,40
0,4,0,21
0,7,0,35
0,30,1,5
0,47,1,47
0,59,1,40
0,49,1,16
0,69,1,31
0,61,1,25
0,47,1,30
0,36,1,22
0,0,0,19
0,24,0,26
0,34,0,17
0,9,1,18
0,38,0,25
0,23,1,32
0,12,0,33
0,40,0,17
0,66,1,5
0,57,0,36
0,10,1,25
0,2,0,33
0,61,1,20
0,61,1,56
0,37,1,28
0,47,1,34
0,41,1,31
0,32,0,21
0,22,0,39
0,51,0,25
0,13,0,23
0,19,1,29
0,7,1,20
0,3,1,22
0,5,1,14
0,14,1,10
0,64,0,39
0,1,0,5
0,1,1,14
0,46,1,23
0,18,0,5
0,38,0,24
0,17,0,21
0,10,0,16
0,54,0,11
0,68,1,26
0,45,1,32
0,24,0,6
0,5,1,22
0,26,1,30
0,37,1,26
0,33,0,23
0,48,1,14
0,62,1,30
0,35,1,10
1,20,1,39
1,45,1,34
1,18,0,45
1,6,1,30
1,26,0,27
1,20,0,42
1,4,1,52
1,19,0,53
1,53,1,43
1,28,1,44
1,31,0,37
1,34,1,61
1,65,0,49
1,39,0,18
1,43,0,77
1,33,0,45
1,33,0,24
1,38,1,65
1,19,1,50
1,4,0,37
1,68,1,33
1,57,1,59
1,9,0,54
1,25,0,61
1,37,1,41
1,35,1,44
1,48,0,73
1,34,1,56
1,70,1,47
1,56,0,46
1,55,1,32
1,48,0,51
1,65,1,23
1,23,0,53
1,54,0,59
1,35,1,50
1,66,1,30
1,26,1,38
1,17,1,25
1,64,0,59
1,24,0,65
1,69,0,44
1,25,0,66
1,38,1,51
1,42,0,67
1,58,1,66
1,41,1,69
1,49,0,42
1,9,0,48
1,2,0,46
1,14,1,21
1,41,0,50
1,31,0,58
1,28,1,37
1,52,0,34
1,60,1,37
1,52,0,39
1,60,0,52
1,5,0,44
1,8,1,13
1,56,0,51
1,11,0,60
1,50,0,37
1,24,0,41
1,17,0,10
1,44,1,56
1,9,0,46
1,22,0,66
1,45,0,54
1,23,0,27
1,55,0,52
1,43,0,17
2,26,1,54
2,39,1,32
2,10,0,54
2,19,1,54
2,36,1,40
2,18,0,27
2,61,1,52
2,51,1,38
2,5,0,40
2,5,1,45
2,63,1,63
2,70,0,51
2,54,1,32
2,40,0,63
2,48,1,40
2,56,0,45
2,26,1,38
2,28,1,56
2,34,0,47
2,32,0,32
2,53,0,23
2,36,1,37
2,55,0,38
2,13,0,46
2,20,0,23
2,49,0,65
2,4,1,35
2,16,0,61
2,53,0,21
2,16,1,27
2,36,1,54
2,9,1,30
2,30,1,43
2,26,0,34
2,2,0,54
2,64,0,65
2,23,1,47
2,69,0,58
2,50,1,51
2,7,1,36
2,12,0,75
2,3,1,88
2,0,0,57
2,27,0,13
2,35,1,43
2,46,1,40
2,32,1,44
2,23,0,49
2,56,1,25
2,46,1,34
2,7,0,70
2,60,0,33
2,4,1,54
2,42,0,54
2,57,1,20
2,43,1,58
2,61,0,51
2,51,0,29
2,63,1,55
2,64,1,54
2,36,0,37
2,22,1,64
2,35,0,25
2,9,1,76
2,33,1,32
2,27,0,19
2,33,1,44
2,31,0,28
2,26,1,35
2,34,1,32
2,12,0,47
2,57,0,52
3,70,0,58
3,50,1,68
3,18,0,42
3,33,0,55
3,35,1,52
3,9,1,66
3,58,0,32
3,53,1,41
3,59,1,46
3,8,1,33
3,12,1,63
3,30,0,35
3,69,1,41
3,17,0,66
3,46,0,55
3,58,0,27
3,16,0,37
3,14,1,19
3,25,1,63
3,29,0,43
3,11,0,31
3,14,1,38
3,57,1,65
3,18,1,37
3,28,1,54
3,23,0,58
3,55,1,54
3,23,1,33
3,29,1,56
3,4,0,31
3,14,1,55
3,60,0,30
3,18,1,44
3,39,1,39
3,32,0,57
3,69,0,75
3,67,0,26
3,5,1,34
3,4,0,25
3,23,1,36
3,34,1,26
3,38,1,45
3,21,0,24
3,65,0,40
3,25,1,69
3,7,1,46
3,46,1,42
3,14,1,46
3,67,0,52
3,21,1,30
3,55,0,58
3,11,1,43
3,70,0,54
3,8,1,33
3,65,0,46
3,38,1,53
3,28,0,63
3,19,0,58
3,7,1,61
3,33,0,38
3,30,0,19
3,59,1,50
3,47,1,42
3,70,0,51
3,70,0,71
3,8,0,52
3,4,0,30
3,28,1,73
3,48,1,49
3,27,1,47
3,26,1,26
3,50,0,26
4,1,1,34
4,6,1,61
4,10,0,41
4,39,1,66
4,35,1,66
4,28,0,60
4,61,0,53
4,32,0,76
4,38,0,96
4,35,0,103
4,44,0,45
4,48,0,82
4,18,0,41
4,47,1,71
4,42,0,68
4,51,0,70
4,52,1,87
4,23,1,55
4,31,0,76
4,63,0,49
4,43,1,37
4,60,0,64
4,27,0,50
4,21,1,109
4,63,0,45
4,27,0,70
4,41,1,60
4,52,0,81
4,21,0,48
4,69,0,45
4,26,0,56
4,29,0,67
4,39,1,82
4,14,0,61
4,27,1,36
4,17,0,63
4,22,0,64
4,7,1,86
4,17,0,66
4,15,0,101
4,69,0,35
4,57,1,68
4,35,1,84
4,18,0,53
4,30,0,74
4,58,1,88
4,42,0,21
4,9,0,67
4,9,0,67
4,54,0,71
4,42,0,67
4,27,0,6
4,62,1,61
4,1,1,43
4,29,0,81
4,58,0,57
4,13,1,75
4,34,0,65
4,48,0,50
4,2,0,55
4,42,0,75
4,57,0,83
4,52,1,99
4,18,0,86
4,35,1,46
4,3,1,71
4,71,0,74
4,57,0,72
4,67,0,106
4,12,0,42
4,68,1,76
4,26,0,27
5,25,1,15
5,54,0,46
5,44,1,13
5,45,1,31
5,5,0,35
5,31,0,47
5,26,1,45
5,29,1,39
5,24,0,22
5,21,1,23
5,24,0,45
5,63,0,28
5,42,0,32
5,37,1,19
5,62,0,41
5,59,1,44
5,35,1,24
5,12,1,33
5,0,1,24
5,7,1,30
5,44,1,25
5,66,0,52
5,21,1,10
5,4,1,39
5,61,0,28
5,7,1,23
5,52,1,42
5,1,1,27
5,52,0,27
5,49,1,38
5,1,0,43
5,2,0,36
5,11,1,30
5,0,1,39
5,69,1,29
5,48,1,27
5,28,1,48
5,28,0,28
5,28,1,26
5,56,1,43
5,48,1,36
5,57,1,11
5,43,1,25
5,51,1,26
5,30,1,36
5,31,1,22
5,6,1,23
5,38,1,28
5,13,0,37
5,44,1,29
5,44,1,18
5,71,1,23
5,65,0,16
5,14,1,26
5,39,1,51
5,42,0,40
5,34,1,50
5,23,0,31
5,28,1,27
5,29,1,31
5,47,1,22
5,50,1,22
5,29,1,29
5,56,0,24
5,32,0,17
5,30,1,29
5,19,1,20
5,12,1,30
5,38,1,31
5,56,1,13
5,7,1,13
5,50,0,40
6,38,1,32
6,21,1,31
6,7,1,19
6,18,1,25
6,26,1,32
6,47,1,29
6,51,1,22
6,68,1,29
6,47,1,34
6,67,1,28
6,59,1,12
6,38,1,28
6,2,0,21
6,64,1,24
6,9,1,24
6,38,1,31
6,26,1,42
6,59,1,37
6,38,1,30
6,15,0,28
6,43,1,33
6,49,1,25
6,70,1,28
6,26,1,35
6,14,1,12
6,52,0,25
6,66,1,28
6,1,1,25
6,63,0,53
6,43,1,29
6,18,1,28
6,39,0,12
6,61,1,32
6,6,0,26
6,57,1,31
6,56,1,28
6,34,0,31
6,12,1,23
6,63,0,24
6,60,1,22
6,31,1,24
6,10,0,39
6,33,1,22
6,68,1,28
6,3,1,37
6,1,1,25
6,32,1,23
6,20,1,21
6,66,1,27
6,11,1,18
6,30,0,27
6,18,1,42
6,22,1,11
6,2,0,33
6,26,1,24
6,16,1,23
6,48,1,37
6,14,1,25
6,56,0,45
6,65,1,27
6,20,1,26
6,12,0,26
6,66,1,14
6,32,1,35
6,63,1,40
6,58,1,43
6,48,0,15
6,68,1,35
6,48,0,41
6,55,1,34
6,70,0,13
6,51,1,16
7,69,0,49
7,15,0,41
7,22,0,103
7,54,0,110
7,18,0,43
7,57,0,79
7,22,1,55
7,37,0,47
7,60,0,86
7,61,1,44
7,48,0,56
7,64,0,54
7,70,0,58
7,23,0,71
7,51,1,77
7,59,0,44
7,51,1,55
7,7,0,79
7,3,1,78
7,53,0,67
7,13,0,77
7,57,0,15
7,11,1,80
7,46,0,65
7,64,0,69
7,3,0,37
7,14,1,103
7,31,0,91
7,20,0,93
7,67,0,53
7,0,0,119
7,64,0,70
7,33,0,33
7,43,0,74
7,24,0,39
7,30,0,75
7,40,0,77
7,10,0,81
7,20,0,54
7,47,0,18
7,58,0,84
7,14,1,64
7,6,1,86
7,4,1,73
7,13,0,70
7,3,0,79
7,62,0,20
7,52,1,63
7,24,1,70
7,39,0,96
7,61,0,70
7,35,1,88
7,18,0,53
7,3,0,54
7,37,0,67
7,22,0,54
7,15,0,59
7,13,0,27
7,59,1,59
7,5,0,66
7,52,0,73
7,9,0,98
7,30,1,74
7,2,0,89
7,19,1,72
7,32,0,81
7,38,1,125
7,35,1,36
7,0,0,61
7,18,0,47
7,45,1,51
7,21,0,72
8,15,0,30
8,50,0,23
8,0,0,59
8,34,1,37
8,37,0,59
8,47,1,20
8,46,0,29
8,32,0,44
8,53,0,68
8,70,0,75
8,12,0,35
8,6,1,20
8,37,1,43
8,41,1,40
8,14,1,35
8,68,1,31
8,5,1,27
8,46,1,35
8,63,1,33
8,59,1,36
8,35,1,25
8,30,0,10
8,8,1,50
8,48,0,38
8,43,1,43
8,44,1,34
8,29,1,11
8,6,1,36
8,9,0,40
8,32,0,55
8,52,0,39
8,24,0,44
8,47,1,5
8,65,0,36
8,27,0,58
8,38,0,23
8,41,1,73
8,59,1,43
8,6,0,42
8,66,1,42
8,40,0,15
8,39,1,51
8,15,0,51
8,67,1,41
8,59,0,54
8,32,0,39
8,56,1,32
8,55,1,56
8,12,0,25
8,36,1,22
8,70,0,15
8,70,1,51
8,28,0,43
8,52,1,42
8,65,1,37
8,42,0,45
8,20,1,43
8,30,1,48
8,1,0,45
8,4,1,50
8,58,1,65
8,44,0,39
8,22,1,75
8,32,1,32
8,51,0,31
8,3,0,40
8,22,0,33
8,56,0,61
8,26,0,43
8,8,1,36
8,38,0,22
8,20,0,35
9,10,0,5
9,26,1,6
9,36,1,13
9,14,1,26
9,47,1,34
9,65,0,28
9,7,1,39
9,10,0,46
9,38,0,42
9,24,0,39
9,26,1,27
9,33,0,24
9,61,0,25
9,51,1,19
9,66,0,19
9,24,0,27
9,47,1,30
9,15,0,24
9,2,1,22
9,33,0,48
9,56,0,31
9,59,1,35
9,46,1,24
9,10,0,30
9,52,0,33
9,30,0,40
9,27,0,29
9,22,0,44
9,7,0,35
9,12,1,34
9,61,0,39
9,32,1,20
9,3,1,33
9,35,1,40
9,70,0,35
9,66,1,10
9,45,1,41
9,6,1,35
9,63,1,13
9,27,1,30
9,63,0,39
9,54,0,35
9,52,1,24
9,65,1,20
9,0,0,22
9,48,1,5
9,56,0,23
9,16,0,38
9,36,1,40
9,26,1,39
9,33,0,21
9,25,1,11
9,55,0,40
9,71,1,10
9,49,0,20
9,52,1,25
9,4,1,35
9,16,0,36
9,32,1,34
9,6,0,18
9,44,1,33
9,45,1,41
9,33,1,19
9,31,1,25
9,57,1,20
9,69,1,41
9,59,0,34
9,49,1,37
9,20,0,34
9,2,0,39
9,11,1,23
9,33,1,11
10,0,1,24
10,26,1,34
10,28,1,26
10,49,1,20
10,53,0,29
10,11,1,21
10,47,1,26
10,30,1,37
10,45,1,27
10,49,1,29
10,18,1,36
10,6,0,32
10,12,1,30
10,70,1,33
10,40,0,42
10,63,0,33
10,14,1,34
10,51,1,23
10,38,0,42
10,6,1,44
10,8,1,29
10,39,1,31
10,42,1,29
10,68,1,37
10,60,1,33
10,41,1,17
10,46,1,23
10,21,0,21
10,0,1,30
10,59,0,35
10,17,1,45
10,41,1,15
10,36,1,31
10,64,1,15
10,39,0,42
10,53,1,38
10,22,0,28
10,46,1,28
10,42,1,12
10,69,1,30
10,7,1,23
10,14,1,18
10,46,1,23
10,54,1,32
10,18,1,34
10,52,1,26
10,55,1,39
10,59,1,35
10,56,1,32
10,63,0,23
10,24,1,32
10,35,1,28
10,62,1,43
10,40,0,34
10,52,1,15
10,15,0,23
10,26,1,29
10,39,1,33
10,20,1,12
10,17,0,28
10,51,0,5
10,46,1,38
10,25,1,28
10,39,1,14
10,67,1,46
10,43,1,45
10,60,0,21
10,26,1,30
10,65,1,34
10,16,1,36
10,2,1,39
10,42,0,45
11,13,1,67
11,44,1,22
11,16,1,18
11,26,1,40
11,16,1,15
11,27,0,22
11,29,1,34
11,61,1,18
11,20,0,38
11,47,1,24
11,5,0,70
11,57,1,45
11,70,0,48
11,41,1,37
11,16,1,41
11,43,1,29
11,28,0,54
11,48,1,7
11,40,1,43
11,55,1,26
11,60,1,33
11,38,1,30
11,6,1,53
11,5,0,39
11,44,0,20
11,59,1,55
11,47,0,45
11,35,1,35
11,9,0,41
11,41,1,57
11,29,1,48
11,24,0,51
11,34,1,47
11,56,1,39
11,43,0,52
11,51,0,13
11,52,1,39
11,32,0,63
11,59,1,31
11,63,0,30
11,39,1,30
11,16,1,20
11,34,1,19
11,6,1,24
11,7,1,41
11,57,1,39
11,58,1,17
11,50,0,60
11,66,1,31
11,22,1,39
11,6,0,20
11,66,1,40
11,71,1,33
11,5,1,29
11,41,1,32
11,40,0,37
11,55,0,35
11,26,1,42
11,58,0,53
11,17,1,24
11,60,0,53
11,9,0,32
11,61,1,40
11,41,1,51
11,30,1,29
11,2,0,47
11,41,1,25
11,65,1,61
11,16,1,43
11,61,1,33
11,71,1,68
11,50,1,53
12,32,0,24
12,33,0,26
12,8,1,28
12,65,1,29
12,43,0,27
12,13,0,22
12,31,0,27
12,0,1,25
12,45,1,25
12,39,1,32
12,0,0,23
12,0,1,23
12,33,0,16
12,44,0,20
12,62,1,24
12,46,1,31
12,38,0,29
12,33,0,19
12,26,0,6
12,9,1,39
12,62,0,21
12,12,0,31
12,14,0,19
12,69,1,18
12,25,1,28
12,32,1,23
12,49,1,12
12,25,1,36
12,31,0,12
12,25,1,21
12,1,0,32
12,70,0,14
12,9,0,13
12,25,1,23
12,3,1,25
12,31,0,30
12,71,1,25
12,13,1,12
12,45,0,38
12,16,0,35
12,43,0,31
12,8,1,18
12,53,0,28
12,22,0,38
12,69,1,28
12,61,1,14
12,3,1,13
12,3,1,31
12,1,0,33
12,7,1,23
12,15,0,32
12,61,0,19
12,10,0,28
12,8,1,36
12,27,0,27
12,25,0,24
12,50,0,23
12,48,1,23
12,48,1,25
12,42,0,15
12,0,1,24
12,40,1,10
12,24,1,16
12,33,0,34
12,7,1,31
12,64,0,47
12,48,1,40
12,3,1,22
12,16,1,24
12,37,1,32
12,46,1,33
12,21,1,45
13,22,1,25
13,53,0,47
13,63,0,31
13,36,1,25
13,50,0,53
13,43,1,33
13,20,1,44
13,18,0,61
13,58,1,47
13,17,0,42
13,44,1,49
13,63,1,12
13,33,0,39
13,4,1,36
13,31,0,45
13,49,1,31
13,27,1,26
13,13,1,37
13,33,1,71
13,20,1,49
13,14,1,30
13,55,1,23
13,59,1,33
13,2,0,34
13,68,1,64
13,55,1,49
13,16,1,62
13,29,1,36
13,66,0,39
13,58,0,49
13,61,1,31
13,9,0,30
13,15,1,72
13,10,0,49
13,40,0,35
13,28,0,34
13,20,1,51
13,57,1,60
13,15,1,12
13,8,0,28
13,45,1,31
13,50,0,53
13,16,0,25
13,13,0,47
13,55,1,48
13,42,0,59
13,48,1,45
13,63,1,21
13,18,1,39
13,5,0,28
13,30,1,27
13,49,1,72
13,68,0,51
13,4,1,29
13,51,1,55
13,58,1,41
13,52,1,35
13,67,1,37
13,17,0,40
13,42,1,27
13,64,1,55
13,69,1,17
13,41,1,56
13,18,0,50
13,70,0,21
13,29,1,31
13,16,0,47
13,26,1,46
13,7,1,55
13,16,1,43
13,3,1,5
13,60,0,22
14,28,0,13
14,51,0,58
14,18,0,33
14,37,1,47
14,28,1,29
14,10,0,46
14,21,1,14
14,60,0,38
14,58,1,43
14,17,1,12
14,30,0,41
14,32,0,10
14,26,1,41
14,24,0,32
14,47,0,26
14,69,0,55
14,22,1,39
14,33,1,40
14,38,0,58
14,10,1,21
14,13,0,49
14,29,0,48
14,3,0,14
14,40,0,10
14,54,0,44
14,61,1,49
14,45,1,35
14,3,1,63
14,31,0,13
14,1,0,71
14,54,0,36
14,9,1,55
14,7,0,68
14,52,0,63
14,53,1,15
14,24,0,22
14,63,1,46
14,60,1,25
14,2,0,49
14,55,1,46
14,53,0,52
14,1,1,46
14,58,0,35
14,70,1,54
14,62,1,52
14,59,1,37
14,62,1,56
14,17,1,24
14,53,0,36
14,71,0,46
14,2,1,60
14,39,1,56
14,44,1,55
14,26,0,28
14,57,1,39
14,62,1,52
14,57,1,55
14,40,0,61
14,35,1,47
14,67,0,59
14,6,0,52
14,46,1,48
14,53,1,26
14,37,1,27
14,31,1,41
14,4,0,50
14,69,1,5
14,13,1,41
14,10,1,30
14,27,1,41
14,17,1,37
14,12,0,32
15,57,0,33
15,3,0,24
15,2,0,21
15,39,0,14
15,24,1,17
15,67,0,32
15,66,1,15
15,19,0,18
15,31,0,5
15,27,1,18
15,5,1,37
15,14,1,20
15,19,1,11
15,26,0,20
15,36,0,20
15,40,0,33
15,1,1,33
15,66,0,41
15,69,1,29
15,37,1,25
15,31,1,21
15,71,1,26
15,60,0,7
15,57,0,20
15,6,0,11
15,3,1,21
15,61,1,25
15,35,1,31
15,9,0,30
15,4,0,44
15,39,1,15
15,47,1,29
15,24,1,26
15,41,0,26
15,61,0,22
15,50,0,9
15,21,0,39
15,32,0,22
15,16,1,35
15,42,0,15
15,3,1,8
15,70,0,34
15,70,1,27
15,69,1,43
15,57,1,20
15,52,1,20
15,60,0,9
15,52,0,21
15,31,1,23
15,61,1,13
15,30,0,37
15,50,1,33
15,44,0,43
15,18,1,18
15,4,1,38
15,14,1,30
15,6,0,21
15,51,1,25
15,69,1,22
15,51,0,24
15,18,0,23
15,22,1,22
15,18,0,15
15,47,1,31
15,0,0,30
15,6,1,44
15,43,1,7
15,40,0,29
15,39,1,13
15,20,0,26
15,5,0,25
15,46,0,41
16,28,0,20
16,71,1,20
16,61,0,28
16,61,1,16
16,8,1,12
16,46,1,22
16,9,0,26
16,1,1,27
16,44,1,41
16,41,1,47
16,58,0,41
16,69,1,13
16,16,1,10
16,58,1,29
16,15,0,25
16,52,1,18
16,35,1,22
16,50,0,10
16,16,0,22
16,32,1,9
16,18,1,12
16,7,0,29
16,36,1,27
16,33,1,7
16,71,1,24
16,19,1,21
16,29,0,18
16,27,1,18
16,41,1,33
16,0,0,26
16,15,0,20
16,48,1,21
16,65,0,18
16,29,1,19
16,30,1,16
16,68,1,18
16,32,0,43
16,60,0,17
16,3,0,14
16,57,1,23
16,5,0,27
16,16,0,31
16,1,0,37
16,30,0,27
16,67,1,14
16,15,1,26
16,43,0,16
16,16,1,38
16,11,1,21
16,33,1,28
16,69,0,39
16,51,0,36
16,55,0,8
16,13,0,10
16,13,1,38
16,67,0,21
16,28,0,21
16,2,0,28
16,46,1,13
16,33,1,17
16,25,1,51
16,52,0,15
16,32,1,17
16,65,0,30
16,4,1,34
16,59,0,18
16,6,0,35
16,71,1,19
16,64,0,37
16,45,1,32
16,51,1,27
16,4,1,17
17,20,0,30
17,0,1,8
17,7,0,65
17,38,0,47
17,9,1,49
17,70,0,80
17,47,0,48
17,42,0,56
17,1,1,76
17,70,0,76
17,3,0,47
17,14,0,51
17,71,0,76
17,6,0,93
17,65,1,78
17,21,0,90
17,69,0,84
17,4,0,57
17,21,0,38
17,4,1,51
17,48,0,67
17,17,0,52
17,23,0,86
17,39,0,78
17,45,1,57
17,68,1,44
17,50,0,63
17,47,1,57
17,5,0,116
17,56,1,65
17,51,0,35
17,53,0,86
17,43,1,58
17,43,1,63
17,28,0,52
17,10,0,91
17,54,0,88
17,4,1,81
17,57,0,69
17,25,0,60
17,54,0,71
17,51,0,58
17,35,1,29
17,33,0,53
17,47,1,46
17,41,0,34
17,71,0,52
17,45,0,61
17,48,0,92
17,57,1,83
17,15,1,45
17,3,1,78
17,12,1,48
17,52,0,50
17,11,0,25
17,22,0,24
17,30,0,87
17,33,1,51
17,22,0,53
17,26,0,86
17,22,0,64
17,21,0,49
17,55,0,5
17,54,0,41
17,15,0,47
17,24,0,26
17,6,0,71
17,17,0,78
17,12,0,47
17,3,0,36
17,36,1,65
17,69,0,53
18,17,0,23
18,13,1,15
18,25,1,25
18,29,0,25
18,65,0,50
18,46,0,23
18,17,0,22
18,42,0,35
18,50,0,38
18,56,0,35
18,30,0,16
18,59,1,17
18,5,0,11
18,57,0,16
18,26,0,22
18,36,1,43
18,32,0,34
18,61,0,25
18,40,0,24
18,2,0,27
18,25,1,26
18,13,1,35
18,8,0,33
18,28,0,31
18,45,1,34
18,62,0,33
18,30,0,9
18,27,1,8
18,46,0,23
18,57,1,33
18,3,0,33
18,19,0,21
18,24,0,11
18,23,1,32
18,48,1,29
18,5,0,37
18,49,0,41
18,55,0,35
18,36,1,27
18,2,0,14
18,18,0,24
18,60,1,15
18,4,0,39
18,6,1,42
18,0,1,41
18,57,0,24
18,5,0,20
18,50,1,21
18,27,1,22
18,13,0,52
18,10,0,17
18,65,1,28
18,35,1,26
18,71,1,20
18,39,1,21
18,45,1,18
18,52,0,16
18,32,0,21
18,53,1,18
18,12,1,22
18,38,1,28
18,9,0,25
18,66,1,26
18,39,1,28
18,42,1,18
18,9,0,47
18,10,0,22
18,1,1,31
18,11,1,21
18,55,0,39
18,33,1,9
18,28,1,27
19,39,1,41
19,60,0,36
19,46,1,48
19,37,1,31
19,67,1,42
19,10,0,31
19,37,0,42
19,24,0,43
19,0,0,43
19,65,0,50
19,48,1,49
19,7,0,49
19,46,1,29
19,11,1,35
19,16,0,46
19,50,1,23
19,43,0,5
19,23,1,70
19,17,0,33
19,14,1,61
19,41,1,60
19,23,0,57
19,25,0,16
19,54,1,23
19,32,0,64
19,2,0,57
19,26,1,25
19,24,0,49
19,37,0,29
19,41,1,27
19,20,0,29
19,33,0,22
19,58,0,18
19,46,1,32
19,38,1,25
19,31,1,46
19,12,1,39
19,14,1,37
19,1,0,32
19,26,0,53
19,34,0,27
19,32,1,58
19,34,0,54
19,71,0,40
19,18,1,24
19,17,0,68
19,65,1,32
19,55,0,25
19,47,0,61
19,58,0,7
19,15,0,20
19,1,1,45
19,49,0,40
19,60,1,32
19,71,1,48
19,34,0,21
19,2,1,58
19,21,1,33
19,32,0,50
19,41,0,67
19,20,0,32
19,34,1,24
19,23,1,32
19,8,1,67
19,36,0,49
19,46,0,63
19,4,1,32
19,30,1,31
19,49,0,56
19,2,0,42
19,59,1,22
19,17,0,32
20,48,1,25
20,11,1,42
20,61,1,35
20,40,0,49
20,9,1,19
20,40,0,46
20,17,1,27
20,59,1,49
20,10,1,74
20,7,0,38
20,12,0,39
20,60,0,60
20,44,1,31
20,46,1,52
20,42,1,27
20,11,0,47
20,37,1,52
20,58,1,32
20,25,1,30
20,57,0,47
20,38,1,42
20,37,1,15
20,8,1,55
20,35,1,36
20,38,1,35
20,8,0,29
20,29,1,56
20,13,0,42
20,9,0,70
20,59,1,34
20,60,1,60
20,4,1,28
20,41,1,55
20,37,1,55
20,33,0,43
20,46,1,43
20,12,0,56
20,52,0,70
20,24,0,57
20,66,0,57
20,66,1,25
20,62,1,58
20,52,1,39
20,39,1,74
20,70,1,29
20,65,0,62
20,59,1,40
20,53,0,34
20,5,0,18
20,24,0,25
20,49,0,57
20,62,0,42
20,63,0,38
20,49,0,17
20,16,0,38
20,42,1,72
20,53,0,52
20,52,1,82
20,66,0,59
20,71,1,29
20,57,0,32
20,29,1,54
20,17,0,28
20,11,1,32
20,10,0,21
20,68,0,80
20,61,1,8
20,54,0,20
20,30,1,20
20,24,1,44
20,19,1,71
20,39,1,50
21,3,0,42
21,26,0,57
21,8,1,68
21,21,1,53
21,8,1,34
21,17,0,61
21,46,1,58
21,25,1,19
21,12,1,52
21,29,1,29
21,69,0,58
21,1,1,54
21,19,0,30
21,11,0,43
21,69,1,48
21,69,1,18
21,14,1,32
21,56,0,20
21,9,0,58
21,53,1,51
21,19,1,50
21,45,1,50
21,38,1,50
21,24,0,23
21,20,1,27
21,32,0,47
21,47,1,35
21,2,1,46
21,13,0,59
21,19,0,41
21,61,0,24
21,54,0,63
21,10,0,17
21,33,1,49
21,65,1,55
21,20,0,47
21,24,0,56
21,33,1,32
21,47,0,50
21,23,1,53
21,8,0,42
21,14,1,58
21,19,1,38
21,23,1,58
21,28,0,42
21,50,1,28
21,47,0,41
21,18,1,26
21,54,1,55
21,3,0,47
21,60,0,35
21,21,1,88
21,68,0,61
21,37,0,56
21,27,0,50
21,45,1,69
21,50,0,56
21,50,0,37
21,19,1,51
21,21,1,68
21,50,0,26
21,68,1,27
21,71,1,45
21,37,1,31
21,58,1,48
21,34,1,65
21,69,0,46
21,33,0,31
21,30,0,45
21,46,0,36
21,7,0,23
21,17,1,53
22,5,0,34
22,49,0,65
22,20,0,66
22,54,1,44
22,11,0,69
22,58,0,75
22,19,0,66
22,56,1,37
22,46,1,66
22,64,0,74
22,57,0,79
22,16,0,61
22,56,1,45
22,42,0,67
22,20,0,24
22,52,0,66
22,32,0,68
22,70,0,76
22,55,1,54
22,61,0,8
22,56,0,74
22,41,0,61
22,35,0,60
22,49,0,36
22,66,1,81
22,19,0,72
22,27,0,75
22,30,0,97
22,64,0,75
22,29,0,98
22,38,0,49
22,3,0,80
22,34,0,52
22,62,1,69
22,27,1,28
22,71,1,50
22,37,0,73
22,15,0,57
22,60,1,61
22,37,0,69
22,27,0,26
22,18,0,72
22,42,0,39
22,62,0,34
22,43,0,68
22,17,0,24
22,44,0,63
22,53,0,68
22,61,0,42
22,18,0,54
22,49,0,72
22,44,0,99
22,19,1,30
22,35,0,73
22,17,0,60
22,38,0,60
22,26,0,84
22,6,0,56
22,33,0,65
22,21,0,76
22,43,0,66
22,55,0,34
22,42,0,47
22,63,0,74
22,54,0,63
22,8,0,49
22,70,1,53
22,30,0,56
22,60,0,33
22,56,0,66
22,17,1,66
22,16,0,56
23,31,1,61
23,56,0,30
23,16,1,26
23,25,0,36
23,51,1,18
23,71,0,57
23,48,1,42
23,4,0,56
23,6,1,42
23,53,1,50
23,69,1,69
23,65,0,33
23,65,0,61
23,47,1,41
23,11,1,57
23,65,1,31
23,27,1,47
23,46,0,40
23,68,0,20
23,43,1,45
23,5,0,63
23,54,0,64
23,7,1,48
23,34,1,38
23,7,1,51
23,60,0,71
23,34,0,49
23,55,0,43
23,24,0,28
23,51,1,76
23,46,0,44
23,13,0,28
23,10,0,41
23,64,1,43
23,29,0,37
23,62,0,50
23,12,1,48
23,71,1,71
23,66,1,51
23,14,1,37
23,15,1,54
23,58,1,67
23,65,1,35
23,13,1,26
23,35,1,54
23,21,1,50
23,0,0,17
23,10,0,52
23,7,1,39
23,23,0,36
23,21,1,41
23,69,1,51
23,11,1,47
23,58,1,38
23,26,1,50
23,24,0,67
23,32,0,67
23,9,0,54
23,55,0,41
23,29,1,57
23,57,1,39
23,36,0,17
23,8,0,55
23,20,0,29
23,22,1,39
23,17,1,58
23,37,0,47
23,37,1,14
23,9,0,53
23,29,1,71
23,12,1,61
23,39,1,44
24,29,0,33
24,67,0,23
24,39,1,5
24,66,1,29
24,50,1,6
24,16,1,20
24,68,1,31
24,25,1,20
24,41,0,12
24,69,1,27
24,28,1,19
24,32,1,31
24,2,0,5
24,30,1,34
24,35,0,17
24,44,1,22
24,8,1,25
24,52,1,33
24,27,1,26
24,62,0,28
24,0,1,14
24,27,0,38
24,45,1,34
24,36,1,33
24,39,1,32
24,22,0,16
24,37,0,35
24,58,1,12
24,12,1,20
24,15,0,28
24,38,1,27
24,29,0,22
24,28,1,26
24,59,1,15
24,64,1,17
24,1,0,25
24,22,0,36
24,53,0,38
24,26,0,23
24,45,0,31
24,14,0,28
24,18,1,22
24,29,0,40
24,70,0,26
24,33,0,30
24,49,1,28
24,39,1,19
24,23,0,35
24,50,0,21
24,67,0,16
24,2,1,38
24,11,1,40
24,17,1,24
24,26,0,16
24,42,0,30
24,48,1,35
24,9,0,25
24,66,1,22
24,54,1,18
24,62,0,32
24,30,0,25
24,27,1,5
24,52,1,18
24,34,0,25
24,25,1,20
24,51,0,24
24,13,1,47
24,13,1,15
24,65,1,27
24,12,0,35
24,18,0,31
24,48,1,18
25,41,0,63
25,5,1,55
25,30,0,51
25,19,0,24
25,22,1,85
25,71,0,43
25,68,0,64
25,8,1,73
25,65,0,37
25,6,0,71
25,41,0,33
25,50,0,55
25,42,0,61
25,13,0,49
25,27,0,48
25,52,0,63
25,48,0,67
25,53,0,74
25,52,0,64
25,22,1,62
25,39,1,31
25,17,1,71
25,43,0,72
25,10,0,56
25,23,0,112
25,0,1,39
25,9,0,64
25,70,0,75
25,48,1,101
25,65,0,35
25,18,0,31
25,10,0,77
25,25,1,7
25,68,1,69
25,21,1,94
25,39,0,30
25,35,1,79
25,39,0,44
25,17,0,22
25,60,0,27
25,13,0,35
25,49,0,91
25,42,0,58
25,22,0,57
25,44,1,45
25,41,0,87
25,46,0,64
25,44,0,67
25,48,0,74
25,49,0,54
25,13,0,65
25,61,0,51
25,40,0,49
25,62,0,54
25,61,0,80
25,1,1,59
25,64,0,54
25,45,0,70
25,25,0,63
25,2,0,56
25,49,0,107
25,10,0,33
25,13,0,83
25,30,0,59
25,69,0,73
25,60,0,48
25,58,0,35
25,3,0,60
25,5,0,81
25,47,0,36
25,70,0,88
25,34,0,103
26,46,1,108
26,1,0,91
26,0,0,71
26,70,0,37
26,41,0,63
26,0,1,62
26,41,0,73
26,47,0,37
26,9,0,39
26,29,0,48
26,6,0,40
26,71,0,68
26,37,1,91
26,17,1,89
26,24,0,21
26,17,1,89
26,13,0,17
26,25,0,55
26,34,0,54
26,6,0,88
26,49,1,44
26,44,0,53
26,68,1,82
26,49,0,52
26,14,0,45
26,23,0,42
26,25,1,61
26,70,1,46
26,62,0,56
26,13,0,28
26,21,1,48
26,43,1,110
26,61,0,56
26,59,0,49
26,18,0,32
26,27,0,51
26,36,1,28
26,63,1,66
26,55,0,44
26,4,1,52
26,8,1,63
26,21,0,61
26,18,0,60
26,12,0,78
26,14,0,47
26,29,1,64
26,24,0,85
26,0,1,42
26,70,1,42
26,36,1,59
26,50,0,70
26,22,1,67
26,71,0,47
26,60,0,104
26,8,1,61
26,32,0,36
26,51,0,95
26,38,0,36
26,66,0,53
26,15,0,47
26,23,0,55
26,28,0,82
26,24,0,66
26,60,0,94
26,15,0,40
26,29,0,80
26,29,0,58
26,48,0,63
26,57,1,63
26,0,0,45
26,51,1,74
26,69,1,73
27,6,1,33
27,41,1,16
27,71,1,55
27,56,1,35
27,8,0,39
27,46,1,25
27,27,1,53
27,61,0,38
27,48,1,49
27,44,0,32
27,66,1,49
27,10,0,50
27,29,1,18
27,53,0,49
27,51,0,42
27,59,1,44
27,36,1,54
27,45,1,46
27,4,1,74
27,51,1,46
27,27,0,50
27,15,1,32
27,30,0,43
27,67,1,44
27,36,1,9
27,24,1,48
27,68,1,55
27,62,1,45
27,38,0,85
27,70,0,41
27,56,1,54
27,39,1,58
27,68,1,59
27,59,0,46
27,31,1,53
27,70,1,56
27,41,1,57
27,68,1,34
27,30,1,49
27,19,1,85
27,38,0,52
27,62,1,41
27,59,1,51
27,18,1,36
27,15,0,64
27,6,1,35
27,7,0,28
27,33,1,54
27,20,0,33
27,55,1,63
27,11,0,50
27,21,0,68
27,46,1,57
27,24,1,54
27,54,0,43
27,39,1,5
27,6,1,46
27,6,1,57
27,8,1,61
27,36,0,69
27,62,1,49
27,54,0,67
27,52,0,39
27,12,1,63
27,6,0,43
27,37,1,62
27,8,1,43
27,1,1,34
27,68,1,42
27,45,1,42
27,18,1,30
27,49,1,37
28,51,1,103
28,45,0,78
28,36,1,57
28,38,0,53
28,44,0,35
28,40,0,66
28,25,0,69
28,17,1,70
28,71,0,80
28,28,0,48
28,13,0,63
28,66,1,72
28,48,0,90
28,47,0,49
28,4,0,19
28,26,1,76
28,43,0,81
28,20,0,105
28,26,1,59
28,36,0,77
28,39,1,58
28,51,0,69
28,70,0,32
28,53,0,43
28,66,0,36
28,10,0,25
28,64,0,51
28,61,0,45
28,21,0,70
28,62,0,66
28,44,0,90
28,15,0,48
28,8,0,61
28,44,0,104
28,24,1,77
28,2,0,70
28,34,0,92
28,57,1,71
28,39,1,33
28,14,0,37
28,53,1,34
28,68,0,51
28,51,0,66
28,38,0,67
28,9,0,71
28,35,0,74
28,71,0,59
28,19,1,42
28,10,0,55
28,67,0,96
28,46,1,51
28,42,0,44
28,8,0,67
28,7,0,72
28,21,0,57
28,7,0,74
28,38,0,57
28,36,1,68
28,57,1,66
28,36,0,40
28,37,0,70
28,15,0,35
28,0,0,67
28,3,0,65
28,70,1,49
28,68,1,55
28,44,1,60
28,54,0,53
28,25,1,57
28,22,0,54
28,49,0,52
28,30,0,63
29,33,0,57
29,35,1,44
29,11,0,70
29,33,0,48
29,52,0,38
29,5,1,58
29,7,1,13
29,29,1,26
29,16,1,41
29,71,1,43
29,7,1,41
29,19,1,36
29,48,0,40
29,39,1,36
29,52,0,47
29,21,1,52
29,49,0,51
29,9,0,42
29,47,0,46
29,7,0,58
29,67,0,72
29,67,0,27
29,29,1,47
29,48,1,36
29,26,1,72
29,0,1,55
29,9,1,54
29,26,0,21
29,11,0,28
29,15,0,63
29,13,0,30
29,41,0,33
29,59,1,21
29,44,1,67
29,3,0,36
29,52,0,50
29,6,0,37
29,53,0,36
29,30,0,30
29,19,0,36
29,20,0,62
29,55,1,57
29,62,0,67
29,40,0,36
29,68,1,56
29,56,0,34
29,27,1,58
29,22,1,20
29,20,0,65
29,55,0,34
29,59,1,28
29,44,1,47
29,66,0,41
29,60,0,34
29,28,0,30
29,14,0,55
29,33,0,25
29,44,1,28
29,62,1,38
29,70,1,52
29,68,1,40
29,23,1,60
29,55,1,46
29,10,1,57
29,11,1,61
29,20,0,51
29,51,0,62
29,60,1,46
29,36,0,53
29,60,1,33
29,13,0,62
29,46,1,54
30,63,0,22
30,5,0,50
30,20,0,60
30,35,1,75
30,53,0,93
30,21,0,84
30,10,0,93
30,45,1,83
30,22,0,38
30,3,0,81
30,60,0,51
30,21,1,85
30,23,1,104
30,30,0,65
30,18,0,72
30,8,0,66
30,6,0,80
30,29,0,67
30,65,1,38
30,68,0,42
30,67,0,59
30,3,0,51
30,34,0,55
30,66,0,74
30,44,0,60
30,23,0,26
30,60,0,64
30,3,0,32
30,17,0,91
30,55,1,71
30,6,1,59
30,70,0,56
30,51,1,52
30,47,0,84
30,7,0,61
30,71,1,62
30,34,1,86
30,23,1,59
30,57,0,43
30,23,0,56
30,67,0,98
30,44,0,38
30,46,0,87
30,29,0,78
30,15,0,73
30,20,0,66
30,23,0,54
30,7,0,74
30,63,0,29
30,44,0,77
30,66,0,22
30,5,0,87
30,62,1,73
30,61,0,38
30,48,1,117
30,48,0,98
30,37,0,23
30,38,0,54
30,24,0,81
30,13,0,64
30,35,1,69
30,54,0,42
30,23,0,56
30,63,0,73
30,16,0,67
30,44,0,74
30,9,0,23
30,55,0,73
30,61,0,57
30,16,1,53
30,57,0,67
30,62,0,33
31,0,0,46
31,19,0,39
31,62,0,37
31,71,0,43
31,49,1,20
31,31,1,41
31,24,0,40
31,21,1,75
31,70,0,47
31,45,1,56
31,48,0,67
31,58,0,33
31,47,1,21
31,46,1,35
31,68,1,46
31,44,1,40
31,42,0,31
31,13,1,68
31,40,0,54
31,71,1,51
31,53,0,9
31,47,1,52
31,47,1,68
31,63,1,41
31,23,1,46
31,26,1,27
31,35,0,44
31,55,0,41
31,19,0,36
31,38,1,43
31,29,0,77
31,2,1,49
31,12,1,43
31,23,1,23
31,27,1,16
31,19,1,46
31,33,1,75
31,14,0,54
31,12,1,40
31,60,1,49
31,0,0,39
31,65,1,63
31,60,0,38
31,11,1,41
31,20,1,29
31,39,0,72
31,19,1,68
31,51,0,35
31,44,1,45
31,10,0,28
31,44,0,58
31,47,0,65
31,56,1,63
31,9,0,55
31,34,0,35
31,31,1,46
31,23,0,37
31,61,1,39
31,27,1,38
31,12,1,43
31,2,0,44
31,63,0,32
31,41,1,72
31,55,0,38
31,12,1,38
31,34,1,12
31,24,1,70
31,34,1,25
31,7,0,43
31,6,0,54
31,54,0,54
31,62,1,46
32,4,1,45
32,35,0,43
32,22,0,18
32,57,1,43
32,43,1,24
32,4,1,51
32,70,1,39
32,23,0,38
32,49,0,29
32,65,0,32
32,66,1,53
32,26,1,44
32,62,1,32
32,70,1,48
32,63,0,48
32,51,1,59
32,40,1,42
32,46,1,14
32,27,1,40
32,29,0,95
32,14,1,57
32,3,0,32
32,45,0,7
32,41,0,25
32,11,1,38
32,36,0,49
32,61,0,28
32,32,0,55
32,1,1,46
32,27,1,68
32,20,0,31
32,45,0,54
32,34,0,28
32,43,1,39
32,43,1,58
32,25,1,42
32,16,0,41
32,36,0,16
32,38,1,5
32,32,0,21
32,36,1,6
32,1,1,47
32,10,0,29
32,27,1,39
32,66,0,67
32,55,0,55
32,54,1,32
32,38,0,28
32,30,1,41
32,25,1,48
32,9,0,23
32,4,1,47
32,1,1,46
32,7,1,48
32,27,1,9
32,4,1,31
32,70,1,43
32,15,0,21
32,44,0,55
32,24,0,51
32,51,1,29
32,71,0,34
32,8,1,46
32,32,0,47
32,45,1,46
32,37,0,17
32,3,0,34
32,22,1,43
32,40,1,29
32,7,0,48
32,23,0,25
32,3,1,17
33,28,0,52
33,33,1,16
33,22,1,35
33,9,0,32
33,36,1,52
33,15,1,12
33,66,1,47
33,28,1,62
33,45,0,54
33,70,1,45
33,67,1,27
33,31,1,29
33,11,0,53
33,55,0,64
33,25,0,28
33,68,1,33
33,34,0,18
33,12,1,48
33,29,1,9
33,55,1,37
33,13,1,46
33,16,1,44
33,46,1,23
33,14,0,60
33,66,1,24
33,50,1,48
33,0,0,37
33,50,0,41
33,57,1,44
33,17,0,58
33,15,0,32
33,64,1,69
33,28,0,38
33,22,1,41
33,3,1,47
33,37,1,44
33,59,1,51
33,42,1,37
33,35,1,12
33,25,1,56
33,18,1,17
33,20,0,40
33,24,0,20
33,9,1,56
33,45,1,45
33,41,1,38
33,38,0,29
33,15,0,60
33,68,0,33
33,23,1,40
33,62,0,46
33,65,1,40
33,34,1,30
33,55,1,34
33,41,1,37
33,24,0,46
33,52,0,28
33,48,1,37
33,31,1,38
33,70,0,14
33,15,1,73
33,4,0,10
33,40,1,56
33,40,1,60
33,5,1,25
33,54,0,37
33,2,0,34
33,40,0,27
33,60,1,43
33,50,0,47
33,50,1,52
33,7,0,70
34,20,1,28
34,24,0,84
34,21,0,71
34,68,0,76
34,37,1,81
34,67,0,67
34,65,0,45
34,27,0,93
34,42,0,76
34,60,0,55
34,29,0,40
34,1,1,19
34,33,0,62
34,46,0,76
34,42,0,39
34,22,0,71
34,15,0,53
34,40,0,60
34,16,0,79
34,38,0,73
34,20,0,47
34,2,0,61
34,52,0,116
34,23,0,97
34,46,1,43
34,18,0,57
34,24,0,41
34,46,0,76
34,57,0,75
34,20,0,40
34,36,1,43
34,52,0,80
34,63,0,60
34,18,0,53
34,58,0,48
34,7,0,46
34,33,0,69
34,27,0,60
34,62,1,97
34,70,0,50
34,36,0,66
34,36,0,55
34,6,0,72
34,22,0,41
34,29,0,102
34,19,0,77
34,41,1,48
34,8,0,60
34,1,0,83
34,10,0,66
34,47,0,51
34,69,0,74
34,47,0,72
34,19,0,36
34,6,0,65
34,63,0,71
34,39,1,48
34,6,0,64
34,41,1,32
34,3,0,72
34,28,0,71
34,56,0,70
34,25,0,43
34,31,0,71
34,56,0,86
34,53,0,64
34,5,0,88
34,70,0,57
34,60,0,111
34,60,0,91
34,25,1,68
34,40,0,54
35,67,1,14
35,63,1,35
35,23,1,40
35,46,1,41
35,68,1,14
35,12,1,22
35,22,1,18
35,19,1,46
35,41,1,19
35,43,1,30
35,65,1,41
35,62,0,26
35,48,1,20
35,42,1,49
35,18,0,19
35,62,1,22
35,25,1,17
35,61,1,14
35,23,1,29
35,11,1,14
35,20,1,26
35,58,0,22
35,24,0,23
35,3,1,31
35,18,1,27
35,21,1,59
35,66,1,34
35,27,1,44
35,32,0,32
35,8,0,10
35,25,1,34
35,4,0,32
35,36,1,34
35,1,1,20
35,41,1,35
35,40,0,45
35,21,1,24
35,52,1,33
35,42,1,5
35,15,1,41
35,67,0,18
35,11,1,27
35,59,0,40
35,46,1,24
35,7,1,35
35,48,0,29
35,6,1,48
35,20,0,29
35,35,1,5
35,52,1,28
35,69,0,17
35,18,1,22
35,16,0,21
35,64,0,9
35,20,0,22
35,11,1,30
35,31,1,32
35,11,1,41
35,38,1,25
35,4,1,11
35,69,0,30
35,50,1,24
35,27,1,19
35,39,1,19
35,71,1,26
35,22,1,40
35,0,1,45
35,3,1,44
35,39,1,25
35,10,0,26
35,58,0,29
35,1,1,33
36,4,0,22
36,47,1,19
36,2,1,36
36,58,0,12
36,22,0,30
36,68,1,32
36,48,1,32
36,23,1,32
36,68,1,44
36,48,0,38
36,45,1,37
36,58,1,40
36,62,0,39
36,55,1,31
36,17,0,32
36,34,1,29
36,68,0,13
36,67,0,14
36,46,1,22
36,71,1,30
36,8,1,26
36,32,0,19
36,29,0,38
36,51,1,24
36,20,0,23
36,7,0,31
36,33,1,41
36,1,0,26
36,24,0,30
36,24,0,27
36,35,0,51
36,21,0,23
36,21,1,24
36,35,1,18
36,60,1,39
36,33,0,26
36,18,0,14
36,8,1,39
36,18,0,34
36,4,1,32
36,67,1,29
36,38,0,40
36,35,1,31
36,58,0,31
36,34,1,37
36,9,0,12
36,10,0,26
36,58,0,21
36,68,1,36
36,1,1,46
36,29,0,37
36,62,0,34
36,67,0,22
36,45,1,21
36,11,0,19
36,20,0,22
36,30,0,30
36,35,0,32
36,48,1,18
36,5,1,23
36,0,0,11
36,29,1,31
36,62,0,48
36,55,0,38
36,66,1,23
36,3,1,36
36,58,0,31
36,40,0,27
36,7,0,33
36,4,1,38
36,69,1,49
36,39,1,26
37,62,0,29
37,14,1,31
37,62,1,35
37,54,0,27
37,22,1,10
37,31,1,22
37,37,0,32
37,12,0,29
37,10,0,26
37,31,0,27
37,21,1,17
37,28,1,29
37,18,0,19
37,38,1,22
37,20,0,34
37,56,1,28
37,63,1,29
37,65,1,31
37,41,0,25
37,71,0,15
37,28,0,27
37,51,1,31
37,15,1,27
37,61,1,5
37,13,1,31
37,24,1,37
37,38,0,24
37,1,1,17
37,32,1,5
37,61,0,22
37,37,0,33
37,12,0,30
37,22,0,23
37,16,1,20
37,18,1,16
37,67,1,5
37,53,0,22
37,15,1,24
37,52,1,8
37,21,1,27
37,12,0,30
37,49,0,36
37,44,0,14
37,15,0,9
37,71,0,30
37,48,1,12
37,36,1,45
37,48,0,27
37,61,0,25
37,33,1,20
37,52,0,14
37,29,1,38
37,59,0,32
37,18,0,35
37,13,0,40
37,19,0,13
37,33,0,29
37,12,0,33
37,10,1,5
37,70,1,18
37,15,0,20
37,35,1,48
37,66,1,28
37,14,0,24
37,15,0,20
37,5,1,25
37,53,1,10
37,34,1,21
37,19,1,42
37,14,1,28
37,41,0,20
37,44,0,31
38,8,0,37
38,21,1,47
38,49,1,42
38,17,0,43
38,63,0,44
38,7,1,28
38,64,1,22
38,12,0,41
38,67,0,41
38,34,1,53
38,40,0,44
38,31,1,30
38,36,1,29
38,37,1,44
38,10,0,36
38,28,0,40
38,11,0,52
38,39,1,76
38,61,0,36
38,65,1,33
38,56,0,52
38,41,1,14
38,45,1,29
38,55,0,29
38,53,0,42
38,17,1,25
38,38,0,66
38,14,0,48
38,20,0,36
38,2,0,34
38,23,1,46
38,13,0,51
38,38,1,24
38,18,1,53
38,45,0,32
38,54,1,38
38,69,1,42
38,4,1,51
38,52,1,53
38,20,1,38
38,3,1,49
38,17,0,42
38,8,1,55
38,28,1,21
38,41,0,48
38,46,0,46
38,63,1,40
38,62,1,40
38,69,0,53
38,52,0,60
38,61,1,36
38,0,1,27
38,27,1,39
38,48,0,52
38,1,1,49
38,50,1,34
38,6,0,39
38,36,0,52
38,31,1,43
38,28,0,36
38,61,1,29
38,60,1,5
38,20,1,24
38,70,1,42
38,58,0,28
38,71,1,52
38,44,0,45
38,71,0,48
38,51,0,26
38,43,1,42
38,68,1,30
38,5,0,25
39,37,1,29
39,58,1,14
39,20,0,21
39,71,1,33
39,45,1,27
39,70,0,31
39,69,1,33
39,61,1,41
39,64,1,10
39,9,0,27
39,33,1,31
39,37,0,26
39,52,1,39
39,4,1,5
39,21,1,5
39,22,1,17
39,28,1,9
39,62,0,21
39,46,1,22
39,54,0,31
39,24,1,17
39,8,0,29
39,3,1,32
39,1,0,20
39,2,0,12
39,57,1,30
39,17,1,23
39,53,1,21
39,58,0,30
39,38,0,28
39,25,1,26
39,3,0,38
39,5,1,24
39,52,0,33
39,58,1,21
39,60,1,27
39,39,0,16
39,8,1,30
39,30,0,27
39,22,0,24
39,28,1,23
39,7,1,29
39,4,1,31
39,6,0,22
39,24,1,8
39,53,1,36
39,43,0,13
39,54,0,38
39,62,1,19
39,51,0,28
39,60,1,44
39,67,0,14
39,23,0,12
39,53,0,19
39,46,1,5
39,47,1,31
39,47,1,25
39,23,1,30
39,24,1,27
39,17,1,13
39,32,0,22
39,7,0,16
39,54,1,5
39,27,1,23
39,5,1,18
39,49,1,35
39,46,1,34
39,13,1,44
39,8,1,17
39,32,0,16
39,14,1,13
39,71,0,42
40,15,1,46
40,62,0,32
40,46,1,31
40,23,0,33
40,11,1,35
40,43,1,35
40,55,1,24
40,9,1,35
40,58,1,23
40,60,1,19
40,12,1,25
40,9,1,35
40,52,1,38
40,19,1,42
40,3,1,51
40,7,1,30
40,15,1,20
40,39,1,21
40,48,1,18
40,10,1,28
40,27,1,24
40,32,1,36
40,35,1,35
40,16,0,27
40,32,1,33
40,26,1,25
40,41,1,34
40,36,1,35
40,27,1,33
40,64,1,30
40,40,1,26
40,55,1,40
40,18,1,32
40,42,1,10
40,2,1,25
40,35,1,32
40,60,1,26
40,38,1,19
40,26,1,29
40,69,1,42
40,7,1,33
40,43,0,37
40,25,1,39
40,28,1,40
40,8,1,22
40,52,1,20
40,64,1,37
40,4,1,35
40,39,1,27
40,19,1,21
40,29,1,24
40,41,1,15
40,50,1,45
40,15,1,12
40,70,1,25
40,48,1,17
40,43,1,22
40,46,1,25
40,62,1,31
40,24,1,36
40,21,1,17
40,67,1,41
40,68,1,36
40,22,1,34
40,46,1,47
40,8,1,25
40,13,1,45
40,4,1,41
40,11,0,33
40,44,1,39
40,6,1,29
40,14,1,24
41,39,1,27
41,29,1,26
41,58,1,28
41,34,0,26
41,57,0,37
41,60,1,16
41,65,1,23
41,3,0,35
41,66,0,12
41,66,1,28
41,61,1,26
41,65,1,37
41,5,1,5
41,10,0,32
41,25,1,27
41,29,0,40
41,57,0,28
41,10,1,8
41,29,1,11
41,41,1,32
41,15,0,42
41,64,0,18
41,20,1,16
41,14,1,9
41,62,0,27
41,64,0,26
41,63,1,17
41,12,1,25
41,1,1,22
41,65,1,21
41,59,1,25
41,67,0,24
41,49,1,30
41,6,0,40
41,30,1,27
41,47,0,19
41,17,1,29
41,42,0,36
41,28,1,14
41,41,1,33
41,67,0,28
41,55,0,13
41,69,0,11
41,8,1,30
41,36,0,30
41,11,0,19
41,45,0,18
41,21,0,30
41,65,1,33
41,47,1,32
41,3,0,24
41,43,1,34
41,8,1,31
41,25,1,34
41,54,1,8
41,22,0,37
41,48,1,23
41,47,1,17
41,5,1,43
41,50,1,22
41,27,1,36
41,39,0,37
41,58,0,34
41,15,0,20
41,29,1,33
41,38,0,31
41,4,1,31
41,22,0,15
41,29,0,11
41,48,0,36
41,16,0,33
41,14,0,29
42,35,0,33
42,48,0,32
42,29,1,36
42,19,0,39
42,33,1,47
42,48,0,63
42,54,1,50
42,5,1,37
42,18,1,62
42,11,1,37
42,41,0,69
42,55,1,36
42,37,1,40
42,50,0,43
42,6,1,55
42,39,1,74
42,1,1,18
42,6,1,32
42,11,1,50
42,33,0,19
42,24,0,35
42,62,0,39
42,65,0,37
42,57,1,49
42,4,0,34
42,35,1,27
42,31,1,8
42,46,1,59
42,48,1,28
42,56,1,43
42,37,1,48
42,63,1,51
42,31,0,43
42,4,0,45
42,16,1,51
42,55,1,31
42,11,0,69
42,43,1,47
42,37,0,46
42,23,0,52
42,37,0,27
42,23,0,35
42,57,1,11
42,37,1,44
42,38,0,74
42,49,1,37
42,3,1,16
42,28,1,29
42,66,1,59
42,18,1,52
42,59,0,44
42,7,1,15
42,4,1,34
42,38,0,53
42,50,0,26
42,23,1,39
42,0,0,32
42,9,0,17
42,44,0,44
42,49,0,36
42,14,1,49
42,13,0,18
42,1,0,51
42,25,1,38
42,31,1,37
42,65,0,37
42,25,1,39
42,64,0,15
42,33,1,45
42,55,1,39
42,43,1,19
42,39,1,40
43,4,0,40
43,51,0,46
43,39,1,86
43,24,0,69
43,59,1,72
43,63,0,52
43,31,1,73
43,58,0,34
43,59,0,53
43,48,0,54
43,27,1,95
43,4,0,101
43,59,1,51
43,42,0,53
43,49,0,84
43,32,0,75
43,28,0,76
43,25,0,57
43,56,0,75
43,12,0,59
43,46,1,45
43,27,1,70
43,54,0,74
43,61,0,49
43,60,0,75
43,50,1,92
43,25,0,63
43,34,0,56
43,3,0,85
43,16,0,78
43,71,1,5
43,23,0,41
43,14,0,74
43,71,1,86
43,21,1,44
43,23,1,18
43,5,1,67
43,67,0,71
43,30,1,74
43,8,1,74
43,6,1,73
43,16,0,72
43,42,1,41
43,32,0,58
43,31,1,58
43,37,1,43
43,23,1,47
43,26,1,61
43,53,1,39
43,2,0,17
43,49,0,63
43,18,1,45
43,28,0,34
43,4,0,79
43,22,0,28
43,29,1,68
43,9,0,47
43,35,1,32
43,6,0,74
43,33,0,94
43,22,0,77
43,54,0,81
43,47,1,58
43,48,1,56
43,19,0,34
43,56,0,29
43,14,0,56
43,45,1,62
43,69,0,46
43,48,1,53
43,36,0,60
43,1,0,25
44,38,1,21
44,61,1,39
44,25,1,29
44,26,0,38
44,63,1,15
44,2,0,30
44,43,1,37
44,9,0,42
44,4,1,12
44,2,1,24
44,37,0,11
44,17,0,27
44,53,0,31
44,64,0,32
44,62,0,34
44,58,1,20
44,64,1,10
44,33,0,19
44,58,1,30
44,60,0,33
44,63,1,33
44,59,1,19
44,7,1,5
44,54,0,18
44,53,1,38
44,2,0,22
44,55,0,5
44,31,1,24
44,6,1,29
44,30,1,21
44,40,0,11
44,4,1,14
44,27,1,46
44,34,1,6
44,35,1,14
44,7,1,5
44,70,0,29
44,25,1,39
44,16,0,27
44,31,1,42
44,67,0,22
44,47,1,36
44,55,1,22
44,10,1,39
44,50,0,21
44,68,1,31
44,11,1,17
44,62,0,19
44,19,1,32
44,33,0,5
44,42,0,22
44,63,1,26
44,62,0,41
44,33,0,25
44,12,0,23
44,0,0,25
44,8,0,26
44,9,1,49
44,44,1,15
44,45,0,26
44,45,1,14
44,71,1,22
44,13,1,25
44,27,0,22
44,29,1,26
44,56,0,28
44,34,1,31
44,50,1,8
44,0,1,27
44,28,0,38
44,3,0,31
44,69,0,25
45,16,1,69
45,45,1,44
45,51,1,73
45,45,1,45
45,35,0,34
45,17,0,19
45,62,1,33
45,46,1,37
45,13,0,43
45,24,1,47
45,33,0,38
45,68,1,55
45,70,1,69
45,13,0,26
45,52,0,48
45,56,0,32
45,44,1,52
45,4,1,56
45,6,1,48
45,48,0,34
45,41,0,40
45,19,1,59
45,5,1,61
45,39,0,50
45,40,0,52
45,66,1,56
45,7,1,40
45,53,0,60
45,57,1,38
45,59,1,51
45,38,0,29
45,45,1,24
45,25,1,44
45,40,0,35
45,17,1,13
45,60,0,61
45,14,1,39
45,0,0,23
45,65,1,43
45,28,1,43
45,10,0,47
45,40,0,47
45,56,0,53
45,20,0,50
45,13,1,45
45,63,0,90
45,28,0,58
45,32,1,10
45,38,0,35
45,41,1,13
45,31,1,57
45,42,1,86
45,27,1,34
45,8,1,16
45,51,0,57
45,22,1,23
45,1,1,49
45,63,0,48
45,44,1,25
45,41,0,32
45,42,0,45
45,10,1,32
45,46,1,37
45,57,1,36
45,9,0,43
45,71,1,53
45,56,1,41
45,14,1,48
45,45,1,33
45,47,1,72
45,45,1,28
45,22,1,49
46,20,1,36
46,50,0,18
46,3,1,15
46,67,1,31
46,64,0,25
46,36,1,21
46,14,1,29
46,19,1,26
46,59,1,5
46,22,1,18
46,3,1,33
46,42,1,31
46,21,1,32
46,41,1,17
46,33,0,12
46,47,1,18
46,60,1,22
46,11,1,30
46,53,0,32
46,68,1,38
46,4,1,11
46,62,1,21
46,39,1,13
46,43,0,37
46,44,0,26
46,58,1,19
46,40,1,21
46,64,0,12
46,51,1,25
46,51,0,28
46,30,0,35
46,40,1,18
46,17,1,5
46,57,1,29
46,26,1,5
46,31,1,28
46,50,0,28
46,25,0,28
46,23,0,27
46,55,1,29
46,19,0,6
46,13,0,15
46,71,1,40
46,29,1,36
46,69,0,25
46,7,1,45
46,15,1,8
46,20,0,35
46,31,0,7
46,45,0,41
46,53,0,35
46,61,0,24
46,58,0,27
46,33,1,23
46,68,1,27
46,64,1,26
46,56,1,28
46,28,0,40
46,20,1,27
46,46,1,22
46,11,1,26
46,42,0,31
46,65,1,16
46,45,1,28
46,48,1,24
46,6,0,18
46,41,0,30
46,58,0,33
46,63,1,38
46,48,0,33
46,3,1,22
46,62,1,16
47,17,1,33
47,46,1,17
47,21,1,33
47,63,1,15
47,45,1,43
47,29,1,26
47,5,1,37
47,32,1,37
47,36,1,30
47,51,1,40
47,50,1,22
47,51,1,21
47,62,0,33
47,10,0,46
47,41,1,42
47,19,1,26
47,1,0,42
47,5,1,26
47,1,1,29
47,4,1,21
47,65,1,21
47,53,1,35
47,57,0,53
47,6,1,29
47,13,0,43
47,28,1,29
47,54,0,29
47,36,1,34
47,4,1,38
47,69,0,27
47,69,1,24
47,66,1,23
47,8,0,19
47,43,1,42
47,59,1,23
47,11,1,37
47,17,1,29
47,67,1,29
47,24,1,41
47,40,0,32
47,67,1,54
47,39,1,35
47,16,1,33
47,63,1,14
47,26,1,18
47,55,1,29
47,47,0,33
47,52,0,23
47,44,1,41
47,35,1,42
47,19,1,34
47,3,1,33
47,20,1,14
47,48,1,32
47,37,1,46
47,64,0,23
47,19,1,29
47,55,0,30
47,44,1,27
47,11,1,5
47,41,1,19
47,20,1,39
47,45,1,39
47,51,1,32
47,68,0,37
47,62,1,40
47,27,1,35
47,44,1,33
47,59,1,19
47,25,1,36
47,63,1,27
47,19,0,26
48,63,1,98
48,30,1,57
48,39,0,109
48,16,0,56
48,40,0,51
48,33,0,80
48,7,0,60
48,3,1,69
48,22,0,77
48,19,0,63
48,15,0,89
48,26,0,84
48,6,1,51
48,70,0,64
48,43,1,57
48,43,0,99
48,26,0,44
48,11,0,77
48,58,0,72
48,41,0,43
48,21,1,91
48,14,0,79
48,47,0,64
48,66,1,53
48,52,0,86
48,29,0,62
48,66,0,83
48,27,1,65
48,31,0,43
48,19,0,44
48,11,1,81
48,11,0,83
48,19,1,56
48,49,0,49
48,57,0,28
48,58,0,84
48,4,0,79
48,60,0,62
48,19,0,49
48,68,0,12
48,21,0,52
48,38,0,70
48,44,1,27
48,31,0,44
48,67,0,65
48,4,1,67
48,59,1,56
48,29,0,22
48,46,0,63
48,25,0,58
48,0,0,23
48,22,0,81
48,2,0,73
48,28,0,58
48,22,1,32
48,31,0,45
48,66,0,39
48,35,0,29
48,47,1,49
48,50,0,43
48,48,0,75
48,42,1,55
48,5,0,86
48,26,1,62
48,32,0,59
48,56,0,48
48,13,0,53
48,30,1,43
48,71,0,44
48,61,1,65
48,51,0,48
48,71,0,49
49,48,0,24
49,32,0,19
49,38,0,32
49,54,0,41
49,46,1,31
49,18,1,33
49,64,1,22
49,39,1,30
49,4,1,35
49,47,1,48
49,26,1,46
49,51,1,50
49,60,0,31
49,42,0,32
49,21,1,16
49,33,1,34
49,55,1,28
49,34,1,20
49,3,1,51
49,47,0,24
49,20,0,14
49,39,1,37
49,39,1,17
49,62,0,34
49,1,1,32
49,3,1,24
49,42,0,15
49,43,1,45
49,56,0,30
49,16,1,24
49,44,1,31
49,39,1,10
49,54,0,49
49,45,1,6
49,26,1,26
49,10,1,39
49,56,1,25
49,33,1,24
49,45,1,24
49,23,1,49
49,61,1,32
49,4,1,47
49,59,1,35
49,61,1,27
49,33,1,49
49,25,1,55
49,47,1,32
49,9,1,44
49,56,1,45
49,53,0,16
49,5,1,25
49,3,1,15
49,60,1,22
49,49,1,28
49,32,0,33
49,43,1,48
49,22,1,44
49,17,0,24
49,68,1,47
49,54,0,38
49,32,1,36
49,56,1,31
49,38,1,27
49,11,0,9
49,42,0,17
49,8,1,30
49,4,1,7
49,68,1,31
49,30,0,64
49,9,0,36
49,41,1,17
49,20,1,39
50,0,1,36
50,34,1,28
50,65,1,37
50,52,1,16
50,15,0,20
50,39,1,20
50,22,1,47
50,23,1,10
50,35,1,28
50,55,1,45
50,24,0,15
50,45,1,40
50,15,1,10
50,44,1,36
50,40,1,55
50,23,1,52
50,7,1,49
50,24,0,5
50,49,1,32
50,35,1,50
50,60,0,36
50,36,1,28
50,62,1,24
50,26,1,44
50,67,1,23
50,2,0,32
50,48,1,30
50,28,1,30
50,67,1,41
50,13,1,51
50,1,1,48
50,70,1,30
50,21,0,13
50,41,1,16
50,53,1,22
50,54,0,22
50,1,1,20
50,63,1,21
50,25,1,36
50,29,1,47
50,53,1,18
50,34,1,14
50,46,1,33
50,61,1,30
50,25,1,47
50,26,1,21
50,32,1,24
50,5,1,38
50,15,1,34
50,17,1,27
50,68,1,18
50,39,0,25
50,25,1,38
50,28,1,9
50,60,1,35
50,51,0,36
50,47,1,29
50,65,1,50
50,45,1,25
50,66,1,34
50,23,0,36
50,33,1,35
50,19,1,21
50,40,1,39
50,70,1,36
50,10,1,36
50,71,1,30
50,21,1,31
50,6,1,30
50,61,1,13
50,33,1,34
50,25,1,37
51,55,0,25
51,9,0,31
51,1,0,24
51,28,1,38
51,17,0,22
51,35,0,43
51,6,1,45
51,52,0,31
51,55,0,38
51,71,0,21
51,52,0,37
51,8,1,5
51,6,0,9
51,62,1,15
51,39,1,32
51,48,0,15
51,17,1,20
51,50,1,42
51,56,0,38
51,25,1,23
51,56,1,32
51,59,1,32
51,27,1,25
51,41,0,22
51,38,0,37
51,0,1,29
51,37,0,26
51,18,0,27
51,62,1,23
51,18,1,32
51,4,1,22
51,34,1,28
51,1,1,24
51,21,0,29
51,3,0,9
51,8,1,8
51,15,0,34
51,43,1,18
51,65,1,26
51,11,0,23
51,65,1,31
51,59,0,23
51,61,1,30
51,68,1,37
51,24,0,14
51,54,1,28
51,58,0,23
51,31,1,29
51,49,1,22
51,23,1,30
51,5,0,15
51,58,1,52
51,68,1,23
51,34,1,5
51,68,1,16
51,52,1,30
51,21,0,25
51,19,1,25
51,38,1,33
51,17,0,5
51,64,1,25
51,62,0,31
51,51,0,20
51,68,0,18
51,53,0,30
51,48,1,21
51,44,0,20
51,6,0,16
51,71,1,26
51,0,0,37
51,68,0,26
51,71,0,26
52,35,0,41
52,20,1,12
52,71,0,40
52,50,1,17
52,71,0,33
52,17,0,27
52,40,1,10
52,27,1,28
52,67,1,43
52,8,1,31
52,17,1,10
52,1,1,39
52,67,0,18
52,71,1,27
52,30,1,30
52,62,1,20
52,55,1,42
52,54,0,18
52,68,0,39
52,62,0,25
52,63,1,37
52,47,1,36
52,30,0,21
52,22,1,16
52,37,0,31
52,49,1,37
52,28,1,38
52,39,1,38
52,62,0,16
52,28,1,33
52,8,1,33
52,19,1,32
52,18,0,33
52,44,1,38
52,35,1,34
52,57,1,17
52,62,1,48
52,0,1,40
52,1,1,37
52,49,1,47
52,5,1,36
52,30,0,22
52,57,1,26
52,27,1,20
52,69,0,29
52,18,1,25
52,34,1,38
52,18,1,24
52,58,1,20
52,44,0,25
52,46,1,20
52,34,1,27
52,3,1,14
52,61,1,29
52,13,0,26
52,61,1,24
52,66,1,19
52,68,1,25
52,39,1,43
52,40,0,39
52,17,0,37
52,6,0,23
52,37,1,29
52,18,1,26
52,21,0,23
52,69,0,27
52,66,1,33
52,43,1,35
52,42,0,26
52,29,1,30
52,67,1,5
52,40,0,24
53,2,0,31
53,5,1,43
53,71,1,53
53,48,1,35
53,8,1,53
53,20,1,38
53,43,1,46
53,7,1,40
53,57,1,25
53,59,0,44
53,30,0,25
53,49,0,55
53,57,1,45
53,21,0,49
53,27,0,60
53,41,0,44
53,4,1,40
53,15,0,47
53,31,1,39
53,39,0,38
53,13,0,63
53,64,0,47
53,47,1,43
53,65,0,27
53,64,1,37
53,34,1,38
53,68,1,38
53,71,1,61
53,11,1,60
53,12,0,48
53,22,1,46
53,54,0,44
53,44,0,49
53,9,0,61
53,11,0,38
53,42,0,51
53,5,0,57
53,63,1,44
53,6,1,68
53,70,0,21
53,36,0,36
53,62,1,51
53,64,1,18
53,53,1,50
53,12,1,27
53,1,0,33
53,57,1,61
53,36,1,48
53,66,0,31
53,62,1,35
53,20,1,5
53,37,0,68
53,6,0,48
53,41,1,40
53,10,0,33
53,53,0,38
53,14,1,57
53,69,0,32
53,15,0,19
53,66,0,10
53,51,1,49
53,17,0,29
53,67,0,46
53,50,0,33
53,31,0,48
53,18,0,43
53,23,1,48
53,23,0,68
53,64,0,36
53,34,1,26
53,14,0,27
53,40,0,52
54,58,1,66
54,62,0,34
54,59,0,66
54,24,1,30
54,6,1,46
54,0,1,52
54,9,0,88
54,29,0,14
54,38,1,20
54,41,1,88
54,61,1,41
54,12,0,34
54,6,1,54
54,65,1,43
54,32,0,41
54,53,0,42
54,52,1,62
54,34,1,44
54,36,1,69
54,61,0,40
54,24,1,47
54,57,0,60
54,1,0,25
54,31,0,13
54,61,1,48
54,37,1,50
54,62,0,30
54,51,0,64
54,20,1,21
54,54,0,19
54,13,1,24
54,38,1,56
54,48,1,32
54,58,0,45
54,59,1,62
54,7,1,32
54,16,1,22
54,60,1,76
54,11,1,57
54,49,1,53
54,21,1,72
54,2,0,33
54,70,1,54
54,47,0,50
54,2,0,38
54,47,1,75
54,34,1,63
54,56,1,54
54,44,1,74
54,18,1,38
54,46,1,70
54,23,1,45
54,64,1,40
54,4,0,56
54,35,1,81
54,70,0,29
54,13,0,51
54,21,0,52
54,51,1,44
54,47,0,25
54,0,0,40
54,26,1,37
54,8,1,41
54,36,1,50
54,42,1,36
54,18,1,6
54,8,1,48
54,33,0,47
54,53,0,70
54,19,1,41
54,25,1,34
54,46,1,17
55,71,1,46
55,9,1,75
55,63,0,68
55,26,0,59
55,63,0,73
55,8,0,106
55,15,0,72
55,20,0,74
55,26,0,47
55,44,0,39
55,14,0,72
55,36,0,58
55,60,0,61
55,60,1,44
55,0,0,37
55,24,0,33
55,65,1,34
55,59,1,44
55,13,0,85
55,28,1,59
55,55,0,21
55,44,0,59
55,46,0,77
55,31,0,67
55,39,1,36
55,23,0,62
55,21,0,58
55,71,1,30
55,52,0,74
55,47,0,80
55,53,0,56
55,62,0,68
55,41,0,68
55,59,1,25
55,57,1,106
55,56,0,56
55,48,0,63
55,15,0,73
55,2,1,35
55,40,0,73
55,42,0,71
55,50,0,77
55,15,0,122
55,42,0,35
55,7,0,70
55,15,0,52
55,43,1,45
55,35,0,87
55,12,0,43
55,64,1,40
55,53,0,79
55,19,0,47
55,15,0,53
55,60,0,65
55,70,0,64
55,60,0,42
55,49,0,52
55,55,0,15
55,44,0,71
55,45,1,58
55,19,0,33
55,65,0,59
55,51,0,58
55,2,0,61
55,53,1,99
55,63,0,53
55,69,0,66
55,22,1,55
55,55,0,64
55,18,0,85
55,35,0,36
55,27,1,80
56,34,1,16
56,1,1,30
56,31,1,41
56,5,1,53
56,57,1,19
56,16,0,31
56,11,1,30
56,64,1,26
56,66,1,21
56,28,1,32
56,64,1,23
56,56,0,24
56,48,0,32
56,22,1,29
56,52,1,35
56,45,1,12
56,24,0,51
56,31,0,29
56,34,1,39
56,31,1,39
56,61,1,32
56,37,0,33
56,53,1,24
56,18,1,24
56,60,1,18
56,44,0,48
56,70,1,27
56,9,0,36
56,42,1,33
56,6,1,24
56,67,0,26
56,43,1,28
56,44,1,39
56,4,0,29
56,10,0,32
56,55,1,25
56,23,1,29
56,9,0,35
56,3,1,39
56,57,1,29
56,70,1,30
56,69,0,34
56,41,1,34
56,42,0,30
56,9,0,8
56,51,1,34
56,57,1,9
56,39,1,46
56,52,0,43
56,8,1,25
56,4,1,30
56,62,1,35
56,54,0,36
56,65,1,19
56,20,1,26
56,3,0,13
56,17,1,36
56,39,1,33
56,54,1,30
56,65,1,15
56,1,1,34
56,35,1,17
56,7,0,25
56,26,1,37
56,62,1,48
56,19,1,28
56,65,1,27
56,3,1,25
56,10,1,25
56,46,1,13
56,3,1,34
56,68,1,30
57,38,0,47
57,41,0,48
57,33,0,38
57,20,0,51
57,52,0,20
57,8,1,76
57,26,1,52
57,59,1,59
57,71,1,34
57,9,0,32
57,13,0,40
57,41,0,29
57,0,0,26
57,39,1,50
57,15,1,39
57,9,0,48
57,44,0,47
57,61,1,57
57,22,1,14
57,57,0,73
57,68,1,81
57,22,1,44
57,4,0,31
57,22,0,37
57,40,0,70
57,52,0,33
57,31,1,35
57,13,0,57
57,24,0,54
57,16,0,47
57,20,0,86
57,23,1,32
57,31,0,37
57,59,1,46
57,15,1,47
57,55,1,39
57,31,1,23
57,69,0,52
57,1,1,93
57,10,0,30
57,66,1,46
57,39,0,55
57,26,0,39
57,71,1,43
57,54,0,46
57,50,1,40
57,57,1,50
57,37,1,48
57,53,0,38
57,44,0,30
57,41,0,23
57,17,0,44
57,64,1,28
57,19,1,43
57,60,0,26
57,11,1,65
57,38,0,49
57,6,1,39
57,44,0,45
57,13,0,37
57,52,0,72
57,28,1,58
57,42,0,57
57,2,0,40
57,62,1,56
57,12,1,41
57,20,0,24
57,58,0,38
57,70,0,41
57,60,0,36
57,28,0,33
57,45,1,33
58,21,1,90
58,0,0,33
58,7,1,59
58,61,0,49
58,51,0,38
58,20,0,88
58,33,0,62
58,21,0,74
58,49,0,83
58,68,1,30
58,33,0,44
58,12,0,55
58,0,0,67
58,8,0,101
58,46,0,59
58,28,0,64
58,33,1,45
58,66,0,85
58,27,1,68
58,22,0,8
58,70,0,76
58,32,0,23
58,8,0,89
58,42,0,67
58,54,0,64
58,0,0,52
58,58,1,52
58,29,1,82
58,35,0,63
58,67,0,38
58,23,0,34
58,23,0,67
58,12,0,68
58,14,0,35
58,5,0,91
58,61,0,47
58,22,1,71
58,0,0,83
58,23,0,48
58,18,0,55
58,67,0,58
58,10,0,66
58,9,0,79
58,14,1,86
58,6,0,63
58,51,0,89
58,64,1,48
58,22,0,71
58,45,1,94
58,50,1,54
58,59,1,59
58,12,0,62
58,32,0,54
58,2,0,63
58,52,0,24
58,58,1,70
58,4,0,59
58,62,1,105
58,37,0,39
58,53,0,55
58,0,0,40
58,59,0,64
58,18,0,64
58,64,1,62
58,57,0,57
58,56,1,62
58,47,1,59
58,31,0,80
58,60,0,92
58,60,0,91
58,5,1,61
58,62,1,44
59,70,1,32
59,16,0,33
59,11,1,46
59,29,0,76
59,10,0,65
59,27,0,21
59,68,1,67
59,26,1,13
59,7,1,55
59,13,1,25
59,12,1,54
59,57,1,43
59,25,1,22
59,52,1,34
59,23,1,72
59,37,1,42
59,9,0,37
59,49,0,37
59,19,1,35
59,69,0,57
59,30,0,50
59,11,1,62
59,8,0,33
59,27,0,53
59,62,1,50
59,29,1,38
59,71,1,39
59,4,0,40
59,32,1,29
59,41,1,19
59,18,0,28
59,34,0,52
59,60,0,25
59,17,1,39
59,19,1,48
59,60,0,53
59,18,0,18
59,70,1,27
59,60,1,40
59,60,1,46
59,1,1,50
59,7,0,41
59,57,0,51
59,20,1,48
59,25,0,61
59,19,1,21
59,58,0,40
59,66,0,21
59,12,1,34
59,67,0,52
59,34,1,41
59,46,1,58
59,51,0,7
59,29,1,54
59,68,0,41
59,23,0,33
59,71,1,57
59,54,1,37
59,10,1,57
59,37,0,67
59,36,1,61
59,67,0,30
59,11,0,7
59,44,1,52
59,32,1,9
59,8,0,29
59,4,1,28
59,1,1,62
59,32,0,46
59,66,0,47
59,23,0,45
59,67,0,10
60,23,0,17
60,71,0,34
60,44,1,35
60,53,1,68
60,36,1,52
60,43,1,47
60,36,1,63
60,3,0,36
60,6,0,33
60,30,0,22
60,22,1,28
60,18,1,42
60,31,1,50
60,7,0,37
60,52,0,74
60,41,1,27
60,57,1,29
60,47,1,61
60,66,0,63
60,6,1,70
60,60,0,26
60,28,1,40
60,36,1,42
60,8,0,54
60,45,1,43
60,60,0,54
60,44,0,32
60,21,1,78
60,15,0,63
60,22,0,60
60,0,0,51
60,5,0,5
60,70,0,68
60,65,1,49
60,23,1,55
60,62,1,64
60,61,0,49
60,44,0,34
60,67,1,26
60,58,0,48
60,62,0,59
60,69,0,28
60,2,0,45
60,16,0,46
60,40,0,63
60,22,0,39
60,53,0,45
60,54,0,5
60,30,0,26
60,38,1,53
60,47,1,29
60,5,1,23
60,42,0,55
60,6,0,34
60,29,1,36
60,20,0,45
60,15,0,26
60,26,1,65
60,26,1,60
60,49,1,32
60,70,0,33
60,56,1,42
60,59,1,63
60,43,0,63
60,46,0,30
60,36,1,57
60,45,1,43
60,23,1,42
60,63,0,37
60,9,1,29
60,52,1,32
60,47,1,46
61,14,1,24
61,6,0,30
61,67,0,15
61,38,0,28
61,24,0,19
61,49,1,28
61,70,0,20
61,47,0,10
61,20,0,14
61,54,0,34
61,15,1,33
61,45,1,13
61,64,1,25
61,54,0,40
61,61,1,26
61,59,0,15
61,46,1,36
61,48,0,12
61,61,0,16
61,70,0,28
61,64,0,15
61,48,0,15
61,10,0,29
61,51,0,23
61,20,1,32
61,56,0,26
61,53,1,15
61,25,0,29
61,30,1,26
61,69,1,25
61,38,0,10
61,68,0,13
61,37,1,19
61,52,0,14
61,66,1,37
61,51,1,7
61,31,0,32
61,31,1,19
61,39,1,45
61,46,1,39
61,33,1,20
61,35,1,21
61,58,1,32
61,27,1,28
61,1,1,8
61,55,1,30
61,14,1,22
61,54,1,17
61,50,0,31
61,70,1,26
61,20,0,5
61,38,1,29
61,68,1,33
61,18,0,8
61,32,1,14
61,52,0,37
61,13,0,35
61,5,0,28
61,9,1,44
61,68,0,42
61,51,1,19
61,43,0,23
61,15,0,18
61,61,1,29
61,0,0,30
61,60,1,42
61,11,0,34
61,4,1,38
61,1,0,21
61,2,0,32
61,18,1,32
61,46,0,13
62,58,0,52
62,22,1,63
62,67,0,25
62,4,1,58
62,19,1,44
62,64,0,25
62,48,0,20
62,50,1,21
62,27,1,49
62,48,0,41
62,19,1,42
62,4,1,5
62,25,0,35
62,49,1,29
62,7,0,40
62,24,0,45
62,59,0,43
62,8,1,36
62,21,0,14
62,61,1,40
62,63,1,55
62,50,1,65
62,2,0,51
62,57,0,5
62,53,1,38
62,24,1,28
62,37,0,61
62,36,1,18
62,32,1,37
62,51,1,6
62,43,0,34
62,42,0,33
62,50,1,51
62,47,0,49
62,54,1,51
62,25,0,36
62,34,1,60
62,48,1,35
62,36,1,57
62,35,0,57
62,34,1,25
62,40,1,38
62,26,1,59
62,70,0,42
62,66,1,60
62,12,1,53
62,66,1,38
62,33,0,41
62,28,0,28
62,70,0,22
62,68,1,40
62,9,0,49
62,66,0,19
62,71,1,48
62,22,1,47
62,53,0,20
62,3,0,19
62,24,0,32
62,44,1,53
62,41,0,62
62,1,1,60
62,18,0,40
62,62,1,43
62,33,0,23
62,59,0,38
62,12,0,58
62,60,1,46
62,61,0,40
62,21,1,40
62,53,1,43
62,19,1,44
62,57,1,45
63,36,1,51
63,30,0,59
63,29,0,18
63,29,1,49
63,3,0,53
63,3,0,31
63,70,0,78
63,6,1,46
63,51,0,28
63,31,1,46
63,17,1,30
63,9,0,19
63,27,0,43
63,71,1,31
63,49,0,53
63,30,1,26
63,41,1,27
63,24,0,50
63,52,1,80
63,48,0,51
63,19,1,53
63,54,0,58
63,38,1,44
63,8,0,43
63,22,1,68
63,62,0,31
63,11,1,68
63,19,1,39
63,56,0,26
63,57,1,63
63,53,1,67
63,48,1,49
63,33,0,59
63,25,1,52
63,12,1,51
63,29,0,55
63,23,0,7
63,61,1,53
63,14,1,48
63,24,0,45
63,60,1,66
63,56,1,33
63,23,0,36
63,70,0,8
63,20,1,69
63,41,1,58
63,43,1,25
63,16,1,47
63,27,1,62
63,34,1,50
63,36,0,45
63,66,1,47
63,9,0,75
63,23,1,48
63,21,0,31
63,66,1,37
63,10,0,51
63,66,0,59
63,49,0,51
63,8,0,48
63,48,1,61
63,54,0,47
63,20,0,29
63,19,1,48
63,15,0,55
63,43,1,27
63,71,0,40
63,38,0,49
63,33,0,50
63,14,1,45
63,2,1,38
63,36,0,37
64,10,1,26
64,66,1,26
64,40,0,25
64,18,1,15
64,5,1,29
64,41,1,45
64,71,1,33
64,55,1,25
64,3,1,24
64,0,1,25
64,59,1,30
64,7,1,29
64,45,1,15
64,4,1,34
64,60,0,29
64,18,1,43
64,60,1,15
64,18,1,25
64,17,1,15
64,44,1,35
64,28,1,25
64,64,1,37
64,66,1,37
64,16,1,24
64,28,1,48
64,39,1,29
64,67,1,30
64,52,1,24
64,3,1,16
64,50,1,41
64,16,1,30
64,31,1,29
64,53,1,33
64,66,1,27
64,9,0,33
64,8,1,24
64,47,1,24
64,7,1,30
64,29,0,13
64,9,1,51
64,19,0,43
64,24,0,22
64,61,0,30
64,46,1,47
64,46,1,19
64,5,1,42
64,30,1,31
64,71,1,47
64,5,1,15
64,56,0,21
64,33,1,35
64,69,1,26
64,54,1,51
64,30,1,43
64,38,0,19
64,16,1,5
64,32,1,43
64,44,1,30
64,32,1,24
64,34,1,64
64,46,1,24
64,70,0,26
64,18,1,20
64,8,1,40
64,71,1,14
64,33,1,32
64,13,0,22
64,70,1,39
64,38,1,35
64,61,1,17
64,31,1,31
64,47,1,33
65,52,0,28
65,47,0,40
65,68,0,23
65,46,1,9
65,18,0,36
65,31,1,34
65,58,1,34
65,46,0,19
65,44,0,15
65,15,0,26
65,13,1,41
65,33,1,40
65,32,0,28
65,32,0,20
65,48,1,25
65,50,0,29
65,39,0,31
65,51,0,15
65,62,0,15
65,20,0,19
65,15,1,9
65,8,0,28
65,54,0,30
65,35,0,31
65,42,1,31
65,70,1,20
65,44,1,17
65,66,0,31
65,62,0,25
65,68,0,37
65,63,1,35
65,41,0,31
65,53,0,34
65,3,0,20
65,39,0,5
65,28,0,37
65,18,0,26
65,16,0,29
65,58,0,27
65,63,1,15
65,6,0,40
65,33,1,21
65,48,1,28
65,35,1,38
65,43,0,50
65,20,0,24
65,18,1,27
65,59,0,5
65,69,1,17
65,69,1,35
65,36,0,33
65,61,0,20
65,60,0,14
65,57,0,24
65,35,1,19
65,1,0,27
65,23,1,31
65,15,0,19
65,9,0,20
65,64,1,19
65,19,1,21
65,39,1,39
65,47,0,18
65,51,0,31
65,54,1,31
65,38,0,13
65,10,0,17
65,12,0,49
65,32,1,22
65,6,1,30
65,25,0,23
65,31,0,13
66,46,1,42
66,19,1,23
66,9,0,19
66,62,0,19
66,27,1,19
66,20,0,18
66,28,0,33
66,20,1,39
66,45,1,27
66,57,1,35
66,13,0,11
66,50,1,25
66,21,0,35
66,34,0,35
66,21,0,12
66,6,0,23
66,40,0,27
66,13,0,25
66,12,1,10
66,27,1,27
66,49,1,29
66,10,0,23
66,35,1,20
66,31,1,37
66,61,1,19
66,51,1,34
66,32,1,23
66,31,1,24
66,62,1,40
66,50,0,23
66,50,1,35
66,48,0,39
66,40,0,25
66,38,1,33
66,25,1,36
66,40,1,22
66,49,1,47
66,20,0,33
66,59,1,15
66,58,1,16
66,39,1,32
66,39,1,19
66,52,1,26
66,0,1,23
66,61,0,27
66,23,0,28
66,63,0,35
66,46,1,28
66,54,0,35
66,31,1,23
66,57,1,33
66,57,1,26
66,1,0,43
66,32,1,32
66,18,1,27
66,31,1,14
66,3,0,33
66,68,1,31
66,59,1,30
66,23,1,14
66,68,1,25
66,40,0,29
66,62,0,24
66,59,1,23
66,47,1,33
66,4,1,38
66,8,1,46
66,59,0,34
66,17,1,30
66,32,1,32
66,4,1,22
66,67,0,36
67,13,0,18
67,36,1,25
67,9,0,22
67,52,0,29
67,32,1,26
67,41,1,24
67,36,1,35
67,31,1,25
67,49,1,5
67,13,0,16
67,0,0,20
67,14,0,18
67,47,1,25
67,59,1,25
67,60,1,28
67,67,1,37
67,44,1,31
67,10,1,24
67,25,1,16
67,34,1,25
67,69,0,26
67,60,1,22
67,17,1,25
67,16,1,27
67,56,0,18
67,59,0,39
67,40,0,17
67,37,0,36
67,20,1,28
67,49,1,21
67,45,0,31
67,9,1,32
67,38,1,19
67,66,0,23
67,3,0,11
67,59,1,34
67,27,1,10
67,38,0,23
67,13,0,32
67,4,1,32
67,44,0,9
67,19,1,26
67,55,0,25
67,67,1,24
67,57,1,28
67,30,0,8
67,62,1,23
67,63,0,31
67,19,1,35
67,8,1,24
67,68,0,19
67,28,0,35
67,13,0,30
67,70,1,16
67,13,0,17
67,32,0,11
67,25,1,22
67,48,1,15
67,58,1,27
67,69,1,5
67,64,0,34
67,42,1,44
67,19,0,21
67,65,1,13
67,67,1,25
67,3,1,27
67,46,1,28
67,67,0,34
67,54,0,9
67,8,0,16
67,62,0,28
67,18,1,39
68,40,0,50
68,64,0,7
68,22,1,36
68,7,0,45
68,52,0,33
68,18,0,39
68,29,0,43
68,55,1,48
68,69,0,23
68,46,0,29
68,56,1,36
68,67,0,27
68,8,0,29
68,11,0,31
68,36,1,42
68,71,1,47
68,68,0,41
68,61,1,17
68,21,0,34
68,69,1,48
68,41,0,32
68,37,0,51
68,29,1,61
68,12,1,36
68,25,0,22
68,69,1,31
68,40,0,28
68,2,0,30
68,24,0,37
68,53,0,15
68,41,0,32
68,28,1,37
68,62,0,57
68,67,0,35
68,1,1,16
68,29,1,49
68,38,0,49
68,37,0,40
68,58,0,59
68,20,0,50
68,54,0,47
68,35,1,33
68,5,0,34
68,68,1,30
68,49,1,47
68,16,0,39
68,37,1,16
68,16,1,26
68,24,0,54
68,33,0,37
68,30,1,22
68,3,0,48
68,67,0,38
68,42,1,34
68,38,0,19
68,27,0,21
68,31,0,23
68,36,1,37
68,31,0,49
68,40,0,28
68,40,0,53
68,1,0,31
68,46,1,23
68,71,0,36
68,59,0,34
68,66,0,31
68,43,1,31
68,53,0,27
68,32,0,55
68,28,1,9
68,7,0,41
68,30,0,40
69,22,0,14
69,66,0,33
69,2,0,33
69,52,1,20
69,41,1,13
69,39,1,27
69,16,1,19
69,1,1,29
69,30,1,41
69,3,0,33
69,26,1,25
69,47,0,11
69,1,1,23
69,27,0,7
69,28,1,25
69,24,0,31
69,38,0,30
69,54,0,31
69,35,0,14
69,26,0,35
69,14,0,33
69,28,1,24
69,21,0,25
69,47,0,20
69,62,1,25
69,40,1,29
69,46,1,38
69,11,1,11
69,65,0,22
69,20,1,33
69,30,0,21
69,51,1,46
69,39,1,18
69,69,1,20
69,3,0,25
69,34,1,29
69,40,0,27
69,1,0,17
69,55,1,26
69,55,0,25
69,37,1,5
69,39,1,5
69,25,0,37
69,9,0,24
69,58,0,5
69,22,1,18
69,2,1,14
69,7,0,34
69,33,0,59
69,65,0,38
69,45,1,31
69,54,0,11
69,17,0,18
69,22,0,20
69,12,0,17
69,69,0,17
69,32,1,23
69,0,1,13
69,23,0,39
69,41,1,33
69,29,1,24
69,70,1,7
69,32,0,15
69,34,1,33
69,4,1,33
69,7,1,16
69,63,1,35
69,70,1,25
69,47,1,30
69,56,1,25
69,44,0,22
69,19,1,10
70,50,0,64
70,31,0,108
70,3,0,65
70,45,0,86
70,1,1,53
70,30,1,100
70,41,0,57
70,59,1,72
70,66,1,65
70,69,1,61
70,22,1,70
70,22,1,54
70,34,1,43
70,69,1,60
70,15,0,36
70,25,1,84
70,40,0,56
70,1,0,51
70,56,0,112
70,16,0,61
70,38,0,74
70,23,0,42
70,65,1,74
70,66,0,50
70,6,0,52
70,50,0,61
70,41,0,74
70,69,1,81
70,41,0,62
70,6,0,88
70,6,0,57
70,4,1,106
70,60,0,87
70,34,0,76
70,69,0,65
70,36,0,60
70,38,0,95
70,13,1,43
70,25,0,103
70,34,0,71
70,62,1,43
70,0,0,84
70,23,0,75
70,28,1,44
70,14,0,45
70,55,0,55
70,71,0,50
70,46,1,68
70,12,0,32
70,8,0,57
70,45,1,80
70,12,0,65
70,13,0,72
70,57,0,77
70,11,0,94
70,16,0,44
70,69,0,78
70,27,1,49
70,60,1,97
70,1,1,33
70,66,0,63
70,46,1,69
70,16,0,81
70,41,0,62
70,60,0,45
70,9,0,98
70,16,0,48
70,6,1,78
70,50,0,42
70,31,0,36
70,51,0,75
70,61,1,65
71,41,1,16
71,23,1,30
71,5,0,17
71,5,0,27
71,60,0,16
71,15,0,24
71,0,0,26
71,57,1,20
71,43,0,29
71,63,1,23
71,17,0,26
71,35,0,29
71,17,1,10
71,19,0,25
71,54,0,28
71,54,0,46
71,29,1,17
71,54,1,28
71,47,1,30
71,11,1,17
71,35,0,24
71,25,1,13
71,0,0,35
71,31,1,31
71,46,0,34
71,46,1,26
71,4,1,9
71,7,0,13
71,31,0,16
71,20,0,19
71,39,1,9
71,37,0,18
71,70,0,25
71,71,1,13
71,2,1,36
71,40,0,5
71,34,1,5
71,70,0,5
71,24,1,34
71,59,1,24
71,48,1,34
71,64,0,43
71,37,0,30
71,17,1,12
71,15,0,29
71,13,1,24
71,60,0,34
71,27,1,37
71,49,0,25
71,16,0,12
71,19,1,31
71,70,1,31
71,65,0,17
71,11,0,33
71,31,0,15
71,30,0,44
71,17,1,20
71,59,1,32
71,27,0,22
71,57,0,23
71,57,1,26
71,36,0,38
71,16,0,23
71,35,1,22
71,15,1,45
71,22,0,17
71,67,1,15
71,7,0,20
71,20,0,33
71,67,0,47
71,6,0,32
71,52,0,12
72,50,1,38
72,23,1,18
72,43,1,38
72,38,1,33
72,38,1,26
72,20,1,36
72,30,0,30
72,45,1,19
72,29,0,23
72,1,1,31
72,16,1,40
72,4,0,37
72,43,1,32
72,49,0,35
72,8,1,26
72,4,1,26
72,25,1,46
72,32,1,28
72,36,1,28
72,64,1,52
72,65,1,46
72,50,1,42
72,13,0,30
72,68,1,46
72,50,0,37
72,17,1,13
72,9,0,31
72,4,1,27
72,45,1,25
72,26,1,37
72,63,1,34
72,16,0,34
72,37,1,22
72,1,1,15
72,66,1,37
72,46,1,50
72,17,1,14
72,51,1,39
72,46,1,5
72,69,1,32
72,17,1,25
72,15,1,22
72,38,1,34
72,49,1,27
72,55,1,29
72,43,1,31
72,11,1,16
72,54,0,40
72,67,1,30
72,71,1,38
72,60,0,19
72,46,1,29
72,37,1,21
72,61,0,49
72,27,1,22
72,0,0,28
72,68,1,26
72,45,1,39
72,26,1,40
72,1,1,33
72,46,1,19
72,63,1,32
72,65,1,24
72,8,1,23
72,18,0,50
72,48,1,28
72,47,1,30
72,13,1,5
72,34,1,12
72,39,1,34
72,43,1,40
72,19,1,25
73,2,0,53
73,9,0,45
73,41,0,41
73,23,0,45
73,39,1,24
73,49,1,45
73,25,1,34
73,8,0,52
73,66,0,61
73,31,1,20
73,57,1,29
73,29,1,57
73,26,1,28
73,71,1,30
73,40,0,41
73,47,0,45
73,51,1,39
73,1,0,43
73,47,1,40
73,43,1,16
73,12,1,41
73,20,0,63
73,12,0,28
73,13,0,54
73,31,1,51
73,20,0,34
73,7,0,74
73,50,0,31
73,26,1,41
73,15,0,26
73,43,1,36
73,22,1,18
73,5,0,28
73,61,0,71
73,34,0,48
73,42,0,38
73,50,0,50
73,49,1,29
73,63,0,67
73,1,1,22
73,59,0,39
73,6,0,62
73,30,1,42
73,30,0,13
73,27,0,5
73,16,0,45
73,47,1,55
73,44,0,15
73,65,1,35
73,42,0,47
73,25,1,51
73,71,1,63
73,43,0,56
73,3,1,9
73,69,0,43
73,23,0,39
73,70,0,39
73,62,0,41
73,48,1,18
73,22,1,41
73,0,0,28
73,41,1,33
73,56,1,42
73,0,0,32
73,13,0,38
73,11,0,32
73,65,1,66
73,9,0,22
73,14,0,25
73,22,0,34
73,59,0,29
73,49,1,57
74,60,0,79
74,8,1,29
74,35,0,20
74,61,0,36
74,3,0,57
74,62,0,25
74,15,0,48
74,62,0,62
74,20,1,51
74,49,0,52
74,69,1,50
74,52,0,40
74,43,0,27
74,64,0,55
74,48,1,55
74,2,0,55
74,16,1,19
74,32,0,42
74,5,0,63
74,18,0,37
74,34,1,37
74,55,1,29
74,60,0,29
74,62,0,31
74,57,0,39
74,36,1,67
74,35,1,42
74,0,0,48
74,0,0,54
74,43,0,53
74,34,1,52
74,21,0,21
74,28,1,67
74,3,1,30
74,65,1,37
74,48,0,30
74,1,1,58
74,49,0,56
74,11,0,67
74,43,0,39
74,35,1,40
74,37,1,40
74,40,0,61
74,20,0,51
74,55,0,34
74,30,1,35
74,31,0,57
74,37,0,30
74,38,0,51
74,25,0,33
74,0,1,44
74,56,0,71
74,62,0,56
74,14,0,63
74,13,0,8
74,28,1,32
74,10,0,42
74,35,0,63
74,47,0,38
74,29,1,45
74,39,1,67
74,3,0,47
74,18,0,39
74,71,1,44
74,19,0,26
74,60,0,39
74,21,0,43
74,24,1,49
74,59,1,27
74,35,0,39
74,10,0,45
74,7,1,26
75,39,1,19
75,48,1,37
75,2,0,23
75,66,0,31
75,54,1,8
75,51,1,5
75,32,0,21
75,41,1,26
75,62,0,29
75,26,0,19
75,21,0,33
75,35,1,34
75,21,1,38
75,11,1,36
75,53,0,25
75,57,0,39
75,24,0,15
75,60,0,35
75,50,0,26
75,41,1,15
75,69,0,26
75,14,1,17
75,2,1,34
75,62,0,15
75,7,1,17
75,20,1,17
75,4,0,27
75,68,1,32
75,21,0,22
75,19,0,18
75,6,1,23
75,6,0,39
75,56,0,16
75,30,0,5
75,60,1,27
75,33,0,10
75,67,0,24
75,52,1,10
75,10,0,27
75,10,0,24
75,13,0,30
75,41,0,7
75,23,1,37
75,53,0,20
75,31,1,15
75,18,1,20
75,56,1,21
75,57,1,24
75,8,0,27
75,50,1,10
75,23,1,16
75,68,0,34
75,26,0,28
75,1,1,24
75,57,1,30
75,70,0,25
75,49,1,30
75,26,0,25
75,11,0,42
75,40,0,7
75,49,1,48
75,6,1,44
75,13,0,18
75,28,0,31
75,10,0,27
75,44,1,35
75,1,1,37
75,5,0,33
75,14,1,7
75,44,0,18
75,9,0,24
75,32,1,29
76,0,0,29
76,23,0,33
76,4,1,16
76,5,0,19
76,20,0,17
76,65,0,24
76,38,1,5
76,5,0,19
76,36,1,11
76,58,0,12
76,13,1,13
76,31,0,6
76,19,1,28
76,33,1,38
76,54,0,6
76,15,0,5
76,28,1,21
76,51,1,44
76,5,0,5
76,25,0,9
76,54,1,5
76,6,1,21
76,37,1,26
76,11,1,38
76,44,0,23
76,5,1,35
76,35,1,26
76,60,1,31
76,21,1,29
76,67,0,39
76,17,1,17
76,45,1,9
76,34,0,15
76,64,0,20
76,11,1,34
76,5,0,5
76,57,1,24
76,61,0,48
76,63,0,5
76,42,1,10
76,3,0,26
76,25,1,16
76,68,0,20
76,71,1,22
76,23,0,19
76,0,0,23
76,14,0,30
76,64,0,25
76,12,1,31
76,59,0,21
76,48,0,32
76,58,1,25
76,21,0,22
76,20,1,29
76,20,0,33
76,52,0,22
76,36,0,5
76,27,1,24
76,32,1,24
76,9,0,19
76,16,1,17
76,22,0,26
76,14,1,32
76,45,1,33
76,13,0,35
76,28,0,17
76,31,0,26
76,19,0,23
76,51,1,30
76,4,1,41
76,45,0,5
76,71,1,18
77,61,0,28
77,20,0,56
77,18,1,59
77,0,0,53
77,71,1,55
77,68,1,46
77,67,1,46
77,27,1,41
77,62,1,39
77,54,1,62
77,5,0,50
77,64,1,51
77,11,1,61
77,31,1,46
77,26,1,26
77,43,0,37
77,7,1,39
77,21,0,39
77,63,0,48
77,13,1,54
77,66,0,37
77,21,0,42
77,70,0,48
77,18,1,54
77,71,0,32
77,8,1,60
77,5,0,33
77,46,1,20
77,57,1,27
77,35,1,39
77,1,0,45
77,34,1,29
77,19,0,38
77,47,1,46
77,19,0,42
77,2,0,52
77,34,1,19
77,29,0,10
77,8,0,53
77,47,1,62
77,52,0,24
77,18,0,28
77,44,0,34
77,2,1,17
77,67,0,49
77,55,1,46
77,68,0,38
77,5,1,39
77,36,1,20
77,62,1,21
77,61,0,46
77,36,0,15
77,49,0,37
77,33,1,30
77,25,1,38
77,42,0,40
77,2,0,14
77,7,1,55
77,16,0,27
77,9,0,32
77,53,0,40
77,66,0,27
77,48,0,49
77,45,1,66
77,8,0,29
77,5,1,28
77,1,1,53
77,43,0,38
77,31,0,48
77,47,0,27
77,17,0,41
77,53,0,34
78,2,1,34
78,42,0,23
78,59,1,42
78,21,1,56
78,2,0,31
78,62,0,66
78,32,1,45
78,60,0,62
78,31,1,15
78,39,1,49
78,62,1,37
78,12,1,31
78,4,1,35
78,25,1,54
78,9,1,38
78,57,1,37
78,47,1,37
78,30,1,37
78,59,1,50
78,57,1,60
78,46,0,49
78,20,0,9
78,71,0,44
78,34,0,42
78,17,1,37
78,50,1,52
78,22,1,51
78,4,1,52
78,0,0,24
78,58,0,37
78,39,1,42
78,24,0,18
78,20,1,51
78,37,0,38
78,61,1,18
78,3,0,36
78,40,0,26
78,22,0,38
78,5,1,67
78,59,1,17
78,18,1,30
78,5,1,70
78,63,1,19
78,59,1,57
78,58,1,30
78,58,1,77
78,18,1,38
78,69,1,30
78,47,0,34
78,23,0,42
78,5,0,26
78,43,1,51
78,61,1,47
78,0,0,23
78,26,0,25
78,11,0,30
78,48,0,37
78,55,1,40
78,41,1,48
78,6,1,23
78,63,0,44
78,31,0,36
78,48,1,47
78,26,1,38
78,37,1,45
78,52,0,14
78,41,0,58
78,69,0,42
78,66,1,45
78,65,1,50
78,49,1,29
78,19,0,43
79,60,1,34
79,33,1,24
79,50,1,12
79,23,1,31
79,28,1,12
79,27,0,25
79,61,1,35
79,69,1,42
79,18,1,16
79,54,0,39
79,17,0,32
79,59,1,36
79,43,1,31
79,46,1,25
79,0,0,42
79,25,1,42
79,33,1,26
79,17,1,41
79,44,0,40
79,70,1,28
79,47,1,10
79,25,1,21
79,52,1,45
79,67,1,25
79,62,1,37
79,66,1,37
79,49,0,52
79,40,1,26
79,66,0,45
79,12,1,40
79,70,1,34
79,1,0,50
79,1,0,38
79,29,1,47
79,9,0,9
79,20,1,29
79,54,1,32
79,9,0,9
79,66,1,46
79,6,1,53
79,57,1,29
79,50,1,38
79,57,1,15
79,59,1,38
79,1,1,31
79,45,1,14
79,30,1,18
79,39,0,36
79,41,1,39
79,6,1,33
79,36,1,23
79,57,1,20
79,65,1,27
79,32,1,22
79,60,1,43
79,24,0,32
79,35,0,35
79,20,0,16
79,38,1,30
79,17,1,30
79,40,1,21
79,9,1,31
79,17,1,16
79,50,1,15
79,66,1,38
79,71,1,20
79,45,1,8
79,13,0,48
79,3,1,14
79,60,1,29
79,70,1,32
79,60,0,44
80,50,0,53
80,7,1,46
80,10,1,75
80,70,1,42
80,22,1,46
80,52,0,43
80,26,1,40
80,7,0,6
80,69,0,49
80,32,0,40
80,37,1,61
80,33,0,23
80,31,1,48
80,62,0,34
80,30,0,28
80,64,0,31
80,30,1,21
80,30,1,53
80,4,0,38
80,48,0,50
80,23,1,38
80,57,1,45
80,71,1,91
80,38,1,48
80,60,0,50
80,64,0,47
80,51,1,46
80,40,1,65
80,36,1,39
80,69,0,35
80,29,0,31
80,56,1,63
80,23,1,11
80,12,1,34
80,27,1,47
80,55,1,37
80,38,0,46
80,64,1,62
80,24,0,59
80,61,1,58
80,4,1,77
80,58,0,28
80,9,0,38
80,59,1,48
80,66,1,38
80,58,0,44
80,9,1,47
80,23,1,38
80,47,1,35
80,51,1,22
80,31,1,30
80,54,1,48
80,51,1,60
80,19,1,18
80,20,0,65
80,35,1,45
80,56,1,60
80,71,0,41
80,61,1,41
80,33,0,31
80,18,1,56
80,41,1,25
80,39,1,56
80,22,0,64
80,46,0,77
80,8,0,32
80,62,1,65
80,29,0,42
80,68,1,42
80,48,1,71
80,71,1,19
80,42,0,39
81,34,0,29
81,16,1,26
81,33,0,30
81,44,1,12
81,32,0,19
81,40,1,33
81,65,0,28
81,51,0,27
81,41,0,9
81,13,1,29
81,35,1,5
81,16,0,31
81,54,1,16
81,60,0,20
81,24,0,22
81,10,1,20
81,12,0,37
81,5,0,38
81,55,0,38
81,57,0,21
81,30,0,33
81,42,1,35
81,40,0,33
81,9,0,5
81,63,0,20
81,29,0,22
81,11,0,17
81,71,0,8
81,30,0,31
81,66,0,12
81,19,0,44
81,33,0,42
81,8,0,19
81,21,1,34
81,44,1,40
81,5,0,27
81,36,1,17
81,16,1,28
81,50,1,45
81,9,0,20
81,35,0,12
81,67,0,29
81,63,0,20
81,43,1,30
81,12,1,42
81,26,1,39
81,13,0,27
81,51,1,38
81,67,0,36
81,34,0,36
81,40,0,18
81,71,0,24
81,48,1,20
81,39,1,13
81,4,0,33
81,29,0,32
81,63,0,28
81,6,0,22
81,24,1,16
81,66,1,9
81,52,0,22
81,57,1,37
81,29,1,24
81,23,1,24
81,56,0,19
81,23,0,13
81,37,1,23
81,1,1,27
81,17,1,5
81,32,0,14
81,7,0,8
81,0,1,23
82,26,1,64
82,50,0,58
82,18,1,67
82,50,0,80
82,1,0,96
82,21,1,54
82,36,1,56
82,25,0,36
82,38,0,49
82,40,0,96
82,1,0,21
82,1,0,46
82,61,0,51
82,15,1,25
82,6,0,68
82,52,0,54
82,1,0,37
82,63,1,77
82,6,0,36
82,22,0,79
82,3,0,78
82,40,0,40
82,58,0,83
82,54,1,52
82,39,1,65
82,40,0,64
82,30,0,16
82,66,0,89
82,40,0,63
82,4,0,30
82,25,1,29
82,53,0,47
82,58,1,58
82,11,0,59
82,9,1,43
82,35,0,62
82,34,0,55
82,62,0,88
82,29,1,46
82,51,1,45
82,70,1,77
82,63,1,94
82,47,0,50
82,27,1,54
82,51,1,56
82,3,1,82
82,63,0,53
82,17,0,37
82,38,1,58
82,43,0,64
82,51,0,95
82,61,1,72
82,46,1,57
82,40,0,81
82,48,0,93
82,41,0,59
82,17,0,65
82,32,0,64
82,18,1,49
82,25,0,65
82,36,1,69
82,15,0,64
82,11,0,34
82,66,1,57
82,10,0,61
82,61,0,77
82,4,1,35
82,35,0,53
82,26,1,46
82,49,1,8
82,41,0,52
82,8,0,45
83,59,0,63
83,59,0,38
83,38,1,59
83,10,0,79
83,37,1,50
83,71,1,33
83,42,0,59
83,0,0,58
83,56,1,53
83,32,0,67
83,61,0,55
83,39,0,68
83,61,0,59
83,7,0,24
83,3,0,31
83,31,1,54
83,3,0,57
83,56,0,44
83,45,1,83
83,42,0,70
83,26,1,57
83,6,0,26
83,31,1,43
83,29,0,72
83,25,1,84
83,56,0,39
83,26,1,36
83,25,1,41
83,20,0,62
83,55,1,37
83,42,0,58
83,31,0,46
83,49,0,71
83,65,1,43
83,0,1,59
83,66,1,81
83,68,0,34
83,25,1,45
83,21,0,61
83,59,0,82
83,8,0,64
83,50,0,38
83,65,1,53
83,11,1,62
83,47,1,54
83,35,0,77
83,69,0,80
83,2,0,39
83,19,0,54
83,63,1,87
83,26,0,20
83,68,1,73
83,51,1,76
83,5,0,65
83,43,0,46
83,69,1,89
83,17,0,67
83,23,1,86
83,3,1,38
83,61,0,71
83,48,1,83
83,44,0,71
83,28,0,87
83,46,0,53
83,0,0,100
83,28,0,60
83,23,0,50
83,6,0,63
83,39,1,72
83,29,0,27
83,65,0,50
83,61,0,62
84,3,0,77
84,59,0,52
84,49,0,110
84,7,1,66
84,24,0,70
84,58,0,48
84,13,1,62
84,10,0,75
84,16,0,22
84,42,1,70
84,9,0,20
84,16,1,34
84,68,0,72
84,6,0,83
84,66,0,51
84,36,0,58
84,62,1,81
84,12,0,69
84,21,0,35
84,33,1,60
84,24,1,43
84,63,0,54
84,38,0,61
84,1,0,23
84,28,0,55
84,46,0,82
84,0,0,26
84,69,0,70
84,27,1,96
84,49,1,42
84,65,0,61
84,6,0,71
84,49,0,54
84,19,0,72
84,66,1,62
84,20,0,70
84,47,0,43
84,21,0,32
84,18,1,67
84,52,0,66
84,40,0,50
84,33,0,58
84,14,0,40
84,5,1,88
84,46,1,32
84,20,0,57
84,25,1,65
84,44,1,56
84,26,0,53
84,43,0,50
84,62,0,47
84,18,0,62
84,3,0,80
84,16,0,81
84,53,0,46
84,17,0,72
84,23,0,70
84,61,1,63
84,22,1,63
84,57,0,80
84,35,0,57
84,36,1,51
84,16,0,74
84,60,0,79
84,45,0,67
84,34,0,62
84,0,1,66
84,15,0,64
84,24,0,88
84,13,0,27
84,69,1,16
84,29,1,79
85,1,1,33
85,71,1,31
85,39,1,36
85,8,0,25
85,68,1,22
85,60,0,19
85,18,0,13
85,1,0,12
85,47,1,17
85,40,1,21
85,64,0,20
85,19,0,33
85,44,0,31
85,50,0,12
85,57,0,30
85,10,0,32
85,43,0,20
85,63,0,35
85,36,0,29
85,26,0,20
85,46,1,27
85,58,1,19
85,32,0,19
85,7,0,18
85,66,1,21
85,55,1,25
85,21,0,29
85,57,1,17
85,26,0,8
85,66,0,19
85,67,1,34
85,43,0,11
85,35,1,37
85,66,0,29
85,13,1,29
85,47,0,24
85,34,1,21
85,61,0,15
85,34,0,36
85,70,1,41
85,62,1,27
85,71,0,36
85,20,1,46
85,21,0,37
85,33,1,25
85,38,0,16
85,26,1,25
85,64,0,17
85,54,1,20
85,63,1,17
85,7,1,40
85,47,0,32
85,8,1,37
85,0,0,18
85,29,1,27
85,50,1,34
85,68,1,36
85,12,1,31
85,61,0,29
85,1,0,31
85,37,0,28
85,4,0,25
85,70,0,27
85,33,1,18
85,30,0,25
85,23,1,13
85,70,0,32
85,44,0,40
85,44,0,34
85,36,1,31
85,38,1,42
85,67,0,22
86,57,1,17
86,42,1,38
86,38,0,44
86,2,0,29
86,0,0,45
86,45,0,46
86,27,0,34
86,46,1,53
86,31,1,44
86,11,0,32
86,68,1,58
86,22,1,66
86,39,1,32
86,5,1,26
86,65,0,82
86,6,1,61
86,5,1,46
86,26,0,43
86,12,0,36
86,2,1,59
86,10,0,23
86,33,1,45
86,8,0,22
86,25,1,53
86,39,0,36
86,52,1,56
86,1,1,20
86,34,1,42
86,66,0,15
86,60,1,49
86,55,1,49
86,36,1,32
86,22,0,36
86,2,0,52
86,11,1,36
86,6,1,45
86,25,0,36
86,13,1,51
86,63,0,43
86,49,1,44
86,44,1,29
86,64,0,32
86,17,0,86
86,32,1,46
86,6,1,20
86,13,0,22
86,70,1,70
86,66,0,25
86,46,1,69
86,23,0,37
86,42,0,19
86,5,0,17
86,61,0,35
86,52,0,38
86,38,0,45
86,2,1,43
86,25,1,35
86,46,1,39
86,24,1,27
86,31,1,74
86,1,1,15
86,71,1,22
86,53,0,43
86,33,0,36
86,68,0,53
86,68,1,46
86,38,0,44
86,57,0,35
86,0,0,10
86,7,0,46
86,50,1,23
86,44,0,35
87,16,1,72
87,19,0,70
87,45,0,50
87,3,1,40
87,28,1,49
87,52,0,40
87,25,0,55
87,27,1,26
87,22,0,38
87,24,0,67
87,29,0,36
87,11,1,54
87,69,1,27
87,68,0,49
87,22,1,49
87,62,0,69
87,28,1,52
87,40,0,41
87,64,0,40
87,15,0,12
87,20,0,46
87,25,1,71
87,59,1,47
87,23,1,11
87,28,0,24
87,60,1,64
87,19,0,44
87,21,1,27
87,5,0,28
87,35,1,28
87,7,0,39
87,48,1,61
87,42,0,28
87,27,0,71
87,1,0,35
87,34,0,13
87,56,0,38
87,64,0,37
87,58,1,52
87,45,1,21
87,6,1,57
87,52,0,5
87,46,1,56
87,24,0,50
87,27,1,18
87,60,1,35
87,26,1,18
87,30,1,42
87,37,1,51
87,31,1,42
87,49,0,13
87,2,1,40
87,1,1,52
87,52,1,43
87,64,0,30
87,65,1,22
87,14,1,25
87,33,1,39
87,36,1,29
87,69,0,25
87,62,0,55
87,6,1,49
87,32,1,32
87,44,0,13
87,0,0,39
87,45,1,23
87,58,0,33
87,32,0,26
87,12,0,20
87,61,1,69
87,41,1,27
87,36,1,52
88,4,1,36
88,59,1,67
88,64,0,54
88,53,1,59
88,61,1,61
88,10,1,10
88,7,0,25
88,30,1,43
88,65,1,30
88,44,1,32
88,13,0,43
88,39,1,10
88,27,1,47
88,24,1,32
88,45,1,52
88,20,0,48
88,29,0,46
88,40,0,45
88,62,1,39
88,6,1,23
88,33,1,72
88,35,1,40
88,45,1,59
88,70,1,35
88,26,1,41
88,22,1,40
88,6,1,65
88,8,1,30
88,49,1,33
88,2,1,39
88,68,0,71
88,36,0,36
88,52,1,31
88,3,1,56
88,45,1,43
88,7,1,37
88,53,1,49
88,68,1,61
88,14,0,29
88,20,1,32
88,54,0,51
88,0,0,28
88,6,1,39
88,46,1,56
88,70,1,50
88,8,1,63
88,7,0,71
88,25,1,72
88,49,1,49
88,65,1,51
88,55,1,58
88,44,0,55
88,59,1,45
88,51,1,38
88,49,0,37
88,27,1,28
88,31,1,49
88,14,0,54
88,53,0,37
88,26,1,62
88,53,0,56
88,36,0,69
88,38,1,68
88,65,1,51
88,29,1,45
88,47,1,67
88,33,1,48
88,11,0,36
88,61,1,68
88,9,1,31
88,5,1,61
88,25,1,59
89,58,0,34
89,35,0,26
89,31,1,28
89,13,0,17
89,17,0,15
89,70,0,34
89,43,1,27
89,32,0,28
89,24,0,30
89,21,1,38
89,69,0,41
89,41,1,8
89,4,0,5
89,69,0,8
89,57,0,22
89,63,0,43
89,27,1,6
89,0,0,18
89,20,1,31
89,17,1,42
89,26,1,21
89,49,1,38
89,17,0,17
89,16,1,24
89,51,0,21
89,29,1,5
89,63,1,22
89,65,1,29
89,36,1,21
89,64,1,15
89,3,1,12
89,3,1,27
89,2,1,45
89,66,1,27
89,45,1,39
89,6,0,31
89,43,1,40
89,68,1,35
89,71,0,10
89,69,1,23
89,29,1,11
89,8,1,11
89,65,0,10
89,34,0,30
89,27,1,38
89,54,0,20
89,44,0,15
89,39,0,21
89,32,0,15
89,63,0,11
89,13,0,21
89,18,1,15
89,26,1,16
89,27,0,15
89,4,0,33
89,29,1,20
89,25,1,23
89,14,0,35
89,51,1,24
89,61,1,21
89,58,0,25
89,42,1,32
89,51,1,9
89,20,0,13
89,40,0,29
89,8,1,28
89,61,0,36
89,36,1,16
89,10,0,35
89,63,1,21
89,6,1,46
89,9,0,16
90,29,0,46
90,54,0,42
90,41,0,59
90,41,0,54
90,22,1,55
90,10,0,78
90,27,0,57
90,29,0,65
90,26,0,52
90,58,1,75
90,37,1,58
90,67,0,56
90,35,1,81
90,49,0,52
90,50,0,93
90,27,0,72
90,3,0,76
90,49,0,69
90,5,0,52
90,41,1,32
90,70,1,69
90,44,0,49
90,20,0,85
90,20,0,48
90,26,0,50
90,8,0,100
90,49,0,44
90,15,0,57
90,8,0,68
90,37,0,67
90,66,0,90
90,42,0,23
90,39,1,48
90,71,1,65
90,33,0,116
90,57,0,77
90,15,0,57
90,55,1,99
90,2,0,35
90,22,1,64
90,43,1,86
90,54,0,75
90,19,1,95
90,34,1,44
90,40,0,48
90,40,0,73
90,37,1,61
90,29,0,86
90,70,0,58
90,57,0,19
90,58,0,49
90,53,0,42
90,30,0,69
90,2,0,60
90,71,1,65
90,26,1,97
90,63,0,56
90,47,1,61
90,35,1,78
90,10,1,52
90,13,0,68
90,22,1,71
90,23,0,93
90,42,0,42
90,11,0,71
90,62,1,59
90,56,1,81
90,27,0,44
90,1,0,67
90,57,0,36
90,67,0,61
90,41,0,72
91,2,0,107
91,63,0,54
91,32,1,53
91,33,1,57
91,67,0,50
91,28,0,45
91,54,0,49
91,27,0,42
91,62,0,71
91,41,1,5
91,11,0,40
91,38,0,60
91,5,0,93
91,15,0,58
91,21,0,40
91,54,0,46
91,40,0,76
91,37,1,72
91,25,1,48
91,69,1,26
91,13,0,36
91,29,1,60
91,38,1,72
91,14,0,48
91,63,0,55
91,6,1,40
91,47,1,67
91,15,0,37
91,68,1,34
91,28,1,70
91,69,1,79
91,26,1,80
91,5,1,69
91,46,0,102
91,35,1,51
91,65,0,77
91,52,1,41
91,13,0,88
91,63,0,75
91,51,0,68
91,71,1,48
91,36,0,38
91,28,1,75
91,14,0,75
91,22,1,41
91,48,0,92
91,70,0,39
91,51,1,91
91,2,0,43
91,45,0,99
91,44,1,39
91,38,0,49
91,14,0,22
91,37,0,47
91,43,1,84
91,51,1,24
91,39,1,47
91,43,1,51
91,66,0,22
91,29,1,62
91,27,1,67
91,13,0,74
91,48,1,75
91,20,0,68
91,39,0,53
91,13,0,60
91,53,0,85
91,67,0,59
91,43,1,46
91,16,0,96
91,33,0,53
91,23,1,74
92,48,0,23
92,68,1,28
92,69,1,31
92,14,1,26
92,47,1,23
92,7,1,38
92,36,1,5
92,37,1,40
92,40,0,11
92,39,1,16
92,18,1,38
92,27,1,31
92,9,0,38
92,67,1,15
92,68,1,47
92,5,1,37
92,1,1,33
92,5,1,9
92,44,1,21
92,38,1,31
92,34,1,26
92,29,1,23
92,25,1,30
92,53,0,21
92,62,1,27
92,54,0,31
92,22,1,21
92,68,1,34
92,12,0,51
92,64,1,48
92,35,0,39
92,48,1,15
92,12,1,34
92,4,1,29
92,69,1,27
92,40,0,24
92,1,1,36
92,55,1,38
92,27,0,27
92,15,1,32
92,43,1,22
92,26,1,30
92,45,1,27
92,6,1,37
92,23,1,24
92,21,1,30
92,32,1,26
92,36,0,31
92,35,1,30
92,52,0,23
92,46,1,30
92,46,1,16
92,64,1,30
92,40,0,28
92,59,0,24
92,12,1,44
92,16,1,33
92,49,1,34
92,31,1,23
92,65,1,32
92,46,1,43
92,13,0,44
92,1,1,20
92,16,1,17
92,40,1,20
92,12,1,24
92,10,1,29
92,33,1,24
92,2,1,22
92,12,1,51
92,39,1,38
92,9,1,27
93,44,1,29
93,19,1,62
93,13,1,94
93,65,0,102
93,47,0,38
93,0,1,67
93,53,0,8
93,67,0,67
93,61,0,58
93,6,0,76
93,51,1,64
93,35,0,76
93,44,0,70
93,19,1,52
93,67,0,35
93,61,1,40
93,14,1,47
93,21,1,68
93,41,1,24
93,54,0,37
93,6,0,22
93,40,0,62
93,41,1,33
93,58,0,51
93,25,1,87
93,25,1,25
93,61,0,63
93,34,0,70
93,17,0,73
93,33,0,46
93,42,0,87
93,4,1,90
93,18,0,58
93,24,0,79
93,21,0,109
93,61,0,97
93,48,0,75
93,68,0,30
93,29,0,55
93,50,0,62
93,64,0,54
93,33,0,48
93,42,0,55
93,23,1,30
93,12,1,113
93,9,0,88
93,67,0,54
93,60,0,88
93,7,1,100
93,2,0,89
93,13,0,70
93,58,0,21
93,7,0,72
93,67,0,48
93,47,0,36
93,60,1,67
93,11,1,89
93,65,0,58
93,19,1,65
93,47,1,61
93,47,1,44
93,16,1,59
93,5,0,77
93,40,0,61
93,35,0,85
93,31,1,88
93,46,1,22
93,57,0,67
93,50,1,67
93,58,0,54
93,17,0,76
93,18,0,84
94,39,1,31
94,68,1,39
94,20,1,31
94,41,1,50
94,2,0,40
94,46,1,71
94,63,1,61
94,58,1,33
94,2,0,20
94,16,0,54
94,40,0,61
94,22,1,30
94,44,0,12
94,6,0,59
94,6,0,48
94,58,1,31
94,45,0,76
94,71,1,19
94,66,1,50
94,32,0,38
94,5,1,50
94,24,0,38
94,32,0,75
94,9,0,42
94,7,0,35
94,46,1,55
94,37,1,42
94,10,1,26
94,71,0,37
94,59,1,53
94,58,0,53
94,67,1,39
94,32,0,51
94,0,0,49
94,52,0,54
94,39,1,5
94,25,1,32
94,70,0,5
94,58,0,56
94,47,1,33
94,71,1,44
94,48,1,55
94,61,0,28
94,39,1,37
94,44,0,49
94,1,1,53
94,44,1,5
94,8,0,68
94,18,1,51
94,10,0,51
94,47,1,44
94,23,1,19
94,3,0,30
94,44,1,31
94,12,1,26
94,27,0,37
94,15,0,60
94,16,0,44
94,0,1,5
94,26,0,32
94,37,1,23
94,44,1,80
94,60,0,36
94,6,0,31
94,44,1,29
94,62,1,58
94,42,0,26
94,55,0,39
94,34,1,25
94,62,1,41
94,37,1,39
94,41,0,22
95,60,0,84
95,12,0,40
95,41,0,64
95,57,1,37
95,39,0,44
95,47,0,100
95,10,0,39
95,37,1,59
95,38,0,53
95,1,0,73
95,14,0,49
95,1,0,76
95,68,1,79
95,38,1,83
95,6,0,96
95,50,1,81
95,20,0,59
95,32,0,69
95,62,0,55
95,17,0,58
95,30,0,67
95,2,0,93
95,20,0,52
95,19,1,36
95,45,0,59
95,2,0,44
95,65,0,68
95,1,0,85
95,44,0,41
95,30,0,58
95,51,1,58
95,11,0,95
95,60,1,59
95,38,0,54
95,7,0,33
95,68,1,49
95,3,1,61
95,36,0,75
95,21,0,50
95,2,1,49
95,56,0,77
95,11,0,75
95,43,0,44
95,44,0,60
95,17,0,40
95,15,0,33
95,14,0,59
95,69,0,53
95,30,0,59
95,56,1,49
95,5,1,66
95,25,1,63
95,63,0,51
95,54,0,96
95,4,0,50
95,32,1,111
95,44,0,82
95,69,0,54
95,58,1,59
95,1,1,56
95,25,0,56
95,13,0,42
95,12,0,72
95,11,0,121
95,51,0,41
95,65,0,89
95,31,0,79
95,56,0,24
95,15,0,67
95,46,0,97
95,50,0,38
95,71,0,41
96,50,0,47
96,65,1,95
96,28,0,73
96,52,0,17
96,31,0,50
96,49,1,38
96,61,0,53
96,62,0,9
96,71,1,89
96,56,0,101
96,35,0,59
96,44,0,34
96,69,0,50
96,6,1,91
96,55,0,40
96,67,0,63
96,53,0,62
96,60,1,66
96,9,0,61
96,46,0,63
96,55,1,33
96,56,0,31
96,26,0,37
96,24,1,60
96,58,0,36
96,44,0,40
96,65,0,84
96,27,0,59
96,33,0,42
96,26,0,45
96,54,0,20
96,21,0,53
96,1,1,46
96,6,0,41
96,54,0,50
96,51,0,93
96,0,1,41
96,69,0,85
96,45,0,38
96,70,0,91
96,68,1,42
96,35,0,73
96,35,0,38
96,64,0,83
96,62,0,60
96,43,0,29
96,40,0,63
96,63,0,80
96,36,1,55
96,26,0,86
96,67,1,36
96,2,0,62
96,28,1,78
96,66,0,76
96,60,0,36
96,6,0,64
96,67,0,68
96,11,0,83
96,8,0,65
96,66,0,20
96,30,0,86
96,23,0,65
96,66,1,37
96,64,0,49
96,12,0,52
96,65,1,64
96,39,1,40
96,45,0,27
96,62,0,50
96,68,1,36
96,27,0,38
96,56,0,54
97,43,0,49
97,42,0,19
97,34,1,27
97,27,1,44
97,26,1,47
97,65,1,33
97,54,0,38
97,63,1,26
97,10,1,23
97,22,1,17
97,3,1,32
97,28,1,25
97,39,1,11
97,22,1,6
97,31,0,24
97,5,1,9
97,49,1,29
97,23,1,24
97,57,1,34
97,28,1,41
97,57,1,29
97,50,1,32
97,58,1,28
97,16,0,37
97,53,0,54
97,52,0,32
97,34,0,40
97,63,1,40
97,68,1,43
97,35,1,12
97,33,0,11
97,53,1,42
97,37,1,26
97,7,1,24
97,54,0,37
97,66,0,40
97,38,1,34
97,56,1,24
97,7,1,46
97,70,1,13
97,11,1,33
97,10,0,26
97,3,1,35
97,17,0,36
97,60,1,5
97,69,0,36
97,7,1,28
97,14,1,32
97,68,0,37
97,50,1,24
97,53,0,30
97,8,0,29
97,3,0,38
97,34,1,24
97,1,1,31
97,3,1,22
97,46,1,34
97,29,0,36
97,25,1,23
97,30,1,14
97,45,1,37
97,18,1,6
97,21,1,16
97,45,1,13
97,64,1,33
97,59,1,38
97,13,0,30
97,12,1,25
97,20,1,24
97,20,0,42
97,3,1,12
97,58,1,39
98,54,0,13
98,47,0,75
98,23,0,21
98,24,0,57
98,35,0,50
98,43,1,26
98,55,0,44
98,59,1,57
98,48,1,44
98,62,0,25
98,29,0,42
98,31,0,50
98,26,0,29
98,4,0,48
98,31,0,41
98,10,1,42
98,50,0,33
98,41,1,51
98,24,0,62
98,34,0,34
98,67,0,37
98,30,1,28
98,47,1,65
98,31,1,48
98,2,1,43
98,64,1,14
98,39,0,32
98,16,0,54
98,12,1,49
98,45,0,30
98,1,0,41
98,57,1,14
98,19,0,39
98,30,0,28
98,4,1,42
98,69,0,50
98,17,1,45
98,26,1,51
98,69,1,24
98,9,1,40
98,6,1,5
98,6,0,44
98,34,0,41
98,50,1,76
98,25,1,34
98,34,1,15
98,41,1,36
98,51,0,34
98,43,1,49
98,52,0,41
98,6,1,24
98,50,0,29
98,35,1,44
98,43,1,23
98,58,1,36
98,62,1,25
98,17,0,33
98,43,0,32
98,54,0,24
98,14,0,39
98,3,0,58
98,26,1,47
98,51,0,44
98,15,1,29
98,38,0,29
98,18,0,16
98,22,1,45
98,20,0,19
98,8,1,46
98,22,1,29
98,59,1,7
98,63,1,33
99,53,1,31
99,33,1,40
99,70,0,42
99,34,1,28
99,35,1,21
99,33,0,24
99,12,0,26
99,56,1,18
99,17,0,42
99,8,0,29
99,39,1,16
99,17,1,30
99,35,1,35
99,24,1,7
99,21,0,9
99,64,1,25
99,26,1,31
99,51,1,24
99,68,0,28
99,51,1,20
99,30,0,29
99,70,1,27
99,1,1,14
99,3,0,29
99,59,1,35
99,29,1,26
99,63,1,21
99,1,1,20
99,0,0,36
99,68,1,35
99,46,1,35
99,69,1,10
99,49,0,34
99,0,0,30
99,3,0,37
99,38,1,24
99,49,0,29
99,19,0,25
99,58,1,29
99,16,1,21
99,49,0,29
99,14,1,34
99,28,1,45
99,3,1,27
99,5,1,33
99,49,0,32
99,16,1,36
99,8,1,14
99,37,1,37
99,25,1,20
99,13,1,5
99,45,1,21
99,21,1,11
99,29,1,20
99,52,1,19
99,0,1,21
99,27,0,24
99,45,1,38
99,31,1,33
99,68,1,29
99,53,0,15
99,55,0,8
99,29,1,10
99,47,1,29
99,1,1,24
99,40,1,42
99,53,0,14
99,57,0,31
99,58,0,9
99,48,0,7
99,4,1,21
99,24,0,24
100,6,1,41
100,65,1,46
100,46,1,31
100,24,0,62
100,5,1,42
100,37,1,25
100,30,0,46
100,12,1,44
100,59,1,26
100,25,1,51
100,9,1,71
100,41,0,50
100,14,1,52
100,56,1,25
100,0,1,53
100,66,1,35
100,40,0,57
100,11,1,47
100,33,0,43
100,12,0,58
100,12,1,51
100,46,1,39
100,8,0,37
100,55,1,44
100,42,0,53
100,25,1,67
100,67,1,43
100,6,0,55
100,15,1,53
100,59,1,46
100,3,1,54
100,4,1,27
100,13,0,39
100,56,0,37
100,63,1,48
100,48,1,57
100,58,1,39
100,35,1,27
100,10,0,36
100,47,1,61
100,69,1,21
100,32,1,17
100,43,1,19
100,4,1,58
100,33,1,39
100,33,1,46
100,26,1,46
100,34,1,29
100,66,0,60
100,53,0,28
100,8,1,46
100,6,1,66
100,51,1,9
100,34,1,44
100,4,1,59
100,61,1,37
100,56,0,5
100,32,1,41
100,16,1,61
100,70,1,64
100,40,1,55
100,13,1,42
100,53,1,46
100,43,0,45
100,70,0,31
100,35,0,53
100,24,1,26
100,4,0,47
100,47,0,63
100,0,0,82
100,27,1,20
100,34,0,33
101,66,0,73
101,32,1,69
101,45,1,28
101,19,0,23
101,47,0,53
101,51,0,98
101,68,1,78
101,36,1,58
101,17,0,63
101,65,0,74
101,29,0,59
101,68,0,70
101,69,0,55
101,68,0,34
101,7,0,54
101,49,1,77
101,35,1,35
101,57,0,59
101,33,0,27
101,34,1,109
101,13,0,37
101,6,0,32
101,69,1,67
101,3,0,39
101,52,0,53
101,49,0,68
101,23,0,68
101,50,0,24
101,55,1,38
101,13,0,14
101,50,0,88
101,26,1,32
101,25,1,62
101,7,0,61
101,44,0,27
101,46,0,79
101,23,0,44
101,49,0,41
101,19,0,67
101,59,0,82
101,60,0,62
101,9,1,55
101,69,0,44
101,49,1,40
101,33,0,53
101,7,0,59
101,6,0,56
101,63,0,64
101,5,1,70
101,70,1,43
101,4,0,33
101,20,0,77
101,32,0,76
101,9,0,89
101,53,0,54
101,57,0,77
101,47,1,40
101,30,0,62
101,51,0,58
101,65,0,33
101,60,0,38
101,8,0,38
101,70,1,75
101,36,0,78
101,42,0,76
101,64,0,85
101,25,0,57
101,51,0,46
101,6,0,45
101,16,1,72
101,28,0,52
101,47,0,61
102,23,0,77
102,65,0,69
102,16,0,82
102,44,0,46
102,17,0,56
102,26,0,67
102,1,0,52
102,10,0,77
102,50,0,19
102,34,0,79
102,71,1,91
102,33,0,54
102,1,1,31
102,23,0,72
102,64,0,41
102,34,1,31
102,0,1,25
102,45,0,59
102,65,0,25
102,30,0,73
102,19,0,86
102,24,0,70
102,44,0,71
102,2,0,77
102,60,0,69
102,28,0,68
102,35,0,55
102,14,0,69
102,20,0,83
102,71,0,64
102,35,1,58
102,44,0,65
102,58,0,39
102,66,1,67
102,6,1,67
102,61,0,48
102,15,1,42
102,64,0,31
102,45,0,62
102,70,0,65
102,16,0,62
102,10,0,34
102,36,1,33
102,42,1,53
102,22,1,6
102,46,1,87
102,10,0,50
102,63,0,30
102,25,1,64
102,67,0,62
102,6,1,45
102,53,0,52
102,17,0,104
102,57,0,69
102,34,1,24
102,47,0,53
102,19,0,31
102,15,0,41
102,6,0,114
102,46,1,60
102,0,0,45
102,3,0,65
102,20,1,46
102,46,1,55
102,24,0,77
102,41,0,64
102,3,1,67
102,68,1,65
102,28,1,37
102,54,0,67
102,37,1,85
102,0,0,128
103,26,1,47
103,53,1,20
103,14,1,32
103,64,0,18
103,56,1,51
103,13,1,31
103,40,1,41
103,21,1,21
103,46,1,21
103,35,1,7
103,31,1,24
103,40,1,30
103,56,1,26
103,63,1,31
103,32,0,32
103,47,1,29
103,40,1,35
103,43,1,18
103,9,0,25
103,33,1,49
103,25,1,47
103,23,1,12
103,22,1,40
103,60,1,37
103,44,0,44
103,25,1,32
103,24,1,28
103,14,1,5
103,54,1,44
103,45,0,31
103,27,1,28
103,9,1,19
103,31,0,17
103,62,1,24
103,16,0,37
103,55,1,5
103,64,1,28
103,29,1,46
103,5,1,42
103,22,0,21
103,26,1,36
103,46,1,9
103,3,1,40
103,55,1,42
103,6,0,30
103,62,1,13
103,51,1,27
103,34,1,26
103,65,1,39
103,70,1,28
103,33,1,28
103,30,1,34
103,60,1,29
103,49,1,28
103,48,0,42
103,44,0,28
103,4,0,29
103,58,1,31
103,30,1,40
103,66,1,16
103,45,1,30
103,32,1,35
103,10,0,17
103,26,1,18
103,0,1,20
103,35,1,28
103,40,1,13
103,4,1,29
103,60,1,39
103,5,1,26
103,70,0,40
103,22,1,21
104,46,0,78
104,50,1,54
104,68,1,47
104,20,1,78
104,59,0,29
104,0,1,67
104,33,0,40
104,16,1,40
104,37,1,21
104,18,1,39
104,65,1,38
104,46,0,43
104,41,0,59
104,27,0,47
104,58,0,53
104,12,1,30
104,52,0,38
104,53,1,29
104,16,1,52
104,35,1,60
104,17,1,12
104,15,1,67
104,44,0,27
104,6,1,46
104,36,1,34
104,32,0,45
104,70,0,33
104,26,1,39
104,27,0,55
104,53,0,36
104,36,1,19
104,21,0,41
104,14,1,54
104,40,1,60
104,0,0,49
104,25,1,28
104,7,0,42
104,71,0,39
104,40,1,20
104,27,1,39
104,12,0,36
104,37,1,48
104,50,1,21
104,5,1,31
104,15,1,44
104,18,0,32
104,15,1,50
104,14,1,39
104,44,1,37
104,41,1,25
104,6,0,35
104,27,0,35
104,42,0,27
104,69,0,40
104,8,1,39
104,54,1,32
104,32,0,20
104,16,0,56
104,59,1,42
104,10,0,13
104,65,0,48
104,27,0,47
104,14,1,42
104,67,0,53
104,55,1,33
104,14,0,35
104,39,0,25
104,35,0,5
104,8,1,31
104,49,0,15
104,13,1,29
104,56,0,32
105,67,1,32
105,43,1,20
105,32,1,37
105,10,0,17
105,22,1,15
105,29,0,30
105,2,0,40
105,50,1,27
105,1,1,40
105,18,1,19
105,46,0,32
105,37,1,23
105,48,1,17
105,4,0,37
105,58,0,20
105,23,0,28
105,43,1,31
105,22,1,20
105,30,1,16
105,44,1,30
105,14,1,42
105,71,1,34
105,48,1,28
105,4,0,31
105,47,1,26
105,37,0,5
105,43,0,28
105,22,1,20
105,59,0,25
105,5,0,16
105,42,0,10
105,11,0,32
105,40,0,19
105,26,1,37
105,30,1,25
105,47,1,20
105,21,0,20
105,20,0,20
105,50,1,27
105,3,0,43
105,28,0,36
105,18,1,28
105,64,1,21
105,59,1,13
105,28,1,22
105,64,0,23
105,11,1,19
105,2,0,19
105,51,1,22
105,54,0,40
105,0,0,16
105,59,1,30
105,14,0,30
105,40,1,36
105,46,0,40
105,70,0,21
105,57,1,26
105,30,0,19
105,34,0,27
105,1,1,5
105,28,1,14
105,3,1,27
105,53,1,21
105,35,1,15
105,45,1,18
105,10,1,33
105,1,1,30
105,39,0,24
105,25,1,15
105,27,0,22
105,14,1,26
105,50,1,25
106,15,0,37
106,67,0,59
106,32,1,30
106,24,1,43
106,23,0,36
106,61,0,44
106,4,1,44
106,70,1,51
106,28,0,69
106,14,0,72
106,60,1,39
106,28,0,63
106,57,1,67
106,52,1,50
106,71,1,5
106,67,0,37
106,68,1,17
106,25,1,26
106,19,0,30
106,20,0,40
106,4,1,23
106,63,0,29
106,23,0,44
106,33,1,23
106,68,0,56
106,38,0,29
106,71,1,27
106,12,1,36
106,32,1,73
106,54,0,48
106,24,0,45
106,48,0,45
106,43,0,52
106,44,1,58
106,61,0,81
106,21,1,19
106,4,1,51
106,14,1,60
106,66,1,54
106,60,0,45
106,27,0,49
106,13,0,38
106,62,0,43
106,36,1,53
106,66,1,51
106,27,1,39
106,11,1,51
106,4,0,45
106,65,0,55
106,21,1,42
106,37,1,53
106,46,1,42
106,70,0,41
106,19,0,54
106,26,1,40
106,46,1,48
106,66,1,42
106,32,1,27
106,19,0,40
106,70,1,62
106,37,1,28
106,35,1,43
106,52,0,22
106,51,0,21
106,30,1,30
106,63,1,38
106,58,0,69
106,23,0,49
106,23,1,50
106,10,0,58
106,40,0,62
106,43,0,38
107,29,1,40
107,4,1,29
107,43,0,44
107,49,1,41
107,60,0,26
107,41,1,31
107,22,1,34
107,28,1,72
107,37,1,53
107,27,1,50
107,36,1,47
107,69,1,46
107,32,1,46
107,45,0,44
107,25,1,47
107,56,0,23
107,27,0,46
107,65,0,55
107,5,0,46
107,10,0,22
107,3,0,32
107,1,0,38
107,49,0,41
107,8,1,64
107,39,1,41
107,57,1,40
107,37,1,53
107,5,0,74
107,34,1,59
107,70,1,25
107,61,1,44
107,64,1,57
107,68,1,20
107,58,1,38
107,65,0,53
107,68,0,38
107,41,1,30
107,9,0,44
107,19,1,34
107,33,1,28
107,34,0,64
107,41,0,31
107,39,1,54
107,25,1,74
107,24,1,48
107,20,0,41
107,51,0,42
107,17,1,68
107,54,0,58
107,57,0,63
107,59,1,31
107,28,0,29
107,31,1,35
107,65,1,53
107,63,1,16
107,11,1,33
107,38,0,33
107,45,0,49
107,35,1,57
107,7,1,52
107,6,0,57
107,34,0,65
107,28,0,54
107,68,1,23
107,28,1,37
107,22,1,49
107,35,1,41
107,63,0,27
107,41,0,45
107,7,0,61
107,9,1,40
107,68,0,61
108,11,0,65
108,49,0,8
108,22,0,77
108,1,0,88
108,70,0,40
108,6,1,65
108,38,0,45
108,39,1,17
108,32,0,85
108,2,0,76
108,41,0,46
108,2,0,28
108,4,1,67
108,66,0,63
108,48,0,101
108,0,0,75
108,45,0,71
108,39,1,31
108,12,1,64
108,38,0,72
108,69,0,23
108,35,0,39
108,53,1,49
108,54,0,46
108,19,0,42
108,50,0,54
108,45,0,37
108,53,0,66
108,6,0,52
108,33,0,27
108,70,0,83
108,69,1,81
108,36,0,49
108,27,0,77
108,5,0,54
108,29,0,35
108,29,1,44
108,70,0,80
108,55,1,67
108,38,0,67
108,64,0,51
108,51,0,55
108,23,0,60
108,8,1,58
108,22,0,50
108,9,0,61
108,34,1,64
108,49,0,5
108,9,0,58
108,64,0,85
108,13,0,36
108,46,0,85
108,64,0,52
108,22,1,48
108,42,0,65
108,57,0,72
108,57,0,69
108,13,0,68
108,27,1,72
108,1,0,47
108,12,0,47
108,66,0,60
108,66,1,64
108,70,0,16
108,54,0,63
108,5,0,61
108,67,0,32
108,41,0,131
108,15,0,60
108,69,0,60
108,70,0,82
108,42,0,59
109,29,1,25
109,43,1,34
109,25,1,30
109,28,1,44
109,33,1,19
109,61,1,30
109,9,1,38
109,23,1,5
109,14,1,13
109,34,1,38
109,65,1,32
109,53,1,39
109,7,1,20
109,66,0,21
109,14,0,32
109,71,1,36
109,6,1,23
109,68,1,30
109,58,1,16
109,71,1,20
109,7,1,29
109,3,1,53
109,28,1,15
109,66,1,32
109,22,1,43
109,48,1,24
109,24,0,41
109,47,1,29
109,46,1,39
109,35,1,28
109,29,1,20
109,8,1,33
109,46,1,31
109,6,1,5
109,40,0,44
109,39,1,28
109,19,1,36
109,17,1,47
109,50,0,42
109,17,0,28
109,52,1,27
109,64,0,29
109,52,0,27
109,36,1,33
109,60,1,22
109,66,1,29
109,10,0,29
109,9,0,13
109,6,0,34
109,33,1,35
109,59,1,29
109,30,1,18
109,12,0,38
109,1,1,21
109,29,1,42
109,41,1,35
109,66,0,19
109,8,0,26
109,53,0,11
109,51,1,38
109,1,0,34
109,17,0,37
109,23,1,37
109,36,1,31
109,57,1,33
109,68,0,32
109,46,1,25
109,45,1,41
109,70,0,33
109,8,1,30
109,69,1,50
109,15,0,49
110,31,1,5
110,13,0,47
110,43,0,26
110,69,0,26
110,7,0,31
110,49,1,27
110,65,0,18
110,52,0,23
110,38,0,28
110,66,1,26
110,31,0,22
110,18,0,19
110,46,1,14
110,38,1,24
110,56,1,31
110,69,1,36
110,27,0,26
110,4,0,28
110,0,0,22
110,66,1,8
110,29,1,11
110,29,1,16
110,16,0,17
110,32,0,28
110,69,0,23
110,66,0,41
110,56,1,14
110,39,1,8
110,21,0,37
110,57,1,35
110,49,1,19
110,42,1,25
110,63,0,29
110,19,1,31
110,36,0,30
110,16,1,26
110,16,0,34
110,21,1,21
110,70,1,28
110,57,0,21
110,44,1,26
110,50,0,28
110,26,0,35
110,38,0,23
110,47,0,45
110,21,1,43
110,60,0,55
110,57,1,23
110,36,0,29
110,15,0,28
110,41,1,17
110,59,1,30
110,59,0,29
110,25,1,30
110,19,0,24
110,0,0,15
110,35,0,35
110,45,0,15
110,48,1,17
110,52,1,24
110,43,0,25
110,62,0,14
110,0,0,10
110,56,0,25
110,10,1,24
110,1,1,16
110,67,0,24
110,48,0,31
110,53,0,21
110,36,1,18
110,40,0,46
110,14,0,21
111,32,0,60
111,19,0,68
111,11,1,80
111,40,0,94
111,21,0,21
111,67,0,13
111,61,0,92
111,25,1,76
111,6,1,59
111,66,1,17
111,34,1,59
111,46,1,43
111,41,0,46
111,24,0,62
111,71,0,70
111,5,0,35
111,28,1,86
111,12,0,61
111,43,1,65
111,18,1,41
111,42,0,97
111,65,0,51
111,28,0,5
111,61,0,67
111,49,1,61
111,61,0,66
111,26,0,47
111,15,1,55
111,57,0,58
111,41,0,59
111,69,0,62
111,0,0,35
111,37,0,50
111,3,0,78
111,3,1,44
111,40,0,16
111,16,0,29
111,70,0,46
111,36,1,49
111,37,0,69
111,17,0,91
111,38,0,71
111,46,1,66
111,61,0,87
111,22,0,44
111,64,0,29
111,41,0,70
111,42,1,56
111,33,0,47
111,44,0,62
111,45,0,58
111,38,0,54
111,14,1,11
111,17,0,54
111,48,0,42
111,28,0,44
111,27,1,49
111,35,1,36
111,69,0,60
111,37,0,70
111,52,0,49
111,25,1,90
111,7,0,72
111,1,0,23
111,49,0,88
111,52,0,56
111,38,0,78
111,21,0,71
111,24,0,66
111,61,0,33
111,71,1,86
111,51,1,64
112,15,1,22
112,34,0,38
112,11,1,34
112,29,1,45
112,43,1,45
112,31,1,49
112,48,0,44
112,0,0,30
112,62,0,72
112,25,0,60
112,58,1,48
112,24,0,71
112,28,0,53
112,27,1,26
112,20,0,20
112,61,1,34
112,60,0,15
112,35,1,5
112,18,0,59
112,3,1,48
112,50,0,23
112,5,0,41
112,46,1,28
112,0,0,51
112,34,1,51
112,57,0,60
112,6,1,33
112,8,0,58
112,34,0,48
112,28,1,78
112,2,0,57
112,49,1,45
112,13,0,46
112,3,1,29
112,0,1,62
112,33,0,45
112,70,0,37
112,30,1,53
112,61,0,69
112,52,1,42
112,33,0,32
112,24,0,32
112,66,0,46
112,21,1,32
112,36,1,44
112,57,0,57
112,34,0,20
112,70,1,47
112,40,0,35
112,59,1,72
112,54,0,49
112,60,1,64
112,56,0,46
112,12,0,48
112,42,0,13
112,0,0,43
112,41,0,58
112,54,0,35
112,4,0,35
112,70,0,24
112,63,1,40
112,0,0,45
112,32,0,36
112,23,0,65
112,25,1,48
112,16,1,60
112,63,1,34
112,32,0,31
112,31,0,58
112,8,1,57
112,29,0,35
112,34,0,66
113,16,0,96
113,61,0,42
113,62,0,37
113,8,1,79
113,41,1,74
113,11,0,47
113,30,0,93
113,23,0,54
113,49,0,47
113,67,0,35
113,60,0,49
113,59,1,51
113,65,0,55
113,28,0,49
113,13,0,54
113,61,0,80
113,38,0,70
113,36,1,104
113,70,0,98
113,29,0,87
113,14,1,32
113,65,1,36
113,1,1,34
113,0,1,65
113,29,0,71
113,12,0,37
113,12,0,91
113,3,1,52
113,70,0,60
113,69,0,17
113,63,0,80
113,68,0,55
113,27,0,63
113,35,0,24
113,19,1,43
113,37,0,53
113,41,0,59
113,10,0,59
113,30,1,46
113,22,1,45
113,23,0,35
113,58,0,18
113,55,1,65
113,42,0,63
113,15,0,66
113,64,1,47
113,44,0,34
113,34,1,59
113,55,1,78
113,56,0,72
113,57,0,61
113,37,0,75
113,16,0,57
113,1,0,11
113,42,0,69
113,57,1,81
113,59,1,52
113,71,1,45
113,60,0,59
113,41,0,49
113,65,1,86
113,47,0,31
113,29,0,59
113,17,0,33
113,43,1,131
113,22,0,74
113,1,0,103
113,46,1,49
113,49,0,32
113,29,1,29
113,26,1,48
113,4,0,79
114,4,1,17
114,34,1,22
114,23,1,54
114,67,0,57
114,9,1,33
114,37,1,36
114,56,0,20
114,1,0,47
114,53,0,49
114,71,0,36
114,3,1,43
114,51,1,20
114,45,1,47
114,40,0,37
114,51,0,28
114,66,1,49
114,9,0,52
114,67,0,53
114,17,1,39
114,19,0,59
114,5,1,27
114,69,1,55
114,11,0,77
114,47,1,24
114,19,1,81
114,57,0,23
114,47,0,48
114,12,1,45
114,64,1,43
114,67,0,62
114,9,0,26
114,70,0,50
114,65,1,25
114,63,1,59
114,66,0,19
114,57,0,38
114,49,0,45
114,1,0,49
114,68,0,35
114,32,1,29
114,43,1,59
114,10,0,28
114,34,1,28
114,36,1,37
114,69,0,34
114,15,1,34
114,9,0,45
114,60,0,38
114,11,0,59
114,50,1,50
114,9,0,54
114,68,0,29
114,49,0,28
114,6,0,73
114,4,0,27
114,55,1,37
114,39,1,16
114,20,0,43
114,5,0,23
114,2,1,45
114,17,1,19
114,46,1,33
114,27,1,49
114,35,1,15
114,28,0,32
114,0,1,38
114,62,0,20
114,40,0,36
114,20,1,45
114,17,0,66
114,15,1,32
114,44,0,37
115,52,0,9
115,64,1,45
115,7,0,49
115,42,1,57
115,50,0,27
115,7,1,33
115,15,0,67
115,6,1,20
115,61,1,80
115,64,1,39
115,32,0,46
115,34,0,23
115,64,0,32
115,40,0,42
115,21,0,57
115,42,0,61
115,50,0,74
115,9,1,42
115,38,0,60
115,29,0,65
115,13,0,52
115,60,0,40
115,19,0,46
115,48,0,40
115,60,0,52
115,43,1,40
115,31,0,54
115,53,0,62
115,9,0,60
115,20,1,31
115,62,1,23
115,52,1,36
115,63,0,65
115,45,1,36
115,18,1,38
115,2,0,59
115,31,1,19
115,5,0,73
115,66,1,49
115,49,0,50
115,45,1,34
115,49,0,28
115,37,1,49
115,40,0,60
115,62,1,67
115,43,1,48
115,67,1,46
115,50,1,33
115,45,1,42
115,60,0,21
115,41,1,5
115,42,0,44
115,63,0,17
115,53,0,72
115,5,0,48
115,11,1,57
115,34,0,32
115,47,1,29
115,35,0,71
115,66,1,39
115,0,0,59
115,27,0,51
115,49,0,51
115,5,1,33
115,42,0,38
115,41,1,37
115,54,0,49
115,1,0,27
115,6,1,49
115,60,0,32
115,40,0,37
115,12,1,40
116,3,0,61
116,29,0,28
116,48,1,31
116,15,0,45
116,9,0,18
116,71,0,37
116,18,1,23
116,71,1,34
116,28,1,32
116,2,0,37
116,7,0,39
116,58,0,34
116,64,1,37
116,67,1,14
116,20,1,25
116,20,1,45
116,16,0,54
116,45,0,57
116,36,1,38
116,13,1,34
116,37,1,61
116,40,0,26
116,12,0,19
116,3,1,30
116,41,0,31
116,19,1,53
116,28,0,23
116,9,0,34
116,47,1,38
116,66,1,51
116,2,0,21
116,68,1,39
116,29,1,27
116,25,0,42
116,45,1,32
116,48,0,43
116,61,1,30
116,24,1,28
116,29,0,46
116,30,0,56
116,69,0,41
116,52,0,55
116,54,0,38
116,22,1,56
116,37,1,35
116,39,0,20
116,55,0,26
116,30,0,30
116,27,1,39
116,49,1,46
116,26,1,47
116,47,1,35
116,70,1,30
116,67,1,52
116,70,0,39
116,22,0,41
116,35,1,52
116,30,0,5
116,35,1,56
116,27,1,48
116,66,1,15
116,6,1,50
116,15,1,69
116,63,0,65
116,21,1,44
116,55,1,42
116,64,1,51
116,70,1,52
116,10,1,40
116,15,0,56
116,54,0,22
116,15,0,30
117,41,1,44
117,49,1,27
117,22,0,30
117,35,0,20
117,54,0,33
117,34,1,24
117,4,1,37
117,38,1,27
117,16,0,11
117,50,1,9
117,8,0,10
117,1,1,39
117,65,0,5
117,66,1,21
117,49,0,24
117,62,1,34
117,42,0,44
117,52,0,24
117,9,0,18
117,69,1,23
117,14,0,18
117,68,1,10
117,37,0,33
117,35,1,26
117,30,1,20
117,41,0,23
117,23,1,26
117,53,0,13
117,63,0,26
117,60,0,8
117,16,0,26
117,32,1,22
117,25,1,17
117,50,1,29
117,32,1,8
117,44,0,15
117,16,0,12
117,16,0,19
117,44,1,25
117,23,1,32
117,32,0,22
117,66,0,40
117,21,1,33
117,34,0,30
117,18,0,29
117,36,1,39
117,1,1,35
117,67,1,12
117,14,0,36
117,3,0,6
117,2,0,5
117,18,1,43
117,25,0,27
117,69,0,32
117,52,1,33
117,19,0,16
117,44,1,35
117,3,0,35
117,38,0,16
117,28,0,22
117,47,0,16
117,35,0,23
117,25,1,31
117,56,0,43
117,0,0,16
117,44,1,35
117,46,1,18
117,21,0,28
117,23,0,39
117,25,1,15
117,6,0,26
117,66,1,33
118,17,1,33
118,34,1,28
118,30,1,46
118,44,0,36
118,44,1,23
118,70,0,21
118,43,1,49
118,49,1,41
118,39,1,14
118,36,1,42
118,11,1,28
118,67,0,16
118,58,0,36
118,39,0,11
118,20,1,12
118,30,1,49
118,49,1,7
118,23,1,40
118,14,1,32
118,40,0,35
118,65,1,24
118,57,1,16
118,61,1,31
118,63,0,40
118,21,1,17
118,58,1,40
118,49,1,54
118,11,1,28
118,27,1,37
118,33,1,5
118,56,0,42
118,27,1,36
118,10,1,26
118,65,1,29
118,23,1,52
118,9,0,10
118,37,1,37
118,13,1,13
118,12,0,20
118,38,0,29
118,29,0,46
118,50,0,41
118,8,1,31
118,53,0,30
118,18,1,30
118,47,1,42
118,43,0,27
118,34,1,5
118,59,1,32
118,35,1,31
118,15,0,39
118,69,0,42
118,51,1,22
118,30,1,45
118,56,1,38
118,32,0,44
118,26,1,25
118,28,1,32
118,65,1,38
118,65,1,30
118,4,1,27
118,14,1,40
118,0,1,21
118,0,1,35
118,52,0,28
118,0,0,34
118,22,1,29
118,56,0,36
118,0,0,33
118,41,1,15
118,44,1,27
118,52,1,34
119,0,1,17
119,10,1,29
119,14,1,24
119,69,0,55
119,53,0,23
119,17,1,29
119,54,1,21
119,58,1,20
119,37,1,28
119,25,1,21
119,4,1,9
119,58,0,25
119,23,1,37
119,14,1,36
119,15,0,30
119,70,1,29
119,49,1,17
119,5,0,10
119,5,0,32
119,55,1,22
119,2,0,9
119,28,0,5
119,9,0,25
119,5,1,29
119,37,1,5
119,49,1,21
119,45,1,13
119,35,1,18
119,68,1,38
119,22,1,14
119,41,1,36
119,1,0,25
119,57,1,34
119,45,1,32
119,41,0,16
119,25,1,34
119,4,0,15
119,58,1,20
119,45,1,16
119,11,0,22
119,17,1,20
119,46,1,19
119,40,0,23
119,31,0,13
119,3,0,28
119,40,0,27
119,50,0,10
119,71,0,11
119,10,1,15
119,32,0,21
119,34,1,32
119,24,0,19
119,37,1,28
119,57,1,9
119,36,1,41
119,37,1,28
119,8,0,24
119,7,0,43
119,56,0,27
119,54,1,35
119,59,1,10
119,70,0,21
119,19,1,25
119,61,0,20
119,16,1,32
119,27,0,14
119,20,0,45
119,21,1,5
119,57,0,33
119,69,1,23
119,61,1,44
119,45,1,15
120,33,1,27
120,60,0,7
120,8,1,21
120,34,0,19
120,54,1,25
120,57,1,44
120,51,1,22
120,70,1,23
120,14,0,12
120,3,0,36
120,15,0,25
120,69,1,28
120,61,1,38
120,52,0,33
120,69,0,44
120,56,0,27
120,27,1,23
120,32,1,24
120,64,1,21
120,63,1,30
120,34,1,25
120,22,1,28
120,17,0,23
120,54,1,27
120,23,1,26
120,57,1,5
120,63,0,21
120,28,1,22
120,31,1,38
120,33,1,33
120,33,1,40
120,34,1,23
120,14,0,11
120,59,1,11
120,30,1,26
120,21,1,22
120,59,1,5
120,2,0,19
120,71,1,31
120,11,0,24
120,42,0,8
120,64,0,24
120,31,0,32
120,58,1,21
120,13,1,11
120,70,1,20
120,2,0,31
120,0,0,20
120,33,1,35
120,0,1,27
120,67,1,23
120,60,0,13
120,29,0,22
120,29,1,51
120,33,0,14
120,20,0,23
120,68,0,37
120,45,1,25
120,45,1,16
120,12,1,37
120,33,1,35
120,44,1,31
120,15,0,23
120,49,0,20
120,42,1,42
120,1,1,13
120,46,0,41
120,54,1,28
120,33,0,19
120,45,1,32
120,21,0,7
120,28,0,25
121,18,0,39
121,20,1,32
121,25,0,29
121,68,1,35
121,5,1,36
121,10,1,34
121,13,0,20
121,69,1,17
121,47,0,33
121,16,0,32
121,50,1,52
121,62,0,30
121,63,0,39
121,18,1,33
121,29,1,32
121,25,1,14
121,13,0,35
121,45,1,19
121,71,0,26
121,44,0,19
121,46,1,34
121,56,1,25
121,34,0,19
121,20,1,23
121,57,1,38
121,31,1,21
121,9,0,31
121,36,1,19
121,64,1,34
121,9,1,21
121,34,0,28
121,8,1,31
121,48,1,31
121,21,1,20
121,32,1,34
121,34,1,33
121,14,1,18
121,27,0,26
121,5,1,34
121,23,1,30
121,46,1,28
121,9,0,21
121,68,1,42
121,54,1,26
121,19,1,33
121,56,0,35
121,18,1,23
121,39,1,28
121,66,1,30
121,21,1,35
121,3,1,19
121,31,1,13
121,38,1,22
121,70,1,28
121,19,1,35
121,9,1,23
121,43,1,45
121,13,0,32
121,1,1,14
121,57,0,36
121,3,1,44
121,70,0,37
121,36,1,27
121,35,1,34
121,21,1,31
121,60,1,39
121,12,1,28
121,51,1,44
121,56,1,44
121,5,1,24
121,22,1,37
121,67,0,36
122,25,1,27
122,65,1,16
122,43,1,32
122,18,0,31
122,6,0,33
122,4,0,15
122,1,1,18
122,37,1,37
122,9,0,25
122,66,1,39
122,24,1,19
122,6,0,18
122,29,1,36
122,7,1,32
122,65,1,23
122,68,1,14
122,33,1,5
122,25,1,17
122,67,1,23
122,27,1,30
122,33,1,33
122,6,0,19
122,15,0,27
122,3,1,23
122,41,1,33
122,6,0,9
122,50,0,20
122,16,0,16
122,65,1,29
122,65,0,33
122,32,0,20
122,34,0,37
122,69,1,31
122,16,1,21
122,36,1,33
122,30,0,18
122,22,1,27
122,55,1,25
122,37,0,16
122,37,0,13
122,59,1,21
122,66,1,25
122,45,0,39
122,26,1,25
122,56,0,16
122,60,0,19
122,1,1,35
122,57,0,31
122,28,1,16
122,47,1,11
122,62,0,16
122,35,1,16
122,52,1,27
122,46,0,29
122,9,0,19
122,58,0,24
122,22,1,32
122,25,1,17
122,43,0,44
122,64,1,25
122,22,1,44
122,48,1,17
122,40,1,21
122,40,0,19
122,4,1,13
122,37,0,24
122,51,1,29
122,44,1,5
122,66,0,10
122,52,0,18
122,12,1,21
122,4,1,23
123,14,0,57
123,40,0,72
123,70,0,53
123,41,0,40
123,67,1,64
123,22,0,37
123,53,0,40
123,4,0,53
123,55,1,90
123,68,0,56
123,33,0,79
123,4,1,82
123,15,0,55
123,8,0,91
123,40,0,5
123,44,0,79
123,68,0,73
123,36,0,31
123,47,0,67
123,45,1,61
123,29,0,58
123,63,0,53
123,48,0,52
123,47,1,55
123,22,0,72
123,55,0,47
123,35,0,20
123,3,0,61
123,43,0,84
123,35,1,44
123,31,0,90
123,44,0,24
123,52,0,73
123,66,1,69
123,46,0,52
123,21,0,64
123,6,0,33
123,19,1,96
123,38,1,41
123,56,0,63
123,34,0,94
123,16,0,26
123,60,1,56
123,41,0,82
123,55,1,75
123,54,0,48
123,46,0,89
123,43,1,20
123,22,0,49
123,31,0,71
123,28,1,42
123,18,0,45
123,54,0,48
123,53,1,28
123,54,1,60
123,40,1,71
123,30,1,5
123,65,1,63
123,1,0,58
123,0,1,68
123,21,1,55
123,57,1,56
123,52,0,47
123,9,1,71
123,27,0,87
123,6,1,48
123,53,0,74
123,32,0,49
123,0,0,58
123,71,1,69
123,62,1,34
123,17,0,49
124,38,1,38
124,50,0,22
124,62,0,12
124,36,1,29
124,45,1,17
124,7,0,29
124,10,1,21
124,66,0,32
124,56,0,12
124,65,1,28
124,33,0,30
124,34,0,10
124,41,1,30
124,8,0,28
124,18,1,38
124,26,0,28
124,30,1,13
124,21,0,27
124,1,0,32
124,57,1,13
124,9,0,51
124,24,0,21
124,27,1,12
124,30,0,21
124,53,0,29
124,31,0,30
124,0,0,13
124,39,1,44
124,12,0,34
124,21,1,8
124,44,1,17
124,30,1,22
124,53,1,11
124,45,0,15
124,12,0,18
124,38,0,32
124,13,0,43
124,22,0,29
124,3,0,35
124,23,1,9
124,5,1,8
124,66,1,32
124,19,0,9
124,1,1,9
124,16,0,22
124,58,1,36
124,44,0,32
124,32,0,14
124,31,0,23
124,52,0,40
124,63,0,20
124,56,0,15
124,64,1,28
124,52,1,22
124,35,1,13
124,9,0,19
124,13,0,40
124,71,1,19
124,10,0,30
124,67,0,12
124,41,0,37
124,65,1,24
124,9,0,36
124,48,0,8
124,63,0,27
124,34,0,31
124,50,1,45
124,39,1,5
124,37,1,20
124,37,1,52
124,9,0,30
124,60,1,18
125,1,0,47
125,30,1,55
125,45,1,34
125,38,1,54
125,35,1,41
125,64,0,42
125,40,0,27
125,47,1,41
125,52,0,15
125,62,1,56
125,20,1,49
125,71,0,41
125,56,1,51
125,6,1,26
125,30,0,35
125,48,1,69
125,23,0,37
125,38,0,38
125,42,0,53
125,70,0,49
125,27,1,49
125,54,0,56
125,33,0,27
125,60,0,5
125,47,1,32
125,28,1,34
125,16,0,18
125,65,0,54
125,30,0,33
125,6,1,43
125,65,1,24
125,61,1,48
125,1,0,32
125,65,1,27
125,65,0,26
125,48,0,31
125,26,1,41
125,54,0,46
125,3,0,54
125,44,1,33
125,46,1,46
125,35,1,15
125,11,1,10
125,67,0,44
125,30,0,42
125,54,1,38
125,63,0,58
125,36,0,34
125,7,0,59
125,26,1,49
125,45,0,33
125,50,0,37
125,9,1,15
125,21,0,61
125,7,1,44
125,8,0,31
125,48,0,20
125,21,1,20
125,1,1,23
125,59,0,43
125,69,0,71
125,71,1,23
125,43,1,49
125,28,1,62
125,69,0,29
125,60,1,45
125,14,0,39
125,34,1,42
125,43,1,59
125,16,0,5
125,46,0,41
125,54,0,58
126,51,1,29
126,9,1,44
126,14,1,26
126,26,1,30
126,19,1,41
126,38,1,30
126,21,0,24
126,0,0,14
126,22,1,12
126,30,1,22
126,20,1,43
126,2,0,45
126,15,1,17
126,53,0,41
126,53,0,19
126,62,0,23
126,54,0,40
126,10,1,22
126,56,0,24
126,41,1,19
126,32,1,32
126,53,0,32
126,9,0,29
126,35,1,26
126,47,1,35
126,41,0,12
126,9,0,21
126,71,1,16
126,55,1,32
126,51,1,35
126,53,1,36
126,5,1,18
126,10,0,33
126,69,0,15
126,10,1,28
126,47,1,28
126,47,1,35
126,17,1,34
126,12,0,31
126,15,0,24
126,14,1,37
126,70,1,26
126,13,1,17
126,33,0,36
126,44,1,43
126,14,1,47
126,13,0,35
126,42,1,21
126,35,1,37
126,55,1,24
126,64,1,23
126,38,0,24
126,28,1,15
126,70,1,27
126,16,1,24
126,21,0,23
126,3,1,17
126,30,1,21
126,23,0,15
126,70,0,35
126,42,1,39
126,66,1,22
126,33,0,12
126,20,1,24
126,25,1,10
126,13,0,37
126,62,0,23
126,50,1,35
126,26,1,33
126,7,1,34
126,5,0,16
126,43,0,34
127,23,1,47
127,33,0,40
127,47,0,51
127,62,1,43
127,35,1,67
127,42,0,19
127,60,0,43
127,49,1,58
127,68,1,48
127,62,1,37
127,48,1,35
127,34,0,39
127,20,1,50
127,54,0,20
127,24,0,47
127,48,0,53
127,18,0,54
127,55,1,41
127,32,0,48
127,3,1,55
127,70,1,68
127,21,0,38
127,71,1,56
127,45,1,48
127,20,0,50
127,25,1,54
127,32,0,53
127,68,1,43
127,41,1,29
127,61,1,54
127,19,1,47
127,46,1,52
127,46,1,34
127,21,1,48
127,24,0,54
127,45,1,23
127,10,0,74
127,1,1,55
127,65,1,58
127,60,1,45
127,23,1,37
127,42,0,60
127,36,0,72
127,12,1,54
127,69,0,34
127,68,1,47
127,43,0,43
127,40,1,67
127,67,0,43
127,67,0,62
127,12,0,48
127,71,0,32
127,52,0,69
127,41,1,50
127,68,1,31
127,43,1,54
127,44,0,8
127,56,1,40
127,69,1,46
127,52,0,28
127,19,0,22
127,69,0,32
127,28,1,63
127,63,1,27
127,42,0,14
127,10,1,26
127,24,0,78
127,49,0,35
127,16,1,39
127,46,1,67
127,14,1,58
127,51,0,35
128,67,0,68
128,12,1,51
128,63,0,34
128,24,0,26
128,57,0,24
128,70,1,32
128,17,1,43
128,9,0,22
128,47,1,36
128,17,1,46
128,18,1,53
128,16,1,52
128,0,0,18
128,54,0,50
128,59,1,33
128,55,1,50
128,29,1,37
128,65,1,35
128,35,1,47
128,8,0,33
128,63,1,32
128,13,0,43
128,47,1,53
128,15,0,16
128,64,1,46
128,25,1,46
128,55,0,37
128,35,1,50
128,9,1,59
128,6,1,48
128,38,1,42
128,30,1,37
128,71,1,49
128,47,1,66
128,52,1,47
128,9,0,23
128,52,1,57
128,59,1,28
128,53,1,31
128,1,1,52
128,38,1,36
128,44,0,26
128,28,0,24
128,11,0,19
128,59,1,28
128,7,0,32
128,24,0,45
128,35,1,51
128,64,0,14
128,49,1,60
128,2,1,45
128,49,0,58
128,38,1,52
128,19,1,55
128,1,1,40
128,52,0,36
128,12,0,66
128,21,1,31
128,36,1,45
128,37,1,30
128,59,1,35
128,32,1,45
128,38,0,46
128,22,1,33
128,31,1,48
128,0,0,5
128,11,1,55
128,38,0,45
128,4,1,50
128,44,1,39
128,58,0,39
128,14,1,74
129,71,1,19
129,2,0,39
129,23,1,41
129,61,1,17
129,29,1,28
129,28,1,38
129,41,1,24
129,46,0,32
129,9,0,24
129,25,1,25
129,25,1,33
129,20,0,37
129,29,1,27
129,42,0,35
129,8,1,10
129,70,1,35
129,62,1,34
129,35,0,34
129,29,1,27
129,18,1,23
129,20,0,15
129,8,1,30
129,49,1,9
129,31,1,19
129,47,1,26
129,20,0,42
129,42,1,37
129,41,1,35
129,64,0,31
129,65,1,18
129,49,1,23
129,48,0,30
129,3,0,21
129,13,0,18
129,13,0,36
129,52,0,5
129,48,0,16
129,35,1,8
129,63,0,35
129,33,1,20
129,44,1,39
129,37,0,27
129,14,1,28
129,11,0,33
129,21,0,18
129,71,1,16
129,23,0,26
129,68,0,41
129,29,0,19
129,53,1,28
129,39,1,32
129,43,1,16
129,33,1,39
129,51,0,30
129,18,1,50
129,2,1,10
129,57,1,18
129,22,1,33
129,39,1,30
129,5,1,9
129,11,1,16
129,28,1,11
129,33,1,11
129,44,0,6
129,46,1,13
129,55,0,38
129,6,1,26
129,48,0,40
129,37,0,18
129,44,1,29
129,28,0,10
129,63,0,15
130,32,0,21
130,19,1,54
130,8,0,44
130,28,0,42
130,46,1,30
130,58,0,33
130,32,1,41
130,47,1,24
130,28,1,30
130,63,1,43
130,39,0,12
130,63,0,42
130,15,0,42
130,8,1,36
130,65,0,24
130,2,1,19
130,27,1,38
130,24,0,51
130,68,0,46
130,67,0,45
130,9,0,31
130,54,0,40
130,71,0,41
130,54,0,43
130,56,0,29
130,16,0,45
130,54,0,36
130,63,1,54
130,18,1,30
130,61,0,44
130,13,1,36
130,29,0,39
130,22,1,12
130,8,1,47
130,64,1,48
130,66,0,51
130,69,1,42
130,67,1,7
130,17,0,57
130,12,0,58
130,21,1,40
130,35,0,20
130,11,0,26
130,7,0,26
130,50,0,7
130,35,1,53
130,0,0,31
130,33,0,18
130,27,0,49
130,17,0,80
130,32,1,51
130,47,1,29
130,20,1,5
130,20,1,38
130,46,1,45
130,26,1,44
130,35,1,48
130,31,1,20
130,33,0,57
130,20,1,28
130,51,0,53
130,28,1,45
130,48,1,16
130,12,0,48
130,13,0,56
130,24,0,52
130,26,0,35
130,57,1,72
130,30,1,44
130,50,1,32
130,36,1,22
130,35,1,65
131,31,1,13
131,11,1,26
131,9,0,42
131,11,0,9
131,25,1,51
131,60,0,27
131,47,1,20
131,70,1,33
131,0,0,37
131,29,1,23
131,19,0,32
131,41,0,26
131,20,0,40
131,47,0,28
131,71,1,31
131,44,1,27
131,47,1,35
131,69,1,50
131,11,0,29
131,22,1,25
131,20,1,27
131,34,1,36
131,29,1,29
131,32,0,35
131,42,0,37
131,55,1,21
131,7,0,29
131,4,1,22
131,2,0,43
131,23,1,25
131,59,1,18
131,23,1,35
131,39,1,22
131,20,1,17
131,47,1,37
131,14,1,54
131,7,1,20
131,56,0,51
131,4,0,25
131,17,1,32
131,43,1,31
131,30,0,29
131,9,1,16
131,54,0,32
131,47,1,32
131,61,0,29
131,21,0,25
131,50,0,38
131,22,1,29
131,10,0,32
131,42,0,20
131,68,1,27
131,23,0,36
131,15,0,39
131,34,1,32
131,47,0,28
131,29,1,44
131,34,1,24
131,17,1,36
131,48,0,18
131,44,0,34
131,66,0,24
131,11,1,26
131,4,1,37
131,23,1,46
131,21,1,20
131,42,0,22
131,55,0,36
131,16,1,34
131,8,1,8
131,1,1,47
131,59,1,30
132,43,1,64
132,49,0,28
132,70,1,31
132,22,1,45
132,59,1,64
132,66,0,49
132,64,1,17
132,43,1,47
132,40,1,77
132,70,1,59
132,20,1,34
132,11,1,57
132,24,1,25
132,58,0,60
132,0,0,33
132,55,0,51
132,61,1,46
132,14,0,45
132,35,1,22
132,24,1,40
132,59,1,53
132,58,0,19
132,48,0,15
132,18,1,50
132,66,1,52
132,40,0,42
132,40,0,61
132,22,0,14
132,51,1,63
132,5,1,50
132,51,0,37
132,58,1,59
132,41,0,64
132,61,1,19
132,70,1,33
132,25,0,37
132,67,0,45
132,59,1,34
132,24,0,38
132,21,1,62
132,39,0,30
132,4,1,61
132,0,0,23
132,13,0,42
132,27,1,57
132,34,1,13
132,12,1,32
132,23,1,50
132,24,0,52
132,41,1,36
132,59,0,54
132,61,0,70
132,13,0,60
132,1,0,44
132,60,0,17
132,43,1,63
132,8,1,28
132,35,1,42
132,65,0,49
132,15,0,36
132,55,1,43
132,23,1,20
132,19,1,60
132,58,0,47
132,12,0,50
132,70,1,37
132,67,0,36
132,43,1,43
132,37,0,36
132,48,1,60
132,22,1,45
132,70,0,42
133,2,0,27
133,20,1,20
133,52,0,50
133,56,0,41
133,40,0,10
133,18,1,31
133,4,1,29
133,45,1,18
133,69,1,32
133,56,1,38
133,40,0,33
133,3,1,46
133,6,1,42
133,71,1,29
133,3,1,25
133,9,1,27
133,1,1,49
133,35,1,37
133,25,1,23
133,40,1,30
133,31,1,12
133,66,1,31
133,14,1,24
133,28,1,12
133,31,1,16
133,0,1,44
133,44,1,29
133,40,0,30
133,22,0,21
133,50,1,36
133,21,1,20
133,8,1,24
133,38,1,26
133,24,0,25
133,39,1,15
133,54,1,31
133,49,1,10
133,61,1,27
133,69,1,33
133,24,0,49
133,25,0,42
133,34,1,49
133,29,1,18
133,15,1,28
133,15,0,28
133,54,1,41
133,43,1,19
133,69,1,11
133,30,1,8
133,11,1,19
133,44,1,14
133,44,1,27
133,28,1,35
133,11,1,21
133,48,1,30
133,38,1,22
133,1,0,17
133,22,1,23
133,58,0,38
133,70,1,14
133,40,1,42
133,36,1,27
133,29,1,29
133,69,1,48
133,23,1,10
133,24,0,42
133,2,1,20
133,47,1,21
133,42,1,35
133,11,1,38
133,27,1,46
133,25,1,24
134,3,1,10
134,66,0,8
134,59,0,26
134,26,0,38
134,2,1,34
134,48,1,18
134,53,0,21
134,24,0,14
134,0,0,21
134,67,0,31
134,50,1,17
134,13,1,31
134,66,0,43
134,0,0,11
134,48,0,29
134,46,1,8
134,40,1,31
134,58,1,17
134,38,1,26
134,31,0,18
134,50,1,16
134,70,0,12
134,29,1,21
134,33,0,11
134,14,1,22
134,34,1,18
134,9,0,18
134,29,1,36
134,37,1,30
134,14,1,22
134,51,0,23
134,34,0,38
134,49,0,28
134,4,0,10
134,70,1,27
134,50,1,42
134,6,1,30
134,33,0,14
134,35,0,23
134,2,0,22
134,49,1,16
134,29,0,13
134,57,1,12
134,54,1,32
134,25,1,36
134,8,1,11
134,71,1,29
134,1,1,21
134,10,0,29
134,25,1,28
134,42,0,23
134,47,0,36
134,44,0,46
134,36,1,27
134,56,1,40
134,48,1,27
134,16,1,21
134,60,0,27
134,9,1,35
134,57,0,21
134,63,1,7
134,20,1,49
134,59,1,16
134,37,1,26
134,22,1,13
134,59,1,44
134,33,0,13
134,1,0,51
134,26,1,30
134,17,0,15
134,32,0,18
134,9,1,13
135,42,1,8
135,37,0,36
135,34,1,13
135,27,1,28
135,20,0,28
135,21,0,29
135,66,0,27
135,1,1,30
135,68,1,32
135,26,1,36
135,29,1,23
135,21,1,20
135,63,1,29
135,70,1,17
135,35,1,30
135,71,1,19
135,14,0,22
135,12,0,23
135,0,1,31
135,43,1,17
135,36,1,37
135,35,1,34
135,38,0,9
135,47,0,21
135,16,1,25
135,18,0,35
135,26,1,30
135,14,1,37
135,61,1,16
135,33,1,28
135,19,1,37
135,49,0,22
135,65,1,26
135,25,1,27
135,60,0,19
135,42,0,30
135,56,0,28
135,68,1,22
135,63,0,23
135,46,1,43
135,33,1,25
135,51,1,31
135,27,1,16
135,31,0,16
135,58,0,40
135,62,1,25
135,30,0,10
135,11,1,33
135,50,1,14
135,57,1,12
135,49,0,33
135,61,0,20
135,10,0,24
135,67,0,33
135,56,0,25
135,43,0,17
135,59,0,21
135,46,0,31
135,33,1,27
135,2,1,32
135,18,0,7
135,55,1,17
135,42,1,26
135,23,0,22
135,39,1,20
135,44,0,17
135,18,1,5
135,62,0,24
135,36,1,5
135,20,0,16
135,50,0,29
135,48,1,32
136,37,1,25
136,71,0,46
136,54,0,61
136,41,1,29
136,11,1,50
136,13,0,34
136,19,1,59
136,26,1,46
136,32,0,47
136,58,1,30
136,22,0,25
136,13,0,70
136,54,0,55
136,41,0,38
136,44,1,58
136,48,1,53
136,45,1,55
136,44,1,69
136,63,0,46
136,39,1,34
136,69,0,59
136,34,0,34
136,20,1,23
136,2,1,52
136,39,1,56
136,6,0,64
136,17,0,60
136,57,1,16
136,50,1,57
136,7,1,65
136,39,1,45
136,61,0,65
136,25,0,52
136,54,0,57
136,17,1,25
136,19,1,52
136,42,0,23
136,12,0,38
136,63,1,48
136,5,0,41
136,11,1,15
136,36,0,46
136,19,1,47
136,58,0,34
136,55,1,78
136,67,0,47
136,56,0,44
136,49,0,31
136,25,1,69
136,27,1,58
136,2,0,26
136,37,1,56
136,47,0,47
136,14,1,43
136,43,1,38
136,0,1,38
136,16,0,21
136,13,0,46
136,36,1,63
136,0,0,67
136,3,0,41
136,34,0,47
136,49,0,60
136,48,0,52
136,14,1,38
136,70,1,36
136,4,0,33
136,33,1,48
136,52,0,24
136,60,0,28
136,3,0,42
136,12,1,61
137,18,1,21
137,35,1,30
137,63,0,41
137,30,1,46
137,39,1,40
137,33,1,28
137,24,1,30
137,9,0,29
137,57,0,31
137,19,1,22
137,29,0,28
137,25,1,27
137,56,0,45
137,42,0,38
137,29,1,32
137,59,1,36
137,64,1,36
137,48,1,26
137,25,1,17
137,3,1,22
137,62,1,32
137,50,0,19
137,22,1,39
137,62,1,36
137,37,1,23
137,52,1,29
137,37,1,31
137,36,1,45
137,30,1,30
137,30,0,21
137,14,1,14
137,48,0,30
137,39,1,11
137,25,1,37
137,22,1,32
137,15,1,23
137,40,1,30
137,22,1,29
137,20,0,20
137,34,1,50
137,53,1,15
137,33,1,20
137,29,0,33
137,41,1,37
137,50,1,36
137,26,1,37
137,37,1,35
137,65,1,28
137,35,1,26
137,66,1,29
137,31,0,20
137,34,1,23
137,68,1,42
137,65,1,22
137,49,1,16
137,6,0,42
137,18,1,46
137,46,1,9
137,8,1,37
137,52,1,12
137,2,1,39
137,25,1,29
137,61,1,25
137,14,1,46
137,0,1,42
137,31,1,42
137,31,1,29
137,42,1,30
137,36,1,16
137,67,1,10
137,19,1,32
137,71,1,27
138,32,0,17
138,1,1,43
138,57,1,23
138,22,1,53
138,13,0,50
138,62,1,49
138,29,1,48
138,41,1,66
138,61,0,56
138,6,1,39
138,29,1,64
138,31,0,45
138,2,1,5
138,34,1,52
138,4,0,43
138,64,1,58
138,48,1,39
138,18,1,37
138,44,1,27
138,24,0,55
138,70,1,46
138,25,1,43
138,53,1,33
138,49,1,40
138,62,0,63
138,48,1,51
138,30,0,37
138,50,0,36
138,68,1,46
138,16,0,60
138,55,1,45
138,19,0,61
138,29,1,47
138,70,1,47
138,3,1,37
138,52,1,42
138,50,0,47
138,9,0,17
138,59,0,58
138,10,0,58
138,3,0,55
138,55,1,23
138,19,0,48
138,43,1,55
138,39,1,72
138,56,1,61
138,1,1,43
138,29,1,34
138,58,1,57
138,0,0,56
138,40,0,44
138,14,1,61
138,44,1,48
138,2,1,37
138,25,1,48
138,63,0,37
138,49,0,77
138,48,1,50
138,45,0,39
138,50,1,48
138,40,1,65
138,45,1,46
138,48,1,33
138,65,1,48
138,9,1,47
138,25,1,52
138,35,1,47
138,54,0,40
138,0,0,35
138,47,0,61
138,70,1,6
138,20,0,53
139,23,0,59
139,23,0,42
139,12,1,24
139,14,0,48
139,2,0,45
139,33,0,43
139,14,0,46
139,62,0,37
139,27,1,55
139,12,0,49
139,71,1,37
139,27,0,78
139,5,1,21
139,24,0,43
139,16,0,47
139,35,1,22
139,6,1,56
139,43,0,39
139,71,0,49
139,33,0,67
139,63,0,68
139,68,0,53
139,21,0,45
139,53,0,46
139,49,0,59
139,3,1,29
139,13,0,25
139,30,1,60
139,5,1,54
139,61,1,49
139,20,0,39
139,41,1,50
139,7,0,23
139,61,0,65
139,39,0,35
139,49,0,23
139,58,1,34
139,42,1,49
139,31,0,42
139,66,0,35
139,13,0,34
139,28,1,52
139,27,1,46
139,24,0,25
139,8,1,42
139,66,0,48
139,30,1,59
139,65,1,50
139,21,1,37
139,14,0,15
139,11,1,50
139,37,1,28
139,65,0,32
139,4,0,19
139,61,0,34
139,46,1,67
139,17,1,22
139,12,1,10
139,4,1,32
139,50,1,46
139,53,0,5
139,47,0,46
139,69,0,43
139,6,1,78
139,1,1,40
139,36,1,56
139,18,0,51
139,42,0,30
139,52,1,28
139,71,0,53
139,14,0,11
139,48,1,66
140,58,0,30
140,67,0,28
140,58,0,44
140,30,1,23
140,30,1,38
140,34,1,35
140,23,1,22
140,50,0,30
140,46,1,39
140,59,1,25
140,57,1,25
140,18,1,43
140,45,0,15
140,1,1,22
140,5,1,42
140,29,1,35
140,38,1,37
140,54,1,24
140,11,1,62
140,16,1,24
140,61,0,31
140,8,1,5
140,21,1,20
140,46,1,29
140,5,0,38
140,7,0,31
140,34,1,40
140,57,1,19
140,13,1,19
140,17,1,37
140,61,0,46
140,15,1,21
140,20,0,35
140,49,0,29
140,27,1,24
140,44,1,39
140,11,1,31
140,28,0,27
140,16,1,27
140,44,0,27
140,70,0,24
140,42,0,28
140,40,1,30
140,1,0,25
140,10,1,37
140,29,1,29
140,55,1,25
140,13,1,35
140,11,1,22
140,21,1,32
140,66,1,18
140,12,0,33
140,31,1,39
140,23,1,49
140,70,1,28
140,15,1,30
140,34,0,32
140,64,1,37
140,5,1,23
140,63,0,35
140,41,0,10
140,14,1,35
140,34,1,42
140,0,1,25
140,0,1,22
140,71,1,38
140,58,1,22
140,49,1,14
140,4,1,34
140,32,1,35
140,27,1,25
140,71,1,46
141,9,0,75
141,7,0,40
141,29,0,60
141,48,0,44
141,66,0,76
141,4,0,42
141,42,0,10
141,43,0,75
141,37,0,50
141,59,0,29
141,52,0,38
141,25,0,19
141,1,0,60
141,7,0,78
141,48,0,60
141,45,0,86
141,15,0,43
141,21,0,54
141,22,0,76
141,10,0,105
141,34,1,38
141,41,1,35
141,47,0,60
141,57,0,45
141,0,0,86
141,48,0,57
141,27,0,123
141,28,0,86
141,26,1,29
141,59,1,54
141,68,0,68
141,42,0,40
141,38,0,80
141,46,0,41
141,27,0,61
141,68,0,74
141,62,0,49
141,69,0,26
141,29,0,69
141,70,0,85
141,68,0,75
141,62,0,71
141,39,0,65
141,18,0,37
141,64,0,82
141,30,0,35
141,18,0,48
141,30,0,61
141,65,0,57
141,67,1,62
141,7,0,34
141,27,0,39
141,19,0,55
141,51,0,58
141,66,0,97
141,12,0,61
141,56,0,98
141,14,0,11
141,18,0,40
141,68,1,86
141,11,0,64
141,70,0,68
141,29,0,66
141,17,0,88
141,28,0,49
141,66,0,71
141,18,1,50
141,23,0,35
141,18,0,58
141,21,0,73
141,23,0,52
141,64,0,61
142,62,1,5
142,69,1,23
142,11,1,17
142,36,0,24
142,68,0,31
142,17,0,36
142,42,1,20
142,51,1,30
142,26,1,5
142,11,1,19
142,42,0,33
142,25,0,19
142,27,1,30
142,43,0,17
142,24,0,10
142,21,0,28
142,35,1,18
142,9,1,27
142,59,1,17
142,69,1,26
142,46,1,17
142,28,1,33
142,17,1,25
142,30,1,6
142,67,0,30
142,43,1,20
142,27,1,37
142,61,1,24
142,3,1,22
142,68,0,17
142,16,1,28
142,32,1,30
142,37,1,18
142,48,1,20
142,17,1,33
142,31,0,15
142,53,0,16
142,55,1,22
142,13,1,15
142,46,1,29
142,35,1,25
142,48,0,27
142,12,1,25
142,64,1,19
142,29,1,16
142,62,1,37
142,69,0,22
142,10,0,19
142,11,1,22
142,6,1,7
142,52,1,39
142,45,1,38
142,2,1,16
142,39,1,13
142,39,1,36
142,40,0,39
142,46,1,26
142,15,0,29
142,59,0,7
142,9,0,25
142,25,0,19
142,13,1,23
142,19,1,19
142,69,0,15
142,21,1,24
142,62,1,25
142,18,0,11
142,63,0,27
142,54,1,31
142,49,1,40
142,58,0,20
142,53,0,23
143,24,0,19
143,50,1,17
143,17,1,14
143,35,1,31
143,6,1,41
143,27,1,41
143,35,1,29
143,66,1,23
143,55,1,52
143,40,0,33
143,23,1,37
143,56,0,35
143,18,1,34
143,57,1,38
143,65,1,29
143,33,1,37
143,36,1,14
143,14,0,27
143,55,1,31
143,62,1,32
143,61,1,34
143,55,1,34
143,43,1,36
143,53,0,26
143,54,1,22
143,22,0,30
143,34,0,25
143,2,0,34
143,34,0,35
143,13,1,18
143,22,1,13
143,33,1,35
143,12,0,30
143,12,0,21
143,70,0,30
143,63,1,24
143,25,1,17
143,33,1,41
143,2,0,44
143,6,1,44
143,63,1,28
143,2,1,26
143,6,1,40
143,14,1,17
143,25,1,43
143,2,0,12
143,46,1,34
143,43,1,31
143,44,1,46
143,68,1,23
143,25,1,29
143,4,1,41
143,65,1,21
143,26,0,34
143,26,1,20
143,46,1,39
143,3,1,36
143,19,1,37
143,43,0,16
143,25,1,38
143,53,1,45
143,24,0,30
143,43,1,38
143,55,1,37
143,20,0,25
143,25,1,25
143,65,1,25
143,45,1,37
143,60,1,22
143,46,1,26
143,38,0,25
143,2,0,31
144,7,1,21
144,19,0,37
144,15,0,22
144,52,0,27
144,30,0,30
144,7,1,22
144,19,1,10
144,28,1,8
144,52,1,40
144,52,1,32
144,24,0,7
144,32,0,22
144,3,1,34
144,70,1,9
144,47,1,10
144,25,1,5
144,4,0,23
144,66,0,35
144,24,0,30
144,67,0,30
144,7,0,47
144,55,0,5
144,6,1,13
144,65,0,19
144,16,0,25
144,50,1,21
144,54,1,18
144,19,1,16
144,66,0,23
144,27,0,29
144,65,1,18
144,16,1,30
144,64,0,43
144,33,0,20
144,42,0,32
144,50,1,13
144,19,1,23
144,54,0,24
144,50,1,31
144,29,0,22
144,25,1,32
144,8,0,5
144,43,1,23
144,67,1,9
144,68,0,33
144,41,1,21
144,71,1,21
144,31,1,47
144,2,0,16
144,38,1,24
144,41,0,21
144,30,1,24
144,62,0,21
144,20,0,19
144,22,1,19
144,26,1,20
144,16,1,48
144,67,0,27
144,42,1,27
144,40,0,27
144,19,1,23
144,14,1,24
144,15,1,22
144,65,0,28
144,66,1,16
144,22,1,31
144,52,1,28
144,65,1,39
144,31,0,22
144,3,0,15
144,61,0,39
144,40,1,31
145,61,1,22
145,41,1,31
145,9,1,33
145,33,1,38
145,55,1,34
145,50,1,47
145,37,1,29
145,67,1,31
145,39,1,33
145,59,1,29
145,33,1,60
145,65,0,28
145,63,0,30
145,70,1,35
145,46,1,19
145,67,0,36
145,43,1,31
145,64,1,25
145,41,0,29
145,27,0,44
145,40,1,40
145,24,1,25
145,59,1,13
145,10,1,34
145,66,1,5
145,42,0,46
145,6,1,49
145,57,1,5
145,3,1,39
145,34,1,23
145,65,1,30
145,54,1,24
145,41,1,36
145,50,1,27
145,68,1,12
145,17,1,29
145,48,1,30
145,7,1,34
145,47,0,43
145,31,1,35
145,58,0,15
145,48,1,28
145,30,1,35
145,11,1,24
145,46,1,39
145,10,1,24
145,47,1,33
145,55,1,18
145,51,1,24
145,13,1,20
145,50,1,31
145,20,0,34
145,42,0,38
145,21,1,23
145,27,1,23
145,31,1,45
145,51,1,18
145,64,1,10
145,3,1,20
145,6,0,27
145,1,1,34
145,65,1,36
145,35,1,19
145,2,0,31
145,14,0,47
145,56,1,28
145,26,1,38
145,52,0,29
145,70,1,27
145,64,1,24
145,49,0,42
145,24,1,18
146,40,1,16
146,63,0,15
146,63,0,23
146,57,0,32
146,49,1,26
146,26,0,18
146,47,0,16
146,44,0,26
146,2,0,25
146,4,1,21
146,34,1,19
146,45,1,23
146,36,1,10
146,70,0,45
146,25,1,21
146,41,0,45
146,10,0,9
146,15,1,28
146,66,1,22
146,27,1,43
146,67,1,19
146,1,0,9
146,64,1,37
146,44,1,31
146,10,0,33
146,32,0,29
146,26,0,36
146,44,0,33
146,45,0,13
146,26,1,33
146,43,1,40
146,62,0,23
146,39,1,40
146,61,0,24
146,62,1,42
146,21,0,28
146,1,1,13
146,17,0,19
146,15,0,44
146,62,1,19
146,10,0,18
146,1,1,37
146,14,0,11
146,65,1,18
146,6,1,26
146,66,0,33
146,50,1,20
146,0,0,37
146,46,1,18
146,16,0,25
146,45,0,28
146,19,0,15
146,6,0,22
146,58,0,33
146,17,1,19
146,52,0,22
146,37,0,39
146,9,1,20
146,19,0,15
146,50,0,28
146,20,0,25
146,40,1,12
146,37,1,30
146,69,0,8
146,20,1,13
146,16,0,26
146,60,0,41
146,21,0,11
146,16,0,32
146,30,1,19
146,2,0,12
146,37,1,29
147,23,1,17
147,21,1,22
147,4,1,22
147,59,1,41
147,39,1,49
147,52,0,39
147,5,0,42
147,65,1,29
147,59,1,24
147,16,1,26
147,54,1,26
147,9,0,22
147,54,0,24
147,30,1,36
147,47,1,21
147,4,0,36
147,28,1,24
147,33,0,19
147,11,1,22
147,62,1,13
147,54,0,35
147,37,1,9
147,21,1,36
147,43,1,46
147,52,1,18
147,25,0,38
147,57,1,47
147,20,0,39
147,39,1,23
147,28,1,9
147,29,1,24
147,17,1,18
147,25,1,49
147,47,1,25
147,16,1,34
147,4,1,24
147,66,1,40
147,19,1,15
147,5,1,24
147,28,1,49
147,18,1,29
147,48,1,33
147,40,0,22
147,19,1,34
147,57,1,27
147,14,1,29
147,11,1,31
147,28,1,14
147,63,1,49
147,67,1,41
147,43,1,38
147,65,1,23
147,4,1,7
147,39,0,32
147,48,1,39
147,41,0,35
147,26,1,19
147,32,1,39
147,13,0,40
147,62,1,24
147,32,0,40
147,35,1,31
147,14,1,27
147,7,1,38
147,53,1,20
147,59,1,39
147,12,1,29
147,3,1,47
147,23,1,31
147,51,1,31
147,70,1,31
147,30,0,44
148,24,0,36
148,54,0,19
148,62,1,15
148,0,0,44
148,33,1,43
148,24,0,36
148,71,1,45
148,27,1,48
148,63,1,50
148,18,1,39
148,42,1,41
148,48,1,81
148,42,1,41
148,60,1,39
148,22,0,48
148,36,1,49
148,26,0,54
148,42,1,46
148,38,1,17
148,64,0,50
148,62,0,19
148,42,1,5
148,0,0,66
148,21,0,52
148,12,1,31
148,33,1,45
148,35,1,45
148,67,1,55
148,20,0,7
148,24,0,25
148,64,0,30
148,63,0,72
148,35,1,69
148,54,1,42
148,6,1,42
148,7,1,24
148,24,0,36
148,33,1,53
148,49,1,47
148,66,1,25
148,17,0,31
148,38,0,38
148,39,1,18
148,5,1,30
148,15,0,35
148,50,1,19
148,18,0,55
148,18,0,30
148,3,1,84
148,28,1,22
148,70,0,30
148,17,0,47
148,13,0,9
148,59,0,44
148,14,0,61
148,37,0,43
148,10,1,8
148,16,1,54
148,1,1,45
148,11,1,55
148,14,1,31
148,48,1,32
148,9,0,31
148,47,1,20
148,25,1,33
148,51,0,36
148,15,0,32
148,63,0,39
148,39,0,49
148,8,1,51
148,8,1,12
148,65,0,33
149,9,0,33
149,38,0,40
149,24,0,63
149,59,0,38
149,26,0,44
149,47,1,57
149,21,1,39
149,32,0,66
149,46,1,55
149,48,0,32
149,25,0,67
149,34,0,70
149,28,0,52
149,46,1,45
149,25,1,57
149,26,1,47
149,39,1,58
149,30,1,33
149,56,1,40
149,49,0,62
149,62,1,52
149,66,1,71
149,47,0,30
149,67,0,61
149,29,0,44
149,61,0,47
149,18,0,25
149,4,0,40
149,52,0,47
149,42,0,35
149,26,0,30
149,60,0,67
149,19,1,40
149,0,0,16
149,54,1,20
149,46,1,44
149,49,1,90
149,33,0,64
149,38,0,69
149,52,0,53
149,31,1,41
149,44,0,38
149,52,0,34
149,71,0,34
149,1,0,52
149,3,0,37
149,43,1,40
149,50,1,38
149,9,0,76
149,64,0,46
149,35,1,53
149,53,0,51
149,18,0,69
149,17,0,42
149,18,1,50
149,15,1,43
149,3,1,39
149,24,0,36
149,21,1,13
149,42,0,21
149,15,1,59
149,34,0,54
149,23,1,54
149,8,0,47
149,43,1,49
149,52,0,39
149,39,1,62
149,56,0,66
149,70,1,45
149,51,1,51
149,71,0,44
149,6,0,53
150,37,1,52
150,24,0,28
150,18,1,31
150,29,1,19
150,4,1,39
150,65,0,6
150,11,0,45
150,9,0,24
150,27,1,47
150,33,0,38
150,17,1,51
150,1,0,24
150,65,1,35
150,33,1,22
150,3,0,31
150,18,0,53
150,64,1,52
150,67,1,47
150,22,0,20
150,28,1,50
150,47,1,32
150,26,1,65
150,33,0,56
150,17,1,55
150,30,0,23
150,3,1,69
150,31,0,48
150,37,1,38
150,16,1,50
150,21,0,10
150,42,1,22
150,31,0,36
150,59,1,64
150,35,0,33
150,11,1,55
150,50,0,42
150,15,0,62
150,3,1,69
150,48,1,33
150,67,0,54
150,47,1,24
150,68,0,36
150,61,1,28
150,14,0,45
150,38,0,27
150,69,1,33
150,56,0,46
150,26,1,46
150,16,0,13
150,35,1,42
150,21,0,36
150,11,1,67
150,13,0,31
150,41,1,40
150,46,1,45
150,2,0,35
150,10,0,24
150,55,0,18
150,51,0,30
150,48,1,51
150,31,0,34
150,8,0,18
150,45,1,49
150,29,1,22
150,29,0,64
150,24,0,49
150,58,0,43
150,66,0,51
150,20,1,58
150,35,0,56
150,13,0,29
150,50,0,61
151,1,1,16
151,62,1,18
151,37,1,41
151,19,1,33
151,4,0,39
151,44,1,21
151,5,1,21
151,34,1,35
151,28,1,43
151,63,1,24
151,57,1,15
151,44,0,28
151,42,1,29
151,6,0,13
151,16,1,32
151,16,1,37
151,34,1,26
151,38,1,18
151,18,1,30
151,9,1,29
151,24,0,39
151,31,1,27
151,57,1,19
151,68,1,5
151,33,1,33
151,0,1,31
151,42,1,40
151,32,1,27
151,32,1,10
151,47,1,23
151,7,1,29
151,18,1,24
151,57,1,25
151,59,1,20
151,3,1,26
151,62,1,14
151,14,1,24
151,60,0,17
151,63,1,34
151,2,1,35
151,42,0,33
151,48,1,28
151,46,1,39
151,69,1,22
151,0,1,28
151,36,1,9
151,38,1,45
151,25,1,41
151,28,1,22
151,68,1,21
151,23,1,36
151,41,1,16
151,51,0,33
151,37,1,23
151,31,1,40
151,70,1,25
151,14,1,35
151,47,1,29
151,17,1,30
151,29,1,41
151,59,1,39
151,27,1,20
151,46,1,40
151,43,1,42
151,57,1,42
151,36,1,30
151,39,1,34
151,55,1,33
151,3,1,30
151,19,1,19
151,68,1,40
151,45,1,20
152,7,0,33
152,2,0,62
152,1,1,50
152,44,1,49
152,10,1,66
152,59,1,47
152,71,1,20
152,54,1,62
152,70,0,60
152,55,1,55
152,20,0,31
152,1,0,48
152,67,0,54
152,23,1,55
152,64,1,16
152,65,0,55
152,64,0,43
152,31,0,57
152,37,1,33
152,0,1,26
152,53,1,58
152,60,1,22
152,46,0,40
152,1,1,41
152,63,1,42
152,23,1,59
152,25,0,69
152,24,1,35
152,20,0,23
152,31,1,17
152,70,1,38
152,21,1,57
152,34,1,49
152,12,0,62
152,16,1,62
152,10,0,45
152,49,1,51
152,24,0,63
152,51,1,36
152,63,1,27
152,46,1,26
152,10,0,54
152,33,0,45
152,4,1,32
152,66,1,37
152,46,1,47
152,56,0,58
152,3,1,43
152,66,1,50
152,8,1,48
152,47,1,36
152,2,1,25
152,33,0,32
152,46,1,46
152,58,1,41
152,70,0,45
152,67,0,34
152,25,1,29
152,36,1,42
152,28,1,71
152,16,1,62
152,10,0,28
152,65,0,66
152,63,0,40
152,66,0,49
152,26,1,60
152,9,0,29
152,63,1,45
152,44,0,34
152,30,1,46
152,43,1,51
152,38,0,29
153,70,0,71
153,21,1,31
153,15,0,29
153,40,0,26
153,67,1,56
153,4,1,58
153,62,0,37
153,66,1,23
153,12,1,35
153,48,1,19
153,49,1,28
153,44,0,47
153,17,1,37
153,14,1,35
153,50,0,44
153,61,0,49
153,7,0,35
153,55,1,57
153,42,1,47
153,36,1,35
153,57,1,47
153,22,1,74
153,43,1,32
153,9,1,36
153,65,0,46
153,54,1,55
153,50,1,37
153,64,1,26
153,29,0,54
153,30,0,43
153,35,0,22
153,69,1,24
153,69,0,64
153,43,1,37
153,65,0,30
153,40,1,43
153,3,1,29
153,60,0,58
153,46,1,41
153,71,0,33
153,65,1,46
153,54,0,40
153,33,1,66
153,59,1,42
153,29,1,44
153,22,0,71
153,9,1,35
153,46,0,45
153,2,0,34
153,40,1,35
153,37,1,30
153,59,1,25
153,18,0,27
153,36,1,44
153,51,0,32
153,27,0,48
153,30,0,48
153,8,0,35
153,59,1,31
153,57,1,54
153,30,0,33
153,45,1,30
153,3,0,26
153,7,0,15
153,28,1,26
153,41,0,41
153,11,0,28
153,10,1,32
153,59,0,30
153,66,1,32
153,9,0,26
153,8,1,24
154,68,0,44
154,33,1,45
154,59,0,59
154,4,1,67
154,14,1,64
154,49,0,23
154,63,0,40
154,32,0,39
154,62,0,70
154,4,0,59
154,66,0,58
154,61,0,53
154,31,1,97
154,38,0,33
154,18,0,52
154,34,1,70
154,58,0,83
154,57,1,57
154,18,0,31
154,57,0,82
154,22,1,53
154,63,0,84
154,23,0,36
154,15,0,115
154,38,0,56
154,47,1,39
154,51,1,51
154,61,0,40
154,47,0,61
154,54,0,67
154,56,0,57
154,4,0,93
154,21,0,61
154,6,0,93
154,65,0,59
154,60,0,88
154,50,0,55
154,16,0,63
154,41,0,46
154,47,1,40
154,51,1,68
154,29,0,35
154,30,0,54
154,42,0,47
154,19,0,54
154,51,0,76
154,69,0,62
154,35,1,38
154,37,1,61
154,4,1,66
154,43,0,45
154,10,0,66
154,23,0,114
154,46,1,50
154,60,0,77
154,13,1,69
154,43,1,91
154,33,0,53
154,7,1,36
154,0,0,47
154,20,0,87
154,59,0,45
154,18,0,61
154,27,0,64
154,2,0,44
154,2,0,35
154,10,0,22
154,7,0,92
154,20,0,78
154,57,0,48
154,42,0,90
154,15,0,41
155,9,0,34
155,64,1,20
155,13,0,27
155,6,1,6
155,47,1,79
155,14,0,57
155,40,0,66
155,32,1,41
155,63,0,57
155,2,1,53
155,41,0,57
155,58,0,54
155,13,1,56
155,41,0,19
155,8,0,54
155,0,1,65
155,41,0,55
155,6,0,31
155,41,1,41
155,66,0,26
155,59,1,40
155,48,0,85
155,27,1,41
155,70,0,77
155,30,1,52
155,45,0,56
155,52,0,52
155,19,1,34
155,42,1,58
155,45,1,37
155,68,1,29
155,47,1,54
155,0,0,35
155,17,1,46
155,10,0,68
155,58,1,33
155,58,1,54
155,44,1,46
155,24,0,43
155,5,1,40
155,11,1,59
155,59,1,21
155,2,1,34
155,39,1,42
155,27,0,37
155,57,0,40
155,71,1,78
155,6,1,54
155,21,1,38
155,9,0,27
155,21,0,32
155,42,1,46
155,47,1,57
155,25,0,26
155,6,0,63
155,25,0,28
155,31,1,58
155,38,1,52
155,34,1,22
155,66,1,23
155,12,1,54
155,2,0,56
155,36,1,53
155,22,1,42
155,44,1,65
155,66,1,60
155,39,1,28
155,31,0,42
155,23,0,39
155,4,1,16
155,24,0,79
155,32,0,47
156,29,0,25
156,24,1,24
156,50,0,37
156,62,1,30
156,27,0,14
156,43,0,23
156,24,1,28
156,47,1,23
156,43,0,13
156,58,0,9
156,33,1,12
156,46,0,36
156,18,0,11
156,35,1,24
156,31,0,18
156,24,1,31
156,39,1,34
156,9,1,22
156,37,0,34
156,27,1,31
156,65,0,44
156,12,1,32
156,18,1,33
156,54,0,37
156,60,0,48
156,3,1,48
156,7,0,13
156,3,0,35
156,36,0,41
156,48,0,12
156,30,1,22
156,57,0,28
156,8,1,10
156,43,0,32
156,21,1,12
156,42,0,6
156,29,1,38
156,12,0,12
156,16,1,21
156,43,1,27
156,4,0,36
156,66,1,31
156,3,1,20
156,27,1,30
156,33,1,41
156,11,0,57
156,68,1,19
156,6,1,22
156,34,0,22
156,67,1,23
156,30,1,27
156,62,0,13
156,71,0,23
156,15,1,24
156,8,0,24
156,2,0,31
156,64,0,31
156,65,1,11
156,59,1,23
156,16,1,25
156,46,1,12
156,68,1,29
156,50,1,23
156,37,0,30
156,5,1,33
156,54,1,26
156,19,0,13
156,37,1,25
156,68,1,17
156,34,1,33
156,10,0,16
156,45,1,27
157,27,1,32
157,14,0,41
157,46,0,24
157,18,1,21
157,21,0,52
157,36,0,53
157,60,0,35
157,37,1,47
157,42,0,31
157,11,1,41
157,47,1,60
157,36,0,40
157,44,1,28
157,9,0,23
157,71,1,34
157,37,0,29
157,14,0,18
157,59,1,21
157,43,1,42
157,70,0,36
157,31,1,34
157,2,0,49
157,24,0,39
157,57,1,27
157,15,0,25
157,42,0,53
157,24,0,35
157,21,1,51
157,23,1,47
157,37,0,26
157,39,0,61
157,21,1,64
157,37,1,37
157,61,0,33
157,38,0,31
157,48,0,40
157,67,0,31
157,11,0,37
157,18,1,49
157,48,1,26
157,12,1,57
157,15,1,31
157,51,0,60
157,9,0,45
157,51,1,35
157,52,0,54
157,46,1,43
157,10,0,54
157,64,1,59
157,51,0,45
157,40,1,35
157,34,1,57
157,58,1,35
157,40,0,63
157,0,1,24
157,7,0,43
157,27,1,33
157,59,1,71
157,0,0,53
157,64,0,17
157,1,0,63
157,69,0,62
157,60,0,40
157,55,1,39
157,13,0,80
157,12,1,42
157,16,0,64
157,57,0,34
157,6,1,59
157,7,0,16
157,11,0,42
157,57,0,55
158,23,0,62
158,65,1,50
158,28,1,51
158,48,0,27
158,62,1,58
158,62,1,44
158,13,1,55
158,27,1,53
158,5,1,52
158,46,0,64
158,23,0,27
158,54,0,40
158,48,1,33
158,58,1,67
158,53,1,42
158,24,1,30
158,51,0,28
158,10,1,57
158,6,0,54
158,52,0,59
158,67,0,37
158,51,1,58
158,20,0,48
158,32,0,22
158,40,0,46
158,6,1,52
158,62,0,60
158,14,0,44
158,46,1,52
158,56,0,31
158,46,1,83
158,71,1,53
158,59,1,23
158,29,1,40
158,24,0,56
158,15,1,59
158,46,1,51
158,34,1,56
158,8,1,41
158,63,0,35
158,41,1,57
158,65,1,51
158,21,1,42
158,1,1,53
158,35,0,40
158,33,0,42
158,16,0,45
158,30,1,40
158,1,0,37
158,24,1,41
158,64,1,46
158,31,0,31
158,35,1,37
158,65,1,13
158,1,1,46
158,46,0,42
158,11,0,17
158,0,1,41
158,67,0,72
158,33,0,31
158,19,1,40
158,41,0,59
158,52,0,43
158,20,0,35
158,30,0,53
158,29,0,56
158,26,1,22
158,13,0,36
158,64,1,51
158,48,0,67
158,11,0,28
158,65,0,36
159,40,1,16
159,46,1,25
159,58,1,38
159,38,1,33
159,42,0,7
159,42,1,27
159,58,0,25
159,7,0,29
159,68,1,8
159,4,0,41
159,23,1,8
159,18,1,32
159,65,1,40
159,25,1,20
159,21,1,15
159,34,1,19
159,19,0,19
159,31,0,33
159,37,0,13
159,60,0,26
159,69,1,25
159,64,1,12
159,17,0,14
159,6,0,10
159,17,0,13
159,26,0,37
159,5,1,33
159,44,0,36
159,67,1,30
159,67,0,19
159,37,1,33
159,69,1,23
159,54,0,24
159,59,1,24
159,62,1,28
159,61,1,41
159,22,1,15
159,64,0,35
159,13,1,34
159,63,0,37
159,17,0,28
159,13,1,22
159,70,1,31
159,1,1,40
159,8,0,19
159,43,0,15
159,18,1,34
159,14,0,39
159,43,1,18
159,20,1,8
159,45,1,21
159,2,1,31
159,13,0,48
159,29,0,27
159,59,1,7
159,42,0,13
159,53,0,32
159,27,0,24
159,64,0,17
159,67,1,7
159,11,1,28
159,8,1,18
159,62,1,25
159,64,0,18
159,42,0,27
159,61,0,27
159,58,1,21
159,46,1,33
159,8,1,26
159,0,0,39
159,58,0,22
159,60,1,7
160,14,1,34
160,51,1,25
160,35,0,62
160,65,1,55
160,64,1,40
160,42,0,56
160,28,1,29
160,28,1,31
160,13,0,36
160,66,1,48
160,3,1,31
160,52,0,65
160,4,1,52
160,18,1,45
160,60,0,57
160,65,1,30
160,5,1,46
160,44,1,26
160,39,0,34
160,10,0,23
160,34,0,50
160,53,1,7
160,43,0,40
160,51,1,28
160,34,1,29
160,25,1,15
160,3,0,34
160,48,1,27
160,9,0,42
160,49,0,46
160,19,1,17
160,62,1,61
160,8,0,19
160,70,1,13
160,68,0,52
160,9,1,45
160,18,1,47
160,54,0,28
160,12,0,45
160,29,1,26
160,61,1,22
160,16,1,39
160,1,0,27
160,65,1,43
160,2,1,40
160,44,1,52
160,4,1,21
160,15,1,72
160,28,1,42
160,13,0,62
160,35,1,50
160,24,1,31
160,8,1,25
160,37,0,47
160,30,1,29
160,62,1,30
160,23,1,41
160,19,1,38
160,54,1,12
160,30,0,46
160,8,1,55
160,16,1,41
160,67,1,15
160,43,0,59
160,16,0,46
160,33,1,28
160,58,1,45
160,8,1,28
160,38,1,45
160,58,0,46
160,27,1,37
160,57,1,34
161,41,0,68
161,13,0,74
161,58,0,43
161,68,0,63
161,35,0,53
161,25,0,87
161,8,0,73
161,0,0,20
161,34,0,59
161,12,0,71
161,58,0,57
161,68,0,80
161,0,0,74
161,16,0,51
161,38,0,72
161,8,0,61
161,38,0,84
161,39,1,21
161,33,0,58
161,24,0,73
161,42,1,44
161,9,0,67
161,67,0,87
161,24,0,78
161,6,0,61
161,51,0,49
161,70,0,19
161,42,0,41
161,32,0,33
161,63,1,69
161,5,0,53
161,9,0,59
161,51,1,58
161,26,0,48
161,12,1,84
161,8,0,67
161,14,1,68
161,57,1,30
161,56,0,66
161,45,0,64
161,6,1,59
161,45,0,50
161,40,0,77
161,59,1,61
161,30,0,27
161,40,0,55
161,13,0,51
161,71,0,64
161,42,0,29
161,16,0,68
161,33,0,63
161,46,1,58
161,30,1,19
161,32,1,60
161,14,0,27
161,63,0,48
161,24,0,39
161,54,0,72
161,69,0,84
161,29,1,56
161,11,1,71
161,30,0,71
161,35,1,82
161,9,1,5
161,66,1,30
161,5,0,37
161,56,0,56
161,4,1,59
161,5,0,65
161,48,1,70
161,20,0,63
161,64,0,75
162,31,0,38
162,29,1,48
162,64,1,26
162,33,1,20
162,46,1,40
162,33,1,32
162,33,0,59
162,60,1,51
162,23,0,46
162,21,1,18
162,2,0,17
162,5,0,45
162,50,1,40
162,61,1,25
162,57,1,37
162,8,1,32
162,20,1,31
162,53,0,26
162,19,1,40
162,66,1,51
162,38,1,39
162,2,0,44
162,37,0,32
162,11,1,37
162,61,0,51
162,23,0,27
162,63,1,41
162,34,0,16
162,56,1,45
162,25,0,36
162,1,0,67
162,58,1,23
162,0,0,23
162,70,1,45
162,59,1,41
162,17,0,19
162,48,1,23
162,70,0,20
162,66,1,45
162,51,0,64
162,61,0,37
162,39,1,35
162,52,0,54
162,4,0,32
162,24,0,48
162,45,1,63
162,0,0,59
162,62,1,21
162,7,1,22
162,34,1,18
162,29,0,29
162,34,0,32
162,48,0,41
162,8,1,29
162,18,1,44
162,24,0,27
162,55,0,15
162,21,1,62
162,24,0,37
162,56,1,42
162,49,1,29
162,55,1,17
162,31,1,39
162,36,1,47
162,71,0,30
162,20,1,44
162,5,1,50
162,21,0,51
162,15,1,29
162,41,1,47
162,68,0,53
162,58,0,44
163,71,0,19
163,54,0,38
163,9,0,26
163,24,0,34
163,18,1,21
163,68,0,31
163,38,1,32
163,18,0,20
163,61,0,13
163,15,0,18
163,7,0,28
163,28,1,25
163,30,0,24
163,17,0,8
163,41,1,13
163,0,1,27
163,58,0,32
163,30,1,15
163,62,1,17
163,66,1,20
163,60,0,13
163,20,1,19
163,47,0,25
163,15,0,25
163,61,1,21
163,27,1,28
163,34,0,28
163,33,1,28
163,39,1,16
163,50,1,10
163,9,1,22
163,4,0,9
163,13,0,16
163,23,0,32
163,56,1,41
163,53,1,36
163,45,1,25
163,25,1,35
163,68,1,21
163,16,0,21
163,11,0,19
163,14,1,28
163,38,0,26
163,3,0,28
163,50,1,33
163,43,0,5
163,58,1,23
163,57,0,37
163,6,1,17
163,31,1,24
163,5,1,32
163,25,1,33
163,6,0,28
163,19,1,25
163,59,0,53
163,54,1,13
163,47,0,14
163,63,1,18
163,58,0,14
163,1,0,18
163,9,1,15
163,54,1,16
163,20,0,43
163,1,0,27
163,65,1,22
163,13,1,20
163,5,0,36
163,56,1,17
163,30,1,28
163,54,0,32
163,20,0,37
163,13,0,39
164,61,0,44
164,39,1,46
164,57,1,15
164,6,0,17
164,20,0,24
164,17,0,8
164,44,1,33
164,65,0,19
164,48,1,10
164,63,1,28
164,70,1,22
164,31,1,20
164,57,0,21
164,11,1,23
164,55,1,15
164,16,1,5
164,12,1,24
164,9,1,28
164,5,0,11
164,64,1,20
164,30,0,29
164,19,0,19
164,71,1,26
164,18,1,13
164,4,1,23
164,36,1,19
164,22,1,32
164,11,1,27
164,11,1,24
164,43,1,23
164,58,1,33
164,52,1,41
164,35,0,28
164,59,1,16
164,32,0,37
164,46,1,12
164,20,1,27
164,46,1,32
164,35,0,29
164,58,1,31
164,18,1,31
164,69,0,35
164,34,0,33
164,25,0,10
164,6,0,24
164,14,0,28
164,57,0,20
164,10,0,5
164,52,1,5
164,53,1,23
164,4,1,15
164,49,0,24
164,59,1,25
164,4,0,28
164,3,0,22
164,33,0,34
164,20,1,9
164,66,1,25
164,17,0,17
164,10,0,40
164,46,1,29
164,34,0,10
164,9,1,12
164,13,0,25
164,23,1,18
164,15,0,21
164,51,1,27
164,57,1,13
164,65,0,26
164,46,1,26
164,35,1,31
164,19,1,23
165,57,1,39
165,22,0,36
165,48,1,22
165,63,1,19
165,29,1,33
165,20,0,7
165,69,0,42
165,67,1,41
165,13,0,43
165,66,1,31
165,17,1,31
165,60,0,36
165,5,0,5
165,0,1,29
165,63,0,20
165,19,1,38
165,17,0,30
165,34,1,7
165,67,1,36
165,45,1,48
165,11,1,28
165,32,0,19
165,58,1,44
165,23,1,31
165,66,1,50
165,3,1,27
165,22,1,32
165,65,1,12
165,4,1,19
165,15,1,12
165,63,1,35
165,0,1,25
165,15,1,18
165,50,1,31
165,26,1,23
165,31,1,29
165,52,0,28
165,1,1,55
165,64,1,23
165,71,1,29
165,16,0,43
165,12,1,42
165,21,1,30
165,41,1,39
165,67,1,20
165,5,1,32
165,21,1,30
165,25,1,21
165,18,1,9
165,5,1,37
165,11,0,30
165,64,1,30
165,19,1,46
165,55,1,52
165,29,1,19
165,35,0,24
165,71,1,24
165,14,1,21
165,62,1,27
165,37,1,49
165,61,0,48
165,21,1,31
165,28,1,6
165,3,1,24
165,63,1,16
165,60,0,5
165,14,1,24
165,64,1,33
165,8,1,32
165,18,1,34
165,26,1,29
165,13,0,34
166,50,0,76
166,9,1,69
166,68,0,56
166,50,0,70
166,62,0,73
166,33,0,49
166,14,0,68
166,53,0,55
166,39,0,108
166,11,0,86
166,5,0,36
166,67,0,98
166,57,1,72
166,45,0,70
166,5,1,80
166,35,0,21
166,53,0,67
166,40,0,50
166,43,0,54
166,0,0,53
166,13,0,97
166,20,1,19
166,55,0,35
166,8,1,48
166,60,0,91
166,58,0,75
166,51,0,35
166,37,1,14
166,13,0,35
166,56,1,61
166,28,0,49
166,56,0,37
166,61,1,66
166,37,0,69
166,20,0,69
166,43,0,74
166,50,0,99
166,36,1,57
166,38,1,84
166,68,1,61
166,58,0,30
166,0,0,80
166,18,0,81
166,54,1,78
166,33,0,116
166,1,0,18
166,0,0,29
166,53,0,77
166,40,0,18
166,46,0,73
166,59,1,63
166,30,0,66
166,45,0,48
166,20,0,80
166,42,1,74
166,31,1,51
166,64,0,62
166,50,0,58
166,8,0,63
166,11,0,54
166,52,1,68
166,32,1,51
166,31,0,55
166,63,0,52
166,56,0,61
166,66,0,56
166,14,0,60
166,13,1,39
166,6,0,53
166,54,1,35
166,41,0,70
166,65,0,72
167,10,1,69
167,8,0,40
167,29,1,30
167,50,0,57
167,32,0,37
167,32,0,72
167,37,1,52
167,10,0,47
167,68,1,22
167,15,1,44
167,58,1,68
167,51,0,26
167,47,1,34
167,65,1,55
167,38,0,34
167,59,1,34
167,4,1,40
167,62,0,51
167,10,0,20
167,34,0,33
167,38,0,38
167,44,1,57
167,16,0,49
167,61,0,41
167,58,0,25
167,61,1,18
167,9,0,56
167,1,0,60
167,22,0,36
167,48,0,64
167,9,0,16
167,17,1,48
167,51,1,21
167,0,0,40
167,68,1,36
167,15,0,36
167,66,0,39
167,50,1,49
167,38,0,48
167,0,0,52
167,44,1,25
167,46,1,64
167,62,0,59
167,53,0,24
167,55,0,30
167,35,1,27
167,33,0,48
167,43,1,54
167,1,0,22
167,0,0,83
167,70,1,68
167,7,0,43
167,1,1,45
167,65,0,38
167,7,1,53
167,38,1,34
167,2,1,12
167,62,1,38
167,55,0,62
167,27,0,38
167,37,1,58
167,41,0,53
167,54,0,53
167,69,1,61
167,49,0,75
167,49,0,47
167,37,0,51
167,55,0,7
167,11,0,47
167,17,0,54
167,13,0,48
167,53,0,32
168,45,0,18
168,3,1,10
168,13,1,38
168,18,0,14
168,9,0,24
168,71,1,35
168,45,0,23
168,3,0,45
168,44,1,41
168,46,1,24
168,35,1,17
168,68,0,13
168,8,1,19
168,60,1,7
168,9,1,9
168,37,1,22
168,25,1,33
168,14,0,32
168,51,0,20
168,55,1,12
168,54,1,30
168,40,0,22
168,30,1,17
168,12,0,30
168,40,0,28
168,37,1,17
168,71,1,7
168,55,1,17
168,13,1,25
168,9,1,20
168,19,1,38
168,60,1,32
168,48,1,35
168,14,1,29
168,70,0,18
168,71,1,17
168,45,1,12
168,36,1,5
168,26,1,35
168,31,1,5
168,51,1,25
168,65,1,13
168,8,0,24
168,52,0,28
168,21,1,28
168,17,1,19
168,70,1,15
168,64,1,30
168,30,0,22
168,14,1,17
168,48,1,28
168,7,0,30
168,49,1,24
168,2,0,31
168,71,0,31
168,62,1,20
168,6,0,18
168,4,1,30
168,36,1,38
168,61,0,14
168,43,1,21
168,18,1,33
168,45,1,21
168,0,0,15
168,25,1,45
168,39,1,17
168,68,1,20
168,52,0,27
168,47,0,18
168,30,0,5
168,49,0,29
168,53,0,21
169,62,0,26
169,3,1,39
169,61,1,41
169,3,1,5
169,52,0,39
169,61,0,38
169,23,0,53
169,40,0,39
169,49,1,35
169,21,1,30
169,26,1,33
169,67,1,65
169,52,0,23
169,11,1,30
169,44,1,52
169,7,1,73
169,10,1,27
169,50,1,27
169,17,1,31
169,7,1,43
169,39,0,54
169,32,1,56
169,0,1,35
169,56,0,40
169,16,0,31
169,10,1,46
169,48,1,39
169,17,0,34
169,22,0,54
169,13,0,47
169,62,1,42
169,35,0,43
169,26,1,61
169,31,1,41
169,48,1,39
169,60,0,60
169,20,1,48
169,66,1,22
169,53,1,46
169,51,1,60
169,27,1,70
169,19,1,61
169,6,0,33
169,17,1,46
169,4,1,30
169,69,1,48
169,52,0,60
169,30,1,39
169,29,0,52
169,61,1,52
169,14,1,25
169,68,0,50
169,12,0,50
169,34,0,47
169,29,1,26
169,10,0,48
169,63,1,30
169,42,1,31
169,59,1,24
169,39,1,22
169,16,1,43
169,33,1,43
169,32,1,27
169,11,0,35
169,61,1,22
169,62,1,68
169,19,1,43
169,40,0,30
169,38,0,33
169,2,0,30
169,61,1,12
169,13,0,26
170,7,1,40
170,19,1,26
170,64,1,5
170,10,0,25
170,59,1,40
170,44,0,34
170,3,1,16
170,47,1,35
170,53,1,29
170,35,1,27
170,54,0,39
170,42,0,29
170,48,0,27
170,35,1,32
170,49,1,32
170,16,1,16
170,42,1,12
170,64,1,20
170,34,1,37
170,8,1,14
170,51,1,40
170,47,1,37
170,37,0,41
170,52,1,39
170,14,1,31
170,50,1,37
170,23,1,44
170,36,1,24
170,37,1,29
170,42,1,25
170,59,1,44
170,49,1,29
170,8,1,17
170,18,0,27
170,28,0,42
170,63,1,27
170,9,0,22
170,68,1,23
170,0,1,39
170,33,1,33
170,37,0,10
170,44,1,11
170,52,0,34
170,12,1,24
170,18,0,39
170,57,0,34
170,43,1,43
170,56,1,14
170,50,1,53
170,3,1,8
170,17,1,23
170,69,1,47
170,25,1,35
170,56,1,33
170,48,1,35
170,13,1,46
170,63,0,30
170,27,1,45
170,35,1,30
170,27,1,26
170,45,1,38
170,26,1,16
170,0,1,20
170,32,0,37
170,59,1,39
170,41,1,24
170,11,1,27
170,39,1,22
170,55,1,30
170,69,1,26
170,31,1,31
170,8,0,43
171,46,0,16
171,50,1,11
171,44,0,25
171,43,1,25
171,35,1,26
171,40,0,22
171,62,1,25
171,29,1,31
171,71,1,38
171,69,1,39
171,70,1,15
171,19,1,20
171,30,1,24
171,59,0,13
171,23,1,24
171,27,0,28
171,50,1,36
171,17,0,60
171,37,0,10
171,20,1,27
171,23,0,37
171,14,1,34
171,47,0,15
171,27,1,35
171,66,1,13
171,43,1,39
171,10,1,35
171,32,0,17
171,22,0,23
171,65,0,34
171,4,0,46
171,48,0,26
171,47,1,37
171,3,0,41
171,70,1,32
171,53,0,29
171,5,0,28
171,23,0,23
171,6,1,37
171,59,1,35
171,21,0,39
171,17,0,5
171,31,1,28
171,24,1,19
171,53,0,14
171,13,1,23
171,33,0,35
171,33,1,38
171,3,1,11
171,27,1,29
171,71,0,45
171,21,1,21
171,30,0,17
171,30,0,16
171,43,1,13
171,60,0,20
171,12,0,28
171,53,1,37
171,47,0,13
171,18,1,12
171,29,1,35
171,29,0,17
171,36,1,18
171,42,0,17
171,70,0,19
171,26,1,19
171,53,1,14
171,43,0,7
171,21,1,9
171,10,1,34
171,37,1,28
171,56,0,33
172,19,0,67
172,64,0,95
172,31,0,78
172,4,0,67
172,18,1,77
172,31,1,45
172,50,0,105
172,29,0,111
172,30,1,85
172,34,0,58
172,35,0,89
172,4,0,77
172,32,0,30
172,57,1,109
172,23,0,52
172,16,0,79
172,33,0,75
172,18,0,51
172,19,0,59
172,62,1,45
172,60,1,78
172,9,0,44
172,52,0,90
172,1,0,72
172,53,0,66
172,13,0,59
172,19,0,116
172,38,0,91
172,51,0,79
172,29,0,56
172,1,0,60
172,23,0,28
172,5,0,62
172,43,0,65
172,17,0,86
172,60,0,72
172,28,1,48
172,41,0,71
172,1,0,71
172,22,0,71
172,58,0,57
172,13,0,49
172,24,1,54
172,39,1,24
172,4,0,84
172,59,0,41
172,16,0,62
172,4,0,76
172,69,1,75
172,17,1,54
172,11,0,78
172,58,0,80
172,51,0,60
172,24,0,58
172,55,0,82
172,22,1,69
172,25,1,60
172,34,0,58
172,1,0,84
172,47,0,51
172,45,0,78
172,61,0,69
172,28,0,54
172,62,0,104
172,51,0,73
172,55,1,77
172,61,0,60
172,11,0,82
172,14,0,41
172,26,0,47
172,60,1,87
172,67,0,72
173,9,1,35
173,57,1,33
173,50,0,67
173,69,0,5
173,6,1,61
173,43,0,36
173,35,1,20
173,1,1,41
173,28,0,22
173,55,1,42
173,64,1,38
173,34,1,29
173,60,0,39
173,43,1,17
173,41,0,36
173,30,1,36
173,34,0,48
173,13,0,21
173,11,1,26
173,45,0,56
173,68,1,35
173,59,1,38
173,70,1,62
173,7,0,39
173,40,0,33
173,31,1,47
173,48,1,49
173,27,1,22
173,58,0,40
173,7,1,40
173,71,1,38
173,49,1,39
173,46,1,35
173,1,1,67
173,17,1,34
173,22,1,30
173,45,1,33
173,2,0,28
173,60,0,24
173,51,0,30
173,42,1,25
173,70,1,40
173,16,1,54
173,47,0,32
173,70,1,61
173,40,0,44
173,7,1,32
173,23,0,31
173,49,1,18
173,38,0,41
173,4,1,33
173,48,0,49
173,53,0,40
173,45,1,28
173,4,1,54
173,50,1,56
173,1,1,44
173,45,0,24
173,36,0,36
173,8,1,48
173,12,1,31
173,35,1,47
173,69,1,48
173,26,1,28
173,50,1,58
173,55,1,25
173,36,1,39
173,8,1,48
173,24,0,28
173,38,0,36
173,46,1,13
173,65,1,42
174,17,0,45
174,9,0,50
174,42,0,37
174,70,0,65
174,62,0,61
174,71,1,40
174,48,0,57
174,36,0,37
174,0,1,41
174,64,0,39
174,38,0,53
174,56,0,25
174,15,0,47
174,66,1,26
174,64,0,39
174,0,0,35
174,14,0,52
174,10,1,51
174,58,1,36
174,56,0,44
174,24,1,42
174,48,0,54
174,55,1,38
174,62,1,43
174,2,1,35
174,64,1,33
174,0,1,37
174,33,0,44
174,69,0,66
174,38,0,35
174,29,1,63
174,31,0,43
174,20,0,49
174,49,0,53
174,20,0,23
174,8,1,49
174,46,0,56
174,38,1,77
174,35,1,36
174,37,1,54
174,18,0,43
174,66,0,50
174,46,0,73
174,46,1,29
174,58,0,65
174,57,1,81
174,63,0,20
174,65,1,34
174,71,1,60
174,63,1,81
174,51,0,33
174,59,0,54
174,37,0,25
174,25,0,43
174,11,1,36
174,62,1,48
174,29,0,38
174,48,1,56
174,36,0,57
174,37,0,43
174,40,0,37
174,1,1,60
174,23,1,53
174,52,0,72
174,4,0,70
174,60,1,79
174,51,1,57
174,20,0,76
174,65,0,39
174,55,1,42
174,7,0,54
174,45,1,65
175,41,1,40
175,8,1,40
175,57,1,28
175,62,1,48
175,41,1,35
175,2,1,62
175,42,0,16
175,9,1,27
175,19,0,37
175,12,0,38
175,36,1,43
175,0,1,61
175,71,1,54
175,36,1,48
175,16,1,41
175,60,1,23
175,53,1,31
175,20,1,41
175,41,1,21
175,55,1,26
175,39,0,42
175,0,1,42
175,10,1,57
175,58,1,53
175,43,1,38
175,11,1,62
175,65,1,22
175,37,0,33
175,33,0,43
175,16,0,39
175,59,1,16
175,28,1,62
175,34,1,36
175,54,1,60
175,21,1,67
175,48,1,59
175,16,1,49
175,0,0,44
175,9,1,62
175,60,1,60
175,6,1,38
175,26,1,40
175,46,1,37
175,23,1,21
175,47,1,56
175,67,0,45
175,65,1,24
175,43,1,36
175,11,1,48
175,69,0,52
175,48,1,41
175,62,1,44
175,67,1,37
175,53,1,47
175,14,1,26
175,56,1,51
175,49,1,42
175,34,1,40
175,67,0,58
175,27,1,33
175,58,0,27
175,50,1,28
175,30,0,36
175,39,1,62
175,16,0,47
175,15,1,37
175,61,0,44
175,55,1,36
175,22,1,54
175,26,0,51
175,14,1,69
175,18,1,15
176,29,1,19
176,28,1,19
176,25,1,29
176,34,1,32
176,41,1,25
176,46,1,31
176,48,1,34
176,56,1,36
176,3,1,43
176,35,1,36
176,50,0,25
176,7,1,37
176,68,1,20
176,67,1,26
176,50,1,5
176,48,1,32
176,7,1,44
176,10,1,23
176,20,1,26
176,25,1,21
176,33,0,28
176,60,0,39
176,69,0,17
176,16,1,20
176,11,1,31
176,36,1,21
176,33,0,42
176,11,1,51
176,40,0,10
176,28,0,12
176,53,1,29
176,55,1,40
176,15,1,27
176,33,1,25
176,61,1,33
176,67,0,36
176,52,0,35
176,27,1,38
176,0,0,45
176,15,1,40
176,47,1,46
176,41,1,34
176,3,0,45
176,20,1,26
176,33,0,30
176,61,0,36
176,1,1,42
176,26,1,36
176,39,1,22
176,12,1,47
176,34,1,20
176,0,1,20
176,5,1,18
176,41,1,27
176,43,1,38
176,12,1,20
176,34,0,31
176,56,1,12
176,21,1,15
176,62,1,36
176,69,1,37
176,15,0,42
176,62,0,26
176,33,0,26
176,17,1,35
176,36,1,35
176,65,1,55
176,32,1,7
176,28,1,26
176,58,1,32
176,12,1,48
176,0,1,16
177,7,0,27
177,23,0,22
177,48,0,21
177,53,0,24
177,37,1,28
177,55,0,17
177,55,0,27
177,65,0,18
177,67,0,24
177,26,1,35
177,0,0,30
177,51,0,18
177,59,1,32
177,50,0,22
177,18,1,26
177,67,1,12
177,50,0,14
177,29,1,29
177,9,0,19
177,7,1,25
177,14,1,35
177,9,0,35
177,48,0,12
177,66,1,37
177,54,1,18
177,48,0,32
177,22,1,31
177,59,1,37
177,49,1,43
177,45,1,25
177,50,0,23
177,67,0,25
177,60,0,26
177,45,0,27
177,52,1,43
177,11,0,32
177,22,1,24
177,21,0,13
177,70,1,30
177,7,1,53
177,18,1,32
177,7,0,21
177,6,1,18
177,10,0,32
177,67,0,26
177,51,1,7
177,40,0,32
177,12,1,33
177,47,1,22
177,17,1,15
177,49,1,33
177,5,0,32
177,12,1,31
177,7,1,24
177,31,1,25
177,22,0,8
177,65,1,33
177,57,0,27
177,48,1,7
177,62,0,17
177,65,1,31
177,62,1,24
177,9,1,29
177,47,1,13
177,42,0,25
177,14,1,18
177,9,1,31
177,18,0,22
177,7,1,34
177,40,0,18
177,59,1,19
177,57,1,38
178,64,0,34
178,55,1,36
178,38,1,35
178,33,0,29
178,11,0,22
178,15,0,25
178,34,1,35
178,48,1,29
178,43,1,26
178,3,1,26
178,60,0,21
178,48,1,44
178,59,1,25
178,37,1,21
178,32,1,13
178,56,1,17
178,0,1,20
178,25,1,7
178,39,1,30
178,15,1,35
178,59,1,33
178,42,1,31
178,51,1,24
178,8,1,26
178,25,1,46
178,49,0,39
178,8,0,37
178,3,1,25
178,32,0,17
178,71,1,43
178,31,1,25
178,57,1,19
178,2,1,38
178,26,0,45
178,19,1,31
178,44,0,47
178,37,1,19
178,1,1,30
178,53,1,38
178,34,1,33
178,1,0,27
178,11,1,40
178,64,1,16
178,53,0,28
178,39,1,39
178,24,1,29
178,67,0,14
178,50,1,35
178,20,1,24
178,19,1,28
178,67,0,7
178,66,0,20
178,7,1,26
178,65,1,18
178,25,0,27
178,15,1,28
178,37,1,30
178,14,1,30
178,12,0,26
178,11,1,27
178,25,1,5
178,7,1,33
178,27,1,44
178,45,1,36
178,61,1,28
178,26,1,25
178,23,1,24
178,15,0,27
178,53,0,29
178,2,0,16
178,47,1,29
178,33,0,40
179,16,1,19
179,53,0,28
179,2,0,6
179,24,1,24
179,12,0,38
179,51,0,17
179,7,1,18
179,63,1,16
179,45,1,20
179,41,1,46
179,28,1,31
179,38,1,37
179,22,0,27
179,20,1,19
179,52,1,15
179,27,0,25
179,47,1,23
179,42,0,28
179,64,1,34
179,61,1,34
179,45,0,24
179,39,0,40
179,31,1,11
179,5,0,21
179,21,0,39
179,64,0,17
179,13,1,30
179,65,0,9
179,62,0,14
179,18,1,19
179,36,0,12
179,49,1,19
179,64,1,35
179,3,0,28
179,54,1,30
179,14,1,16
179,44,1,22
179,56,0,14
179,11,0,17
179,3,0,23
179,51,1,39
179,59,1,28
179,49,0,20
179,57,1,33
179,8,1,24
179,17,1,16
179,20,1,25
179,31,0,33
179,33,0,34
179,68,1,22
179,46,1,16
179,38,1,33
179,2,0,25
179,66,0,20
179,19,1,44
179,14,0,24
179,35,1,34
179,66,1,25
179,12,1,28
179,20,0,5
179,22,0,34
179,15,0,15
179,36,1,16
179,64,0,5
179,1,1,33
179,50,1,37
179,0,0,39
179,55,1,29
179,53,0,27
179,32,0,24
179,71,1,24
179,40,0,20
180,31,0,83
180,22,1,38
180,43,0,63
180,49,0,63
180,44,1,62
180,10,1,43
180,6,1,60
180,44,1,34
180,49,0,39
180,40,0,45
180,66,1,38
180,38,1,23
180,2,1,58
180,4,0,60
180,28,0,32
180,45,0,36
180,11,1,59
180,46,1,51
180,66,1,20
180,27,1,42
180,43,1,33
180,60,0,37
180,64,0,70
180,63,1,25
180,65,1,54
180,53,1,46
180,10,1,31
180,8,0,50
180,34,0,38
180,48,1,39
180,71,1,51
180,56,0,32
180,65,1,60
180,62,1,32
180,35,1,42
180,52,0,57
180,53,0,46
180,18,1,21
180,38,0,59
180,28,0,56
180,22,1,47
180,62,1,37
180,31,0,38
180,64,0,31
180,33,0,70
180,59,0,57
180,57,1,56
180,52,1,49
180,35,0,44
180,8,0,16
180,33,0,36
180,55,0,40
180,40,0,87
180,12,0,37
180,9,0,48
180,19,0,42
180,22,1,35
180,69,0,71
180,27,1,52
180,50,1,48
180,63,1,49
180,2,0,33
180,15,1,33
180,48,0,39
180,35,0,41
180,48,1,49
180,57,0,59
180,38,1,42
180,27,1,47
180,0,1,28
180,10,0,42
180,33,0,37
181,23,0,53
181,53,0,84
181,23,1,18
181,13,0,42
181,31,0,61
181,21,0,54
181,7,0,82
181,14,0,28
181,42,0,57
181,43,0,56
181,18,0,53
181,45,1,56
181,28,0,47
181,7,0,46
181,9,0,67
181,19,0,60
181,10,0,67
181,64,0,84
181,30,0,47
181,68,1,77
181,43,0,71
181,4,0,39
181,44,0,98
181,49,0,63
181,48,0,49
181,16,0,72
181,43,1,92
181,71,0,60
181,36,1,74
181,67,0,51
181,22,0,35
181,53,0,84
181,58,0,73
181,64,0,68
181,5,1,42
181,2,0,80
181,55,0,53
181,60,1,68
181,66,0,66
181,26,0,82
181,36,1,70
181,3,0,60
181,41,0,51
181,16,0,68
181,54,0,63
181,10,0,6
181,64,0,48
181,0,0,71
181,22,1,37
181,22,0,86
181,70,1,45
181,29,0,27
181,44,0,74
181,59,0,76
181,1,0,41
181,50,0,79
181,37,1,88
181,16,0,76
181,51,0,71
181,4,0,38
181,59,1,47
181,56,0,44
181,22,0,15
181,28,0,27
181,5,0,44
181,1,0,53
181,45,1,64
181,31,0,56
181,2,0,29
181,60,0,48
181,15,0,85
181,12,0,32
182,35,1,31
182,68,0,36
182,35,1,11
182,25,1,11
182,23,0,30
182,66,0,23
182,27,1,16
182,62,0,22
182,26,1,37
182,65,0,18
182,37,1,37
182,44,0,35
182,12,0,37
182,8,0,22
182,60,1,35
182,44,0,10
182,44,0,21
182,57,1,28
182,25,0,20
182,56,0,33
182,45,1,15
182,64,0,37
182,45,1,20
182,70,0,34
182,0,0,46
182,34,1,40
182,54,0,31
182,71,1,23
182,23,0,23
182,30,0,33
182,28,0,18
182,17,0,30
182,8,0,15
182,3,0,34
182,69,0,33
182,46,1,36
182,3,1,26
182,27,1,13
182,30,1,32
182,21,1,14
182,32,1,27
182,69,0,28
182,1,1,30
182,65,1,30
182,54,0,28
182,10,1,15
182,56,0,20
182,33,0,19
182,61,0,31
182,60,0,26
182,37,0,21
182,59,0,28
182,32,1,37
182,34,0,12
182,51,0,18
182,17,1,34
182,60,0,17
182,15,0,32
182,42,0,20
182,64,0,39
182,33,0,26
182,62,1,23
182,50,0,37
182,23,0,25
182,64,1,17
182,12,0,37
182,19,0,22
182,0,1,10
182,7,0,6
182,19,0,29
182,25,0,20
182,9,1,17
183,19,0,71
183,70,1,28
183,10,0,70
183,24,0,30
183,51,0,29
183,29,1,64
183,33,1,57
183,36,1,26
183,22,1,30
183,33,0,36
183,36,0,49
183,35,0,46
183,36,1,40
183,27,0,35
183,63,0,70
183,62,0,45
183,19,1,44
183,11,1,28
183,25,1,43
183,63,0,45
183,70,0,56
183,61,1,62
183,27,0,22
183,57,1,58
183,32,0,41
183,59,1,30
183,37,0,26
183,46,1,45
183,34,1,48
183,17,0,50
183,18,1,83
183,29,0,35
183,63,0,42
183,56,0,28
183,31,0,44
183,36,1,50
183,71,1,53
183,53,1,25
183,69,0,45
183,48,1,24
183,22,1,45
183,9,0,67
183,48,1,75
183,30,0,40
183,60,0,29
183,6,0,24
183,42,0,42
183,16,0,44
183,32,0,51
183,56,0,47
183,20,1,41
183,68,1,76
183,4,1,53
183,4,0,33
183,39,1,36
183,55,0,61
183,49,1,52
183,29,1,43
183,8,1,25
183,15,0,47
183,38,1,50
183,39,1,58
183,18,0,40
183,68,1,55
183,56,0,28
183,34,1,42
183,61,1,36
183,24,0,67
183,59,1,43
183,13,1,28
183,14,1,62
183,30,0,40
184,24,0,83
184,30,1,63
184,50,0,38
184,64,0,27
184,34,0,49
184,68,0,45
184,47,0,69
184,3,0,66
184,27,0,80
184,38,0,49
184,70,0,62
184,49,0,45
184,24,0,79
184,60,0,88
184,14,0,32
184,27,0,26
184,46,0,81
184,0,0,56
184,57,1,59
184,64,0,61
184,39,1,91
184,13,0,34
184,49,0,75
184,21,0,11
184,12,0,54
184,17,0,60
184,58,0,44
184,64,0,56
184,5,0,64
184,68,1,41
184,47,0,17
184,2,0,42
184,48,0,68
184,47,0,54
184,62,0,45
184,49,0,70
184,35,0,35
184,54,0,47
184,53,0,34
184,42,1,62
184,16,0,41
184,58,0,45
184,47,0,7
184,66,1,50
184,48,1,21
184,28,1,53
184,10,0,46
184,67,1,110
184,22,0,25
184,57,0,53
184,32,0,29
184,68,0,95
184,35,0,67
184,32,1,79
184,3,0,72
184,57,0,67
184,40,1,44
184,27,1,9
184,20,1,55
184,59,1,57
184,42,0,68
184,28,0,69
184,9,0,20
184,45,0,60
184,54,0,68
184,28,0,72
184,44,0,45
184,42,0,57
184,52,1,74
184,27,0,76
184,37,0,94
184,66,1,66
185,65,0,23
185,0,1,22
185,36,1,22
185,71,1,13
185,33,1,7
185,29,0,29
185,12,1,13
185,47,1,32
185,52,0,27
185,34,1,24
185,39,0,34
185,24,0,5
185,62,0,15
185,20,0,33
185,38,0,26
185,44,1,37
185,16,0,36
185,53,0,17
185,30,1,14
185,58,0,23
185,27,1,11
185,18,0,39
185,66,1,26
185,58,1,22
185,14,0,27
185,14,0,18
185,1,1,26
185,19,0,29
185,39,1,46
185,10,0,27
185,67,0,45
185,54,1,19
185,17,1,22
185,37,1,5
185,61,1,5
185,10,0,26
185,63,1,31
185,57,1,28
185,40,1,19
185,23,1,33
185,48,1,17
185,71,1,42
185,15,0,22
185,6,0,13
185,48,0,34
185,2,0,33
185,18,1,30
185,67,1,25
185,54,0,27
185,18,1,27
185,50,1,16
185,51,1,26
185,41,1,34
185,16,1,10
185,59,1,14
185,59,1,21
185,58,0,17
185,30,1,26
185,4,1,21
185,38,0,7
185,46,1,32
185,38,0,25
185,42,1,23
185,21,1,21
185,50,0,45
185,24,0,24
185,65,1,33
185,42,1,21
185,12,0,22
185,5,1,15
185,23,0,24
185,17,1,30
186,3,0,90
186,40,0,77
186,46,0,43
186,2,0,58
186,55,0,32
186,37,0,20
186,36,1,35
186,30,0,56
186,44,0,22
186,41,1,71
186,57,0,50
186,22,0,57
186,35,1,71
186,55,0,78
186,18,0,81
186,16,0,38
186,10,0,56
186,53,1,18
186,9,0,57
186,16,1,27
186,8,0,94
186,58,0,52
186,57,0,89
186,35,1,78
186,66,0,55
186,13,0,57
186,31,0,34
186,17,0,92
186,52,0,66
186,4,1,82
186,11,1,74
186,38,0,94
186,45,0,65
186,60,0,84
186,17,0,54
186,9,0,49
186,2,0,68
186,32,0,99
186,35,1,102
186,37,0,97
186,64,0,22
186,5,0,65
186,26,1,94
186,48,0,42
186,14,0,59
186,27,1,95
186,6,0,61
186,32,0,19
186,17,0,52
186,8,1,58
186,42,0,97
186,8,0,35
186,1,1,69
186,24,0,74
186,44,0,29
186,54,0,58
186,23,1,44
186,63,0,68
186,68,0,49
186,29,0,48
186,5,1,63
186,32,1,70
186,44,0,74
186,60,0,56
186,7,1,56
186,66,1,94
186,49,1,79
186,62,1,52
186,41,0,61
186,12,0,85
186,34,1,34
186,20,0,65
187,14,0,31
187,8,0,30
187,3,0,16
187,34,1,32
187,51,1,30
187,49,0,23
187,42,0,15
187,44,0,20
187,70,1,12
187,5,1,8
187,31,0,24
187,46,1,30
187,15,0,30
187,11,0,15
187,67,0,18
187,10,0,39
187,36,0,14
187,11,1,41
187,5,0,19
187,59,1,27
187,41,0,36
187,33,0,19
187,38,0,29
187,3,1,34
187,56,1,27
187,54,1,15
187,21,0,20
187,48,1,30
187,1,1,23
187,15,0,16
187,19,1,20
187,69,0,14
187,3,1,24
187,2,1,29
187,31,0,25
187,65,1,15
187,60,0,34
187,26,1,23
187,13,0,13
187,45,0,30
187,2,0,18
187,1,0,19
187,63,0,12
187,54,0,21
187,37,1,15
187,53,1,43
187,53,0,17
187,49,1,39
187,58,0,18
187,11,0,32
187,67,0,29
187,4,0,42
187,68,0,23
187,22,1,15
187,50,1,10
187,67,1,5
187,35,1,34
187,13,0,35
187,8,1,23
187,48,1,26
187,2,0,34
187,42,0,5
187,23,1,20
187,0,1,14
187,2,0,19
187,11,0,30
187,56,0,24
187,46,1,20
187,39,1,27
187,49,1,9
187,63,0,25
187,18,1,9
188,35,0,15
188,65,1,24
188,21,1,28
188,34,1,52
188,50,1,24
188,69,1,29
188,46,0,25
188,69,1,41
188,17,0,16
188,33,0,31
188,28,0,36
188,63,0,23
188,24,1,33
188,58,0,10
188,26,0,36
188,38,1,22
188,57,1,17
188,29,1,26
188,67,0,10
188,36,0,30
188,71,1,11
188,4,1,8
188,26,1,25
188,9,0,30
188,36,0,5
188,66,0,16
188,54,0,35
188,54,0,17
188,45,0,17
188,48,1,19
188,3,1,28
188,37,1,32
188,12,1,30
188,30,1,23
188,1,0,38
188,63,0,30
188,46,1,28
188,4,0,51
188,19,1,29
188,31,0,23
188,9,0,5
188,43,1,28
188,27,1,35
188,39,1,29
188,11,1,18
188,52,0,36
188,6,0,30
188,0,0,10
188,70,0,16
188,12,1,23
188,55,0,30
188,34,0,44
188,57,0,17
188,71,0,39
188,50,1,14
188,53,0,31
188,23,0,59
188,12,1,15
188,51,1,45
188,5,1,39
188,38,0,33
188,63,0,10
188,58,0,24
188,67,0,5
188,32,1,39
188,24,1,37
188,21,1,5
188,64,1,37
188,47,1,25
188,14,1,22
188,53,0,5
188,33,0,33
189,68,1,47
189,34,0,11
189,40,0,39
189,54,0,34
189,54,0,26
189,22,1,52
189,64,1,14
189,47,1,19
189,61,0,40
189,15,0,21
189,46,1,33
189,42,0,25
189,11,1,42
189,64,1,34
189,71,1,16
189,24,1,34
189,53,0,37
189,16,1,30
189,66,1,36
189,48,1,5
189,19,1,33
189,16,0,18
189,59,1,27
189,1,1,33
189,4,1,31
189,19,1,39
189,46,1,24
189,29,1,30
189,6,1,31
189,30,1,30
189,13,0,26
189,1,0,32
189,64,1,24
189,57,1,25
189,47,0,20
189,30,1,27
189,48,1,18
189,41,1,19
189,51,0,34
189,39,1,19
189,39,1,23
189,24,1,34
189,9,0,31
189,60,1,33
189,31,1,34
189,17,1,48
189,6,1,31
189,70,1,9
189,43,1,22
189,15,0,30
189,14,1,35
189,33,1,14
189,37,1,22
189,5,1,39
189,6,1,34
189,13,0,38
189,10,1,24
189,29,1,45
189,59,1,33
189,69,1,36
189,67,1,18
189,68,1,33
189,55,0,43
189,68,1,35
189,61,1,14
189,14,0,38
189,25,0,23
189,63,1,19
189,47,1,47
189,32,0,17
189,24,0,34
189,67,1,27
190,47,1,30
190,15,1,23
190,60,1,44
190,22,1,27
190,6,1,16
190,14,1,43
190,71,1,28
190,55,0,32
190,52,0,33
190,53,1,32
190,57,1,40
190,23,1,23
190,29,1,22
190,29,0,16
190,66,0,29
190,22,1,32
190,18,1,12
190,5,1,20
190,5,0,32
190,31,1,28
190,14,0,19
190,16,1,29
190,65,1,32
190,9,0,19
190,28,1,26
190,37,1,45
190,21,1,23
190,54,1,26
190,3,0,49
190,51,1,50
190,35,1,34
190,58,1,24
190,65,1,26
190,60,0,5
190,65,1,19
190,47,1,38
190,26,1,17
190,39,1,43
190,21,1,19
190,0,0,34
190,41,1,21
190,54,0,30
190,23,1,51
190,50,1,19
190,66,1,8
190,34,1,39
190,17,1,32
190,66,1,28
190,9,0,43
190,10,1,26
190,65,1,37
190,7,1,34
190,22,1,26
190,44,1,30
190,65,1,20
190,20,0,22
190,67,0,36
190,32,0,41
190,67,1,36
190,6,1,21
190,20,1,5
190,62,1,37
190,19,1,25
190,66,1,48
190,38,1,26
190,67,0,24
190,55,1,17
190,47,1,35
190,29,1,44
190,42,0,32
190,5,1,28
190,66,1,31
191,8,1,29
191,34,1,38
191,63,1,43
191,49,1,32
191,20,0,32
191,39,1,28
191,50,0,30
191,46,1,34
191,69,1,27
191,46,1,26
191,62,1,35
191,1,1,21
191,25,1,14
191,68,1,46
191,51,1,22
191,20,1,47
191,12,0,41
191,28,1,19
191,68,1,34
191,8,1,22
191,65,1,25
191,22,1,13
191,19,1,35
191,9,1,32
191,15,1,54
191,21,1,29
191,58,0,29
191,63,1,31
191,64,0,27
191,11,1,40
191,29,1,20
191,4,1,48
191,44,1,19
191,29,1,29
191,54,1,22
191,5,0,27
191,8,1,40
191,44,1,24
191,51,1,20
191,35,1,37
191,57,1,29
191,53,1,24
191,48,0,26
191,71,1,39
191,47,1,20
191,13,0,38
191,49,1,20
191,62,1,20
191,21,1,42
191,29,1,23
191,1,1,20
191,68,1,40
191,54,0,24
191,20,1,34
191,61,1,27
191,9,0,23
191,56,1,16
191,46,1,32
191,51,1,44
191,6,1,36
191,19,1,34
191,53,0,17
191,6,1,31
191,49,1,39
191,13,1,35
191,0,0,21
191,50,1,33
191,48,1,15
191,26,1,35
191,59,1,47
191,17,1,23
191,8,1,20
192,35,1,59
192,63,1,45
192,19,1,84
192,10,1,40
192,22,0,62
192,60,0,70
192,1,1,65
192,44,0,32
192,52,0,58
192,46,0,43
192,8,1,5
192,69,0,68
192,34,1,24
192,58,0,77
192,4,0,83
192,58,0,69
192,59,1,49
192,69,0,34
192,11,1,36
192,39,1,87
192,10,0,42
192,52,0,77
192,67,0,48
192,37,1,78
192,69,1,56
192,35,0,103
192,42,0,37
192,1,1,40
192,44,0,78
192,14,1,61
192,28,0,47
192,65,1,84
192,21,0,40
192,17,1,57
192,50,0,45
192,55,0,85
192,29,0,86
192,28,0,55
192,46,1,58
192,70,0,76
192,48,0,58
192,55,1,47
192,71,0,63
192,34,1,76
192,28,0,43
192,65,0,61
192,45,1,46
192,40,0,71
192,37,1,74
192,5,0,82
192,21,0,92
192,27,1,43
192,67,0,36
192,68,1,27
192,9,1,73
192,34,0,60
192,43,1,47
192,66,1,43
192,70,0,57
192,71,0,90
192,2,0,37
192,35,1,79
192,42,0,41
192,19,0,96
192,21,0,56
192,69,0,46
192,43,0,45
192,11,0,37
192,46,1,94
192,51,0,58
192,41,0,76
192,2,0,48
193,57,0,37
193,1,1,38
193,3,1,35
193,30,0,27
193,35,1,66
193,54,0,17
193,5,0,28
193,29,1,47
193,13,0,50
193,63,0,41
193,11,0,27
193,33,0,47
193,62,1,66
193,45,0,59
193,31,0,46
193,31,1,47
193,34,0,46
193,7,1,30
193,55,0,46
193,11,1,58
193,35,1,69
193,11,1,25
193,52,0,22
193,31,1,12
193,42,0,40
193,32,0,43
193,69,1,47
193,0,0,31
193,17,0,17
193,54,0,43
193,66,0,57
193,46,1,29
193,68,0,45
193,4,0,42
193,35,1,53
193,12,0,39
193,17,1,35
193,60,1,76
193,16,0,22
193,42,0,36
193,1,0,26
193,51,1,51
193,46,1,61
193,42,0,42
193,32,0,45
193,28,0,19
193,19,0,32
193,42,0,52
193,49,1,35
193,27,1,28
193,17,0,52
193,30,1,5
193,68,1,55
193,19,0,58
193,20,0,73
193,32,0,33
193,55,0,58
193,14,1,31
193,61,0,65
193,42,0,58
193,14,1,31
193,50,0,39
193,66,1,40
193,49,1,28
193,27,1,34
193,2,0,60
193,12,0,72
193,48,0,52
193,31,0,27
193,37,1,54
193,19,0,18
193,8,0,55
194,52,1,31
194,60,1,37
194,49,0,51
194,42,0,56
194,29,0,31
194,25,1,30
194,13,0,50
194,3,0,41
194,43,0,48
194,1,0,44
194,67,0,56
194,18,1,35
194,16,1,45
194,67,0,38
194,15,1,35
194,10,1,15
194,60,0,74
194,46,1,33
194,39,1,47
194,32,0,47
194,70,0,21
194,59,1,41
194,8,0,38
194,29,1,19
194,28,0,37
194,20,1,32
194,41,1,32
194,7,1,27
194,23,1,22
194,2,0,47
194,65,0,18
194,68,1,54
194,66,0,61
194,20,0,42
194,64,1,38
194,71,1,32
194,31,1,43
194,65,1,46
194,32,1,39
194,30,0,54
194,51,1,57
194,3,1,26
194,5,1,36
194,27,1,44
194,69,0,25
194,60,0,66
194,35,0,38
194,30,1,58
194,14,0,24
194,19,0,39
194,12,0,43
194,7,0,53
194,68,1,24
194,40,0,11
194,57,1,42
194,39,1,42
194,18,0,68
194,57,0,33
194,42,0,45
194,17,1,28
194,49,1,20
194,68,1,54
194,28,1,65
194,56,1,73
194,63,1,44
194,58,0,41
194,35,1,36
194,44,1,64
194,51,1,29
194,41,1,46
194,28,1,32
194,3,0,35
195,53,1,29
195,14,1,48
195,24,1,43
195,56,0,31
195,66,1,7
195,10,0,48
195,65,1,29
195,41,0,56
195,31,0,49
195,21,1,39
195,31,1,35
195,51,0,50
195,40,0,41
195,26,1,43
195,57,1,20
195,33,1,7
195,2,1,44
195,71,1,39
195,12,1,65
195,17,0,22
195,52,0,54
195,0,1,55
195,49,1,71
195,38,0,36
195,27,0,39
195,29,0,36
195,20,1,60
195,20,0,24
195,69,1,46
195,25,1,22
195,6,1,31
195,11,0,53
195,52,1,11
195,39,0,28
195,23,1,52
195,58,1,68
195,30,0,62
195,18,0,41
195,3,0,50
195,52,1,31
195,18,1,34
195,15,1,55
195,71,1,27
195,43,1,49
195,42,1,32
195,23,1,51
195,59,0,5
195,24,1,20
195,33,0,61
195,48,0,46
195,25,1,44
195,48,1,45
195,59,1,42
195,61,1,27
195,52,1,29
195,58,1,37
195,30,1,37
195,42,0,50
195,69,0,15
195,29,0,24
195,23,1,26
195,68,0,53
195,60,0,49
195,21,1,27
195,10,1,45
195,5,0,38
195,13,0,26
195,4,0,41
195,12,0,22
195,8,1,42
195,54,0,58
195,55,1,54
196,43,1,64
196,64,1,49
196,10,0,42
196,26,1,51
196,7,1,44
196,48,0,27
196,18,1,40
196,49,1,38
196,42,1,62
196,56,0,51
196,6,0,58
196,58,0,64
196,52,1,40
196,39,1,30
196,68,0,40
196,37,0,30
196,29,1,64
196,27,1,39
196,8,1,73
196,35,1,58
196,39,1,44
196,71,0,24
196,44,1,53
196,28,1,36
196,70,0,31
196,29,1,52
196,58,1,60
196,16,1,46
196,31,1,41
196,5,1,47
196,18,1,51
196,52,1,42
196,32,0,35
196,3,1,47
196,69,1,57
196,20,0,55
196,12,1,55
196,66,1,37
196,36,1,33
196,2,1,63
196,71,1,61
196,37,1,65
196,58,0,9
196,61,1,35
196,41,1,39
196,38,1,51
196,32,1,56
196,61,1,32
196,62,1,26
196,69,0,28
196,64,0,15
196,44,1,36
196,0,1,46
196,27,1,48
196,70,0,33
196,20,1,56
196,0,0,29
196,27,0,44
196,28,1,43
196,70,0,7
196,47,1,38
196,45,0,34
196,62,1,59
196,7,1,54
196,19,1,64
196,29,0,69
196,65,1,78
196,34,1,56
196,48,1,21
196,30,1,78
196,58,1,71
196,51,1,53
197,3,1,10
197,27,0,16
197,37,1,29
197,63,0,14
197,36,0,29
197,11,0,15
197,36,0,29
197,57,1,30
197,46,1,17
197,26,1,25
197,45,1,16
197,46,0,17
197,17,1,16
197,3,1,39
197,57,1,30
197,1,0,5
197,9,0,16
197,23,0,25
197,2,0,27
197,9,0,22
197,67,0,37
197,10,0,26
197,18,1,16
197,18,1,11
197,14,0,29
197,27,0,30
197,36,0,31
197,30,0,31
197,20,0,35
197,57,1,22
197,14,0,34
197,55,1,28
197,25,1,36
197,52,0,23
197,66,1,27
197,31,0,40
197,43,1,17
197,66,0,18
197,24,0,20
197,37,1,51
197,35,1,34
197,67,0,30
197,36,1,22
197,23,1,27
197,6,0,15
197,8,0,26
197,18,1,22
197,24,0,20
197,13,0,18
197,65,0,26
197,44,0,41
197,70,0,17
197,63,1,35
197,42,1,23
197,32,1,21
197,14,1,25
197,48,1,30
197,29,0,11
197,58,0,46
197,30,1,8
197,46,1,33
197,42,0,25
197,15,0,41
197,25,1,38
197,37,0,35
197,22,0,9
197,17,1,21
197,10,0,40
197,37,1,25
197,20,0,25
197,26,1,15
197,26,0,40
198,34,0,49
198,20,0,58
198,9,0,81
198,33,0,51
198,62,0,74
198,3,0,46
198,61,0,49
198,70,1,44
198,16,0,77
198,1,1,72
198,22,0,73
198,13,0,61
198,62,0,101
198,35,0,78
198,38,0,67
198,36,0,52
198,28,0,71
198,68,1,42
198,10,0,92
198,2,0,72
198,26,1,39
198,18,0,74
198,40,0,63
198,26,1,63
198,58,0,45
198,29,0,45
198,37,1,52
198,39,1,77
198,24,0,77
198,43,0,30
198,67,0,65
198,10,0,30
198,8,0,100
198,24,0,41
198,34,0,72
198,38,0,74
198,1,0,54
198,31,0,77
198,8,0,44
198,11,0,63
198,68,1,56
198,58,0,63
198,11,0,67
198,21,0,36
198,48,0,87
198,56,0,53
198,26,1,44
198,19,0,59
198,31,0,80
198,71,0,45
198,61,1,60
198,46,0,43
198,48,0,71
198,20,0,33
198,15,0,53
198,22,0,78
198,28,0,53
198,44,0,80
198,64,0,64
198,70,1,101
198,44,1,71
198,25,0,50
198,40,0,74
198,1,0,49
198,17,0,73
198,14,0,44
198,59,1,51
198,6,0,36
198,68,0,66
198,30,0,62
198,39,1,42
198,46,0,68
199,17,0,39
199,4,0,53
199,61,0,44
199,51,0,29
199,5,0,51
199,13,0,61
199,59,1,36
199,25,1,40
199,29,0,43
199,7,1,47
199,66,1,47
199,16,1,48
199,3,0,28
199,29,1,23
199,32,0,24
199,31,0,49
199,19,1,65
199,69,0,35
199,41,1,38
199,54,0,20
199,50,0,79
199,9,1,60
199,20,1,43
199,27,1,68
199,13,0,47
199,30,1,44
199,29,1,30
199,5,0,59
199,71,1,71
199,32,1,56
199,16,0,57
199,40,0,32
199,65,0,47
199,23,0,57
199,33,1,43
199,11,0,50
199,63,0,59
199,29,1,55
199,60,0,27
199,62,0,45
199,60,0,57
199,0,0,57
199,10,1,41
199,51,0,37
199,28,0,26
199,66,0,45
199,53,0,39
199,22,1,43
199,59,1,44
199,4,1,69
199,58,0,54
199,10,0,27
199,63,0,50
199,61,0,16
199,52,0,74
199,19,1,25
199,23,0,46
199,40,0,13
199,31,1,53
199,6,1,28
199,61,1,56
199,29,0,70
199,50,0,47
199,49,0,40
199,38,0,53
199,19,1,35
199,41,0,41
199,35,0,43
199,11,1,34
199,31,0,71
199,28,0,29
199,43,1,53
200,10,1,17
200,67,1,31
200,55,1,20
200,48,0,25
200,55,1,27
200,27,1,15
200,52,1,24
200,53,0,18
200,1,1,24
200,19,1,13
200,66,1,24
200,53,0,54
200,19,0,44
200,33,0,43
200,65,0,39
200,3,1,30
200,18,0,33
200,70,0,28
200,68,0,26
200,56,0,18
200,11,0,22
200,71,0,17
200,63,1,26
200,29,0,31
200,32,1,12
200,49,1,20
200,33,1,31
200,12,1,19
200,70,0,12
200,11,0,24
200,58,0,36
200,71,1,32
200,62,0,15
200,42,0,29
200,62,1,8
200,71,0,37
200,37,0,33
200,38,0,44
200,35,1,20
200,57,1,10
200,51,0,45
200,24,1,5
200,19,1,18
200,5,0,29
200,33,1,21
200,2,0,5
200,64,1,21
200,70,1,23
200,47,0,25
200,47,1,5
200,2,1,32
200,27,1,30
200,12,0,35
200,17,0,11
200,43,0,17
200,0,1,34
200,28,1,15
200,2,0,28
200,64,1,24
200,40,0,9
200,56,1,27
200,40,0,28
200,11,1,29
200,39,1,5
200,56,1,36
200,34,0,44
200,56,1,40
200,34,0,28
200,19,0,26
200,3,1,36
200,70,1,29
200,3,1,9
201,23,0,43
201,40,0,31
201,41,1,36
201,32,0,56
201,40,0,34
201,1,1,49
201,40,0,41
201,23,0,50
201,18,0,51
201,64,1,17
201,19,1,49
201,2,0,63
201,54,0,49
201,39,0,49
201,32,0,52
201,68,1,24
201,6,1,45
201,55,0,36
201,2,0,33
201,37,0,28
201,14,1,23
201,35,1,62
201,26,0,30
201,37,1,37
201,27,1,22
201,7,0,26
201,67,0,39
201,59,1,51
201,62,0,33
201,48,0,23
201,16,1,38
201,46,1,42
201,65,1,25
201,50,0,14
201,28,0,34
201,6,0,69
201,31,1,36
201,40,0,19
201,35,0,24
201,37,1,31
201,61,0,50
201,29,1,37
201,34,0,50
201,34,1,31
201,14,0,46
201,44,0,45
201,9,0,75
201,24,1,37
201,36,0,52
201,30,1,67
201,12,1,62
201,9,0,57
201,52,0,35
201,19,0,43
201,41,1,20
201,24,1,57
201,30,1,54
201,68,1,32
201,38,0,48
201,9,0,53
201,69,0,44
201,14,0,56
201,39,1,64
201,25,1,31
201,26,0,25
201,9,0,28
201,66,0,21
201,8,0,47
201,70,0,34
201,61,0,38
201,61,0,45
201,68,1,47
202,12,1,44
202,12,0,42
202,24,1,55
202,9,1,24
202,6,0,71
202,25,1,58
202,24,1,34
202,50,1,40
202,5,1,44
202,32,0,57
202,17,1,33
202,66,1,45
202,22,1,59
202,52,0,61
202,24,0,56
202,53,1,63
202,22,1,39
202,43,1,28
202,40,0,34
202,65,1,48
202,33,1,44
202,63,1,46
202,69,1,63
202,33,1,32
202,1,0,48
202,5,0,60
202,5,1,43
202,27,1,47
202,41,1,62
202,12,1,28
202,57,1,26
202,42,0,37
202,57,1,50
202,66,1,59
202,53,0,28
202,69,0,29
202,50,0,42
202,60,1,53
202,43,1,32
202,25,1,21
202,34,1,37
202,42,1,57
202,17,1,48
202,40,0,45
202,1,0,63
202,68,1,38
202,54,0,58
202,13,1,19
202,53,0,51
202,47,1,30
202,57,1,32
202,37,1,53
202,3,1,28
202,38,0,38
202,62,0,50
202,20,1,59
202,1,1,58
202,40,1,24
202,40,0,33
202,22,1,26
202,51,1,65
202,56,0,22
202,48,1,55
202,66,1,49
202,51,1,28
202,20,1,54
202,56,0,31
202,10,1,36
202,43,1,49
202,18,1,25
202,51,1,39
202,26,1,66
203,29,0,51
203,16,1,5
203,53,1,39
203,13,0,17
203,56,0,24
203,42,1,36
203,24,0,11
203,44,1,30
203,21,0,26
203,53,0,14
203,60,1,14
203,4,0,40
203,3,0,31
203,47,1,26
203,50,1,14
203,49,0,18
203,24,1,27
203,40,1,20
203,44,1,28
203,68,1,11
203,17,1,21
203,53,0,22
203,1,1,22
203,71,1,35
203,2,0,41
203,14,1,50
203,43,0,18
203,50,0,25
203,28,1,23
203,1,0,21
203,44,1,27
203,66,0,21
203,39,1,18
203,71,1,27
203,55,1,22
203,55,0,31
203,53,0,24
203,61,0,9
203,59,0,13
203,50,1,15
203,13,1,34
203,9,0,14
203,36,1,11
203,56,0,13
203,42,1,8
203,67,0,20
203,39,1,14
203,53,1,34
203,42,1,6
203,3,0,22
203,44,1,17
203,13,0,26
203,35,0,6
203,1,1,39
203,63,0,37
203,7,1,32
203,64,0,21
203,28,0,18
203,34,1,36
203,31,0,12
203,58,1,27
203,15,0,19
203,3,0,18
203,44,0,21
203,37,0,40
203,66,1,43
203,62,1,37
203,54,1,6
203,64,0,26
203,57,1,27
203,4,1,13
203,49,1,11
204,0,0,33
204,16,1,37
204,31,1,22
204,21,1,32
204,3,1,18
204,61,1,35
204,58,0,35
204,21,0,26
204,62,1,23
204,63,1,25
204,3,1,37
204,42,1,25
204,31,1,24
204,25,1,35
204,37,1,25
204,17,0,45
204,60,0,42
204,15,0,31
204,59,1,24
204,17,1,28
204,33,1,42
204,38,1,24
204,12,1,29
204,40,0,25
204,22,1,17
204,2,0,30
204,12,1,37
204,3,1,26
204,37,1,36
204,23,1,38
204,33,0,29
204,31,1,15
204,34,0,40
204,5,1,51
204,46,0,16
204,2,0,43
204,22,1,44
204,43,1,35
204,18,0,27
204,45,1,19
204,70,1,19
204,37,1,37
204,23,1,28
204,34,1,40
204,45,1,28
204,49,0,5
204,63,0,19
204,34,0,28
204,51,0,43
204,15,1,31
204,7,1,27
204,34,1,35
204,12,1,26
204,14,1,31
204,39,1,25
204,12,1,29
204,60,1,29
204,16,1,33
204,15,0,38
204,30,0,32
204,56,1,33
204,2,1,32
204,3,1,35
204,22,1,37
204,19,1,29
204,71,1,32
204,71,1,22
204,22,1,13
204,68,1,22
204,41,1,36
204,71,1,25
204,28,1,23
205,11,0,52
205,65,1,28
205,1,0,26
205,26,1,13
205,46,1,5
205,13,0,23
205,8,0,33
205,8,1,27
205,8,0,18
205,37,0,37
205,61,1,41
205,44,0,17
205,26,1,26
205,54,1,31
205,24,0,7
205,8,0,29
205,63,0,26
205,35,0,30
205,33,0,14
205,0,0,29
205,55,0,34
205,0,0,26
205,31,1,16
205,15,0,24
205,30,1,31
205,27,1,22
205,53,0,35
205,31,1,39
205,37,0,19
205,40,0,23
205,16,1,22
205,5,1,25
205,10,0,22
205,56,1,29
205,20,0,30
205,59,1,45
205,0,1,39
205,69,1,22
205,66,0,7
205,42,1,29
205,49,1,10
205,45,1,26
205,35,1,20
205,10,1,19
205,52,0,28
205,49,1,34
205,30,1,32
205,50,0,29
205,51,1,20
205,3,1,20
205,56,0,41
205,22,0,30
205,47,1,28
205,15,0,24
205,18,0,27
205,17,0,24
205,17,1,43
205,45,1,30
205,2,1,34
205,28,0,32
205,50,1,13
205,2,1,23
205,45,1,31
205,24,0,10
205,27,1,34
205,57,1,15
205,1,1,50
205,52,1,33
205,44,0,43
205,27,1,38
205,14,1,40
205,49,0,21
206,63,1,27
206,9,0,9
206,19,1,30
206,32,0,46
206,59,0,36
206,41,1,22
206,27,1,39
206,28,1,35
206,67,0,29
206,15,1,24
206,39,1,11
206,26,1,41
206,25,1,22
206,7,1,33
206,4,1,15
206,61,1,20
206,39,1,19
206,57,1,43
206,51,1,28
206,26,1,11
206,44,1,38
206,64,0,22
206,2,1,41
206,41,1,39
206,8,1,12
206,3,1,34
206,58,0,40
206,69,1,27
206,51,1,40
206,27,1,27
206,28,1,42
206,66,0,37
206,64,1,30
206,40,0,15
206,57,1,31
206,28,0,31
206,29,1,31
206,42,0,21
206,70,1,32
206,35,1,15
206,56,1,56
206,10,0,31
206,58,1,21
206,61,0,25
206,28,1,30
206,25,1,28
206,4,1,21
206,67,1,17
206,55,1,18
206,56,1,20
206,35,1,13
206,66,1,38
206,28,1,32
206,62,1,31
206,65,1,27
206,15,0,43
206,39,1,30
206,14,1,33
206,13,1,8
206,44,0,23
206,34,1,19
206,33,0,18
206,62,0,21
206,40,0,14
206,35,1,25
206,26,1,28
206,63,1,31
206,20,1,33
206,46,1,33
206,69,1,33
206,31,0,35
206,57,1,53
207,68,1,9
207,49,0,19
207,69,1,32
207,26,0,33
207,6,0,8
207,11,1,19
207,16,0,27
207,19,1,40
207,43,1,17
207,10,0,38
207,0,1,28
207,45,1,30
207,27,1,13
207,22,1,25
207,62,1,23
207,55,1,38
207,43,1,25
207,8,1,21
207,52,1,32
207,18,0,15
207,7,1,29
207,68,1,25
207,71,1,27
207,30,0,45
207,2,0,20
207,39,1,22
207,17,1,21
207,66,1,15
207,36,1,42
207,45,1,19
207,13,1,31
207,47,1,28
207,45,1,38
207,28,0,41
207,55,1,28
207,26,1,27
207,7,1,26
207,37,1,24
207,53,1,28
207,33,0,21
207,59,1,22
207,13,0,38
207,15,1,24
207,29,1,14
207,62,0,13
207,30,1,32
207,55,1,30
207,26,1,34
207,49,1,37
207,22,1,30
207,65,1,42
207,7,1,41
207,61,1,47
207,14,1,28
207,45,1,25
207,37,1,24
207,41,1,31
207,41,1,38
207,22,1,34
207,2,0,31
207,21,1,25
207,10,1,23
207,3,0,30
207,0,1,13
207,32,1,45
207,29,1,25
207,17,1,35
207,67,1,45
207,27,1,42
207,34,1,25
207,28,1,42
207,59,1,32
208,26,0,27
208,6,0,25
208,43,0,30
208,31,1,18
208,32,0,16
208,28,0,34
208,47,1,39
208,18,1,32
208,55,1,37
208,17,1,15
208,15,1,27
208,54,0,27
208,43,0,40
208,27,1,29
208,2,1,43
208,19,0,9
208,22,1,29
208,32,0,16
208,12,1,15
208,38,1,5
208,23,0,21
208,71,1,34
208,23,0,31
208,22,1,24
208,44,0,35
208,12,0,27
208,36,1,26
208,40,0,16
208,4,0,13
208,68,1,27
208,47,0,11
208,37,0,24
208,47,0,32
208,35,0,31
208,32,1,27
208,4,1,33
208,15,0,21
208,33,0,26
208,18,0,20
208,54,1,18
208,19,0,18
208,0,0,40
208,39,1,17
208,17,0,22
208,47,1,20
208,25,0,29
208,64,0,22
208,46,0,20
208,61,0,9
208,18,0,32
208,2,0,23
208,59,1,32
208,59,0,12
208,45,0,30
208,2,0,11
208,50,1,26
208,37,0,12
208,47,0,49
208,24,0,41
208,31,1,5
208,44,1,41
208,71,1,18
208,33,0,18
208,53,1,34
208,23,0,6
208,23,1,5
208,1,0,13
208,16,0,28
208,70,1,14
208,57,0,14
208,15,0,23
208,34,1,29
209,21,0,48
209,54,0,47
209,68,1,32
209,41,1,46
209,4,1,25
209,5,0,73
209,63,0,52
209,17,1,79
209,31,1,23
209,5,1,34
209,51,1,31
209,40,0,50
209,44,1,68
209,50,1,35
209,19,1,86
209,15,0,25
209,57,0,53
209,55,1,57
209,49,0,65
209,13,0,77
209,52,0,33
209,44,1,45
209,4,1,37
209,61,1,25
209,60,0,40
209,15,1,68
209,40,0,55
209,62,1,45
209,18,1,69
209,63,0,47
209,7,0,37
209,12,1,47
209,70,1,43
209,53,1,50
209,40,0,30
209,11,1,72
209,60,1,35
209,21,1,77
209,33,0,59
209,58,0,79
209,18,1,27
209,45,1,30
209,68,1,33
209,28,0,38
209,58,1,32
209,71,1,57
209,52,0,32
209,66,0,52
209,62,1,42
209,19,0,91
209,42,0,37
209,34,0,41
209,22,0,53
209,64,1,55
209,48,1,59
209,59,1,48
209,8,1,27
209,27,1,45
209,60,1,55
209,56,1,24
209,28,0,28
209,18,1,37
209,8,1,51
209,1,1,37
209,21,0,36
209,71,1,56
209,63,1,41
209,9,1,60
209,57,1,18
209,63,0,40
209,69,0,25
209,12,1,35
210,65,0,58
210,42,1,64
210,9,0,82
210,36,0,83
210,37,0,43
210,65,0,84
210,19,0,72
210,28,1,31
210,46,1,41
210,28,0,19
210,47,0,48
210,14,0,50
210,43,1,16
210,68,1,38
210,31,0,73
210,32,0,50
210,22,0,75
210,11,0,60
210,68,0,58
210,45,0,48
210,16,0,53
210,59,0,62
210,25,0,44
210,0,0,54
210,17,0,95
210,53,0,60
210,10,0,107
210,48,0,58
210,18,1,80
210,5,0,54
210,61,0,64
210,28,1,57
210,9,0,54
210,60,0,28
210,50,0,78
210,15,0,71
210,61,0,71
210,38,1,45
210,47,0,106
210,0,0,41
210,59,0,85
210,55,0,61
210,3,1,26
210,33,0,63
210,0,0,76
210,47,0,90
210,60,0,93
210,0,0,49
210,35,1,61
210,21,0,43
210,6,0,52
210,7,0,45
210,47,0,71
210,26,0,50
210,26,0,49
210,60,0,87
210,63,0,68
210,67,1,49
210,11,0,41
210,27,0,71
210,60,1,81
210,43,0,73
210,0,0,76
210,3,1,59
210,41,0,35
210,7,1,51
210,10,0,46
210,22,0,53
210,40,1,66
210,45,1,87
210,37,1,48
210,68,0,47
211,26,1,48
211,13,0,14
211,60,0,18
211,21,0,49
211,8,1,29
211,65,1,35
211,28,0,44
211,50,1,40
211,43,1,62
211,55,0,43
211,28,0,27
211,45,0,43
211,5,1,11
211,31,1,14
211,55,0,18
211,63,1,62
211,66,1,39
211,11,1,62
211,49,1,34
211,47,1,32
211,28,1,72
211,37,0,47
211,9,0,11
211,63,0,51
211,39,0,34
211,56,0,63
211,38,0,64
211,39,0,19
211,35,0,38
211,38,1,43
211,21,0,33
211,38,1,45
211,4,1,39
211,24,0,15
211,39,1,9
211,48,1,27
211,41,0,10
211,57,0,59
211,37,0,15
211,56,0,12
211,40,0,36
211,39,0,45
211,51,0,52
211,7,0,50
211,55,1,18
211,35,1,52
211,18,0,24
211,26,0,50
211,20,1,36
211,42,1,29
211,3,0,14
211,68,1,42
211,30,1,34
211,46,1,57
211,61,0,49
211,13,0,32
211,22,1,25
211,61,0,28
211,66,0,42
211,71,0,50
211,8,1,28
211,34,1,50
211,27,1,35
211,10,0,32
211,45,1,45
211,24,0,33
211,2,0,43
211,0,1,51
211,1,0,20
211,18,1,51
211,7,0,51
211,52,0,53
212,33,1,38
212,12,1,12
212,14,0,33
212,46,1,28
212,54,0,44
212,49,1,20
212,61,1,29
212,17,1,14
212,69,1,41
212,5,1,56
212,11,1,29
212,55,1,40
212,32,0,24
212,59,0,27
212,7,0,27
212,66,0,40
212,28,1,21
212,67,0,30
212,44,0,35
212,46,1,28
212,42,0,22
212,28,1,30
212,41,0,8
212,31,1,33
212,71,1,20
212,54,0,31
212,50,0,41
212,20,0,20
212,53,1,26
212,28,1,30
212,61,0,23
212,1,1,43
212,23,1,31
212,47,1,41
212,5,1,22
212,55,0,27
212,29,1,51
212,31,1,21
212,47,1,17
212,31,1,9
212,65,0,32
212,18,0,35
212,17,1,34
212,4,1,36
212,71,0,27
212,29,1,5
212,32,1,56
212,27,1,35
212,39,1,31
212,4,1,47
212,15,0,30
212,49,0,26
212,5,1,27
212,71,1,39
212,53,0,50
212,50,1,11
212,1,1,15
212,49,1,26
212,25,1,29
212,40,1,37
212,26,1,37
212,21,0,24
212,46,1,17
212,43,0,29
212,20,0,30
212,31,1,27
212,17,0,21
212,44,1,38
212,36,1,29
212,42,0,18
212,44,1,44
212,8,1,25
213,6,0,62
213,36,0,58
213,14,1,60
213,62,0,82
213,32,0,51
213,69,0,53
213,60,0,44
213,15,0,34
213,35,0,54
213,53,0,42
213,62,1,38
213,21,1,87
213,7,0,81
213,62,1,41
213,46,1,72
213,32,0,52
213,30,0,91
213,55,0,88
213,4,0,16
213,52,0,11
213,67,0,47
213,21,1,55
213,19,0,43
213,2,0,69
213,63,0,69
213,16,0,70
213,46,0,85
213,61,0,37
213,50,0,21
213,45,0,98
213,18,0,68
213,48,0,55
213,4,0,64
213,57,0,56
213,36,0,58
213,41,0,48
213,32,1,59
213,60,0,105
213,27,1,46
213,8,1,31
213,24,0,57
213,27,0,96
213,11,0,97
213,37,1,23
213,54,0,41
213,40,0,40
213,34,1,70
213,59,1,45
213,43,0,19
213,47,0,58
213,23,0,64
213,2,1,25
213,11,0,58
213,7,0,27
213,12,0,58
213,21,0,44
213,55,0,32
213,44,0,27
213,20,0,39
213,38,0,44
213,59,0,26
213,9,0,54
213,31,1,54
213,54,0,66
213,50,0,75
213,2,0,42
213,35,1,70
213,40,0,48
213,48,0,75
213,1,0,58
213,47,1,69
213,41,0,61
214,40,0,61
214,30,1,45
214,51,0,29
214,66,1,32
214,71,0,62
214,48,0,85
214,23,0,53
214,65,1,43
214,62,0,74
214,31,1,78
214,26,1,33
214,42,1,20
214,19,0,60
214,17,0,59
214,45,1,47
214,11,0,5
214,25,0,57
214,4,1,31
214,41,0,84
214,19,0,79
214,57,1,62
214,53,0,42
214,62,0,60
214,58,1,77
214,14,0,32
214,58,0,20
214,40,0,5
214,25,0,44
214,21,0,92
214,50,1,81
214,28,0,60
214,67,1,48
214,11,0,51
214,48,1,92
214,22,1,60
214,7,0,22
214,50,1,73
214,19,1,55
214,64,1,5
214,5,1,92
214,33,0,67
214,47,0,46
214,19,1,51
214,57,0,62
214,19,0,48
214,2,0,44
214,47,0,101
214,18,1,49
214,7,0,48
214,49,0,90
214,70,1,40
214,48,1,67
214,34,1,57
214,44,0,35
214,26,1,57
214,25,0,70
214,13,0,42
214,27,0,62
214,23,1,56
214,30,1,59
214,1,1,66
214,41,0,48
214,25,0,75
214,54,0,80
214,18,0,45
214,34,0,81
214,55,1,46
214,64,1,22
214,33,0,63
214,38,0,64
214,38,1,23
214,33,1,46
215,54,0,35
215,3,1,62
215,8,1,64
215,1,1,58
215,3,1,25
215,34,1,38
215,23,1,39
215,59,1,47
215,25,1,68
215,14,1,31
215,67,0,36
215,59,1,43
215,64,0,35
215,50,0,8
215,11,0,44
215,56,0,68
215,59,1,25
215,10,1,46
215,31,0,56
215,7,0,37
215,60,0,45
215,39,1,41
215,1,0,34
215,9,0,41
215,21,1,77
215,25,1,73
215,64,1,52
215,26,1,54
215,41,1,49
215,61,1,28
215,39,1,22
215,68,1,68
215,18,1,34
215,59,1,18
215,31,0,50
215,59,0,40
215,4,1,42
215,42,0,29
215,26,1,38
215,67,1,46
215,14,1,34
215,58,1,53
215,22,0,31
215,50,0,66
215,1,0,74
215,63,1,21
215,34,1,54
215,19,0,42
215,47,1,46
215,7,0,64
215,68,1,71
215,44,0,57
215,16,0,22
215,62,0,66
215,33,1,21
215,0,0,47
215,47,1,43
215,1,1,47
215,53,0,62
215,69,0,55
215,62,0,53
215,11,0,38
215,18,0,31
215,29,1,24
215,27,0,47
215,39,1,60
215,0,1,42
215,28,1,46
215,60,1,49
215,4,0,31
215,45,0,51
215,39,1,25
216,21,1,39
216,26,1,46
216,9,0,30
216,32,1,33
216,25,1,34
216,37,1,15
216,54,1,36
216,71,0,72
216,41,1,30
216,32,0,54
216,49,0,39
216,50,0,38
216,49,1,36
216,15,0,20
216,52,0,45
216,1,0,46
216,55,1,59
216,59,1,10
216,40,0,33
216,22,1,51
216,69,1,18
216,38,1,27
216,21,0,64
216,36,1,30
216,36,0,42
216,50,1,46
216,39,1,17
216,10,0,37
216,35,0,42
216,47,1,49
216,26,1,46
216,51,1,43
216,43,1,51
216,40,1,35
216,55,0,43
216,5,0,46
216,29,0,36
216,39,1,39
216,30,1,51
216,37,1,41
216,16,0,30
216,19,0,43
216,37,1,49
216,35,1,36
216,4,1,25
216,60,0,50
216,56,0,44
216,39,1,27
216,56,1,33
216,1,1,45
216,2,1,40
216,52,0,45
216,30,1,37
216,50,0,33
216,25,1,33
216,32,0,61
216,47,1,37
216,42,0,43
216,52,0,56
216,63,0,46
216,14,0,51
216,55,1,46
216,63,1,35
216,64,1,12
216,67,1,36
216,48,1,37
216,29,0,39
216,70,1,52
216,39,0,57
216,2,0,37
216,37,1,44
216,19,1,41
217,17,0,21
217,47,1,33
217,51,1,7
217,35,1,9
217,71,1,45
217,34,1,32
217,28,1,39
217,66,0,24
217,31,1,34
217,42,0,13
217,8,1,45
217,66,0,34
217,5,0,40
217,69,0,31
217,15,1,31
217,22,1,33
217,39,1,26
217,3,1,37
217,67,0,31
217,12,0,33
217,40,1,30
217,10,1,35
217,26,1,27
217,33,0,30
217,27,1,49
217,17,0,37
217,37,1,31
217,5,1,22
217,10,1,44
217,17,1,46
217,62,1,35
217,40,0,29
217,34,1,27
217,43,1,41
217,51,1,26
217,66,0,17
217,40,1,40
217,40,0,22
217,39,0,33
217,6,1,28
217,9,0,26
217,14,1,30
217,8,1,27
217,24,0,36
217,59,0,39
217,17,0,54
217,62,1,16
217,32,1,46
217,33,0,26
217,63,1,18
217,22,1,32
217,5,1,22
217,22,1,36
217,68,1,50
217,28,1,30
217,54,0,24
217,16,1,33
217,6,0,8
217,12,1,48
217,26,1,51
217,24,0,20
217,37,1,41
217,41,1,35
217,5,0,30
217,69,1,30
217,1,1,45
217,44,1,37
217,44,1,31
217,32,0,18
217,28,1,39
217,35,1,22
217,48,1,37
218,58,0,51
218,70,0,59
218,71,0,48
218,8,1,49
218,17,1,52
218,60,0,27
218,12,1,42
218,16,0,42
218,25,1,44
218,60,1,41
218,7,1,12
218,15,0,28
218,60,0,44
218,70,1,41
218,34,1,43
218,48,1,46
218,66,1,20
218,1,1,37
218,25,1,32
218,44,1,49
218,36,0,23
218,3,1,11
218,0,0,51
218,67,1,7
218,55,1,29
218,37,0,36
218,21,1,39
218,12,0,32
218,55,1,54
218,21,1,51
218,40,0,16
218,26,1,59
218,42,0,45
218,29,1,34
218,6,0,42
218,69,0,20
218,33,1,47
218,2,1,39
218,23,1,40
218,67,1,24
218,41,0,57
218,6,1,55
218,23,1,33
218,3,1,51
218,0,0,34
218,18,1,11
218,60,0,15
218,25,1,62
218,69,1,35
218,11,1,15
218,53,0,52
218,40,0,51
218,67,0,41
218,8,1,40
218,56,1,27
218,54,0,51
218,52,0,63
218,48,0,9
218,51,0,40
218,7,1,63
218,1,0,36
218,28,0,44
218,67,1,43
218,10,0,39
218,15,0,44
218,19,0,18
218,25,1,42
218,29,1,25
218,1,0,30
218,35,1,39
218,17,1,31
218,63,0,61
219,34,1,78
219,44,1,33
219,15,1,65
219,19,0,54
219,68,1,58
219,66,1,37
219,35,1,17
219,10,0,60
219,71,1,39
219,43,1,47
219,32,0,66
219,7,0,68
219,32,1,38
219,61,1,5
219,51,0,36
219,7,1,57
219,0,1,43
219,38,0,31
219,65,1,67
219,6,1,60
219,48,1,26
219,35,1,66
219,38,1,48
219,55,1,46
219,55,0,29
219,32,1,55
219,16,1,39
219,69,0,55
219,37,1,36
219,20,0,69
219,32,1,56
219,47,1,49
219,12,0,49
219,16,0,59
219,38,0,54
219,71,1,38
219,18,1,39
219,2,0,26
219,21,1,47
219,52,0,36
219,63,1,39
219,50,1,37
219,34,0,53
219,30,0,38
219,2,0,50
219,52,1,58
219,28,1,62
219,42,1,30
219,69,0,45
219,43,1,47
219,1,1,54
219,7,1,43
219,63,1,58
219,0,1,50
219,65,1,51
219,13,1,20
219,36,1,45
219,25,1,23
219,52,0,9
219,7,0,47
219,22,1,44
219,7,1,66
219,43,1,39
219,55,1,57
219,0,1,70
219,55,1,30
219,25,1,43
219,46,1,14
219,9,0,29
219,64,1,20
219,10,1,54
219,57,1,52
220,49,0,77
220,47,1,70
220,9,0,107
220,39,0,53
220,36,0,54
220,52,0,9
220,40,0,16
220,70,0,63
220,64,1,17
220,11,1,61
220,66,0,110
220,20,0,19
220,17,0,52
220,5,0,71
220,42,1,74
220,38,0,70
220,10,1,88
220,17,0,19
220,32,0,37
220,40,0,79
220,36,1,58
220,41,0,52
220,46,1,43
220,11,1,39
220,9,0,60
220,62,0,63
220,46,1,49
220,19,0,39
220,48,0,95
220,11,0,41
220,3,1,77
220,66,0,67
220,34,1,42
220,47,1,70
220,70,0,65
220,27,1,70
220,4,0,74
220,35,1,68
220,45,0,61
220,49,1,89
220,38,0,82
220,13,0,89
220,64,0,80
220,28,0,97
220,42,0,32
220,67,0,38
220,41,0,60
220,14,1,44
220,69,0,69
220,64,0,49
220,16,0,51
220,14,0,72
220,8,0,43
220,4,0,106
220,68,0,103
220,4,0,56
220,15,0,87
220,65,0,95
220,5,0,49
220,3,0,110
220,61,0,87
220,61,0,47
220,53,0,36
220,21,1,58
220,65,0,84
220,44,0,58
220,26,1,50
220,24,0,94
220,9,1,59
220,40,0,28
220,25,0,59
220,8,0,74
221,58,0,76
221,46,1,16
221,32,0,64
221,8,1,21
221,29,1,25
221,22,1,49
221,2,0,24
221,12,1,34
221,44,1,32
221,24,0,25
221,45,0,48
221,13,0,52
221,58,0,75
221,49,0,60
221,29,1,25
221,21,1,36
221,3,1,27
221,67,0,37
221,59,1,49
221,1,1,75
221,7,1,38
221,22,1,72
221,35,0,42
221,36,1,58
221,27,1,56
221,35,1,34
221,16,1,40
221,21,0,55
221,7,0,25
221,52,0,33
221,18,0,49
221,12,1,20
221,25,1,48
221,54,0,60
221,18,0,59
221,25,1,55
221,29,1,61
221,22,1,50
221,18,1,62
221,6,1,44
221,10,0,48
221,29,1,25
221,31,1,44
221,11,1,48
221,49,0,35
221,50,0,59
221,6,1,47
221,32,1,39
221,67,0,49
221,39,1,59
221,70,0,24
221,10,1,40
221,55,1,25
221,68,1,54
221,34,0,38
221,9,0,33
221,44,0,60
221,56,0,64
221,44,0,35
221,46,1,36
221,70,1,62
221,63,0,47
221,14,1,38
221,2,0,57
221,23,0,33
221,63,0,58
221,7,1,35
221,22,1,56
221,56,0,49
221,20,1,28
221,25,0,28
221,34,0,40
222,20,1,40
222,64,0,46
222,22,0,48
222,46,1,50
222,37,0,41
222,10,0,24
222,57,1,57
222,16,0,51
222,8,0,56
222,18,0,44
222,35,1,43
222,37,0,53
222,42,0,51
222,69,0,38
222,35,1,69
222,44,0,69
222,64,1,59
222,65,0,41
222,62,1,46
222,36,1,35
222,39,1,62
222,1,1,42
222,13,1,37
222,0,1,45
222,9,0,50
222,13,0,45
222,38,0,37
222,4,0,46
222,31,0,27
222,39,1,53
222,57,0,30
222,53,0,59
222,29,0,34
222,50,0,34
222,25,1,26
222,31,0,44
222,12,1,69
222,28,0,47
222,35,1,52
222,30,0,56
222,13,0,47
222,41,1,51
222,16,0,46
222,28,1,39
222,8,1,49
222,32,1,11
222,48,1,48
222,5,0,57
222,38,0,44
222,41,1,39
222,56,0,32
222,37,1,48
222,22,1,77
222,37,1,39
222,58,0,45
222,24,1,36
222,37,1,19
222,29,0,51
222,55,0,21
222,21,0,68
222,38,0,17
222,71,1,42
222,52,0,43
222,54,0,37
222,30,1,25
222,1,0,55
222,3,0,29
222,29,1,42
222,42,0,47
222,24,0,55
222,67,1,41
222,12,0,31
223,23,1,68
223,64,0,30
223,4,1,42
223,7,1,62
223,44,0,41
223,33,0,54
223,6,1,29
223,5,1,40
223,5,0,45
223,17,0,50
223,41,0,32
223,58,0,55
223,33,0,46
223,8,1,42
223,26,1,33
223,4,1,62
223,56,1,54
223,10,0,46
223,66,1,38
223,23,0,34
223,23,0,48
223,62,1,54
223,2,0,31
223,33,1,62
223,51,1,27
223,68,0,50
223,7,1,44
223,61,1,42
223,28,0,23
223,41,0,28
223,65,0,21
223,51,0,34
223,16,0,64
223,42,0,25
223,15,0,41
223,69,0,40
223,42,0,38
223,32,1,54
223,61,0,36
223,33,0,62
223,37,1,32
223,65,0,38
223,66,0,65
223,44,1,67
223,8,1,34
223,44,1,56
223,45,1,61
223,12,0,53
223,49,0,16
223,45,1,53
223,45,1,49
223,0,0,13
223,66,0,63
223,38,0,47
223,53,1,74
223,9,0,31
223,9,1,23
223,9,0,39
223,18,1,45
223,29,0,31
223,26,1,38
223,60,1,16
223,8,0,61
223,56,0,5
223,66,1,64
223,50,1,43
223,24,0,47
223,53,0,55
223,65,0,53
223,58,1,96
223,21,1,60
223,55,1,63
224,14,1,32
224,10,1,50
224,15,1,22
224,26,1,28
224,40,1,40
224,30,1,36
224,10,1,37
224,49,1,37
224,8,1,22
224,38,1,28
224,24,0,27
224,2,0,29
224,31,1,32
224,41,1,19
224,17,1,38
224,34,1,37
224,14,1,22
224,16,1,32
224,21,1,27
224,40,0,26
224,30,1,23
224,10,1,19
224,64,1,34
224,17,0,30
224,42,1,38
224,71,1,36
224,64,1,21
224,39,1,33
224,34,1,41
224,12,1,9
224,38,1,45
224,59,1,22
224,27,1,16
224,30,1,19
224,52,0,13
224,26,1,36
224,9,0,33
224,12,0,16
224,44,1,16
224,68,1,28
224,0,1,36
224,51,1,33
224,51,1,25
224,70,1,33
224,8,1,29
224,36,1,36
224,28,1,36
224,71,1,33
224,20,1,36
224,66,1,9
224,23,1,33
224,14,1,40
224,35,1,30
224,41,1,34
224,31,1,19
224,40,0,28
224,5,0,33
224,60,0,54
224,50,0,20
224,65,1,49
224,49,1,38
224,71,1,32
224,53,1,38
224,33,0,20
224,22,1,21
224,8,1,36
224,56,0,17
224,17,1,33
224,47,1,26
224,38,1,56
224,27,1,41
224,63,0,6
225,56,1,25
225,19,1,25
225,11,1,69
225,23,1,44
225,37,1,32
225,25,0,35
225,32,0,50
225,22,1,56
225,45,1,50
225,50,1,46
225,14,1,65
225,59,0,40
225,57,0,56
225,24,1,48
225,47,1,82
225,9,0,65
225,34,0,33
225,60,0,63
225,34,1,40
225,42,0,29
225,5,1,35
225,36,1,32
225,40,0,47
225,5,1,31
225,21,0,27
225,26,1,58
225,32,0,35
225,1,1,45
225,6,1,45
225,64,1,46
225,59,0,29
225,1,1,58
225,20,0,62
225,12,0,32
225,11,1,48
225,46,1,35
225,27,1,64
225,30,1,49
225,52,0,59
225,54,0,41
225,29,0,16
225,59,1,20
225,25,0,52
225,12,1,73
225,58,0,36
225,68,1,16
225,20,0,37
225,37,1,40
225,6,1,45
225,9,1,73
225,24,0,35
225,29,0,21
225,31,1,60
225,7,0,48
225,71,1,70
225,0,1,32
225,54,0,22
225,13,0,40
225,54,0,62
225,25,0,55
225,29,1,41
225,63,1,47
225,56,1,44
225,44,0,33
225,2,1,30
225,52,0,60
225,13,0,29
225,64,0,43
225,7,1,56
225,27,1,51
225,57,1,61
225,12,1,46
226,3,0,47
226,40,1,16
226,20,1,76
226,5,1,83
226,51,1,45
226,25,1,29
226,8,0,47
226,70,0,43
226,65,1,43
226,8,1,23
226,62,0,55
226,59,1,41
226,50,1,46
226,6,1,65
226,13,0,43
226,56,0,60
226,11,1,52
226,22,1,38
226,31,1,59
226,8,1,52
226,36,1,56
226,38,0,46
226,7,0,20
226,19,1,59
226,65,1,44
226,18,1,50
226,61,0,60
226,48,1,55
226,7,0,36
226,32,0,26
226,17,0,37
226,0,0,40
226,24,1,19
226,10,1,54
226,5,0,36
226,14,0,39
226,71,0,54
226,37,1,48
226,3,1,50
226,13,0,50
226,5,1,46
226,27,0,41
226,39,0,51
226,71,1,25
226,29,0,55
226,17,1,51
226,17,1,44
226,29,0,23
226,15,0,7
226,19,1,45
226,7,1,35
226,50,1,26
226,30,0,44
226,38,0,50
226,43,0,45
226,5,1,50
226,4,1,44
226,46,1,57
226,71,0,36
226,40,1,16
226,6,0,40
226,33,0,36
226,22,1,56
226,70,0,27
226,64,0,15
226,48,1,35
226,64,0,55
226,63,1,29
226,50,0,58
226,57,1,25
226,47,0,21
226,71,1,49
227,22,0,74
227,35,1,41
227,18,0,49
227,39,1,59
227,40,0,58
227,0,0,70
227,5,1,87
227,55,1,46
227,6,0,79
227,49,0,41
227,36,0,43
227,43,0,33
227,55,0,65
227,62,0,58
227,11,0,42
227,14,0,59
227,50,0,79
227,1,0,68
227,55,0,83
227,68,0,84
227,12,0,93
227,11,0,50
227,4,0,22
227,14,1,77
227,24,0,41
227,34,1,61
227,43,0,59
227,67,0,41
227,16,0,78
227,49,0,65
227,15,0,104
227,51,0,56
227,54,0,45
227,56,0,77
227,55,0,77
227,39,0,58
227,31,1,52
227,59,1,51
227,32,0,99
227,66,0,44
227,13,0,89
227,58,0,50
227,67,0,90
227,35,0,28
227,3,0,22
227,8,0,61
227,17,0,45
227,45,0,78
227,51,0,75
227,5,0,28
227,59,1,33
227,27,0,56
227,15,0,65
227,58,1,20
227,21,0,60
227,37,1,70
227,40,0,49
227,30,0,88
227,48,0,51
227,25,0,48
227,25,1,18
227,10,0,62
227,26,1,89
227,22,0,61
227,8,0,69
227,62,0,41
227,0,0,18
227,20,1,51
227,26,0,59
227,30,1,71
227,8,0,78
227,15,1,63
228,26,0,49
228,71,0,80
228,53,0,78
228,68,0,67
228,24,1,66
228,8,0,51
228,9,0,49
228,8,0,52
228,14,1,70
228,63,0,80
228,19,0,109
228,67,0,58
228,23,1,88
228,6,0,66
228,8,0,62
228,54,0,56
228,59,0,61
228,67,0,75
228,0,0,72
228,31,0,78
228,0,0,39
228,11,0,66
228,62,0,45
228,4,1,31
228,69,0,68
228,40,0,79
228,21,0,75
228,57,0,28
228,45,0,70
228,15,0,57
228,71,0,69
228,70,0,97
228,14,1,30
228,17,1,48
228,60,0,75
228,50,0,52
228,69,0,79
228,9,0,43
228,66,0,46
228,21,0,38
228,41,1,97
228,22,0,36
228,38,0,37
228,1,0,72
228,42,0,88
228,13,0,29
228,44,0,72
228,68,1,67
228,7,1,94
228,68,0,41
228,16,0,53
228,68,1,49
228,33,0,62
228,32,0,65
228,23,0,50
228,50,0,88
228,37,0,20
228,32,0,31
228,23,0,27
228,40,0,86
228,38,0,70
228,28,0,84
228,26,0,46
228,30,0,73
228,10,0,42
228,62,0,63
228,26,1,50
228,18,0,66
228,71,0,70
228,8,0,76
228,55,0,72
228,25,0,50
229,41,0,31
229,34,1,44
229,57,1,31
229,3,1,66
229,53,1,34
229,70,0,31
229,8,1,39
229,8,0,26
229,20,1,60
229,31,1,33
229,56,1,49
229,56,1,54
229,12,0,53
229,40,0,24
229,15,0,54
229,53,1,61
229,16,0,42
229,30,0,33
229,58,1,34
229,30,0,41
229,40,0,29
229,10,1,50
229,16,0,26
229,22,1,51
229,54,1,33
229,2,0,50
229,3,0,51
229,16,1,37
229,25,1,47
229,57,0,22
229,70,1,33
229,43,1,63
229,43,1,44
229,62,1,41
229,19,1,42
229,18,0,49
229,10,1,73
229,17,1,43
229,19,1,32
229,55,1,12
229,22,0,30
229,40,0,39
229,70,1,34
229,64,0,68
229,21,1,27
229,32,0,41
229,55,1,12
229,69,1,41
229,62,0,37
229,49,0,45
229,10,0,40
229,6,1,19
229,8,1,62
229,41,0,42
229,31,1,62
229,42,0,44
229,40,0,87
229,44,1,9
229,26,0,51
229,69,1,33
229,64,1,55
229,70,1,45
229,11,0,27
229,31,1,42
229,43,1,42
229,48,1,50
229,45,1,37
229,34,0,62
229,53,1,56
229,68,1,55
229,63,1,45
229,43,0,42
230,44,1,90
230,23,1,90
230,64,0,60
230,67,0,68
230,24,0,58
230,23,1,54
230,21,0,59
230,12,0,68
230,7,0,77
230,4,1,77
230,8,1,68
230,39,1,53
230,11,0,83
230,14,0,70
230,30,0,59
230,61,0,59
230,20,0,74
230,62,0,43
230,64,0,38
230,41,0,39
230,69,0,102
230,23,0,50
230,33,1,48
230,48,0,86
230,46,0,101
230,67,0,59
230,64,0,55
230,54,0,35
230,20,0,56
230,2,0,27
230,67,0,32
230,68,0,49
230,20,1,51
230,29,0,55
230,50,0,65
230,5,1,40
230,52,0,31
230,36,0,65
230,30,0,53
230,40,0,28
230,42,0,53
230,54,0,48
230,57,1,60
230,29,0,68
230,6,0,47
230,38,0,82
230,24,1,40
230,36,0,99
230,35,1,64
230,28,0,34
230,60,0,34
230,25,0,63
230,65,1,53
230,10,0,62
230,22,1,41
230,31,1,60
230,59,1,45
230,31,0,79
230,2,0,38
230,51,1,69
230,56,0,73
230,31,0,35
230,66,1,54
230,36,0,64
230,31,0,76
230,56,0,43
230,39,0,63
230,37,0,22
230,4,0,66
230,14,1,44
230,11,1,95
230,7,0,74
231,48,1,33
231,28,0,26
231,46,1,41
231,31,1,50
231,6,0,39
231,68,1,56
231,4,0,35
231,12,1,26
231,66,0,58
231,45,0,34
231,18,1,45
231,66,1,54
231,56,1,21
231,55,1,43
231,36,0,55
231,17,0,20
231,67,1,30
231,34,0,40
231,65,1,20
231,2,1,59
231,14,1,47
231,1,1,20
231,33,0,18
231,3,0,32
231,3,1,50
231,3,0,36
231,28,0,55
231,40,0,14
231,11,1,5
231,59,1,52
231,65,0,42
231,68,1,38
231,37,0,47
231,2,0,32
231,44,1,24
231,11,1,48
231,26,0,32
231,55,1,16
231,48,1,38
231,70,1,15
231,2,0,41
231,57,1,49
231,28,0,23
231,51,1,29
231,38,1,29
231,2,1,39
231,68,1,29
231,42,0,38
231,18,1,30
231,29,1,82
231,36,1,31
231,21,0,19
231,23,1,42
231,35,1,55
231,27,1,47
231,24,0,30
231,56,1,53
231,26,1,28
231,4,1,41
231,17,0,47
231,40,0,14
231,13,0,30
231,31,0,46
231,69,0,62
231,8,0,42
231,60,1,32
231,4,1,51
231,9,0,19
231,20,0,30
231,0,0,42
231,3,1,45
231,16,1,38
232,37,1,46
232,49,0,44
232,35,0,12
232,22,0,65
232,42,0,55
232,21,0,75
232,32,0,38
232,50,0,39
232,65,0,49
232,64,0,51
232,45,1,38
232,35,0,49
232,71,0,68
232,64,0,36
232,49,0,58
232,26,1,45
232,34,0,59
232,8,0,64
232,47,1,67
232,63,0,98
232,68,0,60
232,16,0,49
232,69,1,62
232,12,0,27
232,34,0,76
232,29,0,96
232,13,0,47
232,24,0,43
232,40,0,40
232,36,0,94
232,33,0,81
232,71,1,42
232,31,0,50
232,69,1,97
232,8,1,86
232,39,1,56
232,29,0,73
232,48,0,39
232,68,0,59
232,48,0,77
232,41,0,70
232,33,1,66
232,71,0,53
232,69,0,85
232,36,0,18
232,10,1,23
232,29,0,69
232,6,1,77
232,20,0,73
232,19,0,75
232,49,0,16
232,27,1,52
232,60,0,42
232,17,0,58
232,28,0,40
232,65,0,40
232,23,1,45
232,3,0,45
232,63,0,62
232,51,1,70
232,3,0,99
232,57,0,29
232,8,1,36
232,62,0,74
232,63,0,56
232,19,0,79
232,33,0,89
232,69,1,46
232,39,1,79
232,43,1,71
232,43,0,108
232,29,0,65
233,35,0,57
233,25,1,46
233,12,0,60
233,35,1,17
233,29,1,47
233,20,0,59
233,46,0,22
233,61,0,58
233,33,0,66
233,57,0,72
233,32,0,68
233,8,0,79
233,49,0,54
233,31,0,50
233,64,0,59
233,21,1,81
233,68,0,59
233,44,1,53
233,3,1,33
233,28,0,67
233,53,0,90
233,56,0,83
233,23,0,37
233,28,1,69
233,18,0,97
233,2,1,73
233,14,0,86
233,65,0,59
233,28,0,53
233,5,0,49
233,27,0,52
233,39,0,66
233,41,1,64
233,7,0,81
233,50,0,29
233,36,1,76
233,27,0,42
233,14,1,93
233,17,1,26
233,7,1,83
233,58,0,63
233,44,1,75
233,3,1,31
233,32,0,82
233,15,0,43
233,39,1,58
233,68,1,60
233,8,0,43
233,57,1,44
233,2,1,38
233,15,0,86
233,22,0,41
233,47,0,62
233,4,0,40
233,37,1,68
233,42,1,39
233,8,0,81
233,22,0,77
233,3,1,57
233,3,0,59
233,70,0,68
233,66,0,65
233,37,1,105
233,13,0,75
233,5,1,21
233,70,0,78
233,7,0,29
233,57,1,61
233,44,0,57
233,15,0,64
233,69,0,81
233,8,1,75
234,38,0,62
234,71,1,42
234,44,0,38
234,13,0,57
234,59,1,13
234,32,1,53
234,44,1,50
234,63,1,66
234,51,0,43
234,42,0,20
234,70,1,69
234,44,0,49
234,23,0,53
234,24,0,49
234,29,1,43
234,44,1,76
234,17,0,73
234,71,1,51
234,21,1,47
234,6,1,39
234,19,1,26
234,16,1,58
234,52,1,34
234,34,0,25
234,41,0,58
234,48,1,62
234,11,1,34
234,70,0,44
234,15,0,31
234,62,1,40
234,42,0,68
234,10,0,40
234,53,0,33
234,0,1,66
234,46,0,46
234,28,0,17
234,50,0,55
234,45,1,50
234,39,1,32
234,11,0,46
234,60,1,40
234,34,0,67
234,43,0,43
234,47,1,41
234,8,1,64
234,61,1,40
234,5,0,33
234,17,0,46
234,66,0,39
234,30,1,34
234,32,0,39
234,21,1,21
234,36,0,54
234,34,1,50
234,9,0,46
234,29,0,42
234,40,1,42
234,60,0,55
234,13,0,42
234,50,0,40
234,25,1,50
234,15,0,26
234,44,1,67
234,24,0,44
234,51,0,24
234,65,1,55
234,15,0,42
234,59,1,52
234,26,1,31
234,40,0,7
234,43,1,76
234,39,1,54
235,71,0,63
235,6,1,25
235,35,1,41
235,39,1,51
235,36,1,33
235,49,1,37
235,5,1,82
235,18,1,31
235,71,1,16
235,44,1,29
235,23,0,30
235,68,1,41
235,4,0,43
235,23,1,51
235,11,1,28
235,29,1,37
235,70,1,40
235,34,0,55
235,35,1,50
235,0,0,34
235,49,1,51
235,63,1,62
235,44,0,31
235,7,0,27
235,11,1,43
235,20,1,35
235,38,1,22
235,46,1,41
235,25,1,26
235,59,1,57
235,69,0,59
235,64,0,41
235,1,1,21
235,67,1,29
235,67,0,25
235,49,1,64
235,71,1,11
235,5,1,40
235,18,0,47
235,13,0,41
235,60,0,45
235,62,0,76
235,59,0,39
235,71,1,9
235,14,1,48
235,6,0,56
235,31,1,50
235,34,0,62
235,40,0,61
235,33,0,22
235,4,0,28
235,58,1,56
235,14,1,81
235,17,1,51
235,60,0,45
235,31,1,38
235,8,0,27
235,2,0,36
235,26,1,50
235,68,1,35
235,55,0,59
235,41,1,43
235,14,1,40
235,53,1,63
235,45,0,39
235,18,0,39
235,60,0,28
235,11,1,35
235,15,0,48
235,68,0,50
235,61,1,36
235,27,1,32
236,65,1,72
236,34,1,61
236,15,0,43
236,50,1,29
236,59,0,79
236,18,1,51
236,4,0,24
236,14,1,35
236,59,0,86
236,69,1,58
236,43,1,113
236,35,0,35
236,64,0,69
236,29,0,37
236,17,0,78
236,38,1,18
236,70,0,90
236,68,1,58
236,47,1,66
236,9,0,65
236,58,0,65
236,18,0,50
236,29,0,46
236,62,1,80
236,22,1,95
236,21,1,55
236,26,1,45
236,49,1,44
236,19,1,59
236,19,0,24
236,59,1,24
236,55,0,51
236,66,0,63
236,45,0,98
236,15,0,28
236,10,0,23
236,63,1,48
236,67,0,91
236,34,0,52
236,47,1,43
236,35,1,76
236,58,0,101
236,46,0,73
236,47,0,47
236,5,0,64
236,12,0,24
236,60,0,64
236,38,0,41
236,30,0,84
236,55,1,86
236,51,0,18
236,23,0,90
236,54,0,48
236,55,0,90
236,18,0,91
236,0,0,35
236,40,0,64
236,48,1,65
236,36,1,91
236,8,0,43
236,62,0,69
236,11,1,59
236,48,1,62
236,36,1,68
236,48,1,41
236,6,0,96
236,52,0,79
236,43,1,45
236,68,0,69
236,66,1,70
236,43,0,59
236,66,0,70
237,68,0,46
237,11,1,60
237,1,1,42
237,19,1,24
237,5,0,23
237,13,1,52
237,68,0,57
237,7,1,45
237,44,0,33
237,13,0,37
237,2,0,54
237,54,0,38
237,65,1,46
237,24,0,25
237,62,1,52
237,29,1,19
237,17,1,42
237,56,1,33
237,61,1,43
237,9,1,32
237,33,0,50
237,53,0,48
237,34,0,43
237,54,0,23
237,64,1,74
237,44,1,28
237,26,1,31
237,43,1,27
237,11,1,49
237,57,0,12
237,34,0,22
237,32,0,72
237,24,0,23
237,1,1,30
237,40,0,56
237,13,0,43
237,29,0,32
237,1,1,19
237,19,1,64
237,24,1,16
237,22,1,38
237,11,1,24
237,58,1,31
237,21,1,35
237,24,0,40
237,26,1,39
237,1,0,65
237,11,0,52
237,2,0,35
237,54,0,40
237,35,1,45
237,62,1,38
237,11,0,39
237,50,1,17
237,1,1,44
237,54,0,30
237,1,1,43
237,29,1,26
237,41,1,39
237,66,1,49
237,22,1,47
237,13,0,53
237,58,0,33
237,65,1,47
237,50,0,53
237,34,0,25
237,21,1,32
237,38,1,26
237,29,1,41
237,71,1,29
237,13,0,55
237,64,1,22
238,8,1,29
238,30,1,33
238,10,1,13
238,25,1,30
238,38,1,21
238,43,1,21
238,67,1,31
238,69,1,21
238,27,1,41
238,32,1,24
238,16,1,24
238,47,1,31
238,52,0,49
238,8,1,27
238,63,1,25
238,54,1,32
238,22,1,31
238,16,1,27
238,11,1,23
238,23,1,21
238,11,1,42
238,21,1,30
238,54,1,37
238,23,1,28
238,70,1,35
238,14,1,20
238,70,0,39
238,14,1,16
238,40,0,29
238,66,1,42
238,0,1,15
238,24,0,17
238,24,1,30
238,3,1,20
238,71,0,34
238,8,1,21
238,38,1,19
238,2,1,31
238,23,1,14
238,35,1,27
238,59,1,29
238,48,1,44
238,3,1,31
238,48,1,37
238,10,1,33
238,46,1,45
238,61,1,31
238,2,1,24
238,19,1,40
238,21,1,47
238,41,1,30
238,43,1,41
238,28,1,25
238,19,1,26
238,51,1,33
238,27,1,23
238,66,0,15
238,47,1,21
238,14,1,22
238,0,1,35
238,62,0,47
238,9,0,36
238,16,1,28
238,50,1,30
238,5,1,20
238,31,1,40
238,71,1,25
238,23,1,32
238,57,1,30
238,26,0,23
238,31,1,35
238,19,1,20
239,53,1,56
239,10,0,42
239,7,1,37
239,22,1,45
239,25,1,45
239,11,0,34
239,28,0,35
239,38,1,62
239,3,1,60
239,43,1,53
239,64,0,63
239,27,1,33
239,62,1,39
239,26,1,49
239,37,0,30
239,68,1,52
239,44,1,27
239,31,1,37
239,41,0,30
239,22,1,38
239,55,1,21
239,66,1,44
239,5,0,32
239,2,0,42
239,61,1,54
239,12,0,53
239,61,1,27
239,61,0,49
239,42,0,62
239,15,1,36
239,65,0,41
239,57,1,50
239,25,1,63
239,68,1,40
239,66,0,29
239,36,1,55
239,66,0,40
239,63,0,31
239,13,0,50
239,21,1,48
239,60,1,37
239,70,0,38
239,58,1,25
239,66,1,46
239,5,0,48
239,26,0,50
239,43,1,32
239,19,0,52
239,6,1,60
239,71,1,69
239,13,0,12
239,10,1,52
239,4,1,32
239,54,0,47
239,15,1,64
239,46,0,57
239,69,0,38
239,30,1,38
239,14,1,36
239,5,1,46
239,54,0,63
239,58,1,49
239,17,0,50
239,40,0,24
239,2,0,35
239,1,1,52
239,43,1,45
239,11,1,42
239,10,0,50
239,39,1,35
239,62,0,79
239,51,1,23
240,44,1,63
240,35,0,36
240,21,0,48
240,2,0,55
240,68,0,24
240,28,0,95
240,55,1,89
240,42,0,80
240,64,1,62
240,60,0,117
240,66,0,55
240,33,0,58
240,47,0,64
240,11,0,73
240,44,0,45
240,7,1,60
240,56,0,56
240,47,0,77
240,21,0,106
240,3,0,25
240,57,0,68
240,58,1,48
240,30,0,93
240,44,0,87
240,61,0,52
240,57,0,47
240,64,0,67
240,68,1,47
240,5,0,77
240,69,1,59
240,1,1,40
240,36,0,76
240,2,0,58
240,3,0,92
240,48,0,69
240,14,1,65
240,66,1,76
240,51,0,87
240,20,0,104
240,64,0,78
240,8,0,66
240,0,0,61
240,44,0,59
240,69,0,42
240,69,0,42
240,41,0,18
240,54,0,43
240,55,1,56
240,2,0,55
240,14,0,39
240,28,0,78
240,15,0,115
240,13,0,81
240,40,0,66
240,29,0,58
240,30,0,13
240,60,0,69
240,71,1,53
240,33,0,54
240,67,0,73
240,26,0,51
240,47,1,37
240,47,0,54
240,37,0,46
240,51,0,77
240,27,0,62
240,50,1,43
240,4,0,59
240,4,1,61
240,57,0,52
240,64,0,85
240,31,1,31
241,49,0,82
241,53,0,48
241,42,0,40
241,5,0,76
241,45,1,49
241,10,1,56
241,25,1,80
241,18,0,69
241,70,0,62
241,32,0,34
241,30,0,51
241,50,1,74
241,12,0,84
241,48,0,106
241,56,0,61
241,16,1,92
241,54,1,79
241,52,0,71
241,68,0,49
241,46,1,66
241,19,0,22
241,25,1,23
241,26,1,70
241,60,1,68
241,70,0,93
241,41,0,37
241,62,1,48
241,20,0,50
241,30,0,83
241,59,0,84
241,67,0,38
241,3,0,73
241,25,0,44
241,38,0,34
241,14,0,38
241,56,0,62
241,59,0,62
241,66,1,69
241,34,0,85
241,63,1,67
241,66,0,69
241,12,0,63
241,59,0,36
241,4,0,40
241,10,0,49
241,1,0,54
241,36,0,51
241,20,0,72
241,3,0,68
241,28,0,70
241,32,1,81
241,45,0,87
241,45,0,33
241,4,0,65
241,11,1,69
241,32,1,48
241,12,0,29
241,22,0,47
241,68,0,95
241,1,0,77
241,66,0,38
241,25,1,65
241,70,0,72
241,36,0,77
241,34,0,51
241,53,0,54
241,16,0,75
241,34,0,25
241,52,1,36
241,18,1,50
241,61,0,72
241,37,0,41
242,32,0,13
242,17,1,22
242,71,0,14
242,53,0,32
242,44,0,47
242,54,0,19
242,35,0,9
242,21,1,41
242,60,0,27
242,41,0,16
242,42,0,26
242,45,1,17
242,8,1,35
242,1,0,21
242,60,0,14
242,27,1,19
242,8,0,23
242,16,0,34
242,47,1,11
242,37,0,33
242,67,0,50
242,20,0,24
242,33,1,5
242,49,1,27
242,21,1,24
242,47,0,21
242,25,0,33
242,42,0,28
242,54,1,24
242,33,1,29
242,10,0,20
242,52,0,34
242,32,1,27
242,45,0,17
242,45,0,28
242,3,1,19
242,24,0,25
242,7,1,42
242,53,1,19
242,49,0,35
242,29,0,14
242,24,0,19
242,11,0,29
242,71,0,17
242,17,0,29
242,29,1,30
242,57,1,23
242,34,1,5
242,6,0,31
242,59,0,20
242,8,1,43
242,8,0,22
242,66,0,18
242,59,0,41
242,22,1,30
242,58,0,25
242,31,1,5
242,32,0,42
242,23,1,28
242,29,0,20
242,60,0,12
242,22,1,30
242,64,0,21
242,61,0,24
242,20,1,35
242,46,1,28
242,18,1,21
242,68,0,16
242,49,0,19
242,69,0,7
242,25,0,36
242,5,0,12
243,31,1,46
243,32,0,19
243,19,1,22
243,22,1,21
243,28,0,29
243,67,0,16
243,63,0,32
243,40,0,23
243,60,0,22
243,70,0,5
243,47,1,23
243,7,0,35
243,64,0,36
243,43,1,30
243,22,1,20
243,39,0,10
243,45,1,32
243,29,0,6
243,50,0,10
243,53,0,34
243,37,1,29
243,6,0,19
243,28,0,24
243,17,0,20
243,48,1,25
243,36,1,22
243,47,1,21
243,15,1,30
243,6,0,25
243,62,0,9
243,45,0,23
243,56,0,15
243,39,0,22
243,18,1,39
243,37,0,8
243,66,0,34
243,45,0,40
243,13,0,36
243,41,1,16
243,39,1,25
243,15,0,22
243,59,0,17
243,45,1,24
243,13,0,14
243,12,1,26
243,69,0,16
243,20,1,31
243,11,1,13
243,60,1,20
243,32,1,24
243,57,0,23
243,20,1,32
243,50,0,25
243,43,1,34
243,11,0,20
243,70,1,15
243,58,0,17
243,12,0,12
243,11,1,29
243,26,0,22
243,43,1,24
243,63,0,23
243,41,1,29
243,62,0,14
243,69,0,22
243,8,1,17
243,5,0,38
243,11,0,29
243,25,1,31
243,1,0,34
243,7,0,18
243,49,1,21
244,50,0,21
244,66,0,30
244,20,1,21
244,24,0,23
244,13,0,25
244,32,1,34
244,40,0,16
244,32,1,27
244,17,0,30
244,47,1,23
244,14,1,38
244,16,1,23
244,25,1,9
244,5,1,14
244,6,1,41
244,37,1,21
244,52,0,24
244,54,0,32
244,64,1,34
244,63,0,14
244,57,1,38
244,1,1,21
244,44,1,6
244,46,1,28
244,68,1,14
244,20,1,29
244,11,1,36
244,47,1,30
244,63,0,35
244,11,1,41
244,5,1,17
244,6,1,37
244,70,0,33
244,30,0,11
244,47,1,22
244,12,1,18
244,53,0,12
244,1,1,21
244,24,1,36
244,66,0,39
244,51,0,26
244,66,0,25
244,43,1,5
244,33,0,29
244,40,0,40
244,6,1,25
244,12,0,16
244,66,1,43
244,50,0,27
244,35,0,27
244,6,0,24
244,51,1,22
244,5,1,35
244,68,1,19
244,26,1,29
244,23,0,12
244,65,1,23
244,34,0,36
244,41,0,22
244,56,1,25
244,66,1,31
244,11,1,7
244,45,1,30
244,42,0,29
244,58,1,33
244,5,1,17
244,56,1,27
244,23,1,29
244,17,1,18
244,26,1,22
244,64,0,30
244,66,0,23
245,51,1,62
245,12,1,24
245,31,0,52
245,6,0,76
245,25,1,47
245,20,0,66
245,23,0,49
245,37,1,52
245,43,1,29
245,3,1,28
245,45,1,93
245,22,1,89
245,4,1,39
245,47,0,26
245,47,0,62
245,67,0,55
245,53,0,41
245,54,1,48
245,30,0,17
245,11,1,65
245,68,0,56
245,49,0,38
245,47,1,44
245,2,1,75
245,20,0,77
245,4,1,44
245,65,1,53
245,31,1,35
245,4,0,100
245,56,0,46
245,57,1,70
245,45,1,23
245,10,1,55
245,45,0,51
245,38,1,88
245,36,0,38
245,16,0,73
245,36,1,78
245,58,1,89
245,30,0,80
245,37,1,64
245,71,1,29
245,16,0,87
245,30,0,44
245,18,1,83
245,66,1,47
245,11,0,29
245,29,0,59
245,38,0,34
245,50,0,72
245,48,0,73
245,42,1,45
245,16,0,61
245,15,0,17
245,56,0,54
245,10,1,102
245,1,0,78
245,50,0,72
245,34,1,56
245,15,0,61
245,28,0,63
245,14,1,53
245,56,0,96
245,69,0,79
245,7,0,29
245,40,1,34
245,64,0,55
245,11,0,51
245,58,0,89
245,31,1,83
245,70,0,85
245,42,0,91
246,3,0,35
246,4,1,37
246,36,1,51
246,17,1,18
246,64,0,54
246,60,1,65
246,5,1,56
246,13,1,37
246,57,0,29
246,11,1,55
246,21,0,48
246,63,0,36
246,58,0,28
246,36,0,43
246,50,1,38
246,61,1,36
246,10,0,26
246,25,0,31
246,11,1,32
246,37,1,18
246,46,1,76
246,15,1,47
246,48,0,59
246,40,0,42
246,63,0,54
246,28,1,37
246,45,0,33
246,28,1,54
246,4,1,16
246,55,1,16
246,3,1,31
246,49,1,50
246,40,0,58
246,35,0,45
246,30,1,52
246,56,0,40
246,40,0,51
246,53,0,29
246,68,1,34
246,52,0,67
246,22,1,32
246,56,1,20
246,60,1,49
246,16,0,37
246,51,0,51
246,69,0,28
246,63,0,52
246,1,1,37
246,43,1,62
246,29,0,25
246,56,0,18
246,42,0,50
246,53,0,38
246,2,0,41
246,6,1,52
246,70,1,58
246,37,0,43
246,21,0,78
246,59,1,28
246,30,1,39
246,4,1,61
246,71,0,18
246,54,0,36
246,67,0,26
246,10,0,41
246,44,1,53
246,66,1,44
246,30,0,38
246,68,1,32
246,12,0,66
246,17,1,52
246,43,1,39
247,60,1,64
247,10,0,59
247,28,1,54
247,31,1,26
247,4,0,59
247,59,1,59
247,35,1,52
247,47,1,15
247,20,0,54
247,11,0,61
247,15,0,23
247,19,1,37
247,4,0,37
247,58,0,64
247,58,0,54
247,46,1,46
247,9,0,44
247,6,1,50
247,69,0,53
247,71,1,32
247,20,1,30
247,56,1,39
247,61,0,78
247,0,1,44
247,53,0,35
247,42,0,48
247,42,0,47
247,4,1,52
247,66,1,35
247,30,0,32
247,64,0,22
247,71,0,41
247,56,0,38
247,11,1,49
247,27,1,28
247,10,1,38
247,67,1,30
247,19,1,62
247,23,0,40
247,18,1,38
247,30,1,57
247,46,1,35
247,49,1,51
247,30,0,45
247,28,1,58
247,33,1,63
247,4,0,37
247,44,1,38
247,13,0,41
247,53,1,59
247,42,0,26
247,55,1,43
247,3,1,29
247,66,1,57
247,10,0,15
247,61,1,30
247,8,1,44
247,52,1,34
247,70,0,46
247,7,1,43
247,47,1,28
247,12,0,13
247,46,1,39
247,3,0,76
247,4,0,37
247,29,0,16
247,7,1,27
247,12,1,21
247,29,1,80
247,52,0,37
247,53,1,63
247,26,1,26
248,52,1,31
248,31,1,40
248,3,1,31
248,63,1,23
248,62,1,17
248,61,0,41
248,10,1,44
248,2,1,36
248,62,1,44
248,66,1,11
248,21,1,27
248,47,1,48
248,44,1,45
248,52,1,32
248,71,1,7
248,29,1,19
248,27,1,9
248,55,1,23
248,52,1,13
248,5,1,32
248,50,1,15
248,22,1,36
248,37,1,15
248,33,0,25
248,3,1,24
248,15,0,32
248,64,1,26
248,67,1,35
248,52,0,29
248,61,1,18
248,7,1,40
248,6,1,6
248,22,1,48
248,69,1,25
248,31,1,17
248,48,1,34
248,35,1,11
248,17,0,24
248,50,1,26
248,70,1,41
248,11,0,32
248,40,0,23
248,15,1,19
248,70,0,20
248,3,1,34
248,9,0,10
248,20,1,50
248,36,1,45
248,62,1,28
248,14,1,38
248,17,1,13
248,57,1,37
248,56,1,41
248,39,1,37
248,6,1,15
248,49,1,40
248,25,1,22
248,0,1,37
248,50,1,12
248,37,1,15
248,40,1,40
248,65,1,5
248,15,0,41
248,67,0,43
248,34,1,19
248,7,1,42
248,3,1,39
248,31,1,25
248,28,1,12
248,41,1,25
248,47,1,37
248,36,1,28
249,59,0,15
249,4,1,11
249,31,0,14
249,44,1,19
249,18,0,25
249,53,1,31
249,28,0,39
249,25,1,30
249,54,0,17
249,23,1,12
249,37,0,19
249,4,0,20
249,6,1,25
249,57,0,22
249,63,0,25
249,67,1,11
249,24,1,37
249,37,0,20
249,1,0,26
249,20,1,40
249,1,0,39
249,58,0,33
249,38,0,16
249,66,1,33
249,1,1,19
249,10,0,34
249,62,0,28
249,13,0,56
249,71,0,22
249,47,1,33
249,63,1,14
249,28,1,18
249,61,0,30
249,64,1,23
249,42,0,17
249,11,0,16
249,64,1,22
249,68,0,20
249,7,1,31
249,44,0,18
249,47,1,41
249,1,1,51
249,33,0,5
249,36,1,27
249,50,0,27
249,40,0,5
249,18,0,37
249,4,0,5
249,1,0,39
249,23,1,18
249,5,1,28
249,10,0,5
249,68,1,6
249,1,0,41
249,8,1,35
249,60,0,26
249,31,0,16
249,2,0,47
249,63,0,33
249,18,0,26
249,66,0,32
249,12,0,39
249,40,0,35
249,9,0,36
249,42,0,29
249,39,1,38
249,51,1,27
249,69,0,9
249,33,0,28
249,35,1,28
249,25,1,13
249,16,0,32
250,51,0,27
250,60,0,60
250,22,1,42
250,39,1,41
250,33,1,52
250,39,1,49
250,12,1,50
250,64,1,35
250,42,0,34
250,36,0,53
250,5,0,49
250,69,1,32
250,1,0,49
250,51,0,19
250,46,1,33
250,61,0,25
250,16,0,65
250,36,0,76
250,45,1,38
250,67,0,39
250,21,1,47
250,12,0,28
250,69,1,5
250,47,1,44
250,31,0,34
250,55,1,45
250,30,0,25
250,60,0,44
250,34,0,37
250,45,0,59
250,45,1,38
250,16,0,46
250,58,0,26
250,70,0,23
250,13,0,50
250,52,0,32
250,43,0,48
250,18,0,38
250,30,1,48
250,47,0,36
250,45,1,23
250,55,1,41
250,48,1,55
250,64,0,36
250,0,0,48
250,70,1,31
250,51,1,32
250,50,0,60
250,54,0,54
250,29,0,22
250,5,1,65
250,42,1,34
250,53,0,7
250,52,0,27
250,6,1,52
250,8,0,49
250,63,1,40
250,36,0,41
250,56,0,80
250,42,0,36
250,63,1,80
250,65,0,40
250,27,1,40
250,52,0,49
250,67,1,10
250,6,1,72
250,62,1,75
250,9,1,56
250,38,0,58
250,63,0,39
250,8,0,40
250,67,0,45
251,10,1,27
251,41,1,26
251,10,0,26
251,34,1,10
251,18,1,42
251,3,1,27
251,35,1,34
251,40,0,21
251,22,1,33
251,8,1,16
251,38,0,18
251,52,1,27
251,63,1,50
251,11,1,34
251,46,1,21
251,52,1,47
251,36,1,35
251,37,0,8
251,41,0,25
251,69,1,41
251,27,1,40
251,13,0,23
251,71,1,35
251,43,1,30
251,4,1,46
251,63,1,41
251,27,1,8
251,56,1,41
251,51,1,25
251,52,0,42
251,48,1,40
251,41,1,21
251,21,1,38
251,66,1,15
251,40,0,11
251,3,1,28
251,14,1,24
251,57,1,23
251,43,1,11
251,19,1,33
251,55,0,42
251,6,1,28
251,3,1,39
251,57,1,35
251,18,1,19
251,0,1,32
251,30,1,47
251,52,0,38
251,5,1,35
251,7,1,33
251,24,1,43
251,34,1,15
251,35,1,52
251,39,1,27
251,41,1,26
251,14,1,21
251,1,1,25
251,34,1,35
251,12,1,29
251,28,0,10
251,50,1,20
251,19,1,7
251,38,1,35
251,29,1,40
251,60,1,34
251,68,1,25
251,4,1,27
251,59,1,38
251,68,1,22
251,68,1,43
251,26,1,23
251,31,0,30
252,26,1,8
252,14,1,31
252,20,0,22
252,13,1,20
252,41,1,38
252,51,1,32
252,51,1,26
252,22,0,7
252,55,1,11
252,70,0,26
252,16,0,18
252,71,1,24
252,10,0,24
252,53,0,30
252,44,0,8
252,28,1,17
252,39,1,37
252,24,0,30
252,53,0,21
252,54,0,11
252,32,0,6
252,43,1,37
252,30,1,33
252,8,1,22
252,47,1,20
252,52,0,9
252,14,1,29
252,31,1,19
252,17,1,29
252,46,1,21
252,25,1,32
252,1,0,21
252,42,0,27
252,19,1,8
252,0,1,29
252,38,1,18
252,22,1,24
252,20,0,23
252,12,0,27
252,55,1,49
252,24,0,10
252,15,1,12
252,6,1,25
252,66,0,44
252,69,1,39
252,68,0,24
252,5,1,30
252,34,1,28
252,56,0,18
252,46,1,14
252,27,1,24
252,11,1,28
252,32,1,10
252,59,1,28
252,28,0,18
252,55,1,40
252,9,0,17
252,36,0,31
252,53,0,29
252,64,0,35
252,6,1,33
252,39,1,19
252,0,1,26
252,12,0,24
252,5,1,9
252,64,1,29
252,3,1,23
252,1,1,43
252,31,0,9
252,5,1,30
252,58,0,19
252,36,1,27
253,0,0,30
253,30,1,28
253,19,1,29
253,60,0,36
253,32,0,39
253,37,1,37
253,33,1,18
253,42,0,29
253,13,1,25
253,54,1,32
253,11,1,22
253,50,1,7
253,45,1,22
253,67,1,11
253,24,1,30
253,70,1,28
253,69,1,20
253,50,1,17
253,39,1,47
253,38,1,36
253,24,1,31
253,30,1,28
253,62,1,9
253,24,0,38
253,50,0,35
253,57,1,15
253,68,1,20
253,35,0,24
253,46,1,27
253,27,1,32
253,40,0,24
253,2,0,43
253,55,1,22
253,55,0,30
253,30,1,36
253,63,1,31
253,25,1,40
253,28,1,16
253,1,1,49
253,32,1,21
253,30,1,42
253,33,1,27
253,7,1,23
253,9,1,49
253,20,1,28
253,6,1,36
253,38,0,23
253,47,1,19
253,44,0,22
253,43,1,28
253,70,1,15
253,42,1,22
253,9,0,34
253,49,1,44
253,32,1,22
253,44,1,28
253,23,1,7
253,26,1,25
253,48,0,29
253,52,1,32
253,26,1,21
253,31,1,35
253,1,1,26
253,48,1,16
253,68,1,28
253,68,1,49
253,23,1,42
253,0,0,22
253,49,1,21
253,59,1,32
253,70,0,16
253,18,0,46
254,22,1,16
254,51,1,24
254,58,1,31
254,69,1,20
254,71,1,31
254,71,1,30
254,50,0,43
254,24,1,36
254,38,1,36
254,53,0,36
254,69,1,33
254,16,1,26
254,54,0,21
254,26,1,22
254,39,1,46
254,37,1,14
254,22,1,35
254,26,1,21
254,50,1,28
254,3,0,19
254,17,1,21
254,53,1,36
254,30,1,25
254,32,0,27
254,28,1,46
254,3,0,19
254,43,1,23
254,35,1,27
254,41,1,24
254,5,1,29
254,10,1,40
254,3,0,27
254,55,0,39
254,68,1,34
254,57,1,49
254,25,1,33
254,14,1,35
254,47,1,41
254,39,1,6
254,2,1,36
254,36,1,16
254,68,1,15
254,65,0,33
254,16,0,31
254,56,0,23
254,34,1,18
254,56,1,34
254,15,0,17
254,69,1,21
254,20,1,48
254,17,1,38
254,47,1,29
254,57,1,50
254,33,1,19
254,44,1,28
254,71,1,23
254,64,0,38
254,38,1,45
254,39,1,26
254,48,0,19
254,64,1,34
254,29,0,33
254,62,1,5
254,58,1,17
254,65,1,34
254,65,1,50
254,0,0,30
254,37,1,23
254,35,1,26
254,20,1,36
254,59,1,37
254,49,1,27
255,59,0,51
255,23,0,71
255,59,1,82
255,60,0,28
255,5,1,79
255,13,0,64
255,49,0,30
255,21,1,46
255,34,0,49
255,28,1,62
255,39,1,13
255,36,0,80
255,22,0,53
255,11,1,47
255,71,1,37
255,24,0,67
255,28,0,38
255,0,0,25
255,32,1,80
255,37,1,67
255,67,0,47
255,63,0,56
255,3,0,74
255,40,1,77
255,20,0,79
255,2,0,45
255,34,0,74
255,4,0,45
255,67,1,43
255,35,1,64
255,9,1,38
255,53,0,46
255,64,0,79
255,57,0,53
255,53,0,80
255,38,0,67
255,13,0,24
255,32,1,46
255,59,1,75
255,30,0,31
255,7,1,54
255,69,0,34
255,36,0,54
255,2,0,44
255,34,1,33
255,23,0,38
255,20,1,61
255,54,0,66
255,22,1,61
255,24,0,46
255,3,1,72
255,25,1,67
255,10,0,86
255,2,0,39
255,41,1,66
255,52,0,46
255,24,0,53
255,63,0,65
255,25,1,57
255,42,0,49
255,15,0,58
255,53,0,45
255,49,0,62
255,38,0,68
255,55,1,42
255,60,0,67
255,3,0,45
255,53,0,59
255,36,1,60
255,14,0,35
255,65,0,42
255,43,0,64
256,16,1,28
256,6,0,70
256,14,1,25
256,67,0,42
256,14,0,44
256,31,1,39
256,50,0,36
256,7,1,13
256,48,1,49
256,50,0,38
256,15,1,48
256,68,0,57
256,60,0,57
256,60,0,36
256,30,0,40
256,37,0,43
256,13,0,47
256,13,0,35
256,5,1,37
256,68,0,39
256,5,0,46
256,45,0,48
256,54,1,52
256,58,1,32
256,50,0,42
256,45,0,59
256,53,1,67
256,23,0,48
256,58,0,42
256,2,0,21
256,30,0,22
256,52,0,62
256,26,1,28
256,31,1,53
256,22,1,43
256,36,1,18
256,15,1,45
256,26,0,31
256,15,1,21
256,20,0,7
256,3,1,20
256,22,1,59
256,49,0,25
256,37,0,36
256,71,0,20
256,0,1,69
256,0,0,57
256,4,1,22
256,3,0,56
256,56,0,58
256,19,0,28
256,7,0,44
256,0,1,39
256,20,1,78
256,18,1,36
256,16,1,53
256,58,0,46
256,64,0,57
256,41,0,51
256,30,0,67
256,11,1,37
256,7,0,42
256,52,0,22
256,67,0,32
256,47,1,33
256,21,1,21
256,66,0,39
256,55,0,62
256,9,0,24
256,21,1,43
256,19,1,33
256,2,0,59
257,27,0,70
257,43,0,9
257,56,0,56
257,18,0,57
257,24,0,88
257,38,0,66
257,66,0,66
257,50,0,89
257,65,0,73
257,64,0,66
257,36,0,70
257,15,0,49
257,68,0,52
257,59,0,28
257,66,0,112
257,63,0,71
257,63,0,68
257,52,0,63
257,67,1,81
257,67,0,112
257,63,0,60
257,30,0,45
257,43,0,60
257,32,0,50
257,35,0,43
257,48,0,85
257,68,0,86
257,7,0,51
257,17,0,43
257,4,1,45
257,62,0,10
257,25,0,75
257,70,1,62
257,47,0,83
257,71,0,57
257,71,1,50
257,69,0,21
257,26,0,78
257,52,1,46
257,64,0,40
257,42,0,39
257,58,0,49
257,18,0,39
257,26,1,52
257,31,0,90
257,64,0,50
257,36,0,85
257,37,0,53
257,22,0,95
257,42,0,43
257,61,0,66
257,57,0,32
257,71,0,30
257,34,0,35
257,25,0,18
257,3,0,67
257,69,0,52
257,24,0,45
257,16,1,62
257,53,0,80
257,9,0,48
257,8,1,49
257,14,0,61
257,56,0,47
257,40,0,71
257,45,0,33
257,40,1,59
257,9,0,64
257,4,1,49
257,38,0,35
257,15,0,92
257,38,0,26
258,4,1,57
258,11,1,51
258,37,1,31
258,35,1,24
258,14,1,20
258,29,0,34
258,61,1,56
258,21,0,28
258,10,1,30
258,34,0,37
258,66,0,38
258,61,0,31
258,68,1,60
258,25,0,40
258,54,1,27
258,66,0,34
258,60,0,37
258,43,1,51
258,12,1,22
258,52,0,43
258,53,1,59
258,44,0,46
258,17,0,56
258,14,0,44
258,58,1,44
258,22,1,38
258,24,0,65
258,68,1,21
258,12,0,42
258,57,1,51
258,9,0,62
258,26,1,48
258,15,0,34
258,31,0,75
258,62,1,47
258,0,0,48
258,50,0,22
258,48,0,30
258,25,0,26
258,18,1,58
258,51,0,60
258,9,0,52
258,12,0,60
258,42,1,48
258,61,0,36
258,55,0,58
258,40,0,35
258,65,0,74
258,27,1,47
258,34,1,61
258,58,1,35
258,68,1,39
258,66,1,44
258,46,1,48
258,46,1,47
258,34,0,22
258,55,1,12
258,39,1,46
258,36,1,77
258,3,0,49
258,61,1,52
258,45,1,54
258,69,0,49
258,0,0,26
258,1,1,46
258,55,1,43
258,5,1,47
258,43,1,47
258,32,0,66
258,37,1,53
258,67,0,53
258,16,0,55
259,50,0,35
259,57,1,31
259,19,0,40
259,32,0,17
259,65,1,46
259,43,0,35
259,19,0,16
259,63,0,29
259,41,1,33
259,14,0,26
259,3,1,23
259,59,1,34
259,68,1,43
259,69,0,22
259,57,1,26
259,50,0,18
259,2,0,45
259,37,1,47
259,17,1,29
259,16,1,15
259,60,1,21
259,2,0,37
259,20,0,25
259,70,0,40
259,13,0,46
259,56,1,30
259,25,1,25
259,55,1,17
259,43,1,26
259,54,0,35
259,30,0,33
259,58,1,28
259,5,1,28
259,13,0,44
259,37,0,26
259,42,1,20
259,50,0,36
259,5,0,33
259,12,0,33
259,52,0,30
259,63,0,23
259,23,1,32
259,53,1,30
259,68,1,25
259,67,0,24
259,56,0,29
259,12,0,29
259,56,1,31
259,0,0,25
259,7,0,42
259,64,0,22
259,60,0,41
259,65,1,37
259,40,0,48
259,34,0,45
259,51,1,33
259,34,0,35
259,22,1,18
259,24,1,17
259,27,1,45
259,10,0,15
259,17,0,30
259,19,1,18
259,26,0,38
259,34,0,40
259,62,0,21
259,31,0,23
259,21,1,54
259,58,0,37
259,51,1,21
259,65,1,19
259,2,0,21
260,20,1,52
260,67,0,55
260,17,0,57
260,0,0,66
260,0,0,24
260,45,1,41
260,39,1,66
260,45,1,47
260,67,0,41
260,26,1,66
260,6,1,36
260,46,1,10
260,9,1,51
260,41,1,45
260,34,0,43
260,34,1,34
260,24,1,20
260,44,1,65
260,1,1,66
260,8,0,51
260,71,1,36
260,68,1,71
260,45,1,37
260,56,0,52
260,12,1,60
260,46,1,45
260,35,1,40
260,18,1,45
260,22,1,28
260,30,1,60
260,33,1,43
260,35,1,66
260,33,1,25
260,51,1,65
260,2,0,45
260,46,1,27
260,47,0,55
260,35,1,61
260,28,0,15
260,57,1,28
260,9,0,32
260,47,1,33
260,20,1,44
260,39,1,68
260,21,1,17
260,58,1,23
260,41,1,65
260,22,1,57
260,46,0,47
260,40,1,5
260,62,1,76
260,28,0,48
260,43,1,45
260,12,0,60
260,32,0,23
260,14,1,29
260,65,1,37
260,63,0,38
260,16,1,50
260,51,1,53
260,2,1,42
260,53,0,45
260,39,1,47
260,47,0,45
260,59,1,54
260,35,0,34
260,29,1,56
260,47,1,25
260,46,1,54
260,51,1,46
260,69,0,24
260,23,0,37
261,4,1,26
261,63,0,43
261,6,0,42
261,65,0,19
261,39,0,50
261,70,1,28
261,23,1,33
261,39,0,19
261,26,1,34
261,67,0,39
261,19,1,41
261,29,1,39
261,42,0,51
261,37,0,46
261,14,0,28
261,38,1,38
261,9,0,61
261,35,1,46
261,37,1,37
261,67,0,39
261,60,0,50
261,68,0,32
261,45,1,51
261,17,0,29
261,7,1,30
261,30,1,27
261,71,0,10
261,40,0,45
261,9,0,17
261,43,0,72
261,23,0,25
261,67,0,18
261,44,1,37
261,23,0,80
261,23,1,35
261,71,1,34
261,62,1,33
261,70,0,27
261,61,0,22
261,30,0,32
261,28,1,42
261,53,0,33
261,24,0,65
261,5,1,10
261,4,1,43
261,71,1,33
261,22,1,44
261,42,0,55
261,63,1,53
261,29,1,46
261,47,1,42
261,52,0,58
261,67,0,36
261,52,0,50
261,2,0,51
261,21,1,49
261,46,0,38
261,35,1,45
261,61,0,29
261,0,1,31
261,7,1,43
261,25,1,35
261,6,0,64
261,13,0,65
261,2,1,53
261,66,0,55
261,41,0,28
261,44,1,25
261,33,0,42
261,39,1,52
261,27,1,63
261,62,1,37
262,65,0,34
262,63,1,17
262,14,1,21
262,29,1,33
262,6,1,19
262,55,1,37
262,31,0,35
262,15,1,38
262,70,1,28
262,16,1,15
262,34,1,32
262,61,0,15
262,31,1,14
262,9,0,39
262,6,0,7
262,23,1,5
262,8,1,26
262,9,0,48
262,70,1,24
262,22,0,23
262,70,1,31
262,47,1,23
262,63,0,30
262,16,1,18
262,33,1,11
262,29,0,39
262,29,1,26
262,58,0,16
262,27,1,28
262,5,0,18
262,1,1,33
262,22,1,36
262,36,1,26
262,26,0,33
262,11,1,38
262,42,0,37
262,59,1,21
262,44,1,25
262,25,0,18
262,62,0,23
262,30,0,8
262,29,0,21
262,61,1,21
262,31,1,34
262,8,1,34
262,44,0,17
262,38,0,24
262,31,0,8
262,21,0,22
262,45,1,5
262,64,1,30
262,21,1,30
262,10,0,17
262,6,0,32
262,69,0,14
262,16,1,28
262,6,1,33
262,39,1,11
262,41,1,22
262,65,1,19
262,56,0,31
262,32,0,43
262,22,1,45
262,21,1,26
262,63,1,40
262,59,1,44
262,27,1,21
262,4,0,25
262,52,0,34
262,6,0,5
262,64,0,24
262,5,1,26
263,31,0,35
263,46,1,23
263,34,1,34
263,8,1,41
263,70,1,33
263,52,0,26
263,62,1,29
263,70,1,29
263,61,1,21
263,3,1,36
263,52,0,36
263,31,1,18
263,17,1,25
263,13,1,18
263,44,1,19
263,28,0,36
263,65,1,29
263,53,0,23
263,31,1,17
263,59,1,27
263,50,1,22
263,56,1,47
263,18,1,31
263,44,1,12
263,32,1,37
263,35,1,51
263,6,1,27
263,15,1,28
263,1,1,18
263,17,1,29
263,52,0,36
263,22,1,21
263,52,1,47
263,33,1,29
263,6,1,27
263,7,1,28
263,41,1,20
263,38,1,25
263,60,0,26
263,37,0,39
263,27,1,40
263,2,0,30
263,66,1,14
263,51,1,35
263,17,1,17
263,41,1,35
263,42,0,28
263,28,0,40
263,25,1,23
263,20,0,16
263,53,0,22
263,27,1,37
263,23,1,34
263,13,1,20
263,12,1,30
263,10,0,28
263,17,0,36
263,11,1,27
263,20,0,18
263,8,1,27
263,24,1,18
263,29,1,32
263,59,1,27
263,43,1,13
263,49,1,5
263,65,1,35
263,47,1,24
263,10,1,41
263,8,1,39
263,2,0,38
263,14,1,18
263,16,0,5
264,3,1,45
264,23,1,55
264,12,0,45
264,10,0,36
264,12,0,56
264,58,1,56
264,60,1,27
264,64,0,59
264,14,1,76
264,38,1,44
264,31,0,51
264,68,1,52
264,31,1,36
264,56,0,48
264,32,0,61
264,9,0,46
264,35,1,53
264,57,0,36
264,53,0,24
264,61,0,28
264,2,1,69
264,14,0,47
264,70,1,28
264,53,0,61
264,63,1,40
264,47,0,62
264,59,1,56
264,35,1,40
264,37,1,43
264,5,0,35
264,15,1,39
264,35,1,27
264,64,0,37
264,56,1,63
264,63,1,68
264,38,0,36
264,8,0,51
264,42,1,28
264,59,1,55
264,3,1,70
264,38,0,59
264,71,1,51
264,11,1,36
264,47,1,67
264,22,1,62
264,28,1,68
264,6,1,44
264,36,1,36
264,10,0,34
264,4,1,27
264,32,1,55
264,30,0,38
264,32,1,43
264,35,0,48
264,14,1,29
264,7,0,35
264,22,1,43
264,46,1,77
264,2,0,63
264,0,0,39
264,11,0,12
264,14,1,40
264,64,0,29
264,69,0,43
264,33,0,58
264,33,1,59
264,55,0,40
264,29,0,69
264,62,0,7
264,4,1,49
264,68,0,76
264,7,0,38
265,18,0,71
265,45,0,32
265,7,0,47
265,35,1,39
265,49,0,78
265,60,0,64
265,30,0,78
265,58,0,82
265,64,0,64
265,49,0,64
265,7,0,53
265,3,0,50
265,60,0,51
265,12,0,92
265,65,0,55
265,39,1,70
265,39,1,93
265,36,1,39
265,15,0,66
265,5,0,37
265,48,0,41
265,41,1,34
265,4,1,98
265,51,0,89
265,61,0,72
265,65,0,77
265,63,1,73
265,25,1,32
265,12,1,74
265,65,1,54
265,39,0,38
265,15,0,66
265,56,1,79
265,21,1,65
265,68,0,94
265,23,0,72
265,13,0,60
265,32,0,62
265,55,0,37
265,23,0,45
265,7,0,79
265,21,0,53
265,16,0,92
265,57,1,75
265,0,0,95
265,53,0,62
265,62,0,61
265,22,0,27
265,14,1,56
265,32,0,39
265,10,0,28
265,48,0,83
265,1,0,50
265,38,0,30
265,18,1,51
265,16,0,56
265,43,0,32
265,47,1,45
265,41,0,98
265,19,0,38
265,54,0,71
265,37,0,106
265,31,1,73
265,40,0,66
265,47,0,63
265,68,0,103
265,4,0,43
265,12,1,43
265,0,1,84
265,30,0,66
265,23,1,42
265,56,0,24
266,27,0,78
266,60,0,72
266,50,0,76
266,44,0,61
266,37,1,29
266,70,0,35
266,55,1,34
266,26,0,60
266,49,0,75
266,17,1,62
266,63,1,68
266,3,1,74
266,4,0,42
266,4,1,73
266,39,1,43
266,60,0,82
266,14,0,66
266,0,0,65
266,50,0,73
266,65,1,46
266,49,0,41
266,48,0,39
266,11,0,78
266,65,0,93
266,33,0,32
266,40,1,29
266,52,1,90
266,57,0,62
266,29,1,54
266,5,1,60
266,21,0,76
266,68,1,70
266,22,0,69
266,61,0,47
266,17,0,93
266,3,1,56
266,25,1,50
266,28,1,74
266,54,0,69
266,14,1,5
266,17,0,87
266,0,0,88
266,49,0,69
266,5,1,88
266,60,1,55
266,34,0,85
266,42,0,33
266,63,0,60
266,28,0,65
266,49,0,88
266,56,0,53
266,38,0,81
266,22,0,103
266,25,1,85
266,26,0,68
266,31,0,69
266,68,0,30
266,51,0,54
266,67,0,54
266,52,0,72
266,27,0,42
266,11,1,67
266,3,0,45
266,53,0,75
266,19,1,80
266,3,0,56
266,21,0,56
266,40,0,69
266,9,0,63
266,15,0,51
266,59,1,52
266,44,0,38
267,52,1,50
267,50,0,14
267,10,1,59
267,15,1,26
267,22,0,12
267,0,0,32
267,41,0,37
267,46,1,27
267,34,0,43
267,37,0,33
267,28,0,10
267,33,0,52
267,37,1,45
267,20,0,39
267,55,1,20
267,12,0,40
267,61,1,38
267,69,1,41
267,50,0,43
267,11,0,47
267,29,0,23
267,30,1,53
267,32,1,33
267,28,0,35
267,51,1,37
267,36,0,67
267,61,0,63
267,25,1,35
267,59,1,56
267,0,1,40
267,32,0,30
267,9,1,44
267,50,1,22
267,71,1,37
267,62,0,48
267,11,0,29
267,28,1,52
267,14,1,35
267,16,1,37
267,51,0,38
267,47,0,44
267,35,0,44
267,15,1,17
267,2,0,31
267,4,1,54
267,20,1,41
267,1,0,18
267,55,0,43
267,47,1,27
267,11,1,75
267,12,0,44
267,25,1,32
267,5,1,24
267,4,0,74
267,63,0,50
267,54,1,49
267,55,0,45
267,18,1,41
267,10,1,46
267,43,1,17
267,62,1,36
267,5,1,44
267,16,1,56
267,31,1,45
267,31,1,23
267,62,0,11
267,67,1,38
267,59,1,39
267,57,1,45
267,37,1,24
267,62,0,37
267,57,1,48
268,42,0,70
268,37,0,28
268,10,0,10
268,1,0,35
268,55,0,59
268,38,0,72
268,32,1,84
268,23,0,12
268,31,0,60
268,1,1,29
268,4,1,43
268,68,0,70
268,35,1,29
268,16,0,56
268,47,0,82
268,57,1,48
268,45,0,71
268,10,0,84
268,44,0,53
268,49,1,74
268,5,0,40
268,69,0,37
268,23,0,46
268,25,0,66
268,57,0,86
268,4,0,57
268,48,1,66
268,31,0,54
268,28,0,51
268,42,0,77
268,11,0,81
268,52,1,88
268,0,0,46
268,42,0,78
268,39,0,104
268,42,0,76
268,1,0,32
268,18,0,13
268,0,0,56
268,53,0,66
268,24,0,63
268,32,0,60
268,14,0,64
268,12,0,41
268,50,0,30
268,40,0,85
268,40,0,107
268,0,0,52
268,23,0,24
268,3,0,50
268,53,0,76
268,45,0,52
268,12,0,47
268,9,0,59
268,68,0,16
268,7,0,33
268,59,1,44
268,43,0,93
268,70,0,90
268,67,0,45
268,0,0,57
268,66,1,48
268,23,0,36
268,7,0,57
268,46,0,60
268,59,0,81
268,68,0,54
268,0,0,52
268,65,1,36
268,57,1,83
268,19,0,64
268,69,0,72
269,18,1,30
269,62,0,28
269,14,0,17
269,1,1,36
269,16,0,14
269,8,0,34
269,16,0,27
269,32,1,26
269,11,0,14
269,19,1,23
269,35,0,34
269,41,1,35
269,14,0,25
269,8,1,38
269,58,0,19
269,67,0,38
269,5,1,35
269,61,0,25
269,58,1,30
269,52,0,22
269,42,1,21
269,63,1,50
269,26,1,21
269,59,1,32
269,20,1,18
269,34,1,33
269,51,1,36
269,32,0,27
269,24,1,26
269,13,1,17
269,56,0,11
269,56,1,16
269,49,1,42
269,13,0,21
269,24,1,25
269,43,1,34
269,41,1,25
269,36,1,26
269,36,0,19
269,4,1,25
269,40,0,20
269,49,0,7
269,45,1,40
269,23,0,22
269,51,1,12
269,40,1,24
269,29,0,18
269,32,0,25
269,14,0,5
269,68,1,34
269,48,0,12
269,35,0,30
269,60,1,31
269,34,1,27
269,34,0,28
269,47,0,25
269,60,0,23
269,62,1,15
269,17,1,16
269,65,1,44
269,68,0,27
269,38,0,18
269,27,1,19
269,63,1,18
269,16,1,30
269,21,0,35
269,57,0,34
269,24,0,10
269,56,1,28
269,65,0,21
269,41,0,33
269,69,1,35
270,10,0,15
270,59,1,36
270,9,0,16
270,62,1,13
270,48,1,26
270,24,1,40
270,15,0,29
270,48,1,57
270,24,1,21
270,62,1,24
270,66,0,38
270,24,1,26
270,2,1,10
270,58,0,26
270,42,0,30
270,46,1,24
270,16,0,34
270,70,0,11
270,6,1,22
270,31,1,40
270,17,0,26
270,60,0,22
270,60,1,34
270,11,1,22
270,55,0,49
270,24,0,8
270,26,0,20
270,2,0,23
270,5,1,13
270,20,1,29
270,61,0,27
270,12,1,19
270,17,1,33
270,29,1,17
270,61,0,20
270,64,0,26
270,8,1,33
270,17,1,20
270,9,1,28
270,70,1,23
270,32,0,45
270,16,1,24
270,58,0,34
270,69,0,43
270,56,1,10
270,34,0,10
270,25,0,10
270,8,0,31
270,18,1,29
270,25,1,22
270,57,0,22
270,32,1,39
270,57,1,25
270,44,0,38
270,42,0,20
270,1,1,10
270,7,1,42
270,9,1,19
270,18,1,18
270,12,1,28
270,59,1,18
270,52,0,21
270,66,1,28
270,68,1,11
270,5,1,40
270,61,0,25
270,32,1,14
270,10,0,24
270,24,0,23
270,30,0,35
270,38,0,23
270,68,1,33
271,7,0,34
271,13,1,22
271,1,1,23
271,4,1,33
271,56,1,20
271,59,1,31
271,57,0,33
271,41,1,17
271,4,0,39
271,47,1,7
271,25,1,44
271,22,1,19
271,61,0,24
271,15,0,27
271,48,1,47
271,59,1,30
271,43,1,26
271,56,0,32
271,14,0,27
271,18,1,12
271,63,0,40
271,63,1,22
271,30,1,27
271,8,0,14
271,27,0,29
271,45,1,20
271,71,0,24
271,18,1,24
271,8,1,16
271,4,0,27
271,32,1,20
271,15,1,40
271,49,0,27
271,25,1,25
271,59,1,25
271,44,1,29
271,36,0,31
271,50,0,15
271,47,1,27
271,26,1,37
271,24,1,30
271,51,0,20
271,56,0,10
271,54,1,11
271,54,1,35
271,58,0,28
271,59,1,18
271,54,1,34
271,52,1,21
271,23,1,36
271,65,1,7
271,30,1,37
271,44,1,23
271,60,0,20
271,24,0,41
271,63,1,18
271,16,0,19
271,42,0,11
271,27,1,16
271,49,1,20
271,29,0,36
271,12,0,41
271,8,1,5
271,13,0,34
271,50,0,17
271,70,0,14
271,12,0,33
271,5,0,28
271,9,0,7
271,61,0,25
271,57,1,29
271,34,0,25
272,64,1,48
272,38,0,38
272,42,0,51
272,16,0,25
272,47,1,28
272,12,0,22
272,22,1,14
272,12,0,17
272,33,1,37
272,54,1,29
272,15,1,23
272,71,0,37
272,13,0,24
272,47,0,29
272,51,1,41
272,46,1,37
272,64,1,43
272,16,0,33
272,4,1,19
272,59,1,20
272,21,0,9
272,58,1,47
272,33,0,35
272,61,1,54
272,13,0,21
272,31,1,33
272,9,0,52
272,25,1,47
272,56,1,5
272,60,1,11
272,9,0,27
272,23,1,64
272,7,1,36
272,26,0,19
272,7,1,45
272,50,1,40
272,56,1,43
272,45,0,33
272,59,1,36
272,13,0,50
272,27,1,55
272,56,0,17
272,57,1,38
272,36,1,32
272,56,0,64
272,49,0,78
272,14,0,33
272,15,0,37
272,71,1,44
272,43,1,15
272,42,1,6
272,45,1,38
272,59,1,61
272,46,1,51
272,37,1,27
272,59,1,18
272,51,1,59
272,38,1,45
272,59,1,25
272,71,1,40
272,68,1,5
272,12,0,21
272,39,1,31
272,58,0,39
272,63,0,14
272,13,0,40
272,58,1,30
272,46,0,10
272,49,1,52
272,68,0,47
272,35,1,47
272,27,1,15
273,20,1,71
273,27,1,43
273,43,0,58
273,47,1,78
273,17,0,23
273,19,0,45
273,28,1,68
273,45,0,76
273,35,1,56
273,4,1,65
273,29,0,78
273,47,0,58
273,11,1,78
273,41,1,53
273,28,0,25
273,8,1,56
273,57,0,21
273,2,0,91
273,22,0,80
273,22,0,44
273,50,0,48
273,61,0,51
273,52,0,98
273,58,1,77
273,6,1,73
273,46,0,57
273,69,0,65
273,61,1,41
273,64,1,63
273,10,0,30
273,38,0,43
273,4,1,43
273,26,1,111
273,19,0,44
273,62,1,73
273,50,1,39
273,71,1,49
273,54,0,77
273,68,0,74
273,48,1,70
273,31,0,29
273,13,0,72
273,68,1,56
273,32,0,60
273,64,0,60
273,0,0,62
273,32,1,60
273,61,0,29
273,61,0,91
273,16,1,19
273,35,1,57
273,44,1,34
273,64,0,61
273,28,1,73
273,34,1,51
273,15,0,56
273,0,0,83
273,41,1,63
273,33,0,72
273,54,0,77
273,11,0,12
273,8,1,73
273,4,1,44
273,32,1,15
273,49,0,82
273,64,1,94
273,34,0,41
273,58,0,61
273,70,0,51
273,24,0,69
273,47,1,53
273,27,1,104
274,18,1,32
274,45,1,23
274,22,1,53
274,48,1,10
274,24,0,18
274,60,1,37
274,46,1,24
274,71,1,5
274,62,0,26
274,37,1,35
274,56,0,22
274,56,1,31
274,6,1,19
274,63,0,49
274,17,1,9
274,39,1,20
274,3,1,24
274,28,1,15
274,35,1,36
274,7,1,26
274,17,0,32
274,21,1,44
274,29,1,31
274,60,0,33
274,52,1,5
274,37,1,26
274,22,0,38
274,65,1,41
274,3,0,26
274,24,0,32
274,26,1,30
274,24,0,34
274,70,1,33
274,3,1,49
274,53,0,32
274,29,0,31
274,60,0,26
274,3,0,5
274,62,0,26
274,28,1,20
274,44,1,20
274,4,1,25
274,70,0,22
274,0,1,33
274,4,1,30
274,56,0,22
274,58,1,27
274,17,0,38
274,43,0,28
274,58,1,39
274,23,1,33
274,71,1,31
274,6,0,45
274,68,1,23
274,33,1,23
274,24,0,5
274,35,1,27
274,55,1,16
274,54,0,46
274,2,0,30
274,55,1,20
274,30,0,22
274,39,1,41
274,15,0,26
274,23,1,27
274,65,0,9
274,67,1,38
274,21,1,29
274,17,0,39
274,66,0,35
274,15,0,34
274,32,0,51
275,23,1,56
275,11,1,64
275,49,0,34
275,38,1,45
275,43,0,35
275,49,1,55
275,4,1,42
275,60,0,12
275,39,1,59
275,64,1,53
275,18,0,48
275,3,1,22
275,8,1,47
275,52,0,24
275,12,0,78
275,64,1,47
275,64,1,50
275,52,0,64
275,42,0,46
275,41,0,62
275,30,1,39
275,54,1,40
275,0,1,57
275,40,0,20
275,9,0,37
275,41,1,66
275,58,0,63
275,39,1,46
275,55,1,38
275,62,1,52
275,11,0,68
275,4,1,81
275,49,1,38
275,10,0,33
275,51,1,64
275,7,1,5
275,62,1,64
275,18,1,34
275,31,1,18
275,47,1,52
275,61,0,54
275,19,1,44
275,11,1,60
275,6,0,30
275,51,0,57
275,5,0,22
275,62,0,50
275,44,1,42
275,66,1,28
275,23,0,37
275,32,0,58
275,15,0,17
275,18,0,54
275,17,0,25
275,49,1,25
275,38,1,41
275,70,0,50
275,53,1,60
275,51,0,23
275,7,1,39
275,40,0,51
275,34,1,50
275,7,1,41
275,39,1,65
275,0,0,49
275,61,1,37
275,50,0,53
275,68,1,68
275,31,1,35
275,18,1,48
275,8,0,33
275,62,1,36
276,30,0,61
276,54,1,54
276,22,1,33
276,35,0,46
276,50,1,45
276,27,0,23
276,52,0,37
276,65,1,26
276,9,0,36
276,66,1,41
276,54,0,16
276,40,1,43
276,70,0,43
276,24,0,54
276,43,1,19
276,46,0,33
276,6,1,32
276,40,0,27
276,26,1,21
276,55,1,13
276,54,0,20
276,54,0,34
276,59,1,42
276,17,0,35
276,13,1,37
276,28,0,20
276,69,0,55
276,66,0,37
276,18,1,57
276,36,1,34
276,17,0,31
276,1,1,33
276,22,1,21
276,44,1,49
276,68,0,23
276,28,0,37
276,51,1,25
276,53,0,32
276,26,0,49
276,59,1,5
276,21,1,13
276,41,0,51
276,68,1,48
276,6,1,76
276,37,0,53
276,24,1,34
276,57,0,48
276,46,1,23
276,47,1,38
276,35,0,69
276,30,0,13
276,55,1,55
276,32,0,39
276,10,0,39
276,48,0,30
276,21,1,23
276,46,1,28
276,60,0,38
276,32,1,16
276,17,1,37
276,27,0,43
276,23,1,53
276,51,0,60
276,66,1,40
276,24,1,54
276,35,1,35
276,34,0,59
276,55,0,42
276,47,1,66
276,34,1,42
276,38,0,26
276,38,1,32
277,40,0,5
277,29,0,48
277,27,0,17
277,1,0,34
277,12,1,38
277,17,0,55
277,56,1,39
277,57,1,48
277,21,1,45
277,55,1,13
277,36,1,60
277,25,1,47
277,65,1,46
277,56,1,44
277,32,0,36
277,49,1,48
277,40,1,52
277,27,1,44
277,30,1,65
277,64,1,58
277,14,1,10
277,6,0,48
277,42,0,31
277,8,0,6
277,11,1,15
277,5,1,45
277,39,1,25
277,18,1,42
277,54,0,40
277,66,1,11
277,7,1,35
277,3,1,37
277,48,1,18
277,65,1,5
277,62,0,44
277,53,1,35
277,35,0,45
277,14,1,22
277,12,0,31
277,6,0,34
277,36,1,45
277,38,1,39
277,29,1,47
277,32,0,39
277,16,0,34
277,22,1,55
277,42,0,32
277,44,0,39
277,13,0,58
277,65,1,26
277,35,1,36
277,23,1,54
277,43,1,40
277,59,1,43
277,22,1,43
277,66,0,33
277,39,0,23
277,25,1,25
277,4,1,11
277,69,1,31
277,0,0,40
277,57,1,55
277,29,1,54
277,34,1,33
277,36,1,38
277,16,0,34
277,52,1,64
277,27,1,26
277,52,0,28
277,6,0,43
277,13,0,40
277,67,1,63
278,27,0,40
278,33,0,6
278,16,0,52
278,10,0,19
278,65,1,57
278,13,0,63
278,45,1,61
278,20,1,54
278,20,1,44
278,34,0,40
278,15,0,13
278,33,0,57
278,13,0,34
278,65,1,55
278,55,1,37
278,6,1,47
278,14,1,50
278,28,1,40
278,11,0,53
278,8,1,37
278,67,1,59
278,28,0,33
278,59,1,68
278,39,0,44
278,16,0,66
278,57,0,74
278,13,1,55
278,59,0,16
278,56,0,38
278,67,0,45
278,16,0,54
278,51,1,38
278,67,0,23
278,62,0,35
278,17,0,47
278,52,0,13
278,65,1,39
278,55,0,32
278,68,0,41
278,1,0,39
278,41,1,44
278,63,0,12
278,7,0,52
278,61,0,25
278,38,1,47
278,64,0,54
278,66,1,63
278,0,1,40
278,26,1,43
278,37,1,32
278,49,0,59
278,24,0,49
278,29,0,27
278,32,0,45
278,67,0,31
278,24,0,5
278,2,1,47
278,29,1,28
278,39,1,36
278,43,0,25
278,61,0,57
278,39,0,21
278,42,0,48
278,55,0,41
278,44,1,62
278,40,1,72
278,16,0,36
278,41,1,40
278,57,1,42
278,12,1,30
278,42,0,13
278,59,0,22
279,15,0,60
279,53,1,52
279,6,1,22
279,48,1,13
279,54,0,27
279,1,0,51
279,11,0,45
279,17,0,62
279,45,1,68
279,40,0,35
279,61,0,40
279,65,0,32
279,57,1,47
279,62,1,21
279,2,0,48
279,24,0,23
279,57,0,27
279,21,0,59
279,38,0,56
279,45,1,38
279,48,0,24
279,45,1,49
279,71,1,53
279,51,1,60
279,68,0,27
279,56,0,59
279,39,1,26
279,0,0,22
279,33,0,22
279,14,1,34
279,41,0,65
279,41,1,44
279,52,0,52
279,16,1,53
279,15,0,42
279,32,1,32
279,23,1,14
279,6,0,37
279,12,0,28
279,11,0,47
279,16,0,56
279,69,0,47
279,50,1,82
279,60,0,44
279,49,1,59
279,55,0,62
279,49,0,46
279,37,1,51
279,6,0,22
279,68,0,59
279,35,1,22
279,31,1,54
279,15,1,69
279,34,0,28
279,71,1,51
279,59,0,54
279,5,0,68
279,29,1,53
279,2,0,50
279,68,1,53
279,18,0,55
279,18,0,52
279,8,1,56
279,70,0,40
279,34,0,31
279,36,0,32
279,70,1,28
279,23,0,52
279,6,1,36
279,1,1,54
279,69,0,41
279,19,1,45
280,67,0,32
280,37,0,49
280,41,0,40
280,70,0,44
280,24,0,55
280,20,0,51
280,15,1,64
280,41,0,44
280,64,1,34
280,36,1,53
280,54,0,51
280,22,1,28
280,28,0,50
280,44,1,49
280,11,1,31
280,23,0,26
280,35,0,47
280,29,1,33
280,40,0,52
280,64,0,66
280,0,0,56
280,38,1,66
280,5,1,37
280,54,0,10
280,38,0,24
280,54,0,55
280,54,0,52
280,23,0,63
280,36,1,33
280,4,0,59
280,49,0,53
280,11,0,49
280,48,0,30
280,53,0,50
280,45,1,50
280,61,1,35
280,51,0,42
280,35,1,42
280,21,1,45
280,8,0,60
280,39,1,42
280,38,0,44
280,8,0,46
280,15,0,60
280,52,0,63
280,4,1,25
280,8,0,50
280,60,0,29
280,31,1,58
280,41,1,33
280,9,0,39
280,5,0,53
280,44,0,63
280,1,0,65
280,8,0,45
280,18,0,31
280,54,0,52
280,6,1,52
280,13,0,83
280,28,0,39
280,67,0,70
280,47,1,69
280,44,1,50
280,9,0,37
280,35,0,25
280,64,1,38
280,42,0,49
280,53,0,23
280,66,1,48
280,1,0,61
280,65,0,45
280,7,1,37
281,50,0,24
281,63,0,11
281,70,0,28
281,15,1,18
281,38,0,39
281,45,0,26
281,60,0,21
281,15,1,15
281,27,1,35
281,2,0,34
281,31,0,40
281,19,0,41
281,60,1,39
281,20,1,6
281,18,0,15
281,63,1,33
281,56,1,41
281,28,1,13
281,39,1,23
281,45,0,17
281,41,1,30
281,53,0,40
281,40,0,18
281,4,1,24
281,56,1,15
281,65,1,32
281,20,0,10
281,28,1,42
281,49,0,38
281,64,1,30
281,13,1,29
281,23,0,15
281,64,1,23
281,23,0,29
281,41,1,15
281,51,0,5
281,30,0,16
281,48,1,15
281,27,1,41
281,44,0,23
281,20,0,37
281,65,1,8
281,18,1,41
281,60,1,21
281,54,0,36
281,57,1,11
281,18,1,7
281,53,0,43
281,61,1,10
281,69,0,18
281,26,0,29
281,13,1,8
281,9,0,21
281,17,0,24
281,43,0,35
281,18,0,30
281,40,0,29
281,11,0,13
281,40,0,23
281,19,0,32
281,62,0,26
281,63,0,13
281,59,0,13
281,49,0,31
281,23,1,25
281,38,0,28
281,50,1,26
281,13,0,47
281,60,0,18
281,59,1,23
281,0,0,21
281,41,1,39
282,5,0,65
282,57,0,37
282,52,0,20
282,14,1,30
282,2,1,57
282,55,1,58
282,11,1,40
282,71,1,5
282,46,1,30
282,52,0,54
282,41,0,55
282,0,0,30
282,42,0,43
282,10,1,43
282,54,0,52
282,42,0,23
282,45,1,43
282,43,1,22
282,58,0,49
282,45,1,46
282,16,1,47
282,21,1,49
282,60,0,60
282,16,0,54
282,39,1,71
282,28,1,42
282,2,1,70
282,53,0,29
282,10,1,42
282,29,1,40
282,48,0,55
282,28,1,24
282,16,0,26
282,11,1,79
282,8,1,39
282,3,1,16
282,38,1,40
282,56,0,64
282,43,1,24
282,27,1,51
282,27,0,51
282,9,0,39
282,15,0,41
282,5,1,39
282,5,1,31
282,22,1,40
282,14,1,55
282,51,0,75
282,36,1,15
282,66,1,47
282,54,1,44
282,70,0,28
282,58,1,65
282,57,1,57
282,11,0,74
282,59,1,23
282,54,0,44
282,35,1,42
282,10,1,56
282,19,1,66
282,33,0,49
282,62,0,50
282,44,1,44
282,63,0,65
282,68,1,56
282,32,0,67
282,2,0,37
282,56,1,47
282,50,0,56
282,5,1,24
282,13,0,51
282,58,1,54
283,68,0,13
283,24,0,29
283,34,0,67
283,41,0,69
283,57,1,56
283,69,0,31
283,27,0,21
283,54,0,61
283,37,0,60
283,33,0,63
283,20,0,72
283,66,1,44
283,4,0,9
283,66,0,67
283,66,0,63
283,25,0,53
283,54,0,48
283,1,0,5
283,36,0,55
283,66,0,57
283,43,0,67
283,25,0,52
283,66,0,26
283,49,0,40
283,47,1,39
283,28,0,42
283,8,0,48
283,31,1,88
283,26,0,48
283,24,0,65
283,64,0,44
283,52,0,82
283,58,0,59
283,39,1,68
283,44,0,91
283,71,1,54
283,30,0,76
283,35,0,25
283,42,0,19
283,33,0,53
283,54,0,71
283,44,1,37
283,66,1,81
283,16,0,56
283,70,0,42
283,13,0,63
283,10,0,28
283,2,0,21
283,41,0,30
283,3,0,80
283,62,1,61
283,13,0,68
283,23,0,77
283,17,0,67
283,8,1,97
283,0,0,73
283,10,0,49
283,22,0,69
283,47,0,52
283,5,0,71
283,58,0,106
283,43,0,13
283,47,0,20
283,9,0,62
283,33,0,69
283,4,1,41
283,4,0,32
283,55,0,37
283,70,0,76
283,18,0,32
283,35,0,85
283,60,0,95
284,28,1,31
284,65,1,40
284,56,0,36
284,26,1,17
284,71,1,32
284,21,1,24
284,24,0,22
284,29,1,20
284,7,1,30
284,40,1,16
284,23,1,28
284,20,1,24
284,2,0,22
284,6,1,39
284,17,1,27
284,39,1,6
284,58,0,31
284,44,1,19
284,48,0,31
284,10,0,18
284,51,1,21
284,12,1,15
284,52,1,13
284,25,1,34
284,59,1,40
284,6,0,40
284,53,1,10
284,8,1,30
284,68,0,5
284,31,1,20
284,15,1,45
284,30,1,19
284,67,1,29
284,69,0,38
284,22,1,19
284,28,1,32
284,55,1,55
284,25,1,25
284,67,1,20
284,29,1,23
284,24,1,41
284,12,0,32
284,51,1,12
284,42,0,30
284,13,1,34
284,11,1,19
284,31,1,22
284,42,0,26
284,35,1,31
284,37,1,43
284,52,0,29
284,10,1,33
284,29,1,25
284,51,1,18
284,35,1,26
284,66,0,32
284,28,1,20
284,56,1,33
284,66,1,32
284,48,1,22
284,19,1,31
284,3,1,25
284,39,1,46
284,45,1,19
284,46,1,30
284,41,0,36
284,66,1,41
284,48,0,13
284,39,1,30
284,48,1,44
284,8,0,33
284,4,1,29
285,9,0,47
285,13,0,31
285,0,0,49
285,48,1,38
285,65,1,45
285,4,1,63
285,40,0,33
285,54,1,44
285,22,1,27
285,16,1,39
285,32,0,75
285,1,0,33
285,65,1,21
285,24,0,40
285,21,1,34
285,15,0,72
285,67,0,60
285,52,0,47
285,23,0,36
285,48,0,41
285,48,0,69
285,56,1,68
285,47,0,46
285,19,1,52
285,65,1,64
285,13,0,62
285,63,0,41
285,33,1,67
285,47,1,47
285,37,0,31
285,50,1,35
285,57,1,47
285,52,1,45
285,56,0,12
285,27,1,44
285,8,1,38
285,70,1,52
285,22,1,57
285,1,1,38
285,10,0,52
285,48,1,12
285,20,0,55
285,40,0,55
285,39,1,36
285,50,1,34
285,71,1,44
285,25,0,47
285,50,1,48
285,19,0,56
285,18,1,70
285,16,0,53
285,53,0,31
285,71,0,26
285,6,0,37
285,28,1,38
285,69,1,29
285,68,1,40
285,20,0,27
285,46,1,41
285,29,1,43
285,15,0,58
285,18,0,56
285,25,1,52
285,2,0,37
285,33,1,29
285,31,1,48
285,52,0,12
285,3,1,41
285,6,1,42
285,14,1,56
285,0,0,29
285,67,0,7
286,8,1,40
286,32,1,33
286,35,1,24
286,21,1,27
286,70,0,22
286,69,1,32
286,29,1,26
286,34,1,13
286,53,1,28
286,48,1,18
286,10,0,36
286,69,1,15
286,38,1,46
286,30,1,34
286,49,1,36
286,23,0,32
286,51,1,43
286,61,1,37
286,35,1,23
286,37,1,29
286,55,1,37
286,0,1,22
286,13,1,33
286,4,1,31
286,63,1,26
286,50,1,42
286,17,0,22
286,4,1,32
286,26,1,34
286,5,1,35
286,26,1,26
286,7,1,23
286,11,1,23
286,7,1,32
286,51,1,12
286,35,1,27
286,68,1,26
286,11,1,31
286,69,0,37
286,1,1,20
286,25,1,36
286,2,1,38
286,40,0,21
286,13,0,31
286,23,1,26
286,7,1,37
286,58,1,36
286,38,1,40
286,9,1,20
286,28,1,28
286,1,1,5
286,36,1,28
286,55,1,30
286,6,0,15
286,16,1,39
286,63,1,22
286,5,1,22
286,46,1,33
286,62,1,35
286,59,1,40
286,25,1,34
286,45,1,32
286,12,1,31
286,59,1,33
286,4,1,30
286,62,1,22
286,64,0,23
286,9,0,50
286,0,1,48
286,50,1,33
286,16,1,47
286,45,1,44
287,20,1,23
287,9,1,29
287,65,1,31
287,28,1,18
287,43,1,29
287,27,1,23
287,6,0,21
287,25,1,40
287,52,1,23
287,23,1,28
287,38,1,11
287,60,0,22
287,35,1,10
287,58,1,33
287,70,0,26
287,22,0,29
287,17,1,33
287,12,1,41
287,59,1,10
287,35,1,35
287,33,0,21
287,71,1,23
287,71,0,28
287,35,0,26
287,52,1,26
287,0,1,33
287,14,1,9
287,52,1,6
287,16,1,36
287,21,0,27
287,6,1,44
287,35,1,33
287,11,1,43
287,44,1,22
287,24,0,38
287,57,0,22
287,30,0,30
287,27,0,26
287,35,0,12
287,37,1,8
287,65,1,25
287,45,0,20
287,3,1,16
287,52,0,23
287,18,1,25
287,8,1,44
287,19,1,5
287,54,0,15
287,62,1,8
287,30,0,15
287,43,1,32
287,32,1,34
287,60,0,33
287,38,1,33
287,37,0,13
287,33,1,29
287,2,0,15
287,37,1,16
287,37,1,20
287,29,0,19
287,0,0,34
287,16,0,18
287,53,1,23
287,52,0,29
287,14,0,30
287,43,0,21
287,26,0,13
287,28,1,14
287,11,1,20
287,52,1,5
287,22,0,23
287,35,1,28
288,31,0,79
288,46,1,58
288,44,0,64
288,54,0,43
288,58,0,41
288,65,0,71
288,32,0,43
288,9,0,63
288,25,0,47
288,69,0,93
288,15,0,76
288,35,0,60
288,32,0,42
288,40,1,76
288,41,0,54
288,65,0,68
288,45,1,51
288,70,0,72
288,50,0,73
288,35,0,50
288,65,0,64
288,7,0,44
288,44,0,81
288,0,0,74
288,56,0,58
288,53,0,32
288,6,0,58
288,6,0,29
288,37,0,69
288,39,1,52
288,69,0,51
288,52,0,66
288,71,0,82
288,69,0,47
288,58,0,62
288,25,0,52
288,66,0,92
288,7,0,50
288,30,0,48
288,16,0,43
288,9,0,82
288,7,0,68
288,60,0,77
288,39,0,62
288,5,1,49
288,39,1,68
288,41,0,58
288,58,0,51
288,63,0,57
288,63,0,47
288,53,0,99
288,33,0,88
288,61,0,58
288,40,0,76
288,70,0,65
288,44,1,73
288,41,1,49
288,24,0,53
288,54,0,59
288,10,0,53
288,28,1,48
288,0,0,29
288,28,0,119
288,25,0,82
288,60,0,68
288,25,0,43
288,34,0,97
288,46,1,58
288,51,1,71
288,35,0,38
288,44,0,102
288,27,0,100
289,42,0,39
289,60,0,24
289,48,1,34
289,29,1,24
289,37,1,25
289,56,1,25
289,10,0,34
289,19,1,42
289,55,0,44
289,66,1,18
289,21,1,55
289,35,1,35
289,2,0,14
289,68,1,27
289,43,1,30
289,68,1,13
289,13,0,29
289,59,1,26
289,16,1,9
289,25,1,29
289,64,0,24
289,10,1,25
289,22,1,30
289,13,0,28
289,62,1,29
289,30,1,15
289,32,1,23
289,32,0,35
289,46,1,31
289,3,1,18
289,27,1,24
289,58,1,24
289,51,1,31
289,63,0,31
289,50,0,21
289,21,0,35
289,51,1,48
289,16,0,63
289,44,1,35
289,52,0,24
289,57,1,19
289,21,1,55
289,27,1,18
289,49,1,26
289,30,1,43
289,19,1,24
289,36,0,26
289,47,1,25
289,30,1,27
289,71,1,28
289,54,1,37
289,23,1,35
289,39,1,25
289,41,1,19
289,68,1,28
289,55,1,34
289,1,0,39
289,7,0,33
289,31,1,29
289,37,1,30
289,39,1,27
289,3,1,22
289,11,1,38
289,63,1,46
289,44,1,32
289,54,1,35
289,56,1,29
289,69,1,38
289,32,0,29
289,26,1,13
289,41,1,22
289,10,1,30
290,68,0,36
290,8,0,43
290,22,0,40
290,17,1,35
290,27,1,41
290,56,0,42
290,67,0,27
290,51,0,48
290,51,1,49
290,1,1,52
290,6,0,50
290,19,1,15
290,5,1,27
290,18,0,27
290,44,1,47
290,7,1,17
290,52,0,21
290,54,0,53
290,10,0,49
290,19,1,49
290,14,1,56
290,45,1,46
290,23,1,22
290,22,0,55
290,45,1,43
290,39,1,61
290,16,1,43
290,36,1,46
290,16,0,43
290,59,1,33
290,14,1,32
290,18,1,29
290,71,1,42
290,60,0,37
290,71,0,30
290,1,1,28
290,67,1,5
290,56,1,54
290,50,1,42
290,46,0,46
290,5,1,23
290,4,0,46
290,15,1,37
290,33,0,22
290,10,0,50
290,11,1,60
290,53,0,45
290,68,1,43
290,62,1,47
290,23,0,35
290,67,1,26
290,5,1,33
290,60,0,50
290,18,1,15
290,42,0,31
290,19,1,27
290,50,0,79
290,18,0,8
290,28,0,47
290,44,1,51
290,37,1,52
290,14,1,61
290,11,0,58
290,18,1,53
290,12,0,64
290,19,1,67
290,22,0,45
290,38,1,14
290,48,1,50
290,14,0,44
290,65,1,45
290,41,1,36
291,68,1,43
291,27,1,14
291,1,1,25
291,4,1,30
291,51,1,11
291,37,1,24
291,15,0,24
291,35,1,26
291,42,0,37
291,70,1,14
291,67,0,16
291,14,1,43
291,34,1,25
291,6,1,20
291,36,1,31
291,17,1,17
291,57,1,44
291,0,1,22
291,22,1,46
291,47,1,46
291,15,1,43
291,6,1,36
291,1,1,33
291,49,0,5
291,66,1,20
291,61,0,10
291,45,1,32
291,14,1,35
291,14,1,28
291,41,1,38
291,24,0,25
291,16,0,15
291,23,1,29
291,52,1,32
291,46,1,25
291,0,0,35
291,12,1,28
291,32,1,23
291,15,0,46
291,3,1,19
291,66,1,38
291,50,1,26
291,26,1,16
291,34,1,19
291,55,1,14
291,23,1,26
291,17,1,23
291,11,0,40
291,8,1,27
291,66,1,12
291,39,1,25
291,7,1,35
291,21,1,39
291,0,1,35
291,52,1,23
291,18,1,28
291,34,1,32
291,59,1,34
291,56,1,12
291,10,0,29
291,45,1,33
291,59,0,46
291,36,1,34
291,22,1,45
291,64,1,38
291,64,0,5
291,53,0,26
291,14,0,26
291,37,1,38
291,32,0,11
291,18,1,22
291,12,1,46
292,1,0,86
292,22,1,40
292,22,0,78
292,59,1,33
292,44,1,36
292,17,0,84
292,8,0,38
292,43,0,27
292,49,0,63
292,18,0,54
292,27,1,77
292,71,1,99
292,19,0,67
292,32,0,50
292,50,0,50
292,36,0,81
292,13,0,20
292,10,0,77
292,40,0,48
292,19,1,41
292,5,1,61
292,71,0,50
292,41,0,81
292,9,0,91
292,67,0,96
292,19,0,59
292,55,0,70
292,29,0,86
292,62,0,79
292,7,1,65
292,60,0,46
292,45,0,52
292,1,0,65
292,46,0,85
292,20,0,64
292,48,0,64
292,14,0,60
292,44,0,17
292,61,0,54
292,5,0,48
292,28,0,68
292,51,1,43
292,33,0,97
292,69,0,102
292,10,0,55
292,7,0,51
292,23,0,79
292,20,0,45
292,34,1,81
292,5,1,62
292,20,0,51
292,1,0,27
292,3,1,49
292,38,1,63
292,5,0,112
292,27,0,44
292,65,1,51
292,5,0,38
292,36,1,53
292,5,0,48
292,8,0,48
292,50,0,61
292,27,1,25
292,55,0,7
292,20,0,72
292,24,0,56
292,16,0,56
292,57,0,42
292,62,0,56
292,67,0,25
292,53,0,38
292,17,1,40
293,58,1,33
293,25,1,24
293,36,1,17
293,31,1,24
293,5,1,34
293,68,0,32
293,2,0,19
293,53,0,27
293,33,0,37
293,19,1,47
293,53,0,36
293,35,1,25
293,60,1,27
293,35,1,24
293,33,1,24
293,18,1,5
293,27,1,35
293,17,1,20
293,21,1,47
293,1,1,52
293,55,1,17
293,22,1,24
293,35,0,39
293,37,1,33
293,11,1,30
293,44,1,25
293,14,1,19
293,71,1,5
293,37,1,24
293,32,1,5
293,69,0,28
293,21,1,28
293,57,1,44
293,20,1,26
293,15,0,36
293,46,1,25
293,12,1,28
293,37,1,40
293,17,1,48
293,68,1,24
293,40,0,35
293,28,0,29
293,13,0,29
293,5,1,41
293,25,1,32
293,29,1,39
293,12,0,55
293,11,1,36
293,47,1,36
293,58,1,44
293,5,1,39
293,14,0,24
293,8,1,26
293,30,1,34
293,37,1,23
293,67,0,47
293,11,1,27
293,43,1,40
293,52,1,27
293,8,1,30
293,28,1,45
293,26,1,27
293,5,1,32
293,32,1,20
293,62,1,17
293,28,1,13
293,49,1,14
293,3,1,19
293,39,1,32
293,62,1,39
293,15,1,33
293,35,1,36
294,69,1,31
294,19,1,28
294,17,0,23
294,69,0,18
294,31,1,33
294,5,1,33
294,29,1,33
294,39,0,31
294,40,1,38
294,43,1,28
294,0,1,18
294,20,1,15
294,4,0,17
294,67,1,27
294,29,1,24
294,23,0,21
294,2,1,32
294,23,0,26
294,18,0,24
294,54,0,30
294,38,0,17
294,36,1,5
294,67,0,21
294,36,1,16
294,65,0,19
294,34,1,19
294,48,0,27
294,10,0,26
294,50,0,22
294,53,0,7
294,68,1,22
294,68,1,28
294,11,1,28
294,68,0,23
294,22,1,34
294,48,0,20
294,11,0,11
294,63,1,21
294,2,1,24
294,1,1,19
294,18,1,25
294,45,0,25
294,7,1,16
294,68,1,37
294,0,1,33
294,26,1,5
294,64,1,5
294,57,0,26
294,34,0,32
294,51,1,38
294,3,0,33
294,65,1,17
294,12,0,30
294,6,1,25
294,28,1,28
294,22,1,17
294,56,0,29
294,22,0,23
294,1,1,16
294,2,0,33
294,49,1,18
294,25,1,34
294,3,0,34
294,1,1,8
294,54,0,21
294,11,1,23
294,9,0,31
294,46,0,37
294,35,1,28
294,64,0,30
294,44,1,20
294,3,0,19
295,43,0,5
295,15,0,20
295,70,1,35
295,42,0,5
295,6,0,21
295,41,1,11
295,17,1,11
295,66,0,30
295,61,1,29
295,5,0,13
295,23,1,10
295,61,1,28
295,10,0,30
295,67,1,47
295,42,1,41
295,1,0,10
295,27,1,30
295,27,0,20
295,65,1,21
295,66,0,28
295,3,1,14
295,62,1,6
295,15,1,40
295,13,1,25
295,23,0,24
295,16,1,20
295,11,0,37
295,29,1,5
295,1,0,33
295,54,0,41
295,71,0,32
295,13,0,28
295,48,1,28
295,71,1,20
295,24,1,34
295,24,0,17
295,18,1,38
295,20,0,25
295,24,1,32
295,7,0,18
295,20,0,22
295,10,1,15
295,23,1,13
295,51,1,36
295,68,1,6
295,44,1,25
295,68,0,26
295,1,0,28
295,69,1,22
295,55,0,33
295,40,0,18
295,63,0,11
295,4,1,21
295,6,0,34
295,50,1,12
295,27,0,13
295,58,0,34
295,59,0,24
295,62,1,22
295,31,0,22
295,45,1,39
295,26,1,36
295,61,1,37
295,34,0,34
295,22,1,47
295,17,1,18
295,48,1,21
295,59,1,29
295,9,0,5
295,68,0,33
295,8,0,27
295,1,1,29
296,32,0,62
296,44,0,51
296,7,0,41
296,54,0,77
296,49,0,33
296,18,0,37
296,66,0,46
296,42,0,58
296,49,0,61
296,60,0,104
296,8,0,55
296,30,0,42
296,7,0,61
296,71,0,51
296,22,0,36
296,36,0,46
296,51,1,62
296,7,0,62
296,0,0,63
296,4,0,37
296,14,0,69
296,54,0,76
296,65,1,100
296,11,0,70
296,36,0,71
296,48,0,21
296,65,0,54
296,34,0,86
296,24,0,63
296,39,1,96
296,69,0,63
296,27,1,73
296,8,1,5
296,32,1,47
296,23,0,57
296,15,0,73
296,67,0,51
296,66,0,80
296,70,1,82
296,22,1,81
296,43,1,87
296,26,0,70
296,54,0,40
296,42,0,36
296,61,1,85
296,64,1,82
296,29,0,30
296,55,0,67
296,13,0,21
296,22,0,80
296,40,0,87
296,16,0,48
296,50,0,77
296,26,0,67
296,48,0,56
296,64,0,79
296,63,0,69
296,23,0,83
296,8,1,55
296,65,0,75
296,13,0,70
296,33,0,39
296,52,0,43
296,1,0,85
296,60,0,101
296,60,0,31
296,44,0,60
296,46,1,69
296,47,1,40
296,52,0,84
296,18,0,69
296,7,1,92
297,67,0,41
297,69,0,46
297,26,1,91
297,35,0,66
297,31,0,31
297,48,1,60
297,54,0,80
297,53,0,65
297,1,0,30
297,66,1,55
297,26,1,47
297,25,0,89
297,63,0,76
297,15,0,86
297,25,0,91
297,17,1,45
297,45,0,63
297,51,0,64
297,70,0,46
297,11,0,69
297,26,1,82
297,10,0,42
297,6,0,96
297,41,0,73
297,47,1,58
297,44,1,62
297,39,1,69
297,71,0,63
297,26,1,85
297,10,0,74
297,43,0,72
297,67,0,49
297,36,1,41
297,2,0,36
297,44,1,45
297,26,1,67
297,10,0,79
297,30,1,80
297,46,1,57
297,36,0,67
297,27,1,91
297,24,0,66
297,28,1,64
297,10,1,93
297,32,0,68
297,8,0,57
297,65,1,80
297,71,1,56
297,13,0,46
297,68,1,48
297,47,0,46
297,62,0,82
297,1,0,47
297,15,0,46
297,53,0,55
297,32,0,69
297,39,1,70
297,20,0,41
297,18,0,79
297,44,0,66
297,66,1,33
297,38,0,96
297,70,0,41
297,31,0,74
297,14,1,57
297,1,1,66
297,18,1,61
297,19,1,57
297,7,0,92
297,40,0,48
297,32,0,75
297,48,0,80
298,57,0,59
298,10,1,58
298,14,1,65
298,11,1,56
298,15,0,60
298,28,0,51
298,40,0,40
298,38,1,61
298,50,1,25
298,50,1,65
298,7,1,53
298,3,1,57
298,50,0,47
298,51,0,45
298,70,0,43
298,46,1,42
298,64,1,30
298,54,0,36
298,67,0,21
298,21,1,26
298,66,0,59
298,26,1,77
298,40,0,21
298,51,0,56
298,8,1,24
298,28,1,51
298,16,1,55
298,58,1,28
298,46,1,45
298,2,0,49
298,0,0,64
298,20,0,55
298,70,0,56
298,2,1,26
298,58,1,44
298,59,0,47
298,65,0,37
298,59,1,69
298,38,0,72
298,7,0,15
298,62,1,21
298,37,1,55
298,5,0,63
298,65,1,49
298,52,1,52
298,40,1,33
298,71,1,46
298,63,0,53
298,63,1,43
298,55,1,38
298,12,0,24
298,22,1,24
298,19,1,51
298,0,0,49
298,3,1,41
298,65,0,75
298,71,0,55
298,4,1,51
298,68,0,38
298,22,1,12
298,54,1,41
298,47,1,61
298,71,1,50
298,66,1,36
298,17,0,29
298,14,1,70
298,55,0,16
298,61,0,42
298,1,1,53
298,47,1,46
298,17,0,37
298,42,0,50
299,40,1,31
299,32,1,37
299,70,0,20
299,41,1,26
299,0,0,5
299,32,0,47
299,12,0,40
299,19,1,10
299,69,0,7
299,54,0,44
299,52,0,59
299,52,1,45
299,23,0,39
299,59,0,37
299,14,1,54
299,61,0,73
299,13,0,20
299,33,1,34
299,65,1,24
299,37,0,41
299,35,0,36
299,33,1,38
299,56,0,40
299,8,1,54
299,30,1,40
299,31,0,84
299,8,0,23
299,41,0,29
299,14,1,24
299,0,0,74
299,14,0,13
299,38,1,48
299,26,1,36
299,68,1,49
299,53,0,35
299,7,0,75
299,48,0,47
299,69,1,64
299,45,1,46
299,35,1,20
299,66,0,38
299,41,1,31
299,4,1,8
299,15,1,39
299,7,1,27
299,68,1,35
299,19,1,30
299,57,0,36
299,18,0,27
299,66,1,60
299,22,1,68
299,26,1,31
299,51,1,43
299,65,1,49
299,36,1,53
299,55,0,32
299,67,0,27
299,47,1,24
299,17,1,31
299,48,1,38
299,58,1,37
299,36,1,64
299,34,0,42
299,22,1,16
299,9,0,34
299,64,0,29
299,12,0,34
299,6,0,29
299,51,1,29
299,59,1,38
299,44,1,40
299,22,0,33
300,16,0,22
300,66,1,20
300,9,1,9
300,24,1,28
300,44,1,38
300,42,1,29
300,21,1,22
300,21,0,27
300,8,1,19
300,7,1,33
300,5,1,26
300,47,1,22
300,16,0,5
300,69,1,26
300,63,0,20
300,43,0,38
300,1,1,36
300,36,0,40
300,10,1,18
300,71,1,26
300,60,1,21
300,17,0,17
300,20,0,33
300,69,1,5
300,55,0,23
300,62,1,29
300,15,0,36
300,3,1,20
300,38,1,21
300,47,0,13
300,47,0,26
300,66,0,33
300,60,1,6
300,2,1,39
300,49,0,40
300,69,0,23
300,15,1,19
300,60,0,20
300,15,1,21
300,64,0,17
300,38,1,18
300,58,0,16
300,35,1,13
300,67,1,13
300,6,0,30
300,29,1,22
300,23,0,11
300,60,1,29
300,6,1,21
300,8,1,28
300,6,1,22
300,47,0,36
300,42,1,8
300,14,1,9
300,41,0,30
300,17,0,40
300,32,1,6
300,26,1,13
300,33,1,26
300,47,1,26
300,71,1,26
300,5,1,42
300,31,0,48
300,29,1,29
300,55,1,34
300,29,0,23
300,70,0,32
300,60,1,18
300,30,0,26
300,6,0,15
300,5,1,35
300,45,1,20
301,62,1,36
301,70,1,30
301,7,1,19
301,66,1,36
301,13,0,21
301,44,1,22
301,50,0,24
301,0,1,16
301,5,1,29
301,16,0,51
301,66,1,16
301,0,0,39
301,37,1,23
301,13,0,46
301,57,1,42
301,18,0,34
301,64,1,20
301,32,1,19
301,45,1,31
301,58,0,26
301,32,1,6
301,67,0,32
301,1,1,27
301,24,0,41
301,22,1,47
301,25,1,43
301,69,1,32
301,5,1,20
301,8,0,35
301,31,1,27
301,70,1,24
301,63,0,13
301,10,0,25
301,30,1,35
301,48,1,27
301,31,1,25
301,51,1,27
301,12,1,42
301,64,1,52
301,53,0,26
301,20,1,19
301,4,1,25
301,0,1,19
301,64,1,29
301,41,1,30
301,5,1,55
301,33,0,39
301,12,1,29
301,11,1,20
301,64,1,33
301,19,1,25
301,37,1,21
301,54,0,28
301,4,1,32
301,24,0,18
301,11,1,23
301,29,1,40
301,36,1,32
301,24,0,24
301,55,1,39
301,3,1,19
301,57,1,18
301,31,0,27
301,1,1,38
301,32,1,40
301,21,1,43
301,7,1,32
301,13,0,39
301,20,0,30
301,35,1,25
301,1,1,37
301,7,1,27
302,1,0,80
302,18,0,42
302,20,1,75
302,7,0,30
302,45,1,36
302,1,1,60
302,48,0,37
302,6,1,66
302,57,0,55
302,29,0,83
302,9,0,65
302,15,1,120
302,31,1,52
302,36,0,50
302,13,1,77
302,4,0,36
302,27,0,73
302,44,1,53
302,63,1,62
302,70,0,80
302,53,0,37
302,26,0,95
302,46,0,75
302,61,1,68
302,61,0,57
302,2,0,59
302,6,0,69
302,33,1,40
302,41,0,26
302,7,0,68
302,1,0,30
302,12,1,47
302,24,0,79
302,24,0,47
302,15,1,47
302,36,1,42
302,53,0,29
302,38,0,77
302,33,0,59
302,50,0,80
302,13,0,73
302,50,0,89
302,58,0,69
302,22,0,84
302,59,1,40
302,36,1,95
302,3,0,79
302,22,0,37
302,12,0,59
302,17,1,58
302,63,1,62
302,15,0,63
302,53,0,36
302,31,0,36
302,24,1,55
302,40,0,70
302,59,1,59
302,5,1,60
302,9,0,49
302,66,1,59
302,57,1,70
302,0,0,85
302,26,1,46
302,0,0,59
302,35,0,35
302,3,0,52
302,33,0,52
302,67,0,78
302,37,0,88
302,22,1,81
302,2,0,59
302,60,0,41
303,46,1,62
303,19,0,78
303,22,0,38
303,7,1,75
303,9,0,37
303,39,1,62
303,50,0,41
303,69,0,31
303,13,1,43
303,37,1,52
303,58,0,60
303,3,1,29
303,61,0,44
303,57,1,47
303,36,0,16
303,16,0,18
303,9,0,58
303,46,0,30
303,35,1,59
303,62,1,44
303,18,0,64
303,5,1,53
303,70,1,44
303,31,1,52
303,10,0,31
303,64,0,14
303,11,1,43
303,65,1,37
303,54,0,41
303,3,1,61
303,26,1,40
303,59,0,62
303,48,0,50
303,41,0,46
303,0,0,31
303,2,1,42
303,52,1,32
303,39,1,35
303,18,1,31
303,52,1,43
303,36,0,45
303,31,1,47
303,46,1,23
303,62,1,13
303,31,1,32
303,52,0,23
303,38,0,53
303,30,1,63
303,4,1,57
303,59,1,35
303,71,1,73
303,48,1,70
303,32,0,62
303,13,0,61
303,32,1,62
303,8,0,63
303,5,1,79
303,3,1,19
303,53,0,56
303,58,1,23
303,29,1,56
303,14,1,65
303,5,1,37
303,4,1,57
303,15,1,43
303,7,0,30
303,38,0,11
303,36,1,50
303,57,0,40
303,0,1,34
303,17,1,59
303,60,0,33
304,59,0,41
304,56,0,5
304,47,0,19
304,51,0,5
304,19,0,30
304,50,0,23
304,10,0,19
304,9,1,20
304,16,0,25
304,48,1,11
304,29,0,18
304,55,0,37
304,70,0,21
304,38,0,27
304,50,0,29
304,6,0,32
304,9,1,22
304,36,1,31
304,58,0,39
304,38,0,21
304,67,0,25
304,22,0,31
304,23,1,36
304,23,0,28
304,47,0,32
304,52,0,7
304,20,1,5
304,28,0,36
304,64,0,28
304,33,0,18
304,62,0,22
304,61,0,28
304,65,0,29
304,26,0,23
304,32,0,27
304,57,1,32
304,3,1,35
304,4,1,8
304,24,1,42
304,52,0,25
304,54,0,20
304,64,0,32
304,18,0,34
304,66,1,33
304,7,0,10
304,55,0,6
304,13,0,25
304,2,0,18
304,57,1,41
304,50,0,11
304,41,0,19
304,0,0,33
304,26,1,22
304,70,0,7
304,28,1,31
304,67,1,37
304,41,1,27
304,61,0,27
304,56,0,34
304,61,1,37
304,37,0,14
304,33,1,16
304,18,0,26
304,68,0,25
304,25,1,32
304,44,0,34
304,58,0,37
304,24,0,35
304,52,0,19
304,22,1,12
304,61,0,31
304,30,1,29
305,29,1,47
305,4,0,43
305,32,1,56
305,28,0,44
305,30,0,80
305,4,0,64
305,17,0,38
305,53,1,47
305,61,0,23
305,27,0,47
305,26,1,39
305,15,0,44
305,38,0,44
305,70,1,53
305,6,1,23
305,37,1,36
305,41,0,53
305,2,0,44
305,30,1,41
305,34,0,65
305,25,1,78
305,30,0,49
305,67,0,34
305,42,0,70
305,20,0,46
305,29,0,56
305,9,0,64
305,29,1,50
305,46,1,55
305,28,0,50
305,29,0,64
305,42,0,52
305,27,1,51
305,62,0,60
305,12,0,57
305,10,0,35
305,47,1,35
305,10,1,48
305,52,0,54
305,12,1,49
305,15,0,47
305,18,0,35
305,42,0,12
305,12,0,24
305,23,0,49
305,50,0,79
305,69,0,47
305,64,0,79
305,67,0,37
305,6,1,48
305,27,0,50
305,45,1,42
305,3,0,84
305,19,1,48
305,35,0,21
305,11,1,55
305,63,0,57
305,37,1,32
305,56,0,69
305,18,0,43
305,44,0,65
305,29,0,61
305,28,0,55
305,14,1,43
305,35,1,34
305,19,1,69
305,63,1,25
305,6,0,42
305,9,0,42
305,43,0,60
305,48,0,11
305,25,1,52
306,51,1,47
306,35,0,73
306,34,1,22
306,69,1,48
306,37,1,17
306,70,0,36
306,71,0,54
306,71,0,21
306,12,1,39
306,26,1,56
306,11,0,36
306,26,0,61
306,50,0,47
306,55,0,29
306,64,1,57
306,30,0,29
306,46,0,37
306,37,0,34
306,33,0,42
306,59,0,30
306,59,0,41
306,61,0,58
306,39,1,35
306,25,1,45
306,14,0,39
306,19,0,30
306,11,0,93
306,43,0,40
306,66,1,37
306,60,1,40
306,16,0,38
306,45,1,43
306,2,0,45
306,29,0,34
306,21,1,45
306,69,0,31
306,7,0,26
306,19,0,23
306,26,1,27
306,3,0,37
306,14,1,5
306,66,1,18
306,47,0,52
306,0,0,30
306,0,0,47
306,2,0,59
306,56,1,60
306,4,0,42
306,27,1,50
306,52,0,19
306,5,0,15
306,42,0,33
306,27,0,62
306,9,0,19
306,51,0,40
306,45,0,36
306,24,0,71
306,14,1,61
306,51,0,32
306,20,0,37
306,43,0,44
306,59,0,30
306,49,0,22
306,8,0,33
306,10,0,35
306,27,1,49
306,18,0,49
306,65,1,25
306,21,1,58
306,31,0,21
306,28,1,74
306,58,1,52
307,61,0,26
307,68,1,40
307,4,1,19
307,39,1,24
307,22,0,24
307,45,1,24
307,56,1,30
307,4,1,23
307,3,1,22
307,58,1,34
307,42,0,35
307,44,1,25
307,60,1,52
307,9,1,24
307,24,0,38
307,70,0,31
307,31,1,26
307,48,1,18
307,36,1,16
307,29,1,27
307,8,1,55
307,0,1,33
307,10,0,25
307,3,1,29
307,65,1,33
307,22,1,28
307,16,1,25
307,3,0,30
307,10,0,21
307,25,1,31
307,6,1,18
307,1,1,26
307,57,1,21
307,45,1,16
307,59,1,36
307,60,0,30
307,26,1,47
307,30,1,28
307,29,1,37
307,39,1,10
307,63,1,18
307,23,1,35
307,15,1,26
307,9,0,26
307,42,1,22
307,45,1,24
307,4,1,20
307,16,1,35
307,66,1,36
307,42,0,15
307,39,1,7
307,24,1,34
307,36,1,32
307,54,1,23
307,66,1,16
307,45,1,31
307,52,0,28
307,20,1,58
307,33,1,22
307,9,1,34
307,49,1,22
307,1,0,23
307,25,1,8
307,49,1,38
307,1,1,15
307,46,1,22
307,52,1,31
307,25,1,7
307,8,1,34
307,70,1,41
307,22,1,35
307,22,1,32
308,32,1,38
308,27,0,33
308,66,0,16
308,60,0,33
308,28,0,9
308,39,1,20
308,37,0,19
308,11,0,6
308,48,0,15
308,0,1,24
308,37,1,22
308,14,1,19
308,9,0,20
308,56,1,22
308,35,0,23
308,46,1,33
308,71,1,22
308,64,1,37
308,26,0,17
308,15,0,39
308,11,0,38
308,5,1,26
308,13,0,26
308,8,1,37
308,54,1,34
308,22,0,45
308,59,1,24
308,3,1,32
308,59,1,12
308,34,0,20
308,6,0,24
308,63,1,13
308,11,0,27
308,25,0,17
308,55,1,31
308,71,1,30
308,70,0,28
308,36,1,11
308,5,0,11
308,68,0,14
308,4,1,39
308,70,1,21
308,22,0,35
308,31,1,17
308,56,0,24
308,33,0,18
308,11,0,24
308,63,1,15
308,29,1,27
308,0,0,5
308,17,1,38
308,7,1,19
308,21,0,27
308,22,0,27
308,41,1,17
308,56,1,13
308,47,1,12
308,21,1,35
308,43,1,27
308,32,1,24
308,25,0,29
308,42,0,12
308,36,1,28
308,62,0,26
308,70,0,31
308,64,1,7
308,71,0,29
308,19,1,29
308,4,1,26
308,27,0,17
308,45,0,39
308,70,0,33
309,15,0,63
309,71,1,48
309,22,0,73
309,29,0,57
309,10,0,48
309,36,1,42
309,64,0,10
309,46,1,66
309,64,1,53
309,12,0,11
309,49,1,65
309,62,0,25
309,70,1,54
309,49,0,51
309,5,1,60
309,37,1,47
309,57,1,47
309,46,0,64
309,51,1,9
309,55,1,52
309,35,0,27
309,31,1,62
309,69,0,73
309,13,1,55
309,15,1,44
309,20,0,59
309,41,0,36
309,21,1,48
309,7,0,71
309,19,0,75
309,32,1,74
309,7,0,66
309,45,1,14
309,39,1,73
309,9,0,58
309,26,1,50
309,44,1,55
309,8,1,55
309,33,0,64
309,29,1,68
309,1,1,53
309,30,1,74
309,44,1,27
309,34,0,43
309,35,1,48
309,15,0,43
309,70,0,35
309,7,1,39
309,43,1,9
309,8,0,43
309,13,0,46
309,34,0,77
309,61,1,16
309,10,0,43
309,44,1,40
309,17,0,53
309,17,0,19
309,40,1,68
309,2,0,57
309,66,0,55
309,20,0,42
309,13,0,46
309,38,1,38
309,30,1,46
309,65,1,30
309,6,0,57
309,34,1,41
309,57,1,44
309,56,1,52
309,46,0,62
309,60,1,32
309,37,0,53
310,48,0,26
310,55,0,15
310,62,1,5
310,51,1,19
310,63,1,14
310,17,0,20
310,11,0,31
310,36,1,17
310,25,1,24
310,6,0,16
310,45,0,34
310,53,0,11
310,64,0,18
310,24,1,25
310,23,1,30
310,68,1,24
310,15,0,18
310,71,0,24
310,36,1,20
310,2,1,27
310,55,0,14
310,53,0,29
310,9,0,23
310,65,0,37
310,62,0,20
310,60,0,10
310,6,0,29
310,51,0,15
310,47,0,31
310,69,0,12
310,17,0,20
310,55,1,22
310,41,0,14
310,21,1,25
310,3,1,21
310,50,0,19
310,18,0,31
310,58,1,42
310,35,1,37
310,10,0,25
310,58,0,23
310,31,1,19
310,16,1,49
310,22,1,23
310,12,1,37
310,9,1,26
310,47,1,10
310,20,0,18
310,39,0,41
310,52,0,26
310,52,1,27
310,50,1,39
310,20,1,15
310,24,0,40
310,50,0,17
310,54,1,13
310,2,0,15
310,44,0,20
310,0,1,27
310,69,1,12
310,31,0,45
310,33,1,23
310,64,1,29
310,44,0,5
310,47,1,29
310,20,1,32
310,71,1,27
310,49,0,45
310,69,1,29
310,33,1,23
310,12,1,12
310,71,1,29
311,64,0,73
311,60,0,75
311,8,0,60
311,1,0,59
311,29,0,49
311,23,1,39
311,14,0,67
311,43,0,58
311,25,0,84
311,66,1,25
311,25,0,30
311,27,1,45
311,56,0,40
311,5,1,43
311,0,0,61
311,50,1,35
311,18,0,66
311,66,0,57
311,45,1,35
311,20,0,82
311,24,0,73
311,57,0,39
311,23,1,62
311,9,0,53
311,17,0,65
311,61,1,50
311,50,0,65
311,54,0,77
311,56,0,46
311,64,0,65
311,14,0,61
311,8,0,61
311,43,1,56
311,0,0,34
311,58,1,61
311,28,1,57
311,62,0,47
311,17,0,44
311,43,1,37
311,36,1,72
311,11,1,69
311,59,1,93
311,4,0,36
311,45,1,64
311,16,0,73
311,57,0,63
311,16,0,63
311,31,0,44
311,48,0,63
311,20,0,68
311,65,1,44
311,36,1,53
311,26,1,73
311,71,0,31
311,33,0,79
311,61,0,75
311,44,0,95
311,36,0,55
311,27,1,55
311,18,0,107
311,47,1,68
311,71,1,117
311,70,0,87
311,10,0,45
311,38,1,76
311,41,0,41
311,10,0,46
311,25,0,79
311,15,0,73
311,15,0,5
311,42,0,54
311,3,1,58
312,59,1,46
312,16,1,23
312,8,1,21
312,69,1,16
312,41,1,36
312,53,1,44
312,47,1,32
312,41,0,17
312,60,0,29
312,68,1,36
312,49,1,53
312,23,1,24
312,25,1,15
312,35,1,28
312,9,1,13
312,8,1,22
312,0,0,25
312,51,0,35
312,18,0,46
312,24,1,22
312,42,0,36
312,22,1,41
312,43,1,19
312,30,1,36
312,52,1,33
312,49,1,13
312,51,0,28
312,10,0,28
312,43,1,20
312,6,1,26
312,9,1,37
312,37,1,34
312,57,1,16
312,46,1,31
312,1,1,14
312,47,1,10
312,21,1,33
312,0,1,42
312,44,1,29
312,65,1,17
312,28,1,29
312,55,1,35
312,13,1,20
312,45,1,26
312,1,0,21
312,28,0,29
312,68,1,25
312,14,1,37
312,43,1,25
312,14,1,26
312,5,0,20
312,3,0,28
312,13,0,34
312,19,1,27
312,15,1,31
312,17,0,46
312,28,1,31
312,13,1,33
312,14,1,11
312,64,0,17
312,28,0,23
312,19,1,24
312,50,1,50
312,67,0,32
312,42,1,32
312,60,1,39
312,64,0,25
312,45,1,39
312,38,1,36
312,45,1,31
312,9,1,37
312,55,1,42
313,69,1,28
313,53,1,60
313,60,1,55
313,57,0,24
313,64,1,48
313,49,1,32
313,61,0,24
313,52,0,61
313,60,1,25
313,1,1,60
313,26,1,72
313,20,0,45
313,46,0,72
313,50,1,43
313,24,0,21
313,25,1,42
313,25,1,13
313,12,1,43
313,3,0,35
313,50,0,70
313,64,1,33
313,24,1,20
313,39,1,51
313,15,0,49
313,19,1,62
313,0,0,42
313,49,1,29
313,13,1,38
313,45,1,25
313,39,1,77
313,47,1,50
313,4,0,53
313,28,1,53
313,47,1,77
313,15,1,49
313,14,1,41
313,6,1,63
313,64,0,24
313,13,0,24
313,17,1,49
313,10,1,22
313,35,1,43
313,61,1,31
313,37,0,43
313,9,0,32
313,64,1,28
313,49,1,43
313,47,0,25
313,9,0,46
313,65,0,35
313,71,1,40
313,68,0,29
313,9,0,38
313,41,1,37
313,32,1,54
313,2,0,25
313,33,0,55
313,44,1,39
313,5,0,25
313,61,1,24
313,23,1,73
313,40,0,37
313,51,1,34
313,44,0,58
313,67,0,37
313,43,1,39
313,48,1,47
313,55,1,50
313,25,1,42
313,14,0,68
313,46,1,50
313,6,0,40
314,48,0,42
314,12,0,29
314,14,1,44
314,61,0,49
314,69,1,5
314,62,1,27
314,67,0,48
314,33,0,42
314,10,0,32
314,20,0,40
314,66,1,50
314,31,0,46
314,40,0,35
314,0,0,47
314,60,1,63
314,34,1,43
314,49,1,39
314,49,0,30
314,71,0,45
314,29,0,33
314,8,1,29
314,44,1,43
314,30,0,41
314,23,1,55
314,36,0,16
314,31,1,59
314,40,0,37
314,11,0,36
314,46,1,41
314,53,1,49
314,14,1,52
314,61,0,13
314,3,0,48
314,56,0,21
314,63,0,49
314,30,1,9
314,40,0,45
314,69,1,9
314,24,0,60
314,61,1,54
314,50,0,57
314,2,0,41
314,34,1,21
314,0,1,36
314,59,1,58
314,52,0,70
314,35,0,47
314,2,0,14
314,64,1,59
314,57,0,48
314,37,0,51
314,38,0,53
314,70,0,47
314,7,1,33
314,54,0,34
314,0,0,41
314,20,0,30
314,48,1,32
314,8,0,45
314,23,0,33
314,3,0,31
314,62,0,55
314,68,0,54
314,42,0,29
314,15,0,31
314,70,0,42
314,33,1,30
314,6,0,42
314,8,0,47
314,56,0,27
314,26,0,54
314,29,0,33
315,48,1,28
315,24,0,12
315,44,1,34
315,7,0,16
315,64,1,27
315,26,1,35
315,20,1,21
315,59,0,13
315,24,0,18
315,54,1,31
315,63,0,26
315,64,0,25
315,22,1,30
315,18,0,30
315,9,1,27
315,44,1,29
315,69,0,39
315,10,0,23
315,58,1,14
315,14,1,31
315,9,0,27
315,67,0,38
315,8,1,27
315,7,1,42
315,35,1,24
315,24,1,15
315,24,0,24
315,66,1,18
315,12,0,19
315,43,1,31
315,67,0,46
315,21,1,25
315,60,0,20
315,10,1,22
315,47,1,16
315,38,1,27
315,0,0,24
315,55,0,26
315,3,1,5
315,51,0,39
315,13,0,42
315,21,1,22
315,5,1,39
315,23,1,28
315,7,0,21
315,37,0,32
315,23,1,18
315,22,1,16
315,11,1,8
315,11,1,20
315,19,0,43
315,52,0,33
315,6,1,29
315,39,1,28
315,27,0,18
315,15,1,12
315,14,1,45
315,22,0,31
315,45,1,21
315,25,1,17
315,46,0,22
315,9,0,25
315,16,1,39
315,3,1,32
315,46,1,31
315,9,1,25
315,31,0,17
315,16,1,39
315,54,0,25
315,55,0,28
315,54,0,6
315,18,1,45
316,56,0,53
316,28,0,82
316,23,0,91
316,68,1,66
316,29,0,26
316,29,0,70
316,37,0,55
316,6,0,73
316,37,1,32
316,62,0,56
316,70,0,89
316,59,1,68
316,0,0,81
316,1,1,69
316,49,0,61
316,24,0,70
316,33,0,60
316,41,0,81
316,20,0,53
316,30,0,21
316,70,0,120
316,46,0,32
316,55,1,47
316,63,0,67
316,1,1,81
316,23,0,21
316,44,0,74
316,24,0,88
316,0,0,58
316,42,0,43
316,65,1,99
316,51,0,62
316,29,0,45
316,26,0,55
316,49,0,77
316,53,0,47
316,5,0,71
316,8,0,40
316,39,1,56
316,40,0,85
316,27,0,40
316,3,1,72
316,49,0,101
316,49,0,70
316,4,1,49
316,71,0,56
316,12,0,56
316,44,1,80
316,7,0,70
316,44,0,78
316,55,0,56
316,39,1,56
316,15,0,59
316,5,1,72
316,33,0,67
316,50,0,73
316,38,0,71
316,46,1,57
316,24,0,79
316,59,1,47
316,17,0,57
316,6,1,68
316,57,1,50
316,11,1,67
316,45,1,78
316,36,1,21
316,26,0,74
316,23,1,58
316,20,0,76
316,16,1,43
316,6,0,22
316,38,1,39
317,48,0,14
317,15,0,33
317,38,0,55
317,63,1,27
317,31,1,23
317,21,0,32
317,28,1,23
317,9,1,26
317,12,1,44
317,21,0,5
317,3,0,12
317,39,0,17
317,49,1,42
317,12,0,17
317,2,0,22
317,0,1,19
317,43,1,20
317,21,1,20
317,31,0,22
317,67,1,29
317,11,0,10
317,56,0,14
317,51,1,29
317,7,1,24
317,68,0,24
317,56,0,20
317,26,0,10
317,43,1,28
317,3,1,42
317,28,1,27
317,47,0,23
317,19,1,32
317,29,1,34
317,28,0,10
317,39,0,11
317,12,0,18
317,41,0,30
317,39,1,30
317,26,0,12
317,58,0,38
317,3,1,18
317,27,1,24
317,39,0,21
317,13,0,28
317,35,1,34
317,65,1,11
317,36,1,26
317,65,1,5
317,64,0,33
317,18,0,18
317,19,0,22
317,33,0,27
317,63,1,34
317,55,1,17
317,30,0,22
317,22,0,36
317,19,0,17
317,23,1,18
317,7,1,38
317,17,1,46
317,58,0,18
317,24,1,16
317,71,1,21
317,24,1,29
317,55,0,13
317,25,0,30
317,11,0,38
317,57,1,31
317,35,0,17
317,35,1,20
317,56,0,7
317,3,0,38
318,26,0,32
318,22,1,36
318,5,0,50
318,13,0,59
318,56,0,46
318,45,0,41
318,8,0,36
318,53,0,65
318,66,0,34
318,62,0,44
318,17,0,41
318,6,1,65
318,5,0,44
318,59,1,41
318,27,1,41
318,29,0,54
318,18,0,39
318,7,1,59
318,71,0,61
318,1,1,26
318,63,1,48
318,31,1,45
318,1,1,45
318,23,1,71
318,49,1,31
318,9,0,43
318,15,0,56
318,46,0,60
318,31,0,21
318,40,0,40
318,39,1,76
318,19,0,41
318,17,0,37
318,37,1,45
318,47,0,58
318,48,0,50
318,21,1,58
318,40,0,69
318,31,0,17
318,8,1,30
318,31,0,45
318,39,1,34
318,58,1,18
318,24,0,18
318,20,0,47
318,13,0,22
318,36,0,40
318,7,0,62
318,64,0,36
318,11,0,44
318,48,0,5
318,32,0,36
318,53,0,19
318,26,1,71
318,70,1,56
318,16,1,39
318,15,0,43
318,23,1,39
318,16,0,61
318,19,1,78
318,40,1,52
318,66,0,57
318,59,1,73
318,53,0,45
318,45,1,34
318,26,0,43
318,40,0,44
318,25,1,40
318,54,1,74
318,1,1,43
318,71,0,52
318,42,1,53
319,22,1,56
319,33,1,31
319,5,1,68
319,32,0,35
319,2,0,35
319,58,1,54
319,41,1,11
319,8,1,14
319,27,1,43
319,69,0,63
319,10,0,45
319,32,1,19
319,40,0,21
319,25,1,31
319,66,1,19
319,34,0,22
319,13,1,46
319,62,0,31
319,52,0,41
319,59,1,45
319,20,0,12
319,49,1,54
319,64,1,40
319,29,1,36
319,65,1,61
319,4,1,51
319,26,1,41
319,4,0,44
319,71,1,25
319,37,0,66
319,41,1,21
319,61,0,70
319,1,0,54
319,33,0,60
319,21,1,31
319,61,1,24
319,56,0,34
319,22,1,43
319,6,1,49
319,57,1,55
319,44,0,15
319,66,0,51
319,62,0,55
319,23,0,27
319,19,1,27
319,54,1,43
319,4,1,12
319,45,1,61
319,22,0,26
319,19,1,59
319,16,0,35
319,26,1,34
319,19,1,40
319,45,0,45
319,42,0,40
319,0,0,56
319,43,0,50
319,33,0,24
319,65,1,56
319,66,1,36
319,38,1,33
319,37,0,43
319,54,1,44
319,55,1,18
319,63,0,32
319,34,1,46
319,51,1,70
319,28,1,35
319,34,1,52
319,2,0,25
319,13,0,56
319,66,1,44
320,54,1,28
320,51,1,20
320,49,1,37
320,47,0,26
320,1,0,28
320,53,0,17
320,2,0,36
320,19,1,39
320,42,0,52
320,47,1,62
320,54,0,32
320,22,0,17
320,37,1,64
320,70,1,28
320,20,0,57
320,42,0,39
320,51,1,52
320,56,0,41
320,23,0,22
320,53,0,46
320,46,1,39
320,55,1,49
320,40,0,45
320,61,0,46
320,41,1,35
320,41,1,19
320,48,0,64
320,57,1,33
320,13,0,79
320,18,0,36
320,19,0,49
320,24,1,24
320,45,0,42
320,69,1,43
320,3,1,47
320,6,0,33
320,50,1,56
320,44,1,33
320,28,0,46
320,64,1,36
320,49,1,26
320,7,1,41
320,65,1,62
320,14,1,43
320,39,0,42
320,67,1,25
320,40,0,44
320,4,0,53
320,62,0,26
320,38,0,41
320,56,0,72
320,26,1,67
320,50,0,59
320,54,0,43
320,7,1,56
320,16,1,18
320,54,0,18
320,58,1,23
320,29,0,7
320,15,0,19
320,30,1,31
320,43,1,35
320,39,0,38
320,66,0,59
320,64,0,44
320,57,0,44
320,64,1,39
320,42,0,45
320,14,1,18
320,2,0,17
320,67,1,50
320,49,0,45
321,19,1,24
321,51,1,24
321,64,1,27
321,56,1,45
321,32,1,37
321,66,1,38
321,45,1,34
321,47,1,8
321,18,1,38
321,6,0,19
321,24,0,44
321,2,0,47
321,29,1,29
321,18,1,36
321,23,1,40
321,32,1,17
321,31,1,33
321,11,1,31
321,40,1,20
321,23,0,12
321,47,1,30
321,59,1,14
321,68,0,31
321,2,0,29
321,51,0,46
321,55,1,21
321,23,1,17
321,50,1,17
321,33,0,46
321,6,1,47
321,70,1,30
321,19,1,30
321,24,0,41
321,24,0,31
321,61,0,31
321,30,1,20
321,36,1,37
321,61,1,28
321,38,1,26
321,13,0,32
321,34,1,37
321,0,1,17
321,16,1,30
321,67,1,17
321,7,1,10
321,9,1,37
321,28,1,34
321,27,1,26
321,5,1,19
321,39,1,36
321,42,0,47
321,29,1,50
321,9,1,20
321,68,1,24
321,15,0,27
321,50,0,18
321,53,0,55
321,68,1,30
321,4,1,37
321,59,1,16
321,31,1,36
321,8,1,27
321,4,1,30
321,42,0,31
321,16,1,34
321,13,0,28
321,52,0,22
321,68,1,29
321,52,1,16
321,58,1,34
321,48,0,39
321,54,1,22
322,25,1,70
322,8,1,45
322,34,0,47
322,29,0,67
322,57,1,25
322,71,0,69
322,67,0,82
322,48,0,16
322,46,0,74
322,21,1,59
322,3,0,57
322,38,1,57
322,27,1,88
322,62,0,63
322,27,0,79
322,32,0,67
322,21,0,48
322,46,1,53
322,3,0,57
322,47,1,73
322,37,1,61
322,71,1,62
322,43,1,67
322,27,1,67
322,46,0,45
322,59,0,65
322,50,0,75
322,36,0,44
322,54,1,103
322,5,1,45
322,52,1,44
322,2,0,72
322,0,0,48
322,28,0,61
322,9,0,39
322,11,0,65
322,24,0,65
322,31,1,26
322,70,0,72
322,50,0,69
322,43,0,38
322,66,0,28
322,1,1,83
322,44,0,93
322,1,0,59
322,39,1,55
322,42,0,53
322,43,1,36
322,11,1,96
322,12,1,43
322,57,1,59
322,63,1,56
322,66,1,51
322,53,0,54
322,14,1,94
322,60,0,5
322,17,0,34
322,40,1,99
322,28,0,58
322,5,0,53
322,26,1,54
322,24,1,33
322,45,1,47
322,19,0,58
322,60,0,62
322,56,0,17
322,47,0,50
322,69,0,60
322,17,0,48
322,6,0,59
322,30,0,55
322,35,0,53
323,56,0,26
323,60,1,24
323,15,0,29
323,23,1,7
323,58,0,31
323,34,1,25
323,46,1,27
323,35,1,21
323,8,0,17
323,49,1,24
323,20,1,51
323,0,0,34
323,40,0,27
323,10,0,39
323,42,0,20
323,34,1,16
323,43,1,42
323,43,1,28
323,56,0,44
323,43,1,35
323,35,1,28
323,23,0,27
323,20,0,22
323,46,1,33
323,63,1,29
323,70,0,28
323,0,0,44
323,1,1,28
323,57,1,39
323,16,1,43
323,48,0,24
323,27,1,26
323,10,0,34
323,20,0,31
323,12,1,28
323,68,1,19
323,3,1,36
323,24,0,17
323,39,1,5
323,30,1,31
323,67,1,25
323,44,1,27
323,24,0,5
323,34,1,21
323,53,1,12
323,67,0,17
323,10,1,50
323,39,1,36
323,10,0,44
323,52,0,38
323,38,0,31
323,48,1,39
323,7,1,41
323,25,1,34
323,68,0,21
323,11,1,22
323,7,1,34
323,60,1,40
323,59,1,9
323,2,0,32
323,24,0,21
323,66,1,25
323,46,1,42
323,41,0,21
323,3,1,33
323,8,1,40
323,38,0,21
323,9,0,23
323,12,0,32
323,5,0,21
323,50,1,33
323,70,0,38
324,46,0,24
324,66,1,16
324,38,0,37
324,59,1,27
324,63,0,21
324,0,0,5
324,69,1,34
324,66,0,8
324,19,0,26
324,4,0,28
324,63,1,22
324,17,0,17
324,16,0,25
324,13,1,29
324,6,1,26
324,36,1,28
324,65,1,37
324,17,0,21
324,66,1,39
324,25,1,12
324,16,0,20
324,60,0,28
324,13,1,42
324,53,0,43
324,60,0,13
324,53,0,24
324,61,1,34
324,11,0,29
324,15,0,33
324,69,0,26
324,33,0,37
324,53,0,21
324,4,0,19
324,31,1,22
324,21,0,11
324,63,0,16
324,34,1,9
324,71,0,19
324,35,1,9
324,0,0,16
324,20,0,16
324,67,0,26
324,69,1,22
324,28,0,22
324,45,1,23
324,3,1,35
324,50,0,23
324,65,1,18
324,32,0,8
324,26,1,5
324,12,0,34
324,64,0,35
324,36,1,8
324,45,0,5
324,69,1,46
324,52,1,31
324,15,0,19
324,0,0,25
324,13,0,13
324,46,0,26
324,50,0,19
324,33,0,7
324,64,0,32
324,22,1,6
324,20,0,33
324,24,0,20
324,18,1,30
324,21,1,23
324,56,0,56
324,21,1,32
324,28,1,24
324,1,0,28
325,11,0,47
325,35,1,48
325,51,1,72
325,59,1,48
325,58,0,51
325,10,0,48
325,41,1,48
325,60,1,38
325,43,0,52
325,63,0,46
325,43,0,53
325,20,0,37
325,15,0,18
325,14,1,32
325,56,1,72
325,66,1,18
325,29,1,15
325,45,1,39
325,67,0,33
325,53,0,42
325,39,1,16
325,42,1,39
325,22,1,16
325,0,1,53
325,58,1,40
325,46,1,59
325,5,1,36
325,41,1,35
325,26,1,24
325,8,1,39
325,20,0,52
325,29,0,40
325,34,0,50
325,34,0,57
325,4,1,55
325,29,0,47
325,36,1,20
325,54,1,22
325,16,1,51
325,16,0,60
325,13,0,60
325,28,1,32
325,61,0,33
325,56,0,69
325,8,1,55
325,64,1,34
325,16,0,35
325,43,1,56
325,51,1,63
325,68,0,65
325,22,1,39
325,41,1,28
325,21,1,55
325,59,1,60
325,9,0,37
325,18,1,42
325,44,0,27
325,18,0,34
325,54,0,48
325,45,1,38
325,40,0,59
325,6,1,77
325,6,0,30
325,48,0,46
325,42,0,42
325,20,1,39
325,21,1,49
325,36,1,54
325,68,0,41
325,68,0,61
325,13,1,78
325,66,0,38
326,42,0,22
326,63,1,29
326,60,0,14
326,49,0,28
326,50,1,42
326,19,1,38
326,37,1,10
326,32,0,35
326,32,1,40
326,34,1,30
326,59,1,9
326,18,1,20
326,15,0,32
326,3,1,43
326,69,1,34
326,40,1,15
326,15,0,38
326,50,1,34
326,59,1,38
326,67,0,39
326,59,1,25
326,61,1,32
326,63,1,29
326,29,1,26
326,70,1,10
326,50,1,28
326,63,1,35
326,7,1,5
326,40,0,21
326,59,1,19
326,22,1,22
326,23,1,20
326,11,1,28
326,36,1,11
326,10,1,48
326,3,1,17
326,23,1,25
326,45,1,39
326,8,1,12
326,37,1,49
326,55,1,21
326,49,0,22
326,6,1,31
326,2,1,37
326,45,1,18
326,11,1,26
326,62,0,27
326,37,1,33
326,18,1,35
326,53,1,31
326,44,1,27
326,21,1,23
326,29,0,48
326,54,0,43
326,52,1,32
326,40,0,25
326,1,1,18
326,18,1,23
326,45,1,31
326,17,1,32
326,37,1,32
326,23,1,25
326,65,0,35
326,15,1,53
326,4,1,34
326,54,0,21
326,61,1,31
326,68,1,31
326,42,0,35
326,67,1,24
326,49,0,25
326,3,1,30
327,1,1,39
327,27,1,31
327,24,0,21
327,25,1,41
327,69,1,39
327,18,1,31
327,13,0,38
327,50,0,53
327,50,0,43
327,6,1,25
327,49,1,26
327,14,0,25
327,52,0,26
327,18,0,43
327,62,1,30
327,71,1,42
327,51,1,41
327,37,1,40
327,14,1,39
327,19,0,22
327,10,1,35
327,64,1,18
327,36,1,11
327,47,1,25
327,15,0,26
327,30,1,35
327,54,0,9
327,45,1,39
327,43,1,35
327,29,1,18
327,34,0,21
327,55,1,16
327,25,1,36
327,6,1,39
327,46,1,22
327,10,0,18
327,62,1,25
327,0,0,33
327,32,0,46
327,17,1,33
327,14,1,40
327,32,1,30
327,61,1,41
327,54,0,29
327,19,1,40
327,45,1,39
327,55,0,37
327,12,1,38
327,58,0,23
327,27,1,41
327,52,0,25
327,47,1,42
327,36,1,13
327,15,1,27
327,33,0,23
327,31,1,32
327,7,1,33
327,18,0,22
327,24,0,23
327,22,1,27
327,15,1,24
327,37,1,23
327,30,1,38
327,47,1,20
327,39,1,17
327,68,1,28
327,55,1,48
327,13,0,30
327,21,1,24
327,45,1,15
327,58,1,42
327,47,1,27
328,53,0,8
328,55,1,65
328,31,1,46
328,22,1,20
328,47,0,63
328,11,0,21
328,62,0,36
328,34,1,48
328,28,1,42
328,61,0,53
328,62,0,75
328,55,0,72
328,58,1,55
328,13,1,54
328,62,1,52
328,46,1,37
328,43,0,32
328,55,1,55
328,17,0,45
328,56,1,41
328,43,1,33
328,27,1,66
328,22,0,21
328,16,0,17
328,12,0,39
328,37,1,37
328,38,0,44
328,9,1,81
328,26,1,39
328,61,0,34
328,63,1,48
328,48,0,58
328,19,0,42
328,20,1,54
328,49,1,37
328,36,1,38
328,25,1,28
328,35,0,50
328,39,1,21
328,53,0,35
328,11,1,41
328,25,1,56
328,28,0,31
328,25,1,49
328,67,0,61
328,70,0,25
328,71,1,42
328,71,0,38
328,21,1,19
328,56,1,69
328,64,0,22
328,39,1,45
328,69,1,55
328,31,1,58
328,13,0,49
328,38,0,45
328,24,1,44
328,26,1,41
328,2,0,43
328,21,0,46
328,56,1,33
328,27,0,32
328,21,1,47
328,64,1,48
328,29,1,33
328,51,1,47
328,48,0,33
328,5,1,30
328,64,1,25
328,70,0,28
328,39,1,23
328,23,1,48
329,5,0,64
329,34,0,54
329,71,1,66
329,71,1,65
329,38,1,57
329,10,0,67
329,3,0,68
329,29,0,62
329,9,0,69
329,21,0,36
329,21,0,60
329,67,0,39
329,4,0,66
329,56,0,34
329,32,0,22
329,30,0,47
329,38,1,59
329,56,0,78
329,33,0,61
329,30,0,62
329,25,0,39
329,69,0,68
329,29,1,65
329,25,1,83
329,17,0,37
329,27,0,68
329,70,0,64
329,24,0,65
329,43,1,46
329,65,1,93
329,14,0,25
329,46,0,43
329,70,0,83
329,23,0,25
329,42,0,69
329,51,0,62
329,39,1,57
329,18,0,71
329,33,0,21
329,55,0,25
329,0,1,25
329,5,0,21
329,27,1,80
329,69,0,69
329,11,1,48
329,50,0,68
329,14,0,77
329,67,0,75
329,39,0,43
329,8,1,29
329,47,0,87
329,16,0,86
329,59,1,52
329,19,0,71
329,62,0,36
329,32,0,33
329,34,1,57
329,6,1,42
329,14,1,82
329,29,0,27
329,49,1,87
329,38,1,91
329,13,0,42
329,13,0,67
329,2,0,86
329,47,0,65
329,18,0,79
329,62,1,54
329,43,0,74
329,10,0,57
329,23,0,38
329,14,0,70
330,27,1,10
330,51,1,19
330,20,0,24
330,70,1,17
330,52,1,22
330,50,1,24
330,50,1,27
330,11,1,34
330,66,0,14
330,45,1,24
330,23,0,21
330,68,1,34
330,14,1,30
330,34,1,21
330,68,1,10
330,46,1,30
330,10,1,47
330,47,1,24
330,3,1,29
330,51,1,33
330,31,1,32
330,29,1,29
330,24,1,33
330,13,0,27
330,14,1,35
330,56,0,27
330,33,1,9
330,48,1,30
330,29,0,37
330,31,0,30
330,57,1,9
330,64,1,47
330,26,1,27
330,17,1,19
330,46,1,26
330,11,1,44
330,39,1,26
330,11,1,27
330,69,1,24
330,46,1,36
330,25,1,48
330,36,1,9
330,38,1,21
330,32,1,30
330,10,0,13
330,39,1,36
330,40,0,35
330,17,1,16
330,2,1,13
330,15,1,37
330,18,1,11
330,31,1,35
330,34,1,36
330,28,0,19
330,23,1,22
330,21,0,49
330,6,1,33
330,36,0,37
330,37,1,33
330,26,1,29
330,65,1,16
330,48,1,16
330,35,1,40
330,32,1,42
330,61,0,34
330,15,1,28
330,19,1,19
330,2,0,13
330,6,1,18
330,42,0,46
330,47,1,38
330,8,1,35
331,49,0,55
331,46,1,36
331,67,0,42
331,9,0,20
331,37,0,43
331,34,0,15
331,20,0,13
331,28,0,27
331,63,0,21
331,5,1,28
331,59,1,26
331,40,0,34
331,4,0,13
331,15,1,33
331,54,0,28
331,40,1,20
331,45,1,17
331,32,1,21
331,5,0,23
331,2,0,13
331,21,1,38
331,11,0,16
331,51,0,24
331,34,1,21
331,35,1,30
331,22,0,41
331,18,0,25
331,20,1,30
331,5,1,26
331,53,0,19
331,31,0,19
331,8,1,21
331,55,0,38
331,70,1,32
331,5,0,32
331,33,1,29
331,40,0,38
331,12,1,34
331,22,1,34
331,3,0,10
331,8,1,16
331,3,0,21
331,54,1,27
331,11,1,23
331,40,0,31
331,58,0,45
331,63,1,31
331,25,1,16
331,68,0,25
331,48,0,17
331,39,1,16
331,46,1,32
331,17,0,5
331,5,0,22
331,10,0,32
331,45,1,22
331,33,0,20
331,64,0,23
331,28,1,22
331,43,1,7
331,4,1,26
331,50,1,43
331,49,0,40
331,64,1,22
331,44,1,29
331,33,0,34
331,40,0,5
331,68,1,27
331,28,1,41
331,67,0,13
331,55,1,21
331,40,0,26
332,34,1,31
332,9,0,55
332,49,0,11
332,69,0,36
332,70,1,59
332,69,1,16
332,15,0,71
332,25,1,37
332,71,0,30
332,15,0,49
332,47,1,51
332,42,0,46
332,64,1,28
332,5,0,21
332,15,0,65
332,23,0,39
332,41,1,6
332,65,0,11
332,66,0,32
332,29,0,45
332,61,0,43
332,40,0,50
332,66,1,32
332,62,0,26
332,63,0,46
332,40,0,73
332,40,0,52
332,63,1,61
332,54,0,45
332,12,0,29
332,11,0,64
332,30,1,5
332,44,0,38
332,16,0,23
332,35,1,52
332,32,0,52
332,28,0,67
332,4,0,42
332,34,1,17
332,24,0,38
332,67,0,42
332,3,1,72
332,13,0,37
332,9,0,22
332,6,0,54
332,60,0,29
332,19,1,40
332,24,1,37
332,12,0,62
332,2,0,42
332,17,1,37
332,2,0,50
332,34,0,27
332,52,0,38
332,60,0,43
332,46,0,41
332,64,0,26
332,11,0,58
332,58,1,23
332,19,1,31
332,3,0,5
332,50,1,5
332,18,0,11
332,66,1,43
332,54,1,47
332,34,0,21
332,47,1,37
332,46,1,43
332,22,0,51
332,47,1,61
332,69,0,41
332,31,0,24
333,69,0,46
333,13,1,15
333,1,0,24
333,35,1,60
333,2,0,31
333,9,0,38
333,44,0,56
333,29,0,40
333,5,1,53
333,30,0,52
333,55,0,41
333,28,0,33
333,24,0,53
333,25,0,41
333,43,0,17
333,63,1,43
333,12,0,39
333,4,1,37
333,39,0,47
333,62,0,29
333,12,1,50
333,41,1,67
333,32,0,32
333,52,1,44
333,71,0,41
333,32,1,63
333,3,1,47
333,14,0,42
333,31,0,15
333,5,1,27
333,41,1,29
333,70,1,32
333,19,0,20
333,61,1,16
333,17,0,25
333,10,0,39
333,10,0,45
333,55,1,60
333,23,1,58
333,39,1,22
333,47,1,19
333,8,1,49
333,6,1,41
333,69,1,12
333,49,0,56
333,29,1,41
333,59,0,26
333,53,0,28
333,48,1,41
333,0,1,71
333,41,1,37
333,66,0,38
333,53,1,27
333,42,0,26
333,8,1,57
333,10,1,29
333,14,1,17
333,12,1,63
333,53,0,37
333,14,0,39
333,68,1,62
333,55,0,25
333,59,1,66
333,41,0,42
333,38,0,22
333,5,1,36
333,52,0,28
333,32,0,17
333,24,0,23
333,23,1,52
333,55,1,40
333,67,0,31
334,37,1,33
334,45,1,37
334,16,1,39
334,10,0,19
334,60,1,42
334,46,1,26
334,35,1,7
334,63,1,30
334,27,1,40
334,40,0,24
334,3,0,36
334,53,1,42
334,12,1,26
334,39,1,39
334,32,1,18
334,27,0,35
334,61,1,34
334,43,1,19
334,53,1,44
334,51,1,23
334,60,0,39
334,69,1,38
334,58,0,44
334,68,1,31
334,51,1,38
334,25,1,24
334,15,0,45
334,36,1,19
334,46,1,11
334,37,1,33
334,10,0,27
334,4,1,33
334,66,1,38
334,20,1,26
334,46,1,18
334,64,1,29
334,31,1,38
334,62,1,48
334,17,1,30
334,21,1,28
334,69,1,16
334,18,1,5
334,52,0,31
334,39,1,27
334,52,1,16
334,57,1,28
334,39,0,64
334,7,1,37
334,35,1,21
334,40,0,35
334,34,1,34
334,3,1,17
334,30,1,32
334,36,0,26
334,34,1,34
334,71,1,42
334,69,1,30
334,39,1,39
334,44,1,23
334,34,1,28
334,19,1,17
334,58,1,45
334,37,1,41
334,57,0,23
334,39,1,34
334,21,1,28
334,63,1,34
334,3,1,41
334,20,1,48
334,20,1,51
334,61,1,22
334,24,0,14
335,55,0,31
335,21,1,16
335,30,0,32
335,24,1,29
335,3,0,14
335,51,1,35
335,61,0,18
335,22,1,29
335,18,1,16
335,46,0,14
335,44,1,45
335,28,1,26
335,66,0,34
335,50,0,26
335,44,1,19
335,24,1,26
335,69,1,21
335,16,1,18
335,43,0,43
335,63,0,20
335,16,0,32
335,58,1,38
335,45,1,13
335,16,1,35
335,26,1,51
335,9,1,23
335,17,0,15
335,12,1,26
335,14,1,30
335,45,1,31
335,25,1,27
335,69,1,32
335,43,0,6
335,44,1,21
335,19,0,27
335,3,0,27
335,42,1,24
335,4,0,43
335,23,1,17
335,37,1,24
335,9,1,22
335,31,1,27
335,57,1,37
335,23,0,38
335,20,1,26
335,68,0,35
335,17,0,6
335,61,0,20
335,31,1,31
335,50,1,10
335,19,1,20
335,28,0,30
335,26,1,18
335,29,1,26
335,10,1,26
335,68,1,14
335,65,0,13
335,24,0,27
335,28,1,29
335,41,1,16
335,28,1,23
335,14,0,38
335,34,0,22
335,27,1,20
335,57,1,17
335,48,1,22
335,47,0,17
335,15,0,21
335,6,0,42
335,27,1,18
335,42,1,33
335,5,1,21
336,50,0,48
336,60,0,74
336,67,0,6
336,20,0,24
336,58,1,77
336,25,1,51
336,35,0,73
336,24,0,108
336,22,0,49
336,60,0,34
336,17,0,25
336,68,1,65
336,62,0,71
336,26,0,54
336,69,0,50
336,66,0,65
336,24,0,70
336,8,1,61
336,30,1,70
336,9,0,87
336,44,1,52
336,59,1,55
336,45,0,83
336,36,0,23
336,56,0,19
336,43,1,55
336,16,0,55
336,5,0,73
336,0,0,46
336,30,0,37
336,12,0,105
336,9,0,60
336,71,1,57
336,22,0,22
336,62,0,83
336,66,1,65
336,42,0,97
336,54,0,64
336,19,0,64
336,70,1,47
336,7,1,59
336,9,0,78
336,32,0,68
336,15,0,77
336,64,0,69
336,4,0,26
336,65,0,87
336,47,0,68
336,34,0,21
336,51,0,63
336,26,0,51
336,12,0,30
336,34,1,52
336,53,0,46
336,15,0,56
336,49,0,82
336,48,0,67
336,19,1,42
336,0,0,59
336,24,0,83
336,46,0,38
336,15,1,44
336,25,1,80
336,35,0,49
336,54,1,18
336,34,0,59
336,13,0,69
336,32,0,69
336,37,1,59
336,16,0,34
336,16,0,42
336,30,0,46
337,68,1,49
337,23,0,44
337,66,0,47
337,26,0,86
337,4,0,33
337,62,0,55
337,21,0,67
337,46,1,46
337,28,0,100
337,32,0,75
337,52,0,36
337,34,1,72
337,4,0,61
337,57,0,75
337,12,1,78
337,26,0,57
337,54,0,68
337,46,1,68
337,46,0,54
337,5,0,80
337,48,1,30
337,43,1,69
337,30,0,49
337,31,1,82
337,5,0,39
337,19,0,42
337,9,1,37
337,46,0,11
337,10,0,31
337,7,1,85
337,7,1,82
337,69,0,60
337,13,1,7
337,58,0,85
337,18,0,76
337,8,0,64
337,39,1,56
337,4,0,30
337,13,0,50
337,13,0,67
337,58,0,37
337,56,0,50
337,64,0,86
337,2,0,66
337,23,0,88
337,60,0,33
337,11,0,82
337,34,1,43
337,56,0,71
337,51,1,30
337,3,1,73
337,30,0,85
337,26,1,44
337,43,1,86
337,25,0,58
337,38,0,81
337,57,1,78
337,37,0,33
337,56,0,76
337,47,0,21
337,41,0,68
337,60,0,73
337,37,0,36
337,71,1,69
337,24,0,24
337,51,1,52
337,29,0,43
337,49,0,80
337,12,1,64
337,70,0,96
337,34,0,69
337,58,0,36
338,39,0,72
338,3,0,57
338,52,0,42
338,30,0,47
338,22,1,56
338,7,0,64
338,50,0,47
338,66,0,61
338,6,0,55
338,18,0,49
338,55,0,36
338,62,1,25
338,56,0,45
338,59,1,70
338,59,0,63
338,0,0,42
338,13,0,73
338,62,1,76
338,47,0,81
338,62,1,48
338,21,1,65
338,4,1,45
338,67,0,55
338,44,1,64
338,4,0,52
338,6,0,37
338,27,0,44
338,21,0,39
338,48,0,52
338,26,0,60
338,29,0,59
338,25,0,77
338,50,0,67
338,23,0,47
338,53,1,70
338,66,0,40
338,29,0,65
338,69,0,60
338,23,0,67
338,66,0,61
338,42,0,43
338,10,0,75
338,50,0,76
338,42,0,77
338,63,0,61
338,46,1,10
338,12,0,57
338,15,1,46
338,60,0,52
338,58,1,38
338,11,1,50
338,66,0,76
338,11,1,71
338,51,0,45
338,22,0,101
338,64,1,33
338,42,0,78
338,40,0,94
338,49,0,38
338,37,1,69
338,60,0,61
338,68,0,62
338,70,0,88
338,1,1,69
338,44,0,37
338,16,0,26
338,68,0,52
338,65,1,70
338,17,0,39
338,41,0,70
338,60,0,79
338,18,0,32
339,23,0,14
339,18,0,20
339,13,1,14
339,38,0,38
339,14,1,26
339,44,0,17
339,8,1,30
339,58,0,31
339,59,1,17
339,42,0,21
339,12,1,19
339,66,1,27
339,55,1,24
339,70,0,32
339,65,0,29
339,41,0,17
339,62,0,28
339,49,1,32
339,52,0,20
339,69,1,40
339,5,0,24
339,11,1,12
339,55,1,46
339,64,1,35
339,37,0,30
339,1,1,36
339,48,1,33
339,50,0,14
339,17,0,31
339,61,0,11
339,22,1,17
339,17,1,35
339,61,1,15
339,62,0,19
339,0,1,18
339,40,1,37
339,16,1,17
339,44,1,24
339,17,0,34
339,9,0,41
339,13,0,33
339,22,0,37
339,11,0,22
339,22,0,5
339,13,1,38
339,70,1,35
339,29,1,43
339,10,1,35
339,66,0,32
339,46,1,32
339,39,1,32
339,61,1,12
339,44,1,26
339,8,0,31
339,24,1,36
339,70,0,34
339,30,1,26
339,26,1,16
339,55,0,23
339,22,1,34
339,26,0,34
339,11,1,33
339,66,0,5
339,35,0,5
339,41,0,32
339,64,0,21
339,14,1,34
339,12,1,10
339,40,0,46
339,8,1,33
339,52,0,17
339,18,1,27
340,17,0,28
340,49,1,35
340,20,1,18
340,55,0,31
340,45,1,28
340,54,1,26
340,8,1,24
340,51,1,43
340,10,1,19
340,65,1,35
340,52,0,34
340,14,0,38
340,4,1,43
340,67,1,15
340,65,1,22
340,24,0,45
340,47,1,28
340,28,1,20
340,68,1,37
340,37,1,29
340,34,1,34
340,12,1,43
340,35,1,26
340,59,1,26
340,50,1,24
340,40,1,41
340,63,1,34
340,43,1,52
340,3,1,41
340,8,1,19
340,65,1,38
340,60,1,14
340,66,1,25
340,67,0,21
340,25,1,36
340,22,1,5
340,58,0,23
340,48,1,26
340,23,1,15
340,24,0,51
340,63,1,32
340,14,1,21
340,56,1,19
340,43,1,26
340,56,1,21
340,48,1,47
340,7,1,19
340,57,1,47
340,8,1,46
340,46,1,37
340,41,1,36
340,16,0,26
340,11,1,27
340,10,0,29
340,57,0,7
340,62,1,21
340,50,1,29
340,64,1,35
340,6,1,38
340,68,1,26
340,12,0,19
340,14,0,33
340,15,1,32
340,18,1,39
340,30,0,25
340,39,1,21
340,49,1,48
340,40,1,40
340,57,1,32
340,45,1,26
340,65,1,32
340,40,0,33
341,21,1,9
341,33,0,23
341,34,1,38
341,44,0,27
341,57,0,25
341,9,0,21
341,9,0,34
341,62,1,29
341,59,1,30
341,40,1,32
341,21,1,11
341,54,0,24
341,27,1,16
341,21,0,20
341,63,0,34
341,31,0,27
341,0,0,18
341,5,1,21
341,71,0,20
341,1,1,26
341,19,1,22
341,51,1,17
341,38,1,20
341,56,0,50
341,29,0,15
341,56,0,39
341,8,0,32
341,31,1,20
341,56,1,31
341,39,1,27
341,2,0,25
341,8,0,19
341,58,0,24
341,56,0,22
341,45,1,37
341,32,0,24
341,0,0,28
341,43,1,18
341,56,0,22
341,38,1,50
341,15,0,26
341,18,1,12
341,62,1,30
341,56,0,25
341,38,1,25
341,21,0,18
341,0,0,17
341,57,1,34
341,24,0,50
341,66,0,38
341,49,1,15
341,23,0,26
341,54,0,5
341,22,1,22
341,61,1,18
341,13,0,36
341,27,1,15
341,31,0,26
341,5,1,15
341,26,1,12
341,69,1,15
341,26,1,28
341,2,1,20
341,22,0,17
341,8,0,27
341,31,1,26
341,64,1,26
341,46,0,32
341,40,0,24
341,5,1,22
341,64,0,20
341,13,0,21
342,19,1,41
342,28,0,88
342,27,0,79
342,57,1,64
342,8,0,93
342,52,0,84
342,50,0,62
342,51,1,64
342,17,1,43
342,47,0,66
342,39,0,62
342,61,0,52
342,12,0,108
342,60,0,24
342,68,0,61
342,41,0,64
342,30,0,24
342,40,0,40
342,34,1,60
342,17,1,28
342,60,0,66
342,40,0,67
342,15,0,90
342,17,0,43
342,3,1,39
342,33,0,80
342,37,1,75
342,25,1,62
342,68,0,48
342,27,1,63
342,61,0,49
342,18,0,62
342,0,0,19
342,64,0,87
342,50,0,62
342,60,1,44
342,4,0,65
342,68,0,66
342,0,0,52
342,40,0,14
342,30,1,47
342,57,1,44
342,52,0,42
342,27,1,59
342,45,1,72
342,37,1,44
342,12,0,80
342,27,0,86
342,5,0,40
342,14,0,63
342,0,1,71
342,32,0,66
342,54,0,75
342,22,1,51
342,10,0,63
342,1,1,94
342,24,0,51
342,38,0,71
342,39,1,8
342,56,1,40
342,3,1,60
342,2,0,61
342,60,0,75
342,71,0,85
342,8,0,46
342,50,1,73
342,44,0,52
342,19,1,89
342,5,0,62
342,45,1,28
342,63,1,69
342,3,0,51
343,2,0,37
343,25,0,51
343,14,1,52
343,50,0,39
343,19,1,33
343,50,0,43
343,12,0,47
343,45,0,60
343,23,1,68
343,10,0,48
343,26,0,42
343,8,1,36
343,11,1,73
343,62,1,36
343,53,0,53
343,65,1,38
343,71,1,49
343,21,1,64
343,30,1,42
343,20,0,82
343,52,0,32
343,7,1,25
343,39,1,61
343,0,1,41
343,40,1,28
343,32,0,49
343,13,0,24
343,2,1,55
343,61,1,63
343,38,1,61
343,29,0,39
343,65,1,49
343,43,1,41
343,42,0,37
343,56,1,60
343,35,1,42
343,6,1,30
343,6,1,56
343,27,0,22
343,41,0,47
343,58,1,51
343,34,1,40
343,35,1,64
343,5,0,55
343,41,1,38
343,57,1,30
343,34,1,59
343,47,1,36
343,11,0,39
343,46,1,35
343,0,0,40
343,6,1,41
343,26,1,14
343,3,1,29
343,48,0,22
343,51,1,43
343,9,0,49
343,18,0,63
343,60,1,33
343,62,0,30
343,8,1,71
343,2,0,41
343,66,0,59
343,14,0,41
343,20,0,26
343,59,1,57
343,37,1,58
343,0,1,53
343,54,0,76
343,0,0,47
343,63,0,64
343,40,0,51
344,1,0,21
344,39,1,38
344,6,1,22
344,70,1,34
344,33,0,34
344,58,1,26
344,47,0,17
344,60,1,38
344,6,0,18
344,68,1,12
344,0,1,24
344,55,1,5
344,21,1,26
344,29,1,13
344,64,0,30
344,10,0,29
344,43,1,21
344,54,0,36
344,50,1,13
344,34,1,22
344,54,0,35
344,56,1,30
344,2,1,14
344,47,1,27
344,5,1,35
344,45,0,31
344,61,1,30
344,38,1,30
344,5,1,22
344,33,1,33
344,60,1,14
344,66,1,25
344,11,0,39
344,42,1,31
344,40,0,22
344,32,0,22
344,48,1,27
344,33,1,14
344,37,0,34
344,16,1,45
344,11,1,5
344,5,1,25
344,27,0,7
344,13,1,12
344,23,1,18
344,55,1,22
344,50,1,18
344,40,1,30
344,46,0,22
344,69,0,16
344,3,1,26
344,56,0,27
344,33,1,19
344,6,1,27
344,33,1,18
344,6,1,23
344,34,1,27
344,59,1,33
344,42,0,26
344,16,0,31
344,64,1,25
344,1,1,23
344,54,0,23
344,26,1,14
344,30,0,15
344,14,1,30
344,38,0,22
344,23,1,27
344,53,1,26
344,47,1,21
344,16,1,24
344,23,0,36
345,23,1,49
345,4,1,16
345,64,1,26
345,26,1,5
345,13,0,37
345,27,0,20
345,32,1,26
345,15,0,22
345,5,1,22
345,58,1,23
345,28,1,22
345,48,1,18
345,49,1,18
345,41,1,26
345,62,1,14
345,31,0,12
345,68,0,28
345,32,1,32
345,22,1,31
345,16,1,15
345,1,1,16
345,59,1,20
345,15,0,27
345,69,0,27
345,47,1,21
345,54,0,49
345,20,1,17
345,44,0,20
345,17,0,23
345,28,1,23
345,43,1,24
345,34,1,38
345,19,0,17
345,4,1,34
345,70,1,23
345,7,1,32
345,0,0,7
345,56,0,30
345,35,1,19
345,17,1,15
345,12,1,33
345,53,1,9
345,16,0,17
345,26,1,27
345,58,1,31
345,23,0,27
345,51,1,38
345,50,1,5
345,50,0,19
345,15,0,12
345,10,1,16
345,58,0,5
345,6,0,35
345,42,0,36
345,45,1,16
345,44,1,29
345,49,1,30
345,9,0,12
345,43,1,16
345,36,0,18
345,18,1,27
345,19,1,21
345,3,1,12
345,14,1,23
345,30,1,48
345,64,0,16
345,53,1,25
345,2,1,19
345,41,1,39
345,56,1,31
345,13,0,24
345,19,0,24
346,54,0,22
346,42,0,40
346,64,1,36
346,66,1,20
346,46,0,26
346,64,1,46
346,49,1,35
346,54,1,31
346,8,0,32
346,58,1,20
346,9,0,42
346,48,1,34
346,10,1,22
346,20,1,29
346,66,1,14
346,50,1,40
346,1,0,25
346,46,1,24
346,68,1,40
346,24,1,14
346,41,0,42
346,19,1,18
346,9,0,39
346,70,1,32
346,55,0,30
346,53,1,29
346,2,0,31
346,22,1,21
346,35,0,27
346,54,0,20
346,57,1,29
346,38,1,37
346,12,0,36
346,23,1,24
346,2,0,40
346,23,1,36
346,12,0,34
346,10,0,38
346,12,0,27
346,52,0,25
346,0,1,18
346,57,0,33
346,53,1,13
346,68,1,29
346,20,1,26
346,59,1,41
346,8,1,10
346,10,1,27
346,13,1,30
346,13,0,23
346,24,1,11
346,1,1,33
346,39,1,40
346,25,1,19
346,27,1,21
346,4,1,27
346,25,1,42
346,30,1,40
346,23,1,32
346,47,1,37
346,9,1,43
346,40,0,31
346,55,1,25
346,33,1,32
346,62,1,30
346,42,1,34
346,32,1,18
346,43,1,33
346,43,1,17
346,66,1,38
346,65,0,32
346,35,1,25
347,36,1,32
347,65,0,23
347,20,0,97
347,50,0,89
347,45,0,57
347,9,1,51
347,55,0,67
347,9,0,65
347,23,0,31
347,29,0,67
347,55,0,65
347,31,0,69
347,71,1,31
347,8,0,31
347,58,1,50
347,4,0,83
347,50,0,75
347,63,0,41
347,20,0,60
347,38,0,75
347,70,1,102
347,4,0,74
347,23,0,84
347,60,0,75
347,30,0,64
347,23,1,60
347,2,0,71
347,9,0,58
347,48,0,45
347,50,0,58
347,56,0,83
347,69,0,49
347,38,1,71
347,55,1,71
347,24,0,66
347,67,0,37
347,38,0,68
347,40,0,77
347,11,0,56
347,42,0,80
347,5,1,99
347,20,0,75
347,13,0,33
347,52,0,69
347,6,1,58
347,62,0,44
347,53,0,92
347,34,1,84
347,28,0,78
347,5,0,67
347,68,0,83
347,19,1,38
347,40,0,57
347,60,0,63
347,46,1,54
347,61,0,55
347,50,0,76
347,6,1,57
347,61,0,75
347,61,0,83
347,32,0,89
347,20,0,106
347,19,1,51
347,23,0,44
347,47,0,35
347,2,0,47
347,11,0,49
347,26,0,39
347,42,1,74
347,41,0,89
347,51,0,73
347,2,0,38
348,33,1,28
348,17,1,37
348,16,1,22
348,26,1,19
348,23,1,10
348,11,1,30
348,61,1,32
348,51,1,22
348,39,1,48
348,56,1,16
348,34,1,40
348,53,1,21
348,9,1,28
348,14,1,38
348,14,1,26
348,40,1,46
348,71,1,32
348,10,1,29
348,17,1,57
348,58,0,42
348,17,1,29
348,11,1,32
348,28,1,42
348,38,1,42
348,8,0,18
348,66,1,11
348,14,1,26
348,50,1,24
348,61,1,16
348,58,1,7
348,2,0,27
348,28,1,17
348,37,0,27
348,44,1,31
348,48,1,35
348,20,0,23
348,60,0,37
348,61,1,28
348,52,0,14
348,38,1,7
348,48,1,26
348,2,1,44
348,65,0,10
348,0,0,56
348,26,0,25
348,65,1,15
348,20,0,44
348,71,0,36
348,32,0,22
348,49,1,36
348,0,1,28
348,9,1,21
348,52,0,31
348,7,0,30
348,28,1,22
348,68,1,44
348,62,1,24
348,0,1,30
348,62,0,34
348,28,1,17
348,9,0,16
348,35,0,29
348,60,1,15
348,24,1,37
348,9,0,12
348,31,1,35
348,28,1,14
348,5,1,11
348,0,1,19
348,49,1,39
348,30,1,38
348,40,1,37
349,9,1,28
349,42,1,22
349,13,1,39
349,20,0,35
349,62,1,22
349,35,1,24
349,42,0,31
349,40,0,24
349,23,1,31
349,59,1,5
349,25,1,28
349,29,0,11
349,27,1,10
349,14,1,16
349,45,1,26
349,39,1,29
349,46,1,26
349,4,1,19
349,32,1,29
349,63,1,31
349,57,1,31
349,9,1,40
349,52,0,31
349,65,1,18
349,66,0,36
349,42,0,25
349,1,1,48
349,41,1,14
349,49,1,28
349,25,1,35
349,58,1,13
349,47,1,46
349,53,1,31
349,6,0,29
349,54,1,24
349,17,1,34
349,48,0,39
349,4,1,23
349,10,1,37
349,7,0,19
349,60,1,18
349,4,1,41
349,27,1,27
349,1,1,27
349,1,1,29
349,27,1,39
349,12,0,5
349,35,1,25
349,63,1,25
349,57,1,30
349,11,1,29
349,44,1,18
349,5,1,40
349,66,1,29
349,46,1,56
349,46,1,19
349,21,0,7
349,58,0,22
349,37,1,28
349,61,0,13
349,40,1,16
349,34,1,24
349,66,1,42
349,27,1,43
349,55,1,29
349,15,1,32
349,7,1,56
349,45,1,28
349,18,1,34
349,49,1,14
349,17,1,32
349,63,1,35
350,68,1,14
350,24,1,8
350,40,1,46
350,11,1,10
350,50,1,23
350,15,1,36
350,10,1,28
350,68,1,16
350,35,0,32
350,6,0,38
350,44,1,17
350,11,1,16
350,42,0,25
350,41,0,49
350,60,1,27
350,3,0,19
350,56,0,12
350,23,0,8
350,34,0,15
350,71,0,24
350,8,0,16
350,20,1,33
350,65,1,25
350,33,0,17
350,19,1,40
350,26,1,32
350,71,0,37
350,20,1,5
350,58,0,12
350,10,1,13
350,13,0,16
350,56,0,24
350,20,1,21
350,29,1,5
350,14,1,17
350,61,1,35
350,60,0,5
350,42,1,20
350,6,1,32
350,21,1,22
350,44,0,15
350,50,1,33
350,56,0,43
350,4,0,31
350,12,1,30
350,64,1,5
350,13,1,31
350,31,1,25
350,46,1,34
350,19,1,24
350,71,0,28
350,59,1,16
350,3,0,44
350,46,1,16
350,62,0,5
350,18,0,10
350,33,1,17
350,63,1,14
350,9,0,28
350,7,0,22
350,14,0,31
350,38,1,27
350,70,1,31
350,27,0,31
350,47,1,14
350,31,0,25
350,50,1,28
350,12,1,31
350,60,0,17
350,68,1,19
350,37,1,23
350,59,1,19
351,25,1,51
351,45,1,50
351,23,0,35
351,42,1,47
351,65,1,45
351,42,0,23
351,4,0,43
351,62,0,40
351,8,1,34
351,8,1,34
351,44,0,55
351,69,1,38
351,22,0,45
351,39,1,38
351,10,0,34
351,9,1,48
351,8,1,55
351,26,1,65
351,16,0,41
351,62,1,40
351,33,0,43
351,10,1,44
351,53,0,45
351,50,0,49
351,64,1,28
351,27,0,44
351,28,0,62
351,17,1,33
351,35,1,52
351,32,0,26
351,35,1,42
351,5,1,27
351,2,1,54
351,70,1,38
351,10,0,37
351,36,1,24
351,68,0,22
351,23,1,66
351,34,1,54
351,13,0,47
351,26,1,26
351,38,1,50
351,19,0,54
351,23,0,55
351,27,1,54
351,45,1,47
351,49,0,16
351,42,0,51
351,23,0,17
351,46,1,48
351,0,0,53
351,68,0,38
351,17,1,45
351,8,0,32
351,17,1,48
351,57,1,32
351,11,1,47
351,50,0,57
351,45,0,29
351,6,0,20
351,52,0,5
351,41,1,40
351,53,1,61
351,23,0,25
351,58,0,57
351,22,1,37
351,5,1,26
351,21,1,32
351,30,1,32
351,62,1,48
351,29,1,56
351,16,1,50
352,65,1,18
352,3,0,23
352,30,0,41
352,46,1,22
352,51,1,17
352,16,1,30
352,42,1,36
352,13,0,36
352,10,0,37
352,3,0,11
352,24,0,20
352,43,1,21
352,34,1,29
352,64,1,23
352,68,1,27
352,35,0,49
352,14,0,20
352,47,1,9
352,71,1,28
352,53,1,26
352,62,0,40
352,27,1,30
352,55,1,31
352,66,0,28
352,10,0,18
352,20,1,10
352,30,0,12
352,7,0,30
352,3,1,19
352,18,1,21
352,55,0,33
352,26,0,16
352,7,1,26
352,59,1,24
352,3,0,18
352,69,0,19
352,8,1,27
352,47,1,15
352,13,0,20
352,40,0,10
352,29,1,29
352,14,0,30
352,58,0,13
352,57,0,9
352,66,1,25
352,4,0,28
352,56,0,18
352,60,1,43
352,29,0,7
352,14,0,29
352,69,1,13
352,18,0,18
352,5,1,23
352,47,0,26
352,27,1,16
352,23,0,33
352,36,1,31
352,53,0,21
352,13,1,29
352,71,1,33
352,1,1,16
352,22,0,23
352,55,0,14
352,2,0,23
352,33,0,28
352,57,1,21
352,23,0,35
352,7,1,17
352,44,0,21
352,27,1,31
352,48,1,16
352,31,0,14
353,20,0,74
353,56,0,58
353,41,0,78
353,68,1,86
353,17,0,47
353,46,1,82
353,41,1,40
353,40,0,73
353,21,1,83
353,45,1,67
353,38,0,99
353,41,0,40
353,35,0,88
353,57,1,5
353,44,0,31
353,42,0,85
353,4,1,27
353,43,0,49
353,34,0,49
353,66,0,44
353,2,0,54
353,12,0,36
353,27,1,50
353,43,1,28
353,38,1,66
353,15,1,28
353,16,1,46
353,33,0,109
353,33,1,57
353,37,0,39
353,61,1,53
353,46,1,39
353,42,0,46
353,24,0,19
353,48,1,45
353,65,1,57
353,4,1,88
353,28,0,74
353,32,1,51
353,61,0,76
353,58,0,30
353,37,0,41
353,62,0,73
353,71,1,55
353,0,1,63
353,26,1,33
353,36,1,59
353,20,0,58
353,49,0,106
353,14,1,50
353,45,1,61
353,43,0,47
353,52,0,69
353,62,0,57
353,4,1,64
353,36,0,75
353,4,0,86
353,28,0,30
353,28,0,66
353,35,1,89
353,21,1,70
353,56,0,57
353,11,0,74
353,27,0,58
353,25,0,36
353,55,1,65
353,64,0,47
353,54,0,63
353,65,0,88
353,62,1,59
353,55,1,66
353,1,0,36
354,58,0,69
354,56,0,43
354,30,1,33
354,61,1,68
354,26,0,85
354,40,1,60
354,9,0,73
354,14,0,38
354,44,0,43
354,70,0,98
354,30,0,77
354,53,0,77
354,7,0,75
354,51,1,70
354,54,1,37
354,60,1,24
354,8,1,44
354,19,1,59
354,49,0,39
354,65,0,76
354,65,0,33
354,20,0,64
354,41,0,90
354,18,0,63
354,69,0,58
354,17,0,25
354,14,0,66
354,56,0,41
354,64,0,68
354,71,0,66
354,12,0,62
354,27,1,78
354,25,0,92
354,65,1,88
354,3,0,78
354,30,1,84
354,55,0,63
354,45,0,57
354,31,0,59
354,16,1,91
354,0,0,51
354,11,0,71
354,6,0,38
354,27,1,64
354,28,0,50
354,41,0,49
354,67,0,73
354,39,0,53
354,41,1,65
354,15,0,48
354,16,0,59
354,0,0,54
354,66,1,63
354,51,1,20
354,40,0,51
354,30,1,56
354,7,0,69
354,27,0,51
354,66,1,62
354,71,0,48
354,58,0,85
354,24,0,98
354,47,0,36
354,68,0,68
354,32,0,46
354,47,0,33
354,67,0,68
354,44,0,58
354,68,1,71
354,71,0,51
354,50,0,60
354,16,0,47
355,11,1,39
355,1,1,29
355,54,1,18
355,54,0,20
355,70,1,34
355,21,1,37
355,29,1,31
355,42,1,30
355,45,1,31
355,2,1,20
355,65,1,29
355,49,1,37
355,38,0,36
355,63,1,39
355,41,1,24
355,67,1,37
355,61,1,18
355,1,1,31
355,8,1,32
355,25,1,30
355,44,1,35
355,19,0,28
355,67,1,31
355,28,1,5
355,10,1,23
355,57,0,33
355,55,1,37
355,47,1,24
355,59,1,21
355,38,1,23
355,70,0,39
355,30,0,32
355,55,1,44
355,0,0,38
355,69,1,35
355,29,1,13
355,18,1,27
355,15,1,37
355,66,0,33
355,40,0,16
355,17,1,15
355,1,1,14
355,47,1,13
355,6,1,44
355,18,1,32
355,16,0,26
355,66,1,38
355,70,1,20
355,61,1,34
355,40,0,15
355,4,1,33
355,71,1,35
355,45,1,17
355,64,1,21
355,23,1,26
355,15,1,28
355,27,1,5
355,18,1,38
355,28,1,28
355,26,1,31
355,30,0,26
355,68,1,21
355,18,1,30
355,54,1,18
355,65,1,38
355,31,1,36
355,30,1,24
355,12,0,32
355,71,1,44
355,40,1,41
355,5,1,18
355,20,1,27
356,62,1,35
356,9,1,27
356,42,1,27
356,40,1,25
356,65,1,21
356,8,1,49
356,7,1,11
356,32,1,23
356,7,1,29
356,63,1,29
356,53,1,53
356,19,1,34
356,43,1,37
356,39,1,30
356,54,0,47
356,47,1,50
356,6,1,39
356,57,1,35
356,71,1,9
356,23,1,35
356,41,1,19
356,69,1,36
356,45,1,24
356,13,0,19
356,70,1,54
356,62,1,34
356,63,1,30
356,64,0,39
356,8,1,24
356,27,1,44
356,34,0,17
356,58,1,22
356,22,1,26
356,29,0,27
356,63,1,11
356,10,1,20
356,61,0,34
356,30,1,24
356,67,1,46
356,36,1,19
356,3,1,23
356,42,0,17
356,51,1,33
356,52,0,21
356,17,0,30
356,14,1,33
356,37,0,18
356,33,1,40
356,1,1,26
356,54,0,43
356,16,1,25
356,36,1,15
356,59,1,37
356,0,1,32
356,36,1,28
356,65,1,5
356,8,0,39
356,49,1,12
356,22,1,29
356,6,1,27
356,53,1,32
356,28,0,33
356,4,1,31
356,4,1,32
356,17,1,36
356,59,1,41
356,57,1,22
356,69,1,29
356,55,0,25
356,23,1,23
356,62,1,22
356,5,0,15
357,11,1,44
357,9,0,12
357,53,0,11
357,70,0,33
357,41,0,17
357,56,0,50
357,36,0,80
357,6,0,20
357,13,0,33
357,7,1,56
357,5,1,52
357,52,0,36
357,56,1,56
357,69,1,61
357,49,0,34
357,69,1,36
357,12,0,26
357,57,1,29
357,14,1,64
357,9,0,19
357,58,1,32
357,6,0,13
357,56,0,17
357,47,1,41
357,11,1,46
357,50,1,42
357,62,0,61
357,69,0,27
357,43,1,36
357,70,0,56
357,57,1,27
357,20,1,27
357,68,1,69
357,59,0,53
357,32,1,63
357,3,0,47
357,7,0,29
357,11,1,45
357,71,1,41
357,27,1,44
357,5,1,28
357,18,0,48
357,67,1,49
357,32,0,62
357,63,1,50
357,21,1,39
357,21,1,54
357,65,1,45
357,18,1,14
357,47,1,31
357,52,0,75
357,36,1,45
357,0,1,56
357,4,1,53
357,65,0,54
357,11,1,47
357,4,0,25
357,26,0,40
357,60,1,35
357,20,0,13
357,3,1,30
357,5,0,49
357,37,0,13
357,18,0,19
357,6,1,53
357,1,0,39
357,44,1,57
357,71,0,34
357,29,1,45
357,13,0,52
357,5,1,39
357,66,0,43
358,13,0,27
358,26,0,45
358,68,0,5
358,24,1,12
358,62,0,34
358,41,0,27
358,34,1,21
358,61,0,33
358,28,1,26
358,43,1,13
358,65,0,36
358,15,0,30
358,69,0,24
358,8,1,16
358,35,0,21
358,47,1,20
358,26,1,40
358,43,1,45
358,68,0,10
358,34,1,30
358,39,0,33
358,10,0,26
358,47,0,20
358,10,0,31
358,52,0,33
358,70,0,45
358,38,0,24
358,39,0,24
358,51,0,27
358,38,1,15
358,18,1,18
358,45,1,17
358,2,0,43
358,52,0,23
358,3,1,23
358,16,0,16
358,27,1,50
358,4,0,31
358,50,1,20
358,60,1,13
358,5,1,20
358,65,0,27
358,50,1,22
358,26,0,30
358,31,0,19
358,45,1,27
358,33,1,10
358,64,0,22
358,46,1,23
358,45,0,31
358,64,0,29
358,27,1,12
358,10,1,15
358,53,1,25
358,62,0,37
358,35,1,39
358,70,0,35
358,5,0,17
358,44,0,37
358,53,0,23
358,9,0,29
358,62,0,42
358,59,1,24
358,2,1,29
358,68,1,8
358,32,0,25
358,20,0,25
358,31,0,30
358,28,1,27
358,32,0,18
358,15,1,17
358,22,1,19
359,7,0,56
359,31,0,32
359,51,1,85
359,18,1,31
359,29,1,35
359,48,1,60
359,26,0,50
359,45,1,50
359,41,0,65
359,55,0,29
359,22,0,59
359,7,0,34
359,23,0,58
359,48,1,24
359,56,0,46
359,60,0,62
359,34,0,34
359,21,0,54
359,58,0,52
359,60,1,75
359,24,0,49
359,28,1,49
359,14,1,57
359,11,0,42
359,62,0,38
359,48,0,40
359,1,0,54
359,2,1,51
359,51,0,19
359,4,0,67
359,67,1,75
359,26,1,53
359,17,0,23
359,12,0,50
359,35,0,43
359,40,0,39
359,41,1,44
359,54,0,51
359,68,1,33
359,24,0,42
359,17,1,38
359,39,1,29
359,22,0,32
359,4,1,41
359,5,1,50
359,35,1,34
359,30,0,40
359,53,0,66
359,50,0,60
359,4,0,10
359,58,1,30
359,27,1,65
359,51,1,40
359,43,0,48
359,24,0,38
359,44,0,26
359,58,0,73
359,42,0,55
359,52,0,45
359,2,0,64
359,19,0,29
359,46,1,41
359,71,1,36
359,33,0,27
359,10,0,21
359,49,0,50
359,63,1,64
359,15,1,73
359,39,0,25
359,45,1,70
359,59,1,56
359,35,1,35
360,58,0,62
360,64,1,55
360,13,0,30
360,69,1,50
360,26,1,42
360,58,0,36
360,41,1,39
360,69,0,52
360,60,0,56
360,70,1,33
360,7,0,37
360,45,1,67
360,44,1,62
360,35,1,32
360,43,1,51
360,28,0,54
360,59,0,56
360,71,0,31
360,10,1,49
360,16,0,53
360,18,1,46
360,9,0,38
360,9,0,38
360,6,1,66
360,58,0,55
360,54,0,49
360,48,1,41
360,15,0,28
360,63,1,58
360,2,0,44
360,65,0,25
360,36,1,81
360,0,1,18
360,12,0,42
360,50,1,60
360,24,0,63
360,71,1,27
360,14,1,61
360,27,1,49
360,52,0,6
360,31,1,39
360,17,0,33
360,33,1,58
360,24,0,27
360,71,1,23
360,12,1,71
360,66,1,48
360,27,1,28
360,47,0,47
360,14,1,32
360,38,0,54
360,0,0,29
360,3,1,43
360,33,0,62
360,54,0,65
360,8,1,76
360,53,0,54
360,61,0,53
360,15,0,64
360,70,0,67
360,71,1,46
360,34,1,51
360,64,0,58
360,63,1,39
360,40,1,29
360,53,0,49
360,70,1,22
360,37,0,54
360,5,1,65
360,4,1,18
360,69,1,57
360,26,0,31
361,21,1,28
361,62,0,31
361,21,0,28
361,15,1,20
361,20,0,25
361,26,1,33
361,53,0,35
361,26,1,37
361,61,1,37
361,31,0,13
361,20,1,22
361,51,1,29
361,11,1,15
361,1,1,47
361,42,0,16
361,32,1,22
361,22,1,31
361,11,1,32
361,40,0,32
361,50,1,50
361,13,0,31
361,55,1,25
361,62,1,49
361,25,1,32
361,2,0,39
361,2,1,28
361,48,1,24
361,17,0,16
361,23,1,28
361,61,0,36
361,12,0,28
361,26,1,52
361,12,0,20
361,29,1,45
361,48,0,33
361,2,1,31
361,47,1,29
361,8,1,30
361,34,1,38
361,42,1,37
361,15,1,22
361,58,1,35
361,29,0,36
361,34,1,44
361,41,1,39
361,13,1,28
361,67,0,30
361,53,0,31
361,9,1,35
361,70,1,42
361,32,1,23
361,58,1,37
361,13,0,30
361,70,1,24
361,66,1,18
361,3,1,39
361,31,1,30
361,10,0,30
361,18,1,21
361,4,1,30
361,11,1,38
361,1,1,19
361,65,0,45
361,62,1,35
361,35,1,19
361,41,1,29
361,29,0,20
361,56,1,22
361,52,0,23
361,22,1,31
361,59,1,35
361,7,1,38
362,32,0,43
362,44,0,23
362,22,0,52
362,10,0,57
362,42,0,44
362,27,1,28
362,57,0,32
362,63,1,17
362,42,0,39
362,37,1,44
362,24,1,30
362,11,0,51
362,13,0,65
362,34,0,69
362,3,0,48
362,6,0,36
362,8,0,54
362,30,0,48
362,57,1,28
362,52,0,40
362,33,1,32
362,15,1,59
362,9,1,46
362,71,1,46
362,28,0,35
362,14,0,37
362,32,1,23
362,24,0,59
362,39,0,70
362,17,0,39
362,55,0,46
362,9,0,48
362,14,0,39
362,54,0,77
362,4,1,48
362,30,0,38
362,60,0,48
362,42,0,56
362,43,0,34
362,57,1,50
362,62,0,53
362,47,0,48
362,13,0,34
362,15,0,36
362,2,0,36
362,33,0,25
362,38,0,88
362,21,1,42
362,54,0,28
362,34,0,43
362,57,1,67
362,59,1,48
362,68,0,40
362,3,0,34
362,61,1,38
362,29,0,48
362,0,0,39
362,15,0,28
362,51,1,65
362,47,1,30
362,62,0,27
362,10,0,19
362,15,1,44
362,26,0,47
362,26,1,48
362,27,1,55
362,37,1,59
362,65,1,64
362,67,1,39
362,67,0,40
362,15,0,87
362,40,0,53
363,29,0,53
363,40,1,53
363,46,1,27
363,2,0,42
363,3,0,66
363,60,0,43
363,56,0,51
363,44,1,53
363,39,1,70
363,56,0,40
363,18,1,33
363,58,0,58
363,70,0,36
363,36,0,24
363,41,1,41
363,69,1,42
363,11,1,54
363,31,0,14
363,61,0,66
363,20,1,76
363,8,1,30
363,34,0,45
363,28,1,61
363,8,1,16
363,20,0,52
363,33,0,53
363,64,0,35
363,38,1,49
363,6,1,29
363,3,1,31
363,27,0,31
363,52,0,49
363,46,1,54
363,10,0,52
363,8,0,27
363,9,0,55
363,53,0,63
363,71,1,37
363,27,1,38
363,18,0,64
363,25,1,23
363,25,1,39
363,70,0,15
363,58,0,37
363,52,1,42
363,28,1,70
363,18,1,36
363,21,0,25
363,53,0,49
363,14,1,39
363,65,1,55
363,54,0,34
363,40,0,50
363,39,1,53
363,65,1,36
363,57,0,35
363,47,1,34
363,37,0,47
363,32,1,49
363,54,0,39
363,49,0,57
363,54,0,67
363,20,0,59
363,43,1,57
363,39,1,46
363,15,0,52
363,31,0,52
363,28,0,34
363,19,1,26
363,46,0,28
363,41,0,47
363,37,1,47
364,14,1,38
364,22,1,74
364,50,1,78
364,70,1,98
364,50,0,32
364,18,0,46
364,21,0,13
364,12,0,62
364,64,0,40
364,43,0,39
364,33,0,44
364,23,0,60
364,0,0,63
364,45,0,47
364,39,1,101
364,22,1,115
364,31,0,55
364,15,0,56
364,9,0,61
364,32,0,60
364,18,0,80
364,45,0,40
364,36,0,94
364,26,1,67
364,18,0,75
364,44,0,66
364,34,1,57
364,29,0,44
364,64,0,79
364,29,0,67
364,6,0,70
364,29,1,42
364,46,1,48
364,31,1,63
364,65,1,83
364,29,0,61
364,3,0,69
364,5,0,66
364,23,1,59
364,37,0,74
364,2,0,34
364,65,0,65
364,64,0,55
364,67,0,47
364,36,0,91
364,59,0,49
364,41,0,60
364,3,1,72
364,24,0,35
364,33,0,79
364,19,0,52
364,22,1,32
364,16,0,56
364,49,1,60
364,26,1,82
364,7,0,59
364,11,0,34
364,35,0,40
364,4,0,27
364,20,0,50
364,39,1,92
364,5,0,50
364,29,0,61
364,25,1,77
364,4,0,64
364,1,0,44
364,10,0,81
364,41,0,49
364,1,0,56
364,7,0,44
364,40,0,45
364,22,1,77
365,33,0,28
365,25,1,30
365,66,1,21
365,52,0,42
365,37,1,40
365,66,0,25
365,49,1,41
365,43,1,37
365,25,1,34
365,34,1,26
365,66,1,20
365,1,1,30
365,22,1,26
365,41,1,27
365,61,1,26
365,31,0,19
365,40,0,33
365,57,1,41
365,39,1,32
365,35,1,49
365,14,1,26
365,0,0,36
365,10,0,58
365,26,0,37
365,24,0,21
365,9,1,25
365,3,1,31
365,26,1,9
365,9,0,26
365,15,0,35
365,51,1,41
365,0,1,33
365,1,1,27
365,17,0,23
365,62,1,26
365,63,1,44
365,29,1,8
365,20,1,14
365,28,1,43
365,40,1,32
365,63,1,57
365,60,0,32
365,7,1,26
365,62,1,28
365,42,1,20
365,0,1,42
365,33,0,40
365,44,0,33
365,38,1,15
365,11,1,32
365,65,1,24
365,62,1,19
365,58,1,20
365,0,1,43
365,58,1,29
365,13,0,13
365,18,1,22
365,61,1,30
365,70,1,24
365,18,1,38
365,36,1,40
365,69,1,42
365,42,0,46
365,65,1,41
365,60,1,54
365,33,1,29
365,48,1,30
365,55,1,36
365,18,1,26
365,24,0,29
365,7,0,28
365,31,1,35
366,51,1,39
366,36,0,20
366,30,1,37
366,6,1,28
366,50,1,17
366,56,0,23
366,1,1,25
366,32,1,39
366,71,1,25
366,35,1,19
366,14,1,27
366,58,1,31
366,63,1,29
366,4,1,33
366,29,1,31
366,66,1,26
366,67,1,25
366,17,1,33
366,52,0,26
366,54,1,6
366,44,0,27
366,18,0,20
366,15,0,19
366,68,1,33
366,70,1,32
366,29,1,36
366,33,1,13
366,56,1,34
366,12,1,18
366,61,1,5
366,70,0,43
366,16,0,48
366,30,1,34
366,38,0,19
366,40,0,15
366,40,1,18
366,36,1,17
366,47,0,40
366,53,1,30
366,26,1,38
366,19,1,52
366,26,1,31
366,56,1,30
366,44,0,33
366,59,1,7
366,6,1,40
366,27,0,42
366,68,1,22
366,40,1,42
366,12,1,35
366,37,0,35
366,24,0,23
366,58,1,26
366,63,1,55
366,14,1,31
366,20,1,46
366,36,1,8
366,45,1,36
366,0,1,26
366,26,1,45
366,62,0,31
366,30,0,26
366,58,0,30
366,50,1,28
366,56,0,45
366,46,1,49
366,22,0,24
366,13,1,43
366,31,1,26
366,35,1,29
366,7,1,40
366,0,1,21
367,11,1,46
367,17,1,48
367,34,1,57
367,60,0,45
367,15,0,61
367,61,1,53
367,53,0,50
367,31,1,69
367,30,0,48
367,60,1,62
367,2,1,45
367,19,0,61
367,60,1,44
367,53,0,20
367,53,0,33
367,28,1,75
367,0,0,66
367,3,1,43
367,15,1,33
367,19,1,51
367,30,1,32
367,34,1,44
367,46,1,60
367,37,1,50
367,6,1,21
367,46,1,31
367,25,1,53
367,43,1,60
367,12,1,38
367,5,1,33
367,49,1,21
367,2,1,49
367,48,1,29
367,13,1,32
367,44,1,50
367,67,1,63
367,27,1,58
367,69,0,40
367,23,0,49
367,69,1,35
367,52,1,46
367,19,1,9
367,51,0,35
367,13,1,57
367,35,1,59
367,37,1,15
367,35,1,29
367,25,1,46
367,31,1,40
367,55,0,68
367,3,1,31
367,26,0,15
367,33,0,27
367,39,1,45
367,19,1,26
367,24,0,50
367,52,0,38
367,5,1,45
367,33,0,36
367,3,1,39
367,21,1,73
367,38,1,39
367,54,0,75
367,23,0,66
367,61,0,41
367,14,1,53
367,4,1,50
367,18,0,47
367,4,1,44
367,5,1,57
367,65,1,39
367,53,1,30
368,5,1,37
368,62,0,54
368,42,0,64
368,12,0,40
368,23,1,52
368,61,0,55
368,7,0,43
368,36,1,9
368,52,1,68
368,39,0,23
368,61,0,35
368,3,1,37
368,9,0,64
368,9,0,33
368,10,0,33
368,42,0,46
368,43,1,46
368,22,0,53
368,22,0,16
368,50,1,58
368,69,0,42
368,64,0,58
368,28,1,53
368,24,1,29
368,32,0,36
368,55,0,56
368,62,0,33
368,3,1,62
368,50,0,22
368,36,0,69
368,30,0,41
368,21,0,42
368,65,0,47
368,43,0,64
368,35,1,37
368,30,0,62
368,28,0,56
368,12,0,15
368,50,0,58
368,52,0,47
368,63,0,38
368,40,0,25
368,50,0,61
368,64,1,45
368,54,0,27
368,69,0,21
368,36,1,38
368,68,0,69
368,64,1,51
368,13,0,32
368,39,1,57
368,5,1,56
368,57,0,45
368,42,0,54
368,0,0,58
368,12,0,47
368,67,0,51
368,20,0,40
368,12,0,61
368,13,0,47
368,70,1,37
368,69,1,44
368,55,1,66
368,15,0,57
368,66,1,48
368,37,0,59
368,39,1,49
368,6,0,29
368,50,0,24
368,30,0,41
368,59,1,56
368,60,0,67
369,45,1,38
369,49,1,54
369,57,1,26
369,65,1,52
369,18,1,47
369,40,0,32
369,11,1,29
369,36,1,47
369,54,0,51
369,3,0,27
369,29,0,39
369,39,1,34
369,19,1,53
369,52,1,45
369,28,1,48
369,39,0,55
369,44,1,39
369,21,1,17
369,26,1,72
369,46,1,38
369,15,1,54
369,30,1,32
369,65,1,39
369,17,0,25
369,66,1,38
369,61,1,34
369,66,1,41
369,21,1,42
369,4,0,19
369,4,1,29
369,20,0,27
369,5,1,37
369,64,0,23
369,54,0,71
369,48,0,54
369,28,0,28
369,48,0,40
369,45,1,44
369,69,1,69
369,11,1,44
369,34,0,41
369,22,1,42
369,17,1,36
369,53,0,72
369,0,1,36
369,57,1,38
369,43,0,50
369,58,0,27
369,50,0,14
369,18,1,65
369,23,1,36
369,0,0,8
369,34,1,56
369,32,0,49
369,17,0,39
369,0,1,51
369,60,0,72
369,52,1,5
369,46,1,37
369,34,0,58
369,49,1,55
369,57,0,37
369,47,1,16
369,51,1,44
369,10,0,59
369,26,1,62
369,43,1,34
369,71,1,49
369,13,0,55
369,26,1,51
369,22,0,62
369,46,1,62
370,5,1,41
370,57,1,22
370,48,1,25
370,10,1,32
370,1,1,26
370,60,1,38
370,53,1,10
370,52,0,43
370,25,1,31
370,16,1,31
370,43,1,34
370,37,1,24
370,14,0,34
370,19,1,19
370,66,1,42
370,69,1,25
370,27,1,47
370,3,1,22
370,17,0,33
370,18,1,34
370,33,1,39
370,66,1,7
370,36,1,26
370,2,1,39
370,13,1,27
370,59,1,41
370,50,1,5
370,24,1,26
370,15,1,42
370,12,1,35
370,53,1,21
370,38,1,32
370,38,1,31
370,18,1,29
370,10,1,18
370,1,1,26
370,26,1,26
370,34,1,23
370,50,1,23
370,16,0,46
370,52,1,23
370,17,0,38
370,49,1,19
370,43,1,12
370,49,0,27
370,1,1,32
370,1,1,24
370,0,1,29
370,58,1,21
370,5,1,25
370,18,1,44
370,41,1,20
370,56,1,25
370,14,1,47
370,29,1,29
370,7,0,37
370,36,0,32
370,16,1,11
370,51,1,40
370,26,1,30
370,4,1,30
370,51,1,47
370,52,0,30
370,43,1,29
370,3,1,25
370,34,1,34
370,54,1,38
370,17,1,25
370,70,1,21
370,53,1,24
370,16,1,44
370,48,1,24
371,66,1,50
371,23,1,52
371,29,0,61
371,6,0,98
371,49,0,63
371,68,0,42
371,8,0,109
371,15,0,89
371,56,0,65
371,33,0,61
371,53,0,68
371,31,0,92
371,1,0,68
371,52,0,44
371,40,0,66
371,11,0,69
371,24,0,58
371,16,0,45
371,30,0,67
371,36,0,57
371,16,0,24
371,49,0,80
371,33,0,27
371,68,0,87
371,20,1,105
371,7,1,71
371,64,0,37
371,15,0,73
371,39,1,18
371,49,0,49
371,2,1,36
371,12,0,60
371,70,0,59
371,27,0,77
371,12,0,53
371,30,0,47
371,4,0,52
371,37,1,58
371,49,0,77
371,66,0,70
371,13,0,74
371,28,0,68
371,51,0,52
371,33,0,81
371,17,0,52
371,20,0,54
371,28,1,55
371,33,0,31
371,55,0,73
371,19,1,41
371,58,0,80
371,43,0,61
371,7,0,46
371,70,0,67
371,63,1,56
371,7,0,66
371,59,1,66
371,2,1,60
371,19,1,76
371,45,0,58
371,60,0,83
371,44,0,38
371,8,0,5
371,35,1,57
371,5,0,47
371,39,1,43
371,31,0,74
371,45,1,78
371,53,0,40
371,2,1,44
371,23,0,78
371,7,0,35
372,38,0,18
372,69,1,34
372,58,1,13
372,0,1,6
372,4,1,20
372,42,1,17
372,17,1,24
372,14,1,24
372,48,1,33
372,71,1,33
372,7,0,31
372,49,1,21
372,51,1,14
372,2,1,26
372,63,1,29
372,30,1,24
372,39,1,37
372,4,1,23
372,15,1,50
372,71,1,23
372,31,1,22
372,27,1,54
372,27,1,33
372,67,0,34
372,68,1,43
372,62,1,28
372,31,1,35
372,28,1,34
372,16,1,15
372,19,1,22
372,49,1,12
372,33,1,33
372,71,1,19
372,0,1,17
372,35,1,27
372,31,1,23
372,55,1,32
372,39,1,37
372,66,1,30
372,8,1,26
372,25,1,21
372,34,1,23
372,62,1,21
372,35,1,28
372,17,1,23
372,4,1,26
372,69,1,30
372,69,1,13
372,3,1,28
372,21,1,32
372,5,1,12
372,22,1,28
372,39,1,26
372,19,1,25
372,19,1,42
372,11,1,38
372,33,0,19
372,30,1,40
372,8,0,31
372,66,1,11
372,2,1,16
372,1,1,22
372,24,1,36
372,37,1,42
372,37,1,34
372,52,1,39
372,1,1,25
372,36,1,24
372,26,1,23
372,4,1,35
372,18,1,28
372,8,1,45
373,8,1,28
373,49,1,33
373,51,1,23
373,12,0,21
373,26,0,30
373,16,0,26
373,40,0,18
373,20,0,27
373,20,1,24
373,10,0,29
373,65,0,34
373,37,1,40
373,60,1,28
373,38,1,53
373,39,0,22
373,47,0,7
373,4,1,9
373,0,1,35
373,60,1,7
373,34,1,17
373,70,0,24
373,39,1,28
373,57,1,12
373,45,0,35
373,48,1,5
373,4,1,8
373,15,0,40
373,40,1,42
373,63,1,20
373,66,0,28
373,24,0,15
373,2,0,21
373,62,1,37
373,30,1,21
373,64,0,6
373,64,0,25
373,1,0,36
373,49,1,24
373,18,1,21
373,50,1,11
373,68,1,20
373,38,1,9
373,58,1,23
373,61,0,17
373,39,0,19
373,15,0,27
373,13,0,34
373,14,1,33
373,69,1,29
373,25,1,5
373,70,0,6
373,20,0,29
373,28,0,6
373,5,0,18
373,51,1,15
373,67,1,25
373,1,0,25
373,66,0,30
373,0,0,34
373,39,1,25
373,13,0,16
373,43,0,21
373,23,0,19
373,23,0,18
373,29,1,40
373,54,0,22
373,67,0,21
373,32,0,29
373,33,0,27
373,29,0,13
373,30,0,35
373,62,0,18
374,13,0,79
374,43,0,85
374,32,0,34
374,46,0,85
374,61,1,56
374,37,0,36
374,17,0,65
374,68,1,104
374,43,1,47
374,8,0,39
374,34,0,64
374,45,0,75
374,29,0,56
374,69,1,42
374,53,0,71
374,42,0,29
374,38,0,78
374,71,0,72
374,25,0,73
374,50,1,43
374,55,0,27
374,47,1,34
374,67,0,39
374,64,0,54
374,67,0,46
374,28,1,66
374,25,0,42
374,43,1,46
374,5,0,113
374,57,1,84
374,8,1,61
374,52,0,33
374,39,1,66
374,37,1,65
374,41,1,48
374,70,0,62
374,53,0,82
374,68,0,68
374,52,0,76
374,33,0,72
374,20,0,66
374,14,0,97
374,7,1,34
374,66,1,33
374,6,0,80
374,27,1,72
374,7,0,50
374,49,0,60
374,37,1,44
374,48,0,48
374,31,0,83
374,41,0,48
374,70,0,43
374,17,1,36
374,34,0,55
374,50,0,65
374,46,1,64
374,48,0,62
374,63,1,57
374,27,0,55
374,5,1,53
374,13,0,32
374,24,0,85
374,12,0,88
374,21,1,41
374,14,0,68
374,35,0,50
374,64,0,39
374,11,0,58
374,7,0,63
374,14,0,53
374,29,0,52
375,33,1,28
375,39,1,30
375,18,0,41
375,15,0,28
375,67,0,46
375,45,1,37
375,11,1,47
375,2,1,29
375,15,0,49
375,53,0,50
375,19,1,32
375,1,0,64
375,59,1,61
375,6,1,36
375,7,0,5
375,3,1,19
375,12,1,39
375,21,0,69
375,52,0,45
375,47,0,57
375,55,1,11
375,49,0,13
375,57,0,43
375,1,1,43
375,21,1,17
375,55,1,37
375,27,1,49
375,22,0,44
375,2,1,51
375,67,0,52
375,20,1,30
375,13,0,35
375,22,1,54
375,64,1,35
375,10,0,44
375,43,0,35
375,60,1,42
375,12,1,55
375,44,0,77
375,24,0,37
375,29,0,44
375,21,0,46
375,33,1,25
375,62,0,33
375,5,0,35
375,53,1,29
375,28,1,29
375,69,0,35
375,51,1,42
375,44,1,30
375,69,0,51
375,68,0,44
375,0,0,35
375,40,0,35
375,42,0,26
375,38,0,35
375,69,0,8
375,63,0,15
375,49,0,56
375,66,1,31
375,68,0,34
375,53,0,59
375,22,1,51
375,51,1,43
375,10,1,26
375,51,0,23
375,9,0,49
375,24,0,53
375,17,1,5
375,26,1,38
375,71,0,34
375,61,1,25
376,22,1,56
376,51,0,46
376,19,0,47
376,58,1,58
376,22,0,58
376,17,1,61
376,48,0,26
376,58,1,30
376,6,1,21
376,7,1,52
376,2,0,53
376,45,0,45
376,21,0,65
376,7,1,43
376,22,0,23
376,28,1,49
376,9,0,63
376,1,0,35
376,7,1,50
376,66,0,58
376,30,1,63
376,8,1,56
376,25,1,59
376,26,0,56
376,11,0,41
376,21,0,51
376,16,1,61
376,33,0,50
376,51,1,49
376,26,1,41
376,44,0,38
376,31,1,45
376,56,1,8
376,9,0,39
376,0,0,51
376,10,0,39
376,9,0,50
376,71,0,73
376,3,0,17
376,21,0,66
376,58,1,37
376,63,1,31
376,14,1,46
376,31,1,28
376,26,1,58
376,35,1,41
376,49,1,10
376,58,0,24
376,48,1,80
376,7,0,57
376,24,0,37
376,33,0,46
376,58,0,51
376,17,1,42
376,28,0,20
376,5,1,47
376,23,0,37
376,23,0,53
376,1,0,54
376,54,0,35
376,71,1,32
376,47,1,51
376,55,0,40
376,28,0,74
376,24,0,56
376,29,1,45
376,2,1,53
376,1,0,53
376,70,0,34
376,0,0,40
376,63,1,57
376,10,0,62
377,19,0,20
377,45,1,34
377,7,0,32
377,27,1,6
377,63,1,31
377,46,1,13
377,51,0,13
377,41,0,29
377,55,0,14
377,33,0,29
377,55,0,13
377,7,0,41
377,71,1,27
377,31,0,7
377,65,0,16
377,62,1,41
377,51,0,14
377,43,0,14
377,6,1,28
377,13,0,27
377,65,1,26
377,17,0,25
377,53,0,13
377,61,0,21
377,49,0,33
377,51,1,25
377,55,0,26
377,67,0,34
377,20,1,43
377,52,1,16
377,22,1,22
377,21,0,25
377,65,0,18
377,69,0,26
377,7,0,12
377,35,1,28
377,44,1,27
377,7,1,38
377,56,0,36
377,51,1,18
377,65,1,5
377,41,1,19
377,35,0,25
377,34,1,27
377,36,1,9
377,28,0,13
377,23,0,18
377,5,0,26
377,17,0,30
377,55,0,17
377,7,0,13
377,29,1,16
377,62,1,11
377,25,1,25
377,57,1,20
377,31,1,26
377,13,0,30
377,20,1,30
377,19,1,31
377,53,0,40
377,43,1,19
377,64,0,17
377,21,1,14
377,63,0,28
377,35,1,39
377,52,0,33
377,32,1,28
377,7,1,36
377,38,0,37
377,62,0,9
377,43,0,31
377,46,1,32
378,55,0,58
378,40,0,63
378,56,1,87
378,45,1,78
378,3,0,60
378,9,0,52
378,29,0,16
378,4,0,62
378,37,0,64
378,21,0,45
378,1,0,48
378,55,0,59
378,37,0,35
378,43,0,56
378,66,0,46
378,62,0,68
378,38,0,45
378,24,1,80
378,56,0,53
378,26,0,43
378,54,0,75
378,10,0,50
378,38,1,74
378,43,0,27
378,16,0,45
378,70,0,18
378,50,0,75
378,0,1,51
378,45,0,82
378,70,0,38
378,11,0,69
378,18,1,61
378,33,0,71
378,18,0,86
378,60,0,63
378,71,1,54
378,32,1,32
378,40,0,50
378,65,1,115
378,35,0,26
378,24,0,54
378,7,0,34
378,37,0,41
378,41,0,67
378,18,0,63
378,59,1,60
378,30,0,59
378,9,1,60
378,58,0,77
378,68,0,50
378,27,0,77
378,22,1,30
378,17,0,32
378,35,1,99
378,55,1,70
378,43,0,87
378,24,1,63
378,43,0,25
378,47,0,59
378,3,0,71
378,29,1,68
378,69,0,62
378,65,0,50
378,45,0,55
378,63,0,71
378,46,0,28
378,28,1,70
378,4,0,99
378,70,1,67
378,64,0,78
378,14,1,41
378,48,0,83
379,11,1,44
379,11,0,43
379,22,1,53
379,19,0,30
379,17,0,27
379,43,1,13
379,31,0,36
379,31,1,22
379,57,0,38
379,62,0,38
379,51,1,18
379,67,1,18
379,67,0,37
379,37,0,13
379,2,1,17
379,13,0,36
379,54,1,26
379,61,0,51
379,68,1,34
379,44,0,14
379,44,0,32
379,61,0,27
379,43,1,26
379,20,0,15
379,57,1,24
379,38,1,22
379,52,0,24
379,43,0,28
379,55,0,22
379,12,0,32
379,5,1,10
379,68,0,24
379,10,1,37
379,43,0,42
379,22,1,5
379,27,1,29
379,50,0,24
379,41,1,9
379,68,1,19
379,29,0,29
379,16,1,47
379,15,1,17
379,54,0,34
379,27,1,21
379,40,0,17
379,58,1,8
379,51,0,30
379,39,1,19
379,58,0,25
379,9,0,31
379,35,1,26
379,7,1,25
379,23,0,21
379,19,0,36
379,61,0,19
379,52,0,7
379,28,0,20
379,36,1,24
379,62,0,18
379,26,1,40
379,71,0,33
379,20,0,28
379,57,0,37
379,40,1,10
379,68,0,27
379,17,0,22
379,9,0,36
379,23,1,40
379,10,1,35
379,17,0,21
379,37,1,26
379,43,0,24
380,65,1,39
380,53,1,62
380,70,0,56
380,53,1,36
380,52,0,48
380,40,1,40
380,27,1,39
380,18,0,58
380,24,1,20
380,51,1,41
380,42,0,55
380,43,0,41
380,33,1,9
380,44,1,38
380,27,1,33
380,6,1,61
380,70,1,18
380,48,1,35
380,51,1,33
380,0,1,28
380,52,1,29
380,71,1,38
380,65,1,25
380,68,1,49
380,58,0,49
380,48,0,23
380,61,0,63
380,3,0,49
380,55,0,27
380,49,0,42
380,22,1,51
380,21,1,24
380,67,0,30
380,13,0,61
380,46,1,44
380,22,1,62
380,37,1,46
380,31,1,36
380,6,1,34
380,25,1,35
380,2,0,16
380,20,0,52
380,46,1,35
380,71,0,38
380,32,1,22
380,51,1,46
380,63,1,51
380,49,1,51
380,27,0,49
380,49,0,50
380,1,1,47
380,10,1,48
380,19,1,28
380,42,1,24
380,22,0,36
380,7,1,42
380,22,0,60
380,3,1,46
380,6,0,38
380,44,1,24
380,66,0,34
380,42,0,42
380,6,0,25
380,66,1,40
380,26,1,31
380,40,0,42
380,68,0,57
380,31,1,32
380,35,1,30
380,34,0,54
380,9,1,33
380,67,0,23
381,57,1,37
381,0,0,20
381,17,1,38
381,31,0,49
381,7,0,24
381,18,0,65
381,15,0,40
381,1,0,36
381,22,0,56
381,31,1,45
381,14,1,43
381,44,1,5
381,18,0,46
381,67,1,16
381,46,1,35
381,28,1,45
381,39,1,53
381,46,1,26
381,62,0,41
381,23,0,28
381,47,1,81
381,53,0,21
381,49,1,34
381,17,0,48
381,4,1,52
381,37,1,47
381,18,0,33
381,13,0,47
381,10,1,5
381,15,0,10
381,65,1,57
381,17,0,9
381,61,1,50
381,13,0,53
381,21,0,13
381,56,0,32
381,47,1,51
381,29,0,30
381,49,0,15
381,15,0,37
381,43,1,48
381,22,1,37
381,36,1,15
381,70,0,34
381,15,0,34
381,47,0,20
381,54,0,23
381,50,0,32
381,48,1,50
381,30,1,45
381,44,1,28
381,69,0,50
381,23,1,42
381,42,0,41
381,64,1,21
381,8,0,72
381,50,1,53
381,71,0,27
381,39,1,36
381,20,1,34
381,57,1,34
381,58,0,55
381,16,1,40
381,54,1,57
381,45,0,29
381,54,0,23
381,22,1,38
381,15,0,27
381,19,1,34
381,50,1,44
381,36,1,20
381,3,0,16
382,34,1,42
382,69,1,26
382,26,1,14
382,49,1,48
382,40,1,29
382,44,1,12
382,8,1,30
382,50,1,19
382,69,1,35
382,19,0,23
382,69,1,30
382,1,1,27
382,26,1,41
382,54,1,28
382,40,1,24
382,60,1,40
382,67,1,43
382,70,1,25
382,27,1,19
382,65,0,45
382,9,1,31
382,12,1,25
382,53,1,36
382,8,1,17
382,64,1,26
382,36,0,37
382,49,1,13
382,17,1,23
382,38,1,18
382,38,1,22
382,63,1,26
382,3,0,49
382,39,1,20
382,28,1,18
382,10,1,30
382,28,1,13
382,66,1,31
382,58,1,22
382,49,1,36
382,25,1,42
382,57,1,40
382,49,1,28
382,26,1,20
382,42,1,38
382,71,1,27
382,58,0,37
382,42,0,39
382,70,1,28
382,14,1,26
382,69,1,31
382,13,0,34
382,21,1,23
382,27,0,23
382,26,1,21
382,62,1,27
382,0,1,23
382,49,0,37
382,1,1,25
382,2,1,12
382,25,1,11
382,68,1,35
382,1,1,25
382,19,1,56
382,67,0,32
382,27,1,23
382,52,1,39
382,19,1,51
382,65,1,29
382,47,1,59
382,13,0,24
382,49,1,46
382,68,1,23
383,65,1,65
383,28,1,27
383,43,1,44
383,55,0,44
383,71,1,42
383,71,1,38
383,43,0,33
383,20,0,54
383,55,0,46
383,38,0,8
383,14,0,75
383,18,1,49
383,7,1,56
383,69,1,22
383,40,1,50
383,47,1,53
383,36,0,48
383,29,0,56
383,34,1,64
383,26,1,37
383,48,0,51
383,65,0,55
383,2,0,64
383,59,1,36
383,13,1,41
383,5,1,29
383,11,1,45
383,61,0,34
383,63,1,77
383,5,0,42
383,68,0,58
383,30,1,34
383,61,0,16
383,61,1,45
383,57,1,36
383,44,0,33
383,14,0,30
383,48,1,48
383,45,1,23
383,9,0,43
383,67,1,54
383,21,1,60
383,59,0,27
383,60,1,44
383,39,1,52
383,9,0,24
383,30,1,19
383,47,1,40
383,51,0,27
383,66,1,49
383,44,0,44
383,22,0,33
383,15,0,39
383,6,1,52
383,48,1,57
383,51,0,34
383,30,0,37
383,4,0,20
383,29,1,28
383,11,1,51
383,31,0,60
383,34,1,50
383,18,1,8
383,42,0,29
383,40,0,50
383,25,0,51
383,42,0,42
383,35,1,46
383,32,0,17
383,12,0,67
383,44,0,46
383,54,0,46
384,17,1,38
384,18,1,38
384,48,0,10
384,43,0,41
384,66,0,31
384,10,0,33
384,9,0,15
384,68,1,34
384,57,0,61
384,35,0,26
384,68,0,39
384,58,1,31
384,21,1,5
384,46,1,41
384,65,1,40
384,22,1,27
384,68,0,44
384,60,0,19
384,21,1,20
384,66,0,42
384,7,1,43
384,22,1,27
384,28,1,17
384,6,0,27
384,27,1,45
384,58,1,23
384,51,1,48
384,14,1,29
384,66,1,19
384,54,0,47
384,64,1,40
384,39,1,38
384,37,1,56
384,34,1,10
384,31,1,7
384,52,0,11
384,63,0,60
384,3,1,27
384,53,0,23
384,14,1,16
384,67,0,29
384,31,1,40
384,65,1,39
384,54,0,30
384,25,1,55
384,6,1,32
384,0,0,53
384,56,0,65
384,36,0,61
384,65,1,24
384,20,0,32
384,40,0,39
384,65,1,46
384,31,1,48
384,62,1,39
384,46,1,33
384,54,0,42
384,70,1,18
384,16,1,46
384,10,0,29
384,8,0,49
384,22,1,29
384,61,0,53
384,39,1,37
384,58,1,17
384,49,0,68
384,58,1,34
384,61,1,34
384,39,0,38
384,69,0,42
384,71,1,23
384,34,1,50
385,49,0,34
385,6,1,74
385,33,1,74
385,70,0,102
385,61,0,72
385,69,1,58
385,45,1,53
385,32,1,71
385,43,0,44
385,2,1,58
385,34,0,65
385,48,1,57
385,10,1,23
385,6,0,73
385,30,0,58
385,15,0,79
385,60,0,29
385,68,0,49
385,13,0,48
385,18,1,47
385,11,0,60
385,62,0,73
385,53,0,47
385,19,0,58
385,8,0,24
385,65,0,66
385,8,1,48
385,20,0,35
385,29,1,72
385,46,0,88
385,8,1,70
385,6,0,93
385,71,1,30
385,55,0,105
385,45,0,77
385,3,0,88
385,25,1,64
385,63,0,47
385,9,0,56
385,65,1,54
385,8,1,65
385,69,0,36
385,18,0,70
385,58,1,36
385,32,0,49
385,65,0,34
385,70,1,36
385,4,0,37
385,29,0,56
385,40,0,75
385,54,0,58
385,41,1,89
385,59,0,74
385,61,0,46
385,12,0,57
385,55,0,60
385,63,0,89
385,29,0,69
385,53,0,41
385,11,1,53
385,1,1,88
385,64,0,69
385,11,0,48
385,19,0,92
385,41,0,28
385,16,0,81
385,27,1,41
385,6,0,79
385,59,1,61
385,53,0,69
385,37,1,80
385,3,0,51
386,67,0,44
386,0,0,17
386,29,1,29
386,54,1,32
386,10,1,39
386,48,1,49
386,43,1,5
386,7,1,5
386,18,0,34
386,5,1,29
386,50,0,11
386,44,1,31
386,40,0,36
386,46,0,36
386,67,1,15
386,34,0,32
386,28,0,38
386,43,0,42
386,40,0,30
386,28,1,32
386,68,0,22
386,56,1,25
386,10,1,19
386,27,0,33
386,0,0,13
386,6,0,27
386,47,1,35
386,32,1,28
386,52,0,9
386,53,0,13
386,28,0,23
386,7,1,22
386,47,1,27
386,69,1,26
386,4,1,16
386,51,1,18
386,60,0,28
386,23,1,25
386,57,0,32
386,47,1,14
386,9,1,37
386,50,1,26
386,19,0,19
386,0,0,5
386,24,0,9
386,61,1,23
386,28,0,14
386,71,1,19
386,36,1,19
386,66,1,26
386,44,0,11
386,61,0,22
386,16,0,36
386,51,0,30
386,46,0,42
386,30,0,19
386,2,0,39
386,40,0,24
386,8,0,15
386,23,1,27
386,4,0,27
386,20,0,16
386,6,1,9
386,13,0,30
386,60,1,35
386,71,1,20
386,25,0,41
386,15,1,29
386,34,1,24
386,45,0,19
386,25,1,35
386,67,0,29
387,5,0,42
387,49,0,45
387,24,1,18
387,46,1,40
387,39,1,23
387,11,1,23
387,27,1,24
387,61,1,21
387,61,1,18
387,43,1,43
387,23,1,43
387,69,1,59
387,56,1,30
387,29,0,43
387,48,1,27
387,1,1,45
387,21,0,30
387,11,1,41
387,68,0,51
387,41,0,49
387,45,1,29
387,33,1,65
387,4,0,33
387,65,0,33
387,33,1,39
387,16,0,37
387,24,0,52
387,37,0,32
387,45,1,39
387,51,1,37
387,27,1,49
387,50,0,31
387,37,1,34
387,4,1,26
387,52,1,57
387,33,1,30
387,49,0,27
387,24,0,9
387,61,0,40
387,12,0,50
387,6,1,52
387,39,0,41
387,50,0,40
387,17,1,59
387,38,0,26
387,3,0,39
387,61,0,53
387,15,0,31
387,20,1,31
387,29,1,47
387,57,0,27
387,12,1,24
387,35,1,47
387,48,1,39
387,17,1,36
387,8,0,66
387,66,0,71
387,42,0,19
387,56,1,33
387,66,0,45
387,19,1,39
387,41,1,27
387,66,0,37
387,30,1,37
387,35,1,49
387,34,1,51
387,22,1,51
387,38,0,55
387,71,0,17
387,6,1,22
387,29,1,31
387,40,0,38
388,58,0,49
388,27,1,28
388,24,0,45
388,40,1,27
388,48,0,26
388,55,1,71
388,24,0,27
388,23,1,30
388,21,1,50
388,57,1,56
388,57,1,21
388,66,1,66
388,67,0,43
388,48,1,11
388,18,0,61
388,53,0,53
388,20,1,40
388,32,1,36
388,40,0,36
388,57,0,26
388,48,0,55
388,27,1,28
388,65,1,28
388,4,1,42
388,70,0,63
388,52,0,54
388,66,1,69
388,57,0,38
388,47,1,62
388,37,0,55
388,42,0,43
388,27,1,57
388,0,0,6
388,38,0,51
388,38,1,74
388,36,1,41
388,39,1,38
388,28,1,53
388,8,0,36
388,54,0,61
388,36,1,45
388,65,1,49
388,62,1,36
388,69,1,51
388,42,0,44
388,57,1,57
388,9,0,44
388,13,0,30
388,65,1,21
388,40,0,41
388,7,0,21
388,29,1,59
388,17,1,62
388,36,0,33
388,37,0,46
388,49,0,48
388,64,1,21
388,30,0,44
388,28,0,41
388,9,1,37
388,27,1,58
388,2,1,67
388,35,0,34
388,5,1,21
388,4,1,30
388,68,1,55
388,56,0,28
388,30,0,58
388,45,1,44
388,17,0,48
388,36,1,39
388,43,1,55
389,32,1,22
389,48,0,42
389,49,0,48
389,14,1,57
389,26,0,76
389,50,1,58
389,23,1,63
389,37,1,29
389,55,1,39
389,29,1,21
389,49,0,39
389,36,0,54
389,24,0,28
389,45,1,36
389,23,0,64
389,19,0,58
389,19,1,42
389,5,1,74
389,55,0,39
389,20,0,65
389,20,1,51
389,33,1,40
389,67,0,44
389,59,1,47
389,60,1,25
389,37,1,41
389,68,1,54
389,21,0,29
389,59,1,41
389,2,0,51
389,64,1,20
389,34,1,47
389,19,1,24
389,13,0,53
389,35,1,36
389,58,0,7
389,17,0,46
389,13,0,32
389,11,0,34
389,33,1,32
389,63,0,66
389,26,1,17
389,17,0,50
389,62,0,51
389,31,1,22
389,22,1,62
389,66,0,56
389,27,1,49
389,63,0,42
389,22,1,35
389,21,0,22
389,52,0,47
389,38,0,73
389,31,0,41
389,24,0,22
389,62,0,56
389,13,0,30
389,3,1,52
389,49,1,5
389,69,1,51
389,43,1,29
389,41,1,41
389,46,1,21
389,38,0,10
389,63,0,33
389,30,0,54
389,54,0,53
389,24,1,29
389,70,0,22
389,19,1,45
389,42,0,62
389,39,0,51
390,20,0,30
390,7,0,15
390,21,1,25
390,25,1,33
390,31,0,6
390,43,1,35
390,56,0,26
390,4,0,17
390,31,0,30
390,16,0,39
390,4,0,21
390,48,0,36
390,1,1,27
390,24,1,45
390,45,0,45
390,33,1,22
390,16,0,30
390,35,1,20
390,40,1,41
390,57,0,45
390,63,0,22
390,7,0,11
390,31,0,20
390,0,0,10
390,58,1,27
390,37,0,22
390,25,0,24
390,10,0,34
390,1,0,32
390,43,0,23
390,57,1,21
390,17,0,21
390,0,1,14
390,22,0,29
390,62,1,13
390,39,1,27
390,20,0,5
390,17,1,22
390,66,0,34
390,69,1,25
390,2,0,8
390,38,0,36
390,46,1,8
390,2,0,30
390,26,0,32
390,22,0,39
390,52,0,17
390,47,0,23
390,21,1,27
390,23,0,5
390,42,0,33
390,37,1,28
390,31,1,21
390,18,0,13
390,54,1,38
390,62,0,19
390,48,0,47
390,1,0,28
390,5,0,25
390,36,0,12
390,57,0,21
390,7,0,12
390,8,1,30
390,16,1,17
390,64,0,30
390,70,0,20
390,71,0,23
390,52,1,23
390,42,1,18
390,57,0,24
390,30,1,22
390,42,0,20
391,42,0,60
391,19,1,33
391,14,0,45
391,45,0,49
391,44,0,43
391,64,0,38
391,67,0,7
391,41,0,35
391,35,0,34
391,68,0,33
391,13,0,54
391,48,0,24
391,7,0,36
391,45,0,31
391,33,0,41
391,42,0,46
391,32,1,36
391,1,1,40
391,25,0,43
391,26,1,53
391,18,1,47
391,24,0,18
391,47,1,45
391,48,0,33
391,67,0,41
391,25,1,23
391,50,0,68
391,9,0,54
391,67,0,42
391,68,0,35
391,27,0,46
391,27,0,13
391,34,1,50
391,25,0,38
391,5,0,30
391,61,0,43
391,4,0,35
391,15,0,74
391,68,1,47
391,11,1,24
391,47,1,30
391,31,1,37
391,49,0,29
391,10,1,44
391,49,1,42
391,5,1,46
391,12,0,48
391,61,0,26
391,23,1,24
391,46,0,16
391,42,1,38
391,67,0,23
391,8,1,17
391,13,0,64
391,70,0,59
391,64,1,34
391,57,0,59
391,69,0,42
391,24,0,23
391,8,0,5
391,49,1,47
391,27,1,32
391,0,0,57
391,33,1,42
391,57,1,54
391,50,0,40
391,66,0,38
391,0,0,32
391,29,1,35
391,39,0,39
391,12,0,33
391,13,0,44
392,4,1,56
392,34,0,41
392,5,1,39
392,11,1,33
392,46,0,57
392,43,0,34
392,19,1,16
392,62,0,64
392,3,1,26
392,0,0,61
392,16,0,55
392,59,1,40
392,43,0,49
392,34,1,65
392,66,1,15
392,47,1,57
392,65,0,36
392,40,0,58
392,37,1,26
392,5,1,38
392,52,0,43
392,1,1,25
392,25,0,27
392,11,0,40
392,22,1,22
392,7,0,66
392,17,0,16
392,26,1,25
392,24,0,60
392,7,1,53
392,52,1,47
392,5,1,68
392,32,0,32
392,31,0,56
392,55,1,52
392,24,0,73
392,9,0,25
392,6,0,32
392,67,1,65
392,31,1,16
392,36,1,59
392,71,1,29
392,53,0,11
392,63,0,42
392,23,1,31
392,55,1,53
392,45,1,53
392,66,1,42
392,68,1,54
392,58,1,24
392,23,0,42
392,69,1,35
392,11,0,36
392,63,0,25
392,66,1,49
392,64,1,56
392,6,1,54
392,64,1,41
392,40,0,34
392,29,0,31
392,27,1,32
392,19,0,41
392,66,1,23
392,19,1,70
392,17,1,19
392,50,1,54
392,1,1,44
392,39,1,34
392,56,0,23
392,42,0,50
392,12,1,27
392,29,1,41
393,54,0,46
393,32,0,37
393,6,1,54
393,61,0,54
393,20,1,53
393,67,1,40
393,29,1,59
393,13,0,39
393,12,1,39
393,44,1,40
393,16,1,24
393,47,0,37
393,54,0,86
393,14,1,30
393,22,0,27
393,66,0,46
393,19,0,75
393,3,0,63
393,27,1,56
393,13,0,46
393,10,0,48
393,5,1,60
393,70,1,36
393,39,1,53
393,3,1,50
393,21,1,38
393,51,0,42
393,64,1,33
393,14,1,47
393,21,0,14
393,66,1,62
393,30,0,32
393,21,0,15
393,56,1,59
393,5,1,44
393,64,0,35
393,40,0,52
393,15,0,83
393,27,0,22
393,63,0,76
393,5,1,35
393,12,1,26
393,5,0,55
393,17,0,36
393,32,1,38
393,29,0,51
393,58,0,34
393,10,0,79
393,14,0,51
393,68,1,15
393,6,1,50
393,33,0,49
393,2,0,40
393,70,1,39
393,66,0,22
393,68,0,66
393,52,1,85
393,61,0,50
393,29,0,43
393,52,1,44
393,53,0,47
393,2,0,70
393,60,1,71
393,36,1,57
393,3,0,43
393,33,0,40
393,41,0,45
393,25,1,70
393,5,1,46
393,41,0,25
393,55,1,50
393,50,1,48
394,19,0,8
394,43,0,21
394,22,0,21
394,26,0,52
394,49,1,9
394,28,1,24
394,0,1,29
394,66,0,17
394,29,1,30
394,47,1,19
394,24,1,25
394,17,1,12
394,21,1,20
394,10,0,38
394,35,1,45
394,57,0,20
394,5,1,5
394,21,1,27
394,49,0,17
394,49,0,16
394,46,1,44
394,18,1,36
394,2,0,12
394,62,1,16
394,9,0,24
394,54,1,32
394,63,1,33
394,29,0,18
394,0,0,23
394,50,0,27
394,39,1,26
394,3,1,15
394,56,0,17
394,51,1,42
394,55,1,23
394,21,1,44
394,63,0,26
394,64,0,32
394,61,1,12
394,14,0,20
394,41,0,11
394,66,1,16
394,14,0,21
394,9,1,31
394,13,0,31
394,26,1,28
394,36,1,5
394,41,1,39
394,46,0,38
394,68,1,34
394,8,1,24
394,32,1,17
394,45,1,25
394,65,1,18
394,12,1,28
394,59,0,21
394,45,1,30
394,26,1,25
394,16,1,27
394,61,1,18
394,25,0,23
394,19,0,40
394,7,1,33
394,15,0,44
394,39,1,35
394,20,1,23
394,33,1,33
394,37,0,22
394,67,1,11
394,11,1,26
394,61,0,33
394,30,1,24
395,0,1,28
395,32,1,61
395,40,1,20
395,28,1,45
395,11,0,55
395,35,1,36
395,34,0,42
395,36,1,36
395,14,0,42
395,35,1,14
395,23,0,26
395,60,0,24
395,61,0,59
395,1,1,49
395,28,1,18
395,43,1,21
395,29,1,48
395,49,1,60
395,18,1,49
395,34,1,41
395,21,0,36
395,67,0,35
395,33,0,42
395,16,0,20
395,12,1,55
395,11,1,49
395,59,1,21
395,57,1,42
395,65,1,39
395,44,0,41
395,19,0,45
395,35,0,25
395,30,0,50
395,71,1,45
395,65,1,47
395,63,1,10
395,19,1,17
395,26,0,67
395,68,0,53
395,11,1,48
395,62,1,62
395,33,0,32
395,5,1,40
395,2,1,16
395,10,0,37
395,36,0,58
395,50,1,48
395,20,1,36
395,27,0,58
395,2,1,50
395,1,1,55
395,2,1,24
395,55,0,74
395,15,1,40
395,20,1,34
395,12,1,38
395,67,1,29
395,21,1,46
395,45,0,28
395,64,1,14
395,63,0,66
395,39,1,54
395,19,0,33
395,69,0,37
395,29,1,60
395,68,1,34
395,38,0,46
395,36,1,42
395,64,1,35
395,22,1,34
395,48,1,33
395,9,0,27
396,28,1,49
396,63,1,15
396,50,0,44
396,25,1,46
396,66,1,31
396,68,1,31
396,2,0,42
396,63,1,37
396,65,1,5
396,34,1,34
396,2,1,39
396,31,1,55
396,12,1,34
396,14,1,17
396,20,1,34
396,28,0,39
396,2,0,35
396,43,1,29
396,55,1,35
396,4,1,28
396,37,1,40
396,18,1,29
396,32,1,22
396,53,0,38
396,59,1,23
396,5,1,48
396,51,0,47
396,52,1,40
396,9,0,26
396,28,1,28
396,56,1,41
396,20,1,25
396,4,1,37
396,35,1,36
396,23,1,22
396,19,1,22
396,29,1,33
396,4,1,12
396,68,1,21
396,16,1,22
396,32,1,43
396,30,1,34
396,41,1,46
396,61,0,42
396,39,0,43
396,15,1,42
396,55,1,32
396,4,1,29
396,44,1,23
396,35,1,48
396,40,0,26
396,25,1,33
396,39,1,19
396,54,1,18
396,1,1,35
396,66,0,16
396,52,0,54
396,14,0,27
396,67,1,38
396,28,1,8
396,14,1,34
396,41,1,21
396,2,0,26
396,18,1,38
396,49,1,22
396,30,1,16
396,18,1,30
396,71,1,23
396,28,1,35
396,58,0,17
396,7,1,20
396,16,1,11
397,28,1,56
397,4,1,14
397,48,1,24
397,62,1,13
397,38,1,14
397,26,1,34
397,51,1,22
397,50,1,36
397,7,1,22
397,49,1,24
397,28,1,18
397,19,1,39
397,41,1,31
397,29,1,22
397,44,1,33
397,32,1,34
397,20,0,32
397,36,1,19
397,51,0,34
397,12,1,33
397,2,0,20
397,52,1,36
397,54,1,37
397,68,1,26
397,9,0,39
397,68,1,34
397,27,1,25
397,49,0,36
397,45,1,39
397,67,1,51
397,45,1,19
397,3,0,40
397,15,0,17
397,54,1,43
397,0,1,41
397,47,1,19
397,9,0,34
397,66,1,31
397,56,0,31
397,63,1,32
397,37,1,30
397,2,0,32
397,21,1,39
397,51,0,44
397,46,1,22
397,52,1,24
397,19,1,33
397,22,1,29
397,53,0,26
397,0,1,24
397,25,1,24
397,0,0,36
397,20,1,34
397,39,1,23
397,33,0,33
397,50,0,38
397,0,0,35
397,60,0,31
397,22,1,50
397,39,1,32
397,15,0,28
397,2,1,24
397,42,0,36
397,24,0,31
397,64,1,45
397,19,1,18
397,61,1,25
397,52,0,37
397,32,1,42
397,29,0,28
397,44,0,36
397,57,1,28
398,42,0,52
398,29,0,53
398,54,0,24
398,63,0,54
398,6,1,49
398,65,1,55
398,9,0,25
398,29,0,53
398,22,0,72
398,58,1,62
398,4,1,51
398,59,0,34
398,35,0,71
398,54,0,38
398,3,0,67
398,46,0,34
398,47,0,43
398,15,0,52
398,7,1,31
398,52,0,53
398,14,0,49
398,69,0,76
398,42,0,85
398,38,0,43
398,8,1,106
398,15,1,83
398,20,0,81
398,35,0,39
398,15,0,66
398,14,0,34
398,55,0,58
398,11,0,59
398,44,0,59
398,43,0,96
398,11,0,85
398,27,1,67
398,13,0,99
398,45,0,45
398,45,0,89
398,48,0,77
398,68,0,50
398,46,1,36
398,31,1,52
398,34,0,84
398,11,0,75
398,3,0,53
398,1,0,33
398,0,0,71
398,63,0,32
398,7,0,74
398,0,0,69
398,57,0,28
398,56,0,73
398,14,1,37
398,24,0,64
398,14,0,18
398,55,0,100
398,35,1,69
398,28,0,63
398,16,0,32
398,59,1,55
398,51,0,69
398,49,0,51
398,41,1,55
398,42,1,68
398,58,1,79
398,22,0,60
398,52,0,64
398,33,1,55
398,2,0,70
398,27,1,63
398,51,0,65
399,56,0,79
399,45,0,55
399,15,1,85
399,36,0,64
399,42,0,59
399,5,0,29
399,10,0,39
399,44,0,70
399,15,0,30
399,61,0,54
399,70,0,45
399,31,1,38
399,42,0,47
399,64,0,93
399,66,0,77
399,65,0,45
399,3,0,49
399,69,0,72
399,65,0,40
399,69,1,62
399,47,1,46
399,42,0,78
399,41,0,73
399,58,0,28
399,14,0,65
399,45,0,63
399,42,0,57
399,49,0,41
399,32,0,67
399,26,1,73
399,12,0,65
399,66,0,61
399,44,1,104
399,32,1,62
399,65,0,42
399,56,0,72
399,52,0,70
399,42,0,47
399,13,1,50
399,7,1,15
399,31,0,43
399,10,0,41
399,1,0,81
399,63,0,57
399,59,1,79
399,2,0,65
399,1,0,75
399,45,1,69
399,7,0,85
399,57,1,70
399,2,0,41
399,70,1,68
399,64,1,42
399,8,0,51
399,1,1,32
399,52,0,74
399,34,1,74
399,47,0,33
399,61,0,65
399,41,0,92
399,28,0,89
399,67,0,54
399,61,0,68
399,68,0,61
399,40,1,57
399,54,0,55
399,16,0,74
399,70,0,54
399,54,0,71
399,44,1,24
399,14,1,75
399,22,0,86
400,62,1,28
400,21,1,28
400,28,0,34
400,70,1,30
400,41,0,26
400,65,1,33
400,34,1,36
400,4,1,33
400,63,1,14
400,40,0,38
400,51,1,29
400,69,1,32
400,35,1,41
400,7,1,40
400,3,1,54
400,31,1,18
400,55,1,28
400,64,1,42
400,43,0,24
400,36,1,35
400,21,1,33
400,70,1,33
400,11,1,35
400,10,1,12
400,41,1,16
400,12,1,15
400,9,1,40
400,70,1,39
400,40,1,32
400,32,1,24
400,58,0,45
400,12,1,18
400,50,1,37
400,51,1,28
400,50,1,32
400,60,1,27
400,0,1,23
400,62,1,31
400,43,1,12
400,6,0,16
400,13,0,41
400,32,1,28
400,15,1,23
400,63,1,33
400,3,1,17
400,53,0,27
400,16,0,28
400,45,1,28
400,20,1,15
400,40,0,38
400,55,1,32
400,66,1,26
400,45,1,37
400,34,1,19
400,29,1,28
400,2,1,24
400,53,1,28
400,49,1,31
400,56,1,45
400,32,1,25
400,7,1,30
400,32,1,35
400,36,1,30
400,15,1,40
400,7,0,14
400,9,1,23
400,2,0,19
400,7,1,37
400,18,1,31
400,22,1,30
400,7,1,41
400,1,1,47
401,51,1,51
401,55,0,71
401,6,1,45
401,58,0,47
401,37,1,45
401,31,0,49
401,34,0,83
401,12,0,45
401,60,0,68
401,14,1,41
401,61,0,51
401,4,1,63
401,22,0,76
401,48,1,43
401,14,1,59
401,67,0,71
401,40,0,66
401,13,1,56
401,60,0,63
401,33,0,72
401,15,0,49
401,8,0,69
401,20,0,54
401,7,1,69
401,47,1,74
401,13,0,85
401,9,0,58
401,3,0,75
401,55,0,35
401,53,0,43
401,62,0,64
401,70,0,76
401,22,1,65
401,61,0,74
401,56,0,34
401,50,0,64
401,47,1,52
401,10,0,58
401,68,1,83
401,20,0,67
401,2,1,64
401,41,1,82
401,31,0,67
401,8,0,52
401,25,1,73
401,64,1,44
401,14,0,51
401,22,1,75
401,22,0,42
401,29,1,83
401,71,1,56
401,8,0,61
401,49,0,28
401,71,0,22
401,44,1,71
401,38,1,37
401,11,0,37
401,56,0,60
401,35,0,73
401,0,1,56
401,0,0,52
401,70,0,69
401,58,0,52
401,20,0,46
401,59,0,52
401,41,0,31
401,61,1,65
401,12,0,55
401,10,0,64
401,15,0,86
401,71,0,26
401,21,0,88
402,41,1,14
402,26,1,23
402,46,1,11
402,6,1,10
402,28,1,32
402,34,1,24
402,22,1,11
402,56,1,31
402,22,0,35
402,50,1,41
402,7,1,17
402,53,0,16
402,35,0,24
402,26,0,19
402,1,0,29
402,32,1,31
402,59,1,34
402,15,1,23
402,42,1,27
402,27,1,31
402,21,0,12
402,71,0,18
402,26,0,11
402,21,0,18
402,34,1,26
402,16,1,15
402,49,1,26
402,50,1,12
402,9,0,24
402,2,1,33
402,44,0,26
402,15,0,15
402,51,0,21
402,5,1,26
402,11,1,29
402,5,0,28
402,57,1,39
402,35,1,7
402,18,0,27
402,32,1,29
402,65,1,26
402,44,1,16
402,40,1,32
402,24,1,27
402,2,0,17
402,39,1,12
402,50,0,18
402,29,1,29
402,43,1,41
402,6,0,23
402,19,0,19
402,21,0,24
402,70,1,33
402,64,0,46
402,32,0,23
402,68,0,25
402,14,1,26
402,13,1,31
402,43,1,26
402,65,1,5
402,66,1,24
402,33,0,22
402,62,1,28
402,63,1,30
402,52,0,5
402,4,0,26
402,41,1,20
402,12,1,26
402,67,1,17
402,20,0,25
402,1,1,30
402,19,1,29
403,27,1,40
403,7,0,24
403,66,1,14
403,27,1,23
403,21,0,13
403,24,1,27
403,63,1,27
403,4,0,14
403,48,1,30
403,6,0,32
403,24,1,19
403,41,1,10
403,48,1,39
403,63,0,44
403,8,1,31
403,0,0,20
403,31,1,30
403,61,0,28
403,23,1,27
403,8,1,21
403,19,1,20
403,43,1,14
403,58,0,31
403,41,1,31
403,39,1,25
403,68,1,30
403,15,0,29
403,9,0,22
403,3,1,35
403,46,0,14
403,24,1,27
403,39,1,25
403,38,1,22
403,35,1,29
403,18,0,15
403,9,1,33
403,52,1,26
403,57,1,34
403,22,0,25
403,55,0,28
403,15,1,22
403,57,0,48
403,48,0,31
403,67,1,23
403,40,1,30
403,7,1,9
403,56,0,15
403,41,0,38
403,25,0,28
403,52,1,8
403,38,0,27
403,38,0,47
403,5,1,36
403,30,0,27
403,64,1,37
403,19,1,35
403,44,0,11
403,1,1,33
403,19,1,43
403,3,1,41
403,14,0,5
403,17,0,10
403,32,0,5
403,15,1,25
403,24,1,13
403,23,0,19
403,33,0,25
403,71,1,15
403,36,1,31
403,29,0,31
403,19,0,18
403,17,0,18
404,38,0,47
404,12,1,68
404,44,0,59
404,38,0,27
404,48,0,22
404,8,1,61
404,28,0,26
404,22,0,54
404,39,0,50
404,36,0,43
404,58,1,51
404,2,1,34
404,33,0,27
404,22,1,42
404,2,0,38
404,50,1,23
404,61,0,44
404,34,0,24
404,21,0,38
404,27,1,44
404,27,1,34
404,71,1,32
404,59,1,28
404,2,0,41
404,48,1,35
404,23,1,53
404,62,1,62
404,30,0,29
404,60,0,61
404,67,0,35
404,63,1,49
404,26,1,70
404,47,1,27
404,25,1,28
404,30,0,6
404,26,1,57
404,6,1,35
404,70,1,48
404,8,1,15
404,32,0,39
404,27,1,48
404,63,0,56
404,40,0,74
404,50,0,46
404,43,1,13
404,67,1,26
404,2,0,51
404,57,1,24
404,46,1,53
404,34,0,36
404,49,0,34
404,10,0,42
404,32,0,55
404,50,1,15
404,54,0,28
404,35,1,52
404,26,1,30
404,70,0,38
404,8,0,33
404,71,1,48
404,54,0,46
404,47,0,20
404,5,1,50
404,24,0,47
404,20,1,40
404,12,0,50
404,69,0,40
404,59,1,39
404,58,1,28
404,1,0,37
404,47,1,54
404,68,0,47
405,44,1,17
405,1,1,26
405,56,1,28
405,13,1,27
405,66,1,25
405,24,0,19
405,53,1,25
405,56,1,18
405,61,1,37
405,71,1,21
405,45,1,40
405,26,1,8
405,5,1,34
405,2,1,18
405,12,1,21
405,19,1,25
405,3,1,18
405,24,0,20
405,40,0,31
405,37,1,38
405,54,1,48
405,3,1,22
405,21,1,34
405,8,1,21
405,1,0,47
405,12,0,31
405,23,1,36
405,24,1,34
405,38,0,20
405,38,1,27
405,63,1,35
405,3,1,18
405,67,1,15
405,49,1,32
405,25,1,20
405,31,1,35
405,29,0,18
405,58,0,36
405,67,0,25
405,36,1,38
405,47,1,29
405,37,1,11
405,40,1,28
405,40,1,31
405,2,1,44
405,45,1,17
405,51,1,23
405,12,1,33
405,58,1,30
405,64,1,19
405,20,1,26
405,59,1,39
405,65,1,37
405,7,1,38
405,71,1,36
405,23,1,34
405,34,1,26
405,47,1,16
405,40,1,15
405,51,0,35
405,35,0,20
405,54,1,36
405,58,1,22
405,13,0,27
405,46,1,25
405,67,1,33
405,28,1,31
405,26,1,21
405,21,1,26
405,41,1,25
405,39,1,17
405,63,1,30
406,17,0,27
406,57,1,32
406,22,0,48
406,5,0,42
406,62,1,29
406,23,0,77
406,32,1,53
406,43,0,45
406,4,0,53
406,23,1,32
406,36,1,28
406,67,0,42
406,60,0,44
406,9,0,61
406,19,1,38
406,45,0,57
406,55,0,36
406,64,0,44
406,66,1,30
406,64,1,38
406,17,1,47
406,8,0,24
406,40,0,53
406,52,0,32
406,47,1,23
406,69,0,33
406,49,1,51
406,32,0,62
406,46,1,49
406,38,0,29
406,57,1,25
406,20,1,30
406,22,0,45
406,54,0,21
406,60,0,57
406,34,0,44
406,38,1,54
406,20,0,39
406,42,1,85
406,35,1,55
406,55,0,52
406,49,1,43
406,28,0,33
406,16,1,46
406,4,1,38
406,60,1,46
406,0,0,48
406,20,1,35
406,37,0,46
406,18,1,74
406,25,1,36
406,28,1,55
406,41,0,65
406,23,1,56
406,24,0,47
406,30,0,60
406,3,1,64
406,58,0,52
406,54,0,45
406,14,1,64
406,49,0,42
406,49,1,42
406,64,1,36
406,3,1,37
406,0,1,53
406,13,0,32
406,44,0,44
406,0,0,55
406,13,1,41
406,28,1,49
406,20,0,61
406,60,0,72
407,15,1,21
407,21,1,31
407,64,0,19
407,41,0,19
407,9,0,23
407,14,0,52
407,51,1,21
407,69,1,38
407,20,1,48
407,0,1,25
407,52,0,16
407,1,0,15
407,46,0,34
407,27,0,40
407,51,0,28
407,39,1,26
407,6,0,15
407,52,0,27
407,38,1,43
407,13,0,37
407,52,0,36
407,27,1,31
407,14,1,32
407,31,1,23
407,6,1,31
407,22,1,34
407,65,1,47
407,31,1,54
407,12,0,46
407,67,1,8
407,2,0,30
407,31,1,14
407,62,1,32
407,54,0,24
407,65,1,35
407,54,0,29
407,65,0,28
407,50,1,39
407,21,1,25
407,39,1,36
407,10,0,25
407,39,1,20
407,60,0,44
407,10,0,21
407,57,1,16
407,33,1,22
407,60,1,48
407,68,1,30
407,51,1,15
407,42,1,31
407,0,0,41
407,34,1,27
407,21,0,17
407,55,0,27
407,10,0,16
407,39,1,33
407,27,1,36
407,26,1,34
407,4,1,32
407,47,1,17
407,48,1,20
407,68,0,49
407,27,1,17
407,40,0,17
407,59,1,14
407,27,0,36
407,7,0,32
407,49,1,22
407,15,1,50
407,41,1,33
407,65,1,24
407,0,0,51
408,63,1,35
408,5,0,36
408,45,1,53
408,58,0,15
408,52,0,27
408,60,0,39
408,66,0,42
408,70,0,41
408,58,0,26
408,0,0,35
408,10,0,59
408,15,1,24
408,1,0,38
408,20,1,66
408,37,1,43
408,67,0,28
408,30,1,27
408,12,0,43
408,64,0,32
408,62,0,11
408,26,0,29
408,30,0,38
408,13,0,46
408,40,0,39
408,71,0,43
408,2,1,32
408,22,0,26
408,45,1,53
408,4,1,44
408,1,0,50
408,40,0,43
408,48,0,40
408,8,1,42
408,53,0,31
408,19,1,32
408,62,1,44
408,21,1,39
408,26,1,41
408,71,0,32
408,40,0,34
408,68,0,50
408,32,0,46
408,63,0,27
408,12,0,24
408,59,0,5
408,9,0,55
408,38,0,39
408,50,1,28
408,25,1,73
408,22,1,19
408,33,0,72
408,56,0,45
408,32,0,32
408,54,0,23
408,53,0,47
408,68,0,18
408,71,1,50
408,61,0,23
408,9,0,39
408,24,0,43
408,71,1,60
408,0,0,27
408,20,0,31
408,58,0,54
408,71,1,40
408,44,1,27
408,33,0,39
408,11,1,29
408,55,0,63
408,55,1,47
408,19,0,29
408,7,1,64
409,18,1,14
409,70,0,49
409,1,1,24
409,68,1,29
409,34,0,38
409,54,1,33
409,9,1,35
409,40,0,32
409,5,1,32
409,46,1,22
409,30,1,32
409,25,1,29
409,38,1,43
409,13,0,33
409,44,1,21
409,40,0,46
409,43,1,27
409,40,0,38
409,45,1,45
409,68,1,5
409,30,0,34
409,17,1,32
409,45,0,40
409,39,1,32
409,1,1,18
409,18,0,44
409,9,0,25
409,54,1,24
409,60,1,30
409,9,0,29
409,33,1,47
409,24,0,45
409,56,1,59
409,49,1,23
409,8,1,31
409,55,1,21
409,51,1,30
409,59,1,30
409,28,1,31
409,24,1,22
409,52,1,18
409,47,1,17
409,51,1,19
409,51,1,45
409,34,1,57
409,48,1,20
409,47,1,46
409,0,1,36
409,47,1,19
409,27,1,33
409,54,1,20
409,9,1,34
409,70,1,21
409,33,0,18
409,10,1,38
409,66,1,22
409,59,1,36
409,25,1,19
409,70,0,38
409,1,1,41
409,59,1,27
409,62,1,29
409,28,0,21
409,57,1,26
409,70,1,52
409,62,0,17
409,51,1,45
409,22,1,25
409,40,0,24
409,1,1,34
409,6,1,40
409,43,1,15
410,24,0,25
410,65,1,22
410,48,0,23
410,22,1,44
410,62,0,37
410,48,1,30
410,69,1,36
410,58,0,36
410,13,0,34
410,27,0,28
410,23,1,25
410,55,1,5
410,7,0,27
410,39,1,18
410,54,0,39
410,30,1,43
410,19,1,33
410,6,0,16
410,41,0,32
410,61,1,44
410,42,0,6
410,15,0,13
410,4,1,36
410,21,1,38
410,25,1,34
410,39,0,24
410,38,0,28
410,60,1,12
410,24,0,15
410,36,1,24
410,37,0,45
410,10,1,26
410,5,0,41
410,20,0,30
410,43,1,20
410,36,1,32
410,26,1,29
410,22,1,27
410,9,0,39
410,23,0,36
410,57,0,17
410,5,1,28
410,62,0,37
410,66,1,40
410,11,1,42
410,13,1,33
410,23,1,41
410,44,0,23
410,7,1,31
410,43,0,39
410,10,0,20
410,14,1,31
410,42,1,26
410,5,1,48
410,35,1,36
410,29,1,38
410,7,1,41
410,66,0,24
410,18,1,30
410,24,0,45
410,32,1,22
410,10,0,30
410,43,1,58
410,39,1,40
410,20,1,39
410,31,1,22
410,41,0,21
410,45,1,27
410,0,0,10
410,0,1,27
410,59,1,17
410,17,1,37
411,24,0,56
411,20,1,49
411,54,0,25
411,67,0,48
411,39,1,30
411,50,0,64
411,70,0,36
411,29,0,31
411,53,0,29
411,44,1,19
411,34,0,25
411,7,0,32
411,62,1,50
411,51,0,38
411,11,1,67
411,60,1,45
411,52,0,69
411,67,1,84
411,36,1,33
411,47,1,42
411,70,1,39
411,18,1,56
411,40,1,33
411,52,0,47
411,5,1,49
411,51,0,48
411,64,1,44
411,25,1,76
411,56,1,34
411,38,1,40
411,11,0,43
411,22,1,44
411,26,1,52
411,28,1,32
411,18,0,38
411,39,1,31
411,71,1,51
411,66,1,48
411,21,1,42
411,34,1,31
411,46,1,13
411,45,1,65
411,51,1,33
411,35,0,32
411,71,0,18
411,35,1,58
411,59,1,36
411,35,1,27
411,28,1,46
411,12,1,59
411,44,1,60
411,70,1,31
411,67,0,5
411,51,1,34
411,49,1,79
411,35,1,56
411,61,0,39
411,15,1,29
411,40,0,31
411,0,0,28
411,21,1,16
411,48,1,39
411,44,1,64
411,34,0,23
411,43,1,48
411,70,1,49
411,56,1,38
411,25,0,29
411,27,1,44
411,57,1,47
411,60,1,27
411,28,1,21
412,47,1,37
412,9,0,39
412,25,1,31
412,49,0,37
412,42,0,24
412,1,1,15
412,7,1,34
412,60,0,41
412,9,0,36
412,62,1,7
412,52,0,32
412,13,0,41
412,40,0,24
412,2,0,42
412,15,0,45
412,17,0,21
412,51,0,8
412,42,0,32
412,22,1,35
412,39,1,19
412,42,1,29
412,2,0,11
412,29,1,38
412,45,0,40
412,41,1,35
412,59,1,39
412,10,1,35
412,37,1,28
412,30,1,30
412,23,0,23
412,13,1,23
412,34,1,20
412,31,1,25
412,69,1,34
412,54,0,27
412,62,0,28
412,43,1,38
412,8,1,17
412,51,1,19
412,27,1,18
412,44,1,43
412,8,1,20
412,62,0,48
412,65,0,24
412,19,1,32
412,48,1,13
412,20,0,29
412,68,1,30
412,21,1,26
412,15,0,51
412,2,0,11
412,0,1,28
412,24,1,25
412,40,0,27
412,41,1,39
412,51,1,10
412,59,1,16
412,60,0,11
412,33,1,22
412,35,1,5
412,43,1,43
412,59,1,23
412,24,1,26
412,42,0,27
412,43,1,26
412,24,1,33
412,54,1,34
412,39,1,5
412,23,0,15
412,50,0,29
412,58,1,42
412,28,1,21
413,14,1,30
413,4,1,32
413,60,1,62
413,46,1,56
413,59,0,38
413,55,1,33
413,70,1,68
413,35,0,67
413,40,0,38
413,10,0,37
413,0,0,34
413,40,0,71
413,48,1,62
413,64,1,36
413,23,0,70
413,9,0,66
413,32,0,39
413,53,0,63
413,41,0,27
413,27,1,34
413,1,1,62
413,68,1,69
413,5,0,26
413,56,0,33
413,66,1,73
413,29,0,40
413,64,1,20
413,65,1,49
413,61,0,48
413,64,1,39
413,18,0,41
413,55,0,56
413,59,0,48
413,55,0,41
413,35,0,44
413,42,0,23
413,32,1,22
413,30,1,37
413,27,1,39
413,65,1,46
413,54,0,35
413,43,1,10
413,53,0,60
413,5,0,87
413,35,0,43
413,56,0,52
413,32,0,37
413,45,1,46
413,10,1,30
413,42,1,81
413,70,0,47
413,19,1,35
413,53,0,45
413,40,0,40
413,44,1,54
413,6,1,43
413,56,1,57
413,69,0,48
413,11,0,36
413,58,0,16
413,41,0,45
413,4,1,67
413,46,1,39
413,34,0,53
413,16,0,46
413,0,1,67
413,38,0,28
413,68,0,34
413,66,0,59
413,29,0,17
413,21,1,44
413,68,1,70
414,42,1,22
414,15,0,33
414,12,1,23
414,12,1,17
414,9,0,42
414,4,1,37
414,20,0,30
414,19,1,37
414,55,1,29
414,66,0,38
414,68,0,37
414,1,0,15
414,2,0,28
414,39,1,17
414,57,1,26
414,25,1,36
414,58,1,36
414,13,0,34
414,55,1,35
414,67,1,26
414,37,1,34
414,47,1,14
414,53,0,34
414,50,1,19
414,33,0,5
414,41,1,38
414,49,0,20
414,37,1,15
414,4,1,36
414,37,1,18
414,69,1,32
414,47,1,21
414,40,0,34
414,53,0,43
414,18,1,29
414,55,1,13
414,69,1,12
414,62,1,29
414,42,0,33
414,33,0,25
414,32,1,37
414,64,1,36
414,57,1,20
414,54,0,40
414,10,1,24
414,35,1,18
414,38,0,35
414,45,1,29
414,43,0,45
414,16,0,19
414,20,0,34
414,25,1,23
414,8,1,40
414,31,1,21
414,9,0,39
414,64,1,46
414,59,1,27
414,8,0,43
414,49,1,26
414,65,1,34
414,66,0,30
414,70,0,17
414,51,1,30
414,14,0,33
414,34,1,38
414,42,0,12
414,63,0,37
414,4,1,18
414,43,0,27
414,54,0,11
414,10,0,28
414,48,1,24
415,36,1,30
415,14,1,56
415,65,0,25
415,69,1,44
415,27,1,32
415,19,0,35
415,24,0,31
415,58,0,29
415,54,0,28
415,32,0,50
415,61,1,36
415,57,1,29
415,32,0,33
415,62,1,60
415,54,0,50
415,30,1,32
415,66,1,54
415,13,0,38
415,25,1,12
415,46,0,38
415,60,0,57
415,38,0,52
415,68,0,25
415,25,1,52
415,70,1,26
415,66,1,60
415,14,0,35
415,10,0,43
415,43,1,46
415,18,0,70
415,5,1,44
415,37,0,34
415,30,0,36
415,42,0,61
415,43,0,60
415,70,0,48
415,49,0,57
415,1,0,40
415,17,0,46
415,36,0,52
415,27,1,36
415,45,0,36
415,69,0,48
415,62,0,43
415,55,1,30
415,37,1,83
415,39,1,50
415,35,1,37
415,14,0,31
415,24,0,48
415,69,0,66
415,56,1,54
415,70,0,29
415,62,0,49
415,24,1,37
415,19,0,54
415,63,0,25
415,65,1,42
415,33,1,23
415,40,1,38
415,46,1,22
415,13,0,67
415,25,0,49
415,11,1,35
415,43,0,30
415,47,0,59
415,64,1,46
415,22,1,56
415,34,0,76
415,59,0,30
415,53,0,49
415,14,1,42
416,35,1,55
416,37,0,97
416,11,0,23
416,9,1,50
416,38,1,52
416,32,0,64
416,54,0,91
416,49,0,67
416,16,0,35
416,13,1,87
416,51,0,65
416,56,0,59
416,13,0,34
416,46,0,49
416,9,0,42
416,62,0,48
416,53,0,39
416,1,0,55
416,14,0,71
416,4,0,38
416,46,0,46
416,12,0,63
416,50,0,67
416,63,0,80
416,11,0,77
416,53,0,25
416,42,0,55
416,37,0,46
416,51,0,54
416,69,0,46
416,54,0,35
416,35,0,53
416,27,1,75
416,17,0,104
416,67,0,58
416,27,0,12
416,17,0,110
416,13,0,28
416,47,0,70
416,67,0,84
416,47,0,96
416,0,0,95
416,50,0,74
416,36,0,5
416,45,1,69
416,29,1,47
416,40,0,69
416,17,1,68
416,31,0,68
416,16,0,66
416,49,0,25
416,42,0,63
416,14,0,37
416,45,1,70
416,17,1,37
416,31,0,63
416,3,0,41
416,36,1,93
416,5,0,36
416,30,0,69
416,32,0,73
416,4,0,93
416,51,0,75
416,28,0,78
416,7,0,69
416,42,0,84
416,6,0,76
416,71,0,63
416,41,0,38
416,44,0,122
416,39,1,46
416,39,1,46
417,3,0,65
417,20,1,50
417,48,0,80
417,53,0,41
417,2,1,67
417,70,0,48
417,1,0,72
417,12,0,68
417,20,0,67
417,68,0,57
417,7,1,27
417,33,0,53
417,54,0,75
417,32,0,56
417,39,1,42
417,51,0,52
417,36,0,49
417,50,0,71
417,8,1,58
417,21,0,80
417,53,1,67
417,35,0,63
417,69,0,53
417,34,0,49
417,20,1,37
417,5,0,87
417,36,0,88
417,60,0,89
417,33,0,57
417,59,1,72
417,66,0,64
417,31,0,60
417,65,0,98
417,13,0,68
417,66,0,90
417,48,0,69
417,54,1,62
417,47,0,52
417,21,1,80
417,38,0,74
417,6,0,51
417,69,1,60
417,61,1,65
417,46,1,82
417,1,1,60
417,7,1,49
417,57,1,65
417,31,0,85
417,14,1,27
417,64,0,45
417,17,0,53
417,1,0,43
417,57,1,59
417,25,0,91
417,59,1,47
417,54,0,69
417,33,0,69
417,53,0,46
417,39,1,77
417,54,0,82
417,28,0,59
417,33,1,80
417,3,0,71
417,13,0,44
417,55,0,54
417,64,0,66
417,58,0,80
417,18,0,50
417,33,1,57
417,8,0,60
417,46,0,60
417,34,1,82
418,19,1,33
418,47,1,37
418,24,0,30
418,39,1,24
418,34,1,32
418,32,1,21
418,70,1,33
418,36,1,35
418,8,1,42
418,62,1,24
418,60,0,28
418,26,1,31
418,35,1,18
418,25,1,30
418,60,1,45
418,4,1,35
418,39,1,19
418,10,0,32
418,1,1,29
418,11,1,33
418,30,1,30
418,70,1,28
418,1,1,33
418,40,1,24
418,35,1,34
418,65,1,34
418,68,1,33
418,59,1,37
418,69,0,21
418,28,1,38
418,42,1,28
418,56,1,8
418,41,1,19
418,71,1,37
418,27,1,27
418,26,1,20
418,68,1,29
418,56,1,46
418,65,1,23
418,11,1,26
418,56,0,37
418,62,1,49
418,52,1,14
418,41,1,27
418,68,1,8
418,64,1,25
418,57,1,18
418,16,1,40
418,67,0,22
418,70,1,9
418,0,1,30
418,30,1,28
418,24,0,41
418,9,0,33
418,49,1,11
418,49,1,55
418,71,1,34
418,14,1,47
418,44,1,34
418,29,1,36
418,36,1,31
418,8,1,22
418,9,1,36
418,24,1,19
418,52,1,19
418,16,1,20
418,26,1,45
418,50,1,26
418,12,1,23
418,66,1,20
418,34,1,28
418,71,1,11
419,44,1,14
419,3,1,29
419,16,1,31
419,61,1,28
419,47,1,23
419,12,0,29
419,34,1,44
419,52,1,33
419,26,1,43
419,71,1,35
419,51,0,40
419,3,1,43
419,45,1,35
419,32,1,53
419,61,1,21
419,29,1,25
419,55,1,29
419,47,1,32
419,40,1,28
419,3,1,41
419,20,1,23
419,55,1,23
419,54,0,36
419,51,0,39
419,65,1,13
419,60,1,43
419,28,1,44
419,23,1,21
419,15,1,32
419,66,1,28
419,13,0,28
419,47,1,31
419,10,1,31
419,16,1,22
419,54,0,30
419,5,1,39
419,15,1,20
419,53,1,33
419,42,0,20
419,50,1,32
419,28,1,39
419,48,1,12
419,6,1,36
419,24,1,22
419,31,0,46
419,60,0,22
419,54,1,35
419,61,1,30
419,1,0,27
419,27,1,33
419,33,1,28
419,61,1,44
419,64,0,27
419,53,1,41
419,18,1,36
419,65,1,13
419,19,1,17
419,8,1,14
419,2,0,28
419,66,1,24
419,38,1,6
419,56,1,40
419,5,1,25
419,70,1,57
419,55,0,22
419,59,1,31
419,54,0,25
419,54,1,23
419,58,1,51
419,42,0,37
419,13,0,21
419,47,1,35
420,70,0,35
420,10,1,5
420,49,0,22
420,25,1,19
420,71,1,23
420,32,1,19
420,57,1,11
420,58,1,37
420,5,1,24
420,5,0,19
420,26,1,30
420,61,0,29
420,38,0,20
420,26,0,22
420,54,0,26
420,51,0,36
420,6,0,32
420,35,1,23
420,8,1,18
420,29,1,30
420,12,0,18
420,19,1,31
420,17,1,28
420,45,1,15
420,21,1,21
420,8,0,37
420,0,0,19
420,53,1,25
420,10,0,26
420,57,0,21
420,66,0,35
420,57,0,27
420,46,0,13
420,45,1,18
420,54,0,25
420,13,1,28
420,17,0,7
420,21,0,31
420,11,1,37
420,7,0,36
420,14,1,5
420,2,1,38
420,51,1,31
420,53,1,19
420,30,1,20
420,29,0,57
420,63,1,17
420,30,0,37
420,65,0,18
420,36,1,39
420,11,0,29
420,41,1,38
420,37,1,20
420,50,0,17
420,54,0,19
420,4,0,22
420,66,1,34
420,54,1,11
420,26,1,25
420,15,1,32
420,39,1,23
420,46,0,39
420,60,0,34
420,46,0,12
420,1,1,38
420,46,1,25
420,26,1,14
420,53,1,31
420,16,0,32
420,64,0,28
420,40,0,35
420,58,0,5
421,5,1,10
421,35,1,26
421,42,0,15
421,20,1,52
421,66,1,16
421,13,0,21
421,62,1,34
421,27,1,47
421,52,0,37
421,12,1,27
421,56,1,35
421,68,1,18
421,49,1,35
421,34,1,22
421,67,1,31
421,44,1,23
421,10,1,8
421,42,0,34
421,16,0,12
421,56,1,20
421,42,1,25
421,9,0,35
421,28,0,24
421,69,0,48
421,7,1,28
421,51,1,35
421,29,1,44
421,68,0,38
421,35,1,27
421,3,1,20
421,63,1,38
421,70,0,31
421,15,0,19
421,30,0,11
421,12,1,19
421,0,1,23
421,17,0,32
421,45,0,36
421,20,0,42
421,23,1,33
421,61,0,38
421,10,0,21
421,33,0,27
421,35,0,36
421,41,1,19
421,54,0,32
421,61,1,35
421,68,1,40
421,1,1,26
421,6,1,30
421,18,1,7
421,53,1,25
421,33,1,49
421,37,1,12
421,55,1,37
421,44,1,32
421,44,0,25
421,6,1,31
421,27,1,35
421,53,0,31
421,39,1,30
421,14,1,32
421,47,0,42
421,43,1,25
421,53,1,24
421,12,1,45
421,61,0,36
421,55,1,37
421,61,0,28
421,22,1,36
421,42,0,40
421,43,1,29
422,0,0,33
422,12,1,49
422,13,0,31
422,8,1,57
422,27,1,68
422,60,0,50
422,66,1,20
422,30,1,70
422,17,1,47
422,47,1,43
422,6,0,41
422,40,0,65
422,40,1,46
422,18,1,5
422,2,1,30
422,59,1,34
422,52,0,42
422,44,1,49
422,59,1,49
422,1,0,25
422,5,1,21
422,13,0,49
422,48,0,54
422,52,1,47
422,38,1,40
422,7,0,65
422,38,0,42
422,15,0,53
422,62,1,54
422,57,0,35
422,2,0,41
422,9,0,53
422,40,0,12
422,71,0,46
422,17,1,37
422,3,1,29
422,67,0,60
422,64,0,37
422,53,0,42
422,45,1,25
422,48,1,33
422,56,0,43
422,69,0,52
422,16,1,40
422,3,0,67
422,54,0,47
422,29,0,68
422,15,0,28
422,8,1,29
422,9,0,53
422,47,0,40
422,9,0,25
422,71,1,49
422,51,1,44
422,65,0,41
422,66,0,46
422,29,1,18
422,67,0,53
422,42,0,38
422,4,1,55
422,20,1,67
422,68,1,60
422,31,0,49
422,44,1,31
422,10,0,39
422,26,1,16
422,44,1,63
422,36,0,58
422,26,1,31
422,37,1,58
422,48,0,32
422,41,1,43
423,50,0,32
423,43,1,26
423,68,1,40
423,38,0,14
423,39,1,28
423,17,1,47
423,52,0,54
423,9,1,21
423,55,1,33
423,65,1,31
423,71,1,22
423,43,1,28
423,44,0,36
423,26,1,32
423,4,1,23
423,44,0,20
423,21,1,26
423,47,0,26
423,18,0,7
423,23,1,28
423,7,1,22
423,71,1,29
423,24,0,13
423,13,0,34
423,55,1,28
423,30,1,32
423,6,1,6
423,26,1,31
423,44,1,44
423,6,1,34
423,12,1,34
423,16,0,41
423,9,0,17
423,70,1,30
423,65,1,26
423,12,1,35
423,2,1,18
423,20,1,13
423,41,0,35
423,68,0,18
423,48,1,32
423,50,0,19
423,35,1,41
423,33,1,33
423,21,1,8
423,32,1,34
423,10,0,38
423,63,0,31
423,6,1,36
423,20,1,17
423,23,0,31
423,50,1,31
423,28,1,30
423,22,1,37
423,64,1,37
423,18,1,18
423,47,1,25
423,49,0,28
423,29,1,39
423,44,1,23
423,19,1,30
423,26,1,5
423,5,1,30
423,42,0,41
423,48,0,33
423,2,0,34
423,52,1,57
423,19,1,28
423,43,1,31
423,28,1,9
423,38,0,26
423,57,1,18
424,30,1,44
424,8,0,28
424,69,1,35
424,44,0,39
424,17,1,57
424,67,1,35
424,65,1,15
424,30,0,41
424,19,0,44
424,33,1,42
424,30,1,5
424,25,1,32
424,56,1,39
424,60,1,44
424,38,0,52
424,29,0,46
424,34,0,40
424,6,0,54
424,14,0,68
424,42,1,37
424,37,1,34
424,64,1,47
424,26,0,11
424,66,1,26
424,62,1,64
424,31,0,37
424,28,1,43
424,22,1,58
424,22,0,54
424,20,0,53
424,12,0,48
424,23,1,73
424,12,1,31
424,53,1,47
424,16,1,37
424,41,0,52
424,54,0,19
424,19,1,35
424,51,1,25
424,42,0,43
424,55,1,40
424,64,1,41
424,71,0,41
424,54,0,43
424,26,1,52
424,0,1,52
424,31,1,51
424,43,1,33
424,29,1,32
424,26,1,39
424,10,0,47
424,6,1,40
424,63,1,36
424,12,0,11
424,1,1,34
424,60,0,23
424,37,1,20
424,25,1,39
424,69,1,49
424,34,1,37
424,69,0,37
424,34,1,54
424,4,0,24
424,59,1,26
424,16,0,39
424,34,1,48
424,31,0,42
424,1,1,13
424,55,1,30
424,57,1,36
424,50,1,33
424,43,0,29
425,50,1,47
425,40,0,16
425,63,1,49
425,52,0,58
425,69,0,34
425,34,0,35
425,31,1,54
425,46,0,40
425,16,0,36
425,9,0,60
425,4,0,28
425,31,1,83
425,13,0,42
425,14,1,51
425,46,0,18
425,9,0,40
425,14,1,61
425,47,0,42
425,17,0,61
425,4,1,55
425,25,1,57
425,37,0,80
425,11,1,35
425,66,0,34
425,69,0,39
425,16,1,24
425,64,0,40
425,71,1,45
425,14,0,63
425,24,0,46
425,66,1,48
425,16,1,56
425,24,0,43
425,69,0,36
425,48,1,48
425,52,0,55
425,66,1,21
425,26,1,11
425,0,0,31
425,68,1,35
425,13,0,55
425,40,0,19
425,6,1,64
425,18,0,61
425,46,1,24
425,43,1,43
425,63,1,43
425,23,1,49
425,63,1,48
425,65,0,24
425,57,1,35
425,13,0,39
425,61,1,41
425,64,1,47
425,43,1,73
425,39,1,47
425,22,1,45
425,33,0,53
425,45,1,22
425,26,1,56
425,16,0,22
425,65,0,41
425,11,1,31
425,30,0,73
425,48,0,16
425,6,1,62
425,32,0,62
425,22,0,51
425,6,0,61
425,13,0,28
425,50,1,41
425,10,0,39
426,37,1,34
426,16,1,27
426,54,1,28
426,3,0,32
426,69,0,16
426,65,1,22
426,19,1,20
426,39,1,47
426,41,1,28
426,23,0,13
426,21,1,23
426,60,1,10
426,53,1,30
426,68,1,17
426,2,0,19
426,55,0,38
426,62,1,29
426,38,0,30
426,24,1,48
426,54,0,45
426,60,0,23
426,13,0,21
426,22,1,22
426,66,1,36
426,69,0,23
426,9,0,20
426,50,0,36
426,4,0,30
426,8,1,15
426,7,0,31
426,8,1,23
426,64,1,7
426,38,0,33
426,7,0,14
426,22,1,35
426,2,0,49
426,44,1,15
426,10,0,22
426,44,0,42
426,58,1,26
426,39,0,17
426,55,0,14
426,46,1,12
426,62,1,35
426,4,0,25
426,13,1,12
426,69,1,42
426,29,1,37
426,51,1,33
426,49,0,5
426,19,0,23
426,29,1,34
426,50,1,13
426,32,1,25
426,2,0,21
426,31,1,20
426,25,0,35
426,11,0,25
426,48,0,16
426,20,1,48
426,0,0,22
426,66,1,11
426,59,1,16
426,26,0,38
426,30,1,15
426,46,0,6
426,66,0,18
426,35,0,15
426,58,1,43
426,52,1,36
426,29,1,19
426,20,1,32
427,67,0,49
427,30,0,73
427,10,1,23
427,65,1,35
427,71,0,34
427,36,1,52
427,0,1,50
427,7,0,65
427,8,0,17
427,23,0,53
427,38,0,69
427,57,1,75
427,45,0,44
427,3,0,51
427,16,0,57
427,62,1,27
427,36,1,59
427,58,0,39
427,5,0,24
427,27,1,52
427,51,0,47
427,35,0,58
427,62,0,36
427,39,1,28
427,62,0,57
427,26,1,62
427,58,0,61
427,56,0,32
427,42,1,44
427,58,0,69
427,17,1,67
427,51,0,47
427,27,0,53
427,31,0,76
427,55,1,52
427,10,1,44
427,40,0,30
427,2,0,45
427,45,0,67
427,20,0,61
427,13,0,37
427,32,0,34
427,67,0,30
427,57,0,48
427,15,0,33
427,46,0,41
427,59,1,39
427,45,0,38
427,34,0,37
427,7,1,34
427,20,0,83
427,51,0,19
427,24,1,58
427,61,0,31
427,34,1,56
427,50,1,68
427,2,0,41
427,13,1,24
427,63,0,66
427,40,0,57
427,19,1,29
427,0,0,29
427,50,0,41
427,64,0,46
427,64,0,52
427,18,0,57
427,21,0,56
427,43,1,48
427,10,0,41
427,15,0,56
427,32,0,57
427,0,0,56
428,3,1,53
428,49,1,21
428,10,1,23
428,39,1,38
428,50,1,27
428,0,0,29
428,43,1,5
428,17,0,56
428,9,0,26
428,59,1,13
428,63,1,31
428,30,1,40
428,1,1,20
428,32,1,21
428,2,1,46
428,17,1,33
428,14,1,20
428,30,1,22
428,17,1,29
428,68,0,26
428,35,1,16
428,45,1,31
428,30,1,24
428,42,0,39
428,46,1,35
428,41,0,13
428,51,1,22
428,11,0,28
428,40,1,23
428,23,1,48
428,68,1,53
428,49,1,30
428,48,1,36
428,59,0,42
428,30,1,29
428,52,1,48
428,13,0,31
428,58,1,46
428,49,1,32
428,17,0,42
428,18,1,43
428,60,1,30
428,38,1,19
428,33,1,42
428,48,1,31
428,36,1,44
428,69,1,17
428,8,1,30
428,68,1,38
428,70,0,29
428,22,1,21
428,55,1,38
428,42,1,37
428,40,0,16
428,4,1,38
428,24,0,26
428,49,1,47
428,31,1,31
428,12,1,36
428,63,1,25
428,12,1,31
428,49,1,40
428,13,0,33
428,14,1,38
428,15,0,18
428,11,1,36
428,27,1,16
428,4,1,30
428,8,1,27
428,35,1,34
428,42,1,42
428,31,1,5
429,6,1,52
429,11,0,38
429,34,1,31
429,33,1,46
429,29,0,34
429,67,0,46
429,46,1,22
429,21,1,65
429,0,0,49
429,9,1,49
429,32,0,31
429,42,0,21
429,65,1,59
429,8,0,36
429,40,0,48
429,35,1,30
429,48,0,42
429,36,0,44
429,47,1,33
429,55,1,60
429,58,1,45
429,43,0,36
429,2,1,40
429,33,0,44
429,34,1,43
429,23,1,57
429,63,1,42
429,26,0,54
429,17,0,55
429,8,0,34
429,52,1,49
429,2,0,30
429,32,1,23
429,32,1,36
429,7,1,71
429,58,1,60
429,9,0,52
429,68,1,60
429,30,1,28
429,17,0,28
429,21,0,46
429,38,1,49
429,59,1,56
429,63,0,44
429,34,0,29
429,1,1,31
429,22,1,30
429,11,0,37
429,39,1,56
429,49,1,28
429,69,1,59
429,4,1,46
429,38,0,58
429,29,0,46
429,47,1,5
429,29,0,18
429,36,1,28
429,43,1,5
429,45,1,56
429,28,1,36
429,24,0,56
429,68,0,26
429,61,1,58
429,27,1,47
429,0,1,9
429,27,1,39
429,32,0,24
429,46,1,48
429,21,1,35
429,52,1,47
429,5,1,41
429,38,0,50
430,55,1,40
430,44,0,30
430,44,1,31
430,2,1,5
430,56,1,19
430,66,1,23
430,67,0,5
430,36,1,40
430,18,1,24
430,47,1,16
430,20,1,17
430,40,0,42
430,36,1,17
430,68,1,30
430,55,1,44
430,13,0,30
430,53,1,16
430,67,0,34
430,0,1,32
430,45,1,34
430,38,1,36
430,59,1,36
430,49,1,35
430,26,1,37
430,20,1,34
430,66,1,24
430,50,0,23
430,62,1,34
430,20,0,25
430,42,1,31
430,49,0,27
430,63,1,26
430,26,1,28
430,31,1,41
430,32,1,42
430,32,1,9
430,51,1,40
430,36,1,49
430,42,0,28
430,44,0,36
430,48,1,26
430,14,1,24
430,30,1,47
430,65,1,29
430,12,1,39
430,16,0,26
430,2,0,23
430,6,1,26
430,60,0,46
430,44,1,37
430,0,1,33
430,48,0,44
430,39,1,37
430,29,1,25
430,55,1,12
430,23,0,37
430,58,1,27
430,55,1,32
430,35,1,22
430,18,1,38
430,63,1,55
430,17,0,19
430,26,1,33
430,35,1,30
430,35,1,31
430,40,0,28
430,44,1,38
430,64,1,19
430,0,1,38
430,16,1,32
430,18,1,39
430,62,1,33
431,69,1,41
431,18,1,42
431,71,1,64
431,49,0,25
431,46,0,38
431,44,1,42
431,37,0,32
431,51,1,51
431,38,0,24
431,3,0,57
431,45,1,52
431,71,1,28
431,49,0,78
431,9,0,57
431,54,0,59
431,30,1,55
431,7,1,31
431,64,0,38
431,50,0,40
431,15,1,44
431,49,1,66
431,0,0,26
431,27,1,54
431,26,0,20
431,63,1,50
431,0,0,58
431,60,1,51
431,2,0,36
431,44,1,30
431,60,0,66
431,6,1,33
431,2,0,39
431,22,1,23
431,56,0,56
431,39,1,71
431,56,1,50
431,59,1,30
431,12,0,46
431,51,0,63
431,49,0,21
431,67,0,39
431,42,0,60
431,37,0,58
431,25,1,64
431,54,0,57
431,7,1,69
431,16,1,51
431,21,0,45
431,48,0,43
431,44,0,40
431,38,1,29
431,58,0,65
431,71,0,44
431,60,0,37
431,52,0,51
431,6,1,39
431,22,1,51
431,15,0,21
431,10,0,28
431,52,0,33
431,18,0,43
431,36,0,47
431,33,0,55
431,3,0,39
431,10,0,38
431,15,0,58
431,43,1,45
431,42,1,48
431,50,1,38
431,32,1,25
431,34,1,61
431,40,0,44
432,18,1,28
432,25,1,19
432,32,0,42
432,49,0,52
432,14,1,44
432,27,0,63
432,24,0,36
432,56,0,47
432,12,0,57
432,55,0,45
432,67,1,27
432,2,0,13
432,54,0,19
432,19,1,21
432,57,0,66
432,0,0,49
432,37,0,57
432,20,0,46
432,7,0,51
432,15,0,42
432,13,0,24
432,38,0,34
432,7,1,22
432,30,0,46
432,32,0,33
432,23,1,42
432,2,0,29
432,48,0,59
432,47,1,49
432,55,1,65
432,46,0,41
432,43,0,56
432,45,1,22
432,51,1,43
432,55,1,38
432,32,1,40
432,10,0,37
432,19,0,40
432,65,0,47
432,17,0,70
432,69,1,54
432,61,0,76
432,69,0,54
432,54,1,71
432,39,0,33
432,54,1,70
432,48,0,33
432,55,1,26
432,2,0,54
432,29,0,36
432,3,0,49
432,23,1,46
432,68,1,22
432,11,1,58
432,16,0,30
432,45,1,52
432,55,0,46
432,8,0,60
432,3,1,51
432,21,1,59
432,11,0,41
432,27,1,22
432,21,0,35
432,69,0,50
432,33,0,27
432,9,1,35
432,51,1,51
432,71,1,19
432,34,1,32
432,33,0,49
432,32,0,52
432,47,1,29
433,8,0,42
433,48,0,36
433,42,0,36
433,71,1,39
433,10,0,31
433,9,0,29
433,52,0,56
433,47,1,45
433,41,0,51
433,37,0,23
433,70,1,45
433,39,0,66
433,26,1,52
433,18,1,59
433,42,0,40
433,24,0,28
433,25,0,41
433,48,0,60
433,16,0,50
433,68,0,67
433,7,0,43
433,69,1,45
433,26,0,34
433,15,0,36
433,3,0,34
433,38,1,58
433,43,1,49
433,52,0,36
433,2,0,50
433,65,1,41
433,66,0,55
433,24,0,39
433,12,0,53
433,66,1,26
433,17,0,65
433,3,0,29
433,68,1,54
433,54,1,47
433,57,0,56
433,16,1,14
433,1,1,61
433,48,0,36
433,12,1,58
433,16,0,52
433,41,0,50
433,69,1,35
433,45,1,31
433,14,0,40
433,53,1,42
433,47,1,7
433,41,0,46
433,40,1,33
433,64,0,33
433,70,1,42
433,51,1,32
433,39,1,65
433,4,0,45
433,40,1,14
433,5,0,66
433,5,0,33
433,26,1,49
433,8,0,63
433,48,0,56
433,56,0,35
433,59,0,37
433,49,0,58
433,11,0,33
433,44,0,63
433,39,1,40
433,2,0,39
433,14,1,28
433,22,1,43
434,30,1,29
434,0,1,43
434,26,0,41
434,31,1,24
434,10,0,8
434,64,0,50
434,15,0,54
434,44,1,54
434,1,0,51
434,5,0,31
434,53,1,55
434,47,0,41
434,51,0,10
434,64,0,35
434,48,1,48
434,48,0,36
434,36,0,49
434,58,0,12
434,44,0,41
434,28,0,9
434,25,1,13
434,31,1,27
434,61,0,58
434,40,0,18
434,2,1,32
434,52,0,5
434,29,0,26
434,27,1,39
434,14,0,20
434,62,0,76
434,56,0,37
434,17,0,5
434,20,0,57
434,53,0,33
434,49,0,68
434,12,0,54
434,32,0,46
434,34,0,57
434,26,0,20
434,11,1,44
434,63,0,61
434,58,0,49
434,19,0,22
434,22,0,33
434,38,1,35
434,56,0,33
434,18,1,39
434,43,1,16
434,36,1,53
434,69,0,51
434,22,1,34
434,46,1,51
434,26,1,53
434,49,1,55
434,47,1,35
434,19,0,26
434,2,0,30
434,54,0,51
434,69,1,63
434,6,0,61
434,62,0,21
434,3,1,12
434,64,1,17
434,22,0,36
434,12,1,63
434,11,0,51
434,16,0,44
434,26,1,41
434,18,0,66
434,32,0,57
434,24,0,33
434,20,1,42
435,71,1,36
435,58,0,46
435,24,0,49
435,46,1,46
435,8,0,41
435,44,0,50
435,41,0,86
435,33,1,50
435,56,0,53
435,5,1,65
435,54,0,45
435,21,1,82
435,42,0,42
435,29,0,53
435,8,0,30
435,52,1,45
435,34,1,68
435,10,1,33
435,29,1,70
435,3,1,42
435,29,0,17
435,55,1,26
435,45,1,54
435,34,0,51
435,56,0,34
435,12,1,18
435,16,0,31
435,26,0,45
435,63,1,46
435,12,0,57
435,12,1,49
435,48,0,35
435,57,0,59
435,28,0,50
435,10,0,53
435,26,0,58
435,13,1,52
435,42,1,44
435,65,0,5
435,43,1,66
435,4,0,34
435,37,1,38
435,69,0,45
435,49,1,49
435,3,1,64
435,48,1,40
435,38,0,26
435,66,1,34
435,28,1,48
435,29,0,54
435,19,0,52
435,21,1,41
435,70,0,38
435,32,1,48
435,2,0,61
435,64,1,42
435,6,1,70
435,17,0,39
435,56,1,60
435,39,0,53
435,6,1,44
435,62,1,36
435,25,0,40
435,57,1,25
435,35,1,42
435,15,0,72
435,27,1,18
435,4,1,38
435,22,0,18
435,63,0,41
435,60,0,60
435,30,0,69
436,52,0,26
436,33,0,36
436,44,0,41
436,9,0,30
436,60,0,56
436,6,1,31
436,57,1,36
436,58,0,59
436,24,1,18
436,37,0,31
436,35,1,45
436,39,1,6
436,29,0,47
436,4,0,63
436,27,0,29
436,3,1,57
436,59,1,32
436,54,0,35
436,44,1,49
436,24,0,36
436,23,1,21
436,26,1,24
436,56,0,44
436,53,0,42
436,58,0,48
436,50,1,38
436,71,0,58
436,54,1,41
436,71,1,31
436,27,1,31
436,58,0,48
436,49,1,26
436,33,0,46
436,23,0,48
436,31,0,62
436,37,0,43
436,48,0,56
436,7,1,45
436,20,0,23
436,53,0,16
436,30,1,33
436,57,0,40
436,67,0,45
436,59,1,34
436,20,0,36
436,27,1,5
436,48,1,46
436,68,0,46
436,44,0,40
436,69,0,40
436,62,0,53
436,52,0,62
436,65,0,23
436,39,1,53
436,70,0,53
436,18,0,47
436,23,1,36
436,39,1,50
436,39,0,33
436,6,1,32
436,16,0,41
436,24,0,35
436,20,1,39
436,60,0,9
436,38,1,18
436,45,1,23
436,4,1,19
436,54,0,41
436,35,1,55
436,38,0,48
436,9,0,60
436,23,0,30
437,43,1,8
437,7,0,39
437,13,1,17
437,10,0,37
437,0,1,29
437,69,0,13
437,33,1,20
437,67,0,21
437,5,0,11
437,31,0,34
437,0,1,12
437,21,1,36
437,71,1,25
437,3,1,36
437,34,1,29
437,26,0,21
437,22,1,32
437,13,0,33
437,29,1,26
437,4,1,18
437,54,0,25
437,56,0,25
437,41,1,43
437,23,1,16
437,17,1,14
437,48,0,37
437,6,1,29
437,38,1,22
437,24,0,18
437,38,1,21
437,32,1,7
437,50,1,13
437,12,0,8
437,30,0,26
437,50,0,36
437,70,1,15
437,15,1,17
437,61,0,9
437,67,1,23
437,10,1,17
437,53,1,26
437,17,0,38
437,68,1,29
437,47,1,21
437,23,1,22
437,16,1,23
437,69,1,19
437,23,1,29
437,17,0,11
437,34,1,5
437,20,1,18
437,1,1,8
437,70,0,18
437,67,1,25
437,55,1,5
437,48,1,40
437,43,1,22
437,17,1,23
437,68,1,42
437,31,1,15
437,71,1,21
437,51,0,23
437,5,1,36
437,49,1,36
437,68,1,36
437,38,0,21
437,4,1,40
437,25,1,25
437,30,1,25
437,63,0,15
437,22,0,22
437,23,1,14
438,51,0,82
438,22,0,29
438,27,1,38
438,56,0,36
438,48,0,37
438,47,1,57
438,63,1,47
438,22,0,16
438,30,1,57
438,43,0,54
438,6,1,43
438,62,1,32
438,47,1,39
438,66,1,32
438,25,1,55
438,15,0,64
438,17,0,36
438,51,1,36
438,30,0,31
438,39,1,33
438,17,1,28
438,50,1,43
438,6,0,31
438,24,1,57
438,22,0,35
438,26,0,34
438,28,0,84
438,54,0,65
438,8,0,39
438,16,1,49
438,67,0,46
438,14,1,45
438,53,0,21
438,12,0,23
438,53,1,62
438,36,1,28
438,38,1,74
438,11,1,53
438,19,1,28
438,44,0,32
438,57,1,45
438,27,1,37
438,5,0,35
438,8,1,43
438,56,0,45
438,52,0,54
438,12,1,24
438,48,1,40
438,11,1,45
438,3,0,36
438,67,1,39
438,70,1,5
438,29,1,37
438,48,1,45
438,0,0,31
438,33,0,35
438,70,1,35
438,19,0,44
438,28,1,34
438,49,1,72
438,42,0,30
438,22,1,46
438,31,1,68
438,36,0,57
438,30,0,74
438,56,1,42
438,16,1,27
438,19,1,51
438,51,1,52
438,57,1,56
438,67,1,45
438,14,1,42
439,18,1,55
439,2,0,31
439,50,0,53
439,29,0,28
439,60,0,50
439,35,1,61
439,64,1,10
439,13,0,44
439,20,1,16
439,20,1,50
439,44,1,34
439,33,1,33
439,53,1,23
439,2,0,57
439,18,0,53
439,56,1,40
439,30,1,63
439,60,1,63
439,44,1,49
439,47,1,57
439,34,0,29
439,24,0,37
439,56,0,68
439,42,1,60
439,26,1,23
439,55,1,60
439,5,0,39
439,2,0,42
439,37,1,28
439,40,1,54
439,23,0,70
439,67,1,56
439,44,0,37
439,58,1,19
439,21,1,31
439,42,0,44
439,2,1,60
439,71,0,61
439,7,1,50
439,2,0,45
439,35,1,40
439,5,1,63
439,9,0,25
439,71,1,53
439,58,1,69
439,45,1,76
439,55,1,50
439,70,1,43
439,35,1,37
439,28,0,41
439,0,1,34
439,28,1,50
439,18,1,33
439,52,0,53
439,54,0,53
439,16,0,42
439,6,1,41
439,42,1,49
439,29,1,59
439,63,0,34
439,43,1,8
439,43,1,64
439,38,1,51
439,31,1,45
439,18,1,29
439,25,0,64
439,23,1,35
439,49,1,33
439,35,1,56
439,39,1,53
439,16,1,37
439,14,1,37
440,43,0,31
440,22,0,26
440,0,0,21
440,37,0,16
440,47,0,30
440,29,0,29
440,46,0,20
440,53,0,5
440,23,1,25
440,46,0,25
440,14,1,5
440,33,1,16
440,43,0,7
440,57,0,32
440,39,1,28
440,18,1,24
440,56,1,5
440,19,1,24
440,61,0,20
440,41,1,34
440,66,0,33
440,19,1,19
440,22,1,11
440,26,0,7
440,39,1,13
440,57,0,33
440,55,1,18
440,62,1,13
440,41,0,34
440,10,0,8
440,61,0,26
440,71,1,27
440,6,0,12
440,71,1,14
440,40,0,31
440,2,0,18
440,65,0,34
440,8,0,17
440,25,0,35
440,68,0,19
440,66,0,29
440,64,0,11
440,9,1,9
440,50,0,26
440,60,0,40
440,10,0,34
440,70,1,25
440,23,0,39
440,57,0,32
440,32,0,25
440,57,0,48
440,2,1,25
440,25,1,7
440,18,1,30
440,57,1,31
440,3,1,28
440,21,1,24
440,44,0,29
440,49,1,19
440,30,1,34
440,24,0,33
440,14,0,48
440,64,1,11
440,57,1,28
440,54,1,36
440,54,0,23
440,50,1,23
440,9,0,22
440,71,1,23
440,57,1,12
440,1,1,24
440,9,0,31
441,23,1,33
441,47,1,8
441,27,1,50
441,67,1,16
441,52,1,50
441,35,1,31
441,18,0,34
441,17,1,19
441,20,1,23
441,0,1,32
441,32,0,43
441,64,0,21
441,22,1,31
441,67,1,21
441,58,0,17
441,46,1,28
441,14,1,10
441,38,1,27
441,18,1,23
441,18,0,17
441,45,1,13
441,50,1,38
441,36,1,30
441,2,0,26
441,36,1,40
441,18,1,31
441,57,1,44
441,8,1,43
441,8,1,26
441,43,1,24
441,36,1,45
441,49,1,41
441,52,0,10
441,66,1,32
441,16,1,28
441,25,1,35
441,52,0,23
441,38,1,34
441,10,1,16
441,24,1,20
441,34,1,32
441,4,1,31
441,36,1,12
441,22,1,29
441,14,1,40
441,63,1,19
441,14,1,35
441,6,1,38
441,3,0,36
441,66,0,35
441,70,1,22
441,35,1,24
441,8,1,36
441,4,1,26
441,0,1,44
441,29,1,26
441,44,1,18
441,49,1,34
441,68,1,30
441,17,1,25
441,43,1,40
441,65,1,32
441,33,1,29
441,43,1,25
441,3,1,28
441,2,0,45
441,30,1,31
441,11,1,37
441,25,1,27
441,27,1,29
441,46,1,17
441,56,1,34
442,55,0,97
442,38,0,66
442,1,0,64
442,55,0,73
442,67,0,65
442,52,0,31
442,29,0,45
442,58,0,55
442,48,0,72
442,8,0,87
442,1,0,58
442,13,0,86
442,55,0,53
442,8,1,62
442,18,0,61
442,46,1,54
442,19,0,36
442,12,0,58
442,40,0,70
442,25,1,60
442,54,1,45
442,39,1,73
442,25,1,40
442,35,1,43
442,15,0,58
442,42,1,93
442,16,0,91
442,46,0,61
442,11,0,38
442,20,0,88
442,13,0,54
442,63,0,89
442,70,0,74
442,68,0,56
442,53,0,68
442,6,0,39
442,18,0,62
442,21,0,30
442,43,0,86
442,22,0,30
442,20,0,57
442,63,0,70
442,11,0,56
442,18,1,76
442,33,0,20
442,17,0,71
442,57,1,60
442,4,0,55
442,9,0,113
442,1,1,14
442,58,0,83
442,8,1,66
442,58,1,62
442,5,1,61
442,10,0,61
442,21,1,27
442,14,1,74
442,11,0,54
442,38,0,62
442,37,0,98
442,3,0,68
442,45,1,84
442,2,0,56
442,33,1,73
442,53,0,42
442,68,0,93
442,37,1,43
442,65,0,130
442,69,0,89
442,64,1,64
442,4,0,66
442,38,0,55
443,5,0,50
443,41,0,77
443,44,0,82
443,32,0,59
443,26,0,81
443,9,0,55
443,18,0,21
443,35,0,39
443,17,0,72
443,63,1,31
443,34,0,73
443,71,0,58
443,48,0,33
443,31,0,76
443,17,0,62
443,9,0,74
443,27,0,78
443,57,0,69
443,38,0,31
443,42,0,73
443,56,0,64
443,69,1,54
443,34,0,90
443,44,0,74
443,6,0,63
443,51,0,35
443,20,0,54
443,39,0,31
443,17,0,115
443,56,0,32
443,23,0,86
443,49,0,77
443,39,0,87
443,29,0,63
443,28,0,77
443,43,0,55
443,44,0,78
443,20,0,49
443,42,0,58
443,19,0,51
443,17,0,27
443,15,0,55
443,4,0,53
443,9,0,52
443,64,1,73
443,58,0,50
443,2,1,66
443,62,0,22
443,13,0,103
443,46,1,99
443,22,0,18
443,53,0,39
443,12,0,69
443,47,0,95
443,66,0,107
443,56,0,68
443,38,0,67
443,3,0,61
443,50,0,24
443,44,0,41
443,27,0,68
443,10,0,71
443,51,0,73
443,44,1,25
443,22,0,88
443,48,0,43
443,4,0,30
443,5,1,65
443,60,0,29
443,40,0,28
443,36,0,85
443,48,0,31
444,20,0,52
444,57,1,85
444,62,0,54
444,8,1,31
444,8,1,41
444,11,0,32
444,6,1,17
444,67,1,63
444,7,0,13
444,40,0,25
444,29,1,64
444,5,1,61
444,42,0,67
444,52,0,28
444,66,1,53
444,0,1,31
444,28,0,57
444,56,0,41
444,64,1,68
444,36,1,53
444,40,0,58
444,10,1,63
444,14,0,45
444,61,0,54
444,14,1,15
444,28,1,40
444,48,0,41
444,36,0,45
444,11,1,34
444,27,1,51
444,44,1,41
444,36,1,51
444,19,1,78
444,34,1,44
444,27,1,79
444,38,1,48
444,24,0,35
444,59,1,66
444,1,1,53
444,61,1,45
444,34,1,43
444,63,1,47
444,26,0,35
444,49,0,31
444,6,1,19
444,53,1,52
444,33,0,62
444,63,1,35
444,56,0,39
444,47,1,46
444,60,1,46
444,3,0,39
444,19,1,42
444,33,1,33
444,47,1,52
444,35,1,57
444,11,0,35
444,25,1,72
444,54,0,28
444,44,1,58
444,41,0,57
444,14,1,42
444,55,0,52
444,71,1,48
444,12,0,37
444,5,1,42
444,34,1,35
444,31,1,44
444,15,0,28
444,39,1,44
444,65,0,58
444,5,0,27
445,42,0,49
445,31,1,30
445,58,0,34
445,14,0,78
445,52,1,48
445,24,1,24
445,1,1,34
445,61,0,50
445,20,0,48
445,51,0,39
445,67,0,22
445,50,0,42
445,46,1,34
445,52,0,27
445,14,1,62
445,58,1,51
445,7,0,36
445,13,1,66
445,70,0,52
445,40,1,51
445,62,0,44
445,59,0,38
445,32,0,36
445,17,0,36
445,38,0,61
445,7,0,34
445,4,1,36
445,9,0,52
445,60,0,35
445,64,0,35
445,13,1,53
445,45,1,43
445,51,0,53
445,41,1,37
445,52,1,52
445,2,1,39
445,11,0,29
445,63,1,77
445,16,0,50
445,3,1,53
445,23,1,58
445,67,1,55
445,30,1,29
445,0,0,38
445,46,1,18
445,26,1,61
445,4,1,69
445,27,1,36
445,26,1,54
445,65,1,27
445,9,1,31
445,11,0,29
445,44,0,52
445,42,0,29
445,33,1,53
445,51,0,42
445,19,0,65
445,26,0,46
445,68,0,86
445,51,0,46
445,0,0,56
445,29,0,44
445,32,1,35
445,35,0,47
445,38,0,23
445,61,0,73
445,45,1,29
445,42,1,36
445,69,0,46
445,41,1,68
445,23,1,41
445,47,0,48
446,30,1,18
446,35,0,28
446,9,0,30
446,32,1,19
446,52,0,38
446,41,1,36
446,62,0,26
446,61,1,22
446,44,1,26
446,56,1,26
446,46,1,44
446,14,0,17
446,67,1,11
446,6,1,27
446,43,1,20
446,57,1,37
446,9,0,43
446,0,1,21
446,32,0,42
446,7,0,37
446,54,0,14
446,8,0,24
446,31,1,29
446,7,1,43
446,64,0,18
446,34,1,13
446,34,0,34
446,67,0,31
446,32,1,28
446,60,0,23
446,2,0,37
446,39,0,25
446,8,0,30
446,30,1,27
446,23,1,24
446,6,1,34
446,68,1,42
446,8,0,22
446,58,1,10
446,66,1,34
446,57,1,32
446,25,1,35
446,49,0,19
446,57,1,18
446,7,1,25
446,7,0,5
446,2,0,27
446,71,1,29
446,33,1,20
446,45,1,35
446,67,0,43
446,31,1,36
446,9,0,27
446,9,0,45
446,20,1,45
446,71,0,36
446,61,1,26
446,33,1,19
446,24,1,29
446,57,1,36
446,9,1,21
446,2,0,24
446,43,1,24
446,71,1,26
446,4,1,29
446,20,0,20
446,11,1,39
446,56,0,14
446,25,0,31
446,53,0,39
446,19,0,38
446,36,1,24
447,9,0,53
447,26,1,15
447,24,0,11
447,0,0,33
447,10,0,45
447,69,1,21
447,39,1,47
447,11,1,78
447,51,1,48
447,38,1,59
447,43,1,18
447,51,0,47
447,3,0,55
447,16,0,26
447,64,1,44
447,9,1,39
447,65,1,23
447,12,0,75
447,46,1,19
447,1,1,50
447,64,0,22
447,59,0,75
447,52,0,48
447,13,0,44
447,44,1,56
447,20,0,46
447,36,1,40
447,0,0,39
447,6,1,42
447,47,1,27
447,17,0,34
447,0,1,40
447,39,0,13
447,61,1,37
447,11,0,50
447,56,0,35
447,3,0,35
447,14,0,67
447,70,0,55
447,6,0,37
447,33,1,57
447,67,0,38
447,47,1,59
447,21,0,36
447,45,1,8
447,53,0,13
447,52,1,59
447,60,0,21
447,17,1,28
447,37,1,56
447,1,1,13
447,20,1,36
447,51,1,40
447,3,1,29
447,67,0,36
447,65,1,61
447,60,1,46
447,11,1,41
447,59,1,41
447,19,1,58
447,36,1,66
447,38,0,37
447,1,0,16
447,14,0,34
447,57,0,65
447,20,0,46
447,17,1,54
447,51,1,12
447,13,0,65
447,32,1,19
447,28,1,16
447,51,1,44
448,48,1,25
448,51,1,26
448,54,0,30
448,69,0,40
448,62,0,28
448,0,1,18
448,0,1,29
448,44,1,23
448,49,1,25
448,10,0,31
448,19,1,26
448,65,1,35
448,12,1,20
448,20,1,37
448,25,1,41
448,37,1,44
448,11,0,5
448,61,1,40
448,2,0,53
448,3,0,33
448,12,1,32
448,32,0,37
448,33,1,14
448,54,0,5
448,20,0,37
448,4,1,33
448,29,1,26
448,47,1,48
448,31,1,31
448,38,1,40
448,52,0,31
448,61,0,10
448,45,1,25
448,10,0,22
448,57,1,36
448,16,0,19
448,38,1,31
448,6,1,41
448,57,0,30
448,23,1,15
448,60,1,46
448,41,1,29
448,17,1,45
448,46,1,22
448,24,0,30
448,67,0,30
448,0,1,31
448,10,0,32
448,5,1,20
448,11,1,29
448,32,1,38
448,53,1,41
448,57,1,35
448,69,1,32
448,20,0,17
448,17,0,31
448,71,1,24
448,55,1,30
448,29,0,17
448,28,0,17
448,21,1,24
448,30,0,26
448,70,1,44
448,62,1,21
448,30,1,29
448,43,1,11
448,26,1,43
448,22,1,7
448,49,0,34
448,21,1,34
448,71,1,32
448,34,1,27
449,55,0,78
449,35,0,86
449,36,0,60
449,25,1,95
449,24,0,85
449,37,1,89
449,26,1,65
449,15,0,61
449,67,0,58
449,20,0,26
449,35,0,64
449,14,0,70
449,39,1,68
449,24,0,43
449,71,0,66
449,20,0,66
449,59,0,57
449,13,0,36
449,39,0,45
449,27,1,61
449,26,0,45
449,65,1,39
449,35,0,51
449,54,0,61
449,45,1,70
449,39,1,59
449,22,0,91
449,7,0,76
449,12,0,50
449,57,0,82
449,71,1,60
449,14,0,89
449,44,0,55
449,23,0,48
449,65,1,62
449,40,0,53
449,39,0,47
449,22,1,17
449,11,0,44
449,20,0,53
449,55,0,64
449,38,0,41
449,47,1,58
449,11,0,95
449,58,0,93
449,9,0,76
449,49,0,79
449,47,1,28
449,32,0,39
449,58,0,32
449,61,0,60
449,46,0,46
449,30,0,49
449,35,1,44
449,55,0,78
449,35,0,84
449,24,0,44
449,21,1,109
449,10,0,60
449,1,0,71
449,58,0,57
449,19,0,38
449,70,0,83
449,50,0,67
449,48,0,60
449,12,1,75
449,2,0,59
449,45,0,86
449,15,0,43
449,67,0,84
449,36,0,63
449,59,1,68
450,63,0,40
450,70,1,37
450,50,1,28
450,60,1,32
450,9,0,29
450,17,1,40
450,10,1,42
450,8,1,30
450,25,0,45
450,38,1,40
450,51,1,28
450,57,1,31
450,35,1,48
450,6,1,18
450,67,1,35
450,69,1,29
450,46,1,21
450,28,0,38
450,55,1,26
450,46,1,31
450,46,1,27
450,48,1,22
450,22,1,43
450,21,1,32
450,65,1,24
450,11,1,31
450,14,1,20
450,62,1,31
450,36,1,37
450,20,1,29
450,52,0,22
450,52,1,42
450,23,1,32
450,32,1,39
450,40,0,34
450,6,0,28
450,37,1,24
450,44,1,26
450,33,1,26
450,37,1,36
450,23,1,56
450,48,1,46
450,48,0,12
450,18,1,5
450,67,1,13
450,68,0,15
450,12,1,30
450,27,1,24
450,7,1,19
450,33,1,27
450,41,1,34
450,52,0,21
450,23,1,29
450,3,1,18
450,69,1,30
450,36,1,20
450,2,1,24
450,37,1,22
450,32,1,17
450,22,1,32
450,18,1,20
450,38,1,29
450,49,0,36
450,65,1,47
450,60,1,33
450,44,1,45
450,43,1,27
450,10,1,22
450,9,0,20
450,9,0,46
450,62,1,46
450,16,0,21
451,39,1,54
451,63,1,51
451,57,1,70
451,70,0,56
451,60,0,60
451,41,0,52
451,3,0,53
451,68,0,29
451,28,0,34
451,45,1,66
451,16,0,30
451,36,0,51
451,9,0,47
451,27,1,42
451,19,1,42
451,44,1,44
451,23,1,30
451,41,1,66
451,15,1,44
451,58,1,43
451,70,0,72
451,60,1,60
451,39,1,37
451,24,1,71
451,5,1,60
451,22,1,53
451,10,0,39
451,7,0,52
451,25,0,43
451,9,0,34
451,51,1,37
451,34,1,48
451,56,0,41
451,58,0,82
451,71,1,73
451,16,0,38
451,7,0,43
451,58,1,50
451,49,1,37
451,42,1,73
451,55,0,32
451,25,0,38
451,11,1,62
451,66,1,32
451,19,0,32
451,12,0,37
451,32,1,57
451,3,1,72
451,19,0,40
451,35,1,54
451,1,1,43
451,45,1,27
451,13,1,59
451,26,0,73
451,16,1,34
451,0,0,36
451,14,0,14
451,15,1,24
451,4,0,53
451,19,0,44
451,61,0,34
451,36,1,24
451,4,1,54
451,12,0,20
451,31,1,36
451,60,1,55
451,44,1,37
451,54,0,58
451,22,1,56
451,9,0,25
451,44,0,29
451,20,0,36
452,9,0,29
452,12,1,49
452,11,1,28
452,29,1,82
452,61,0,34
452,6,0,39
452,69,0,62
452,51,0,47
452,17,0,45
452,65,1,70
452,23,0,55
452,13,1,27
452,55,1,17
452,14,1,50
452,66,1,24
452,60,0,23
452,2,1,54
452,13,0,38
452,33,0,52
452,66,1,49
452,3,0,31
452,20,0,34
452,29,0,65
452,47,1,57
452,29,1,32
452,50,0,65
452,59,0,31
452,25,1,32
452,27,1,52
452,28,0,43
452,17,0,45
452,11,0,43
452,39,1,5
452,51,1,54
452,54,0,45
452,37,1,19
452,39,0,9
452,36,1,73
452,56,1,25
452,44,0,69
452,27,0,45
452,50,0,50
452,45,0,63
452,56,0,30
452,61,0,28
452,38,1,55
452,51,1,58
452,37,1,32
452,32,0,49
452,57,0,41
452,32,1,50
452,18,0,48
452,24,0,45
452,14,1,31
452,41,0,48
452,17,0,18
452,32,0,47
452,3,0,41
452,31,0,48
452,26,1,47
452,57,1,44
452,58,0,52
452,1,0,21
452,27,1,60
452,37,0,62
452,31,1,38
452,20,0,46
452,70,0,32
452,52,1,33
452,15,0,49
452,1,1,54
452,27,1,58
453,54,0,18
453,57,1,42
453,21,0,50
453,57,0,27
453,11,1,48
453,48,1,58
453,18,1,19
453,15,1,32
453,10,0,65
453,14,0,48
453,64,1,55
453,26,1,40
453,4,0,48
453,24,1,34
453,18,1,73
453,40,0,50
453,41,1,64
453,42,1,36
453,19,1,49
453,29,0,54
453,68,1,56
453,50,1,65
453,1,1,62
453,9,0,64
453,42,1,50
453,57,0,37
453,7,0,46
453,59,1,37
453,69,1,45
453,25,0,63
453,12,0,36
453,42,1,71
453,0,1,52
453,41,1,25
453,43,1,26
453,27,1,29
453,54,0,26
453,45,1,19
453,62,0,37
453,1,0,53
453,70,0,51
453,34,1,19
453,31,1,64
453,55,1,93
453,71,1,38
453,62,1,30
453,8,1,15
453,15,0,33
453,39,1,75
453,2,0,39
453,18,1,34
453,59,1,63
453,69,0,62
453,62,1,25
453,53,0,44
453,35,0,53
453,42,1,53
453,69,1,40
453,65,1,55
453,42,1,61
453,18,0,78
453,41,0,47
453,37,0,41
453,38,1,22
453,5,1,42
453,4,1,39
453,24,0,20
453,42,0,59
453,5,1,41
453,4,0,21
453,27,1,47
453,67,0,52
454,19,0,71
454,21,0,16
454,25,1,65
454,69,0,65
454,36,0,59
454,5,1,38
454,27,1,75
454,42,0,47
454,18,1,89
454,36,0,39
454,40,0,32
454,14,1,53
454,12,0,52
454,28,1,47
454,60,0,73
454,3,0,38
454,23,0,83
454,20,0,51
454,60,1,56
454,61,0,40
454,7,0,95
454,16,0,65
454,29,0,5
454,15,0,57
454,27,1,56
454,66,1,89
454,32,1,80
454,53,0,74
454,66,0,85
454,29,0,79
454,8,1,94
454,47,1,42
454,45,0,100
454,41,0,53
454,41,0,87
454,26,0,44
454,69,0,81
454,24,1,43
454,44,0,45
454,19,1,51
454,25,0,50
454,67,1,61
454,54,0,72
454,4,0,61
454,60,0,40
454,5,0,75
454,70,0,86
454,58,0,57
454,67,0,70
454,27,1,57
454,30,0,59
454,69,0,55
454,47,0,85
454,26,1,69
454,53,1,35
454,9,0,43
454,51,0,68
454,33,1,19
454,6,1,29
454,31,0,85
454,61,1,29
454,44,0,86
454,6,0,53
454,36,1,57
454,56,0,45
454,62,1,76
454,65,0,67
454,48,0,62
454,16,0,66
454,24,0,69
454,6,0,36
454,61,0,41
455,28,0,53
455,36,1,27
455,48,1,38
455,42,0,47
455,3,0,32
455,61,0,55
455,32,0,40
455,42,1,57
455,23,0,36
455,27,0,36
455,19,1,37
455,66,0,55
455,32,0,35
455,35,1,44
455,28,1,41
455,53,0,55
455,4,0,40
455,69,0,42
455,31,0,59
455,36,1,23
455,26,0,22
455,59,0,39
455,25,1,42
455,30,1,67
455,30,0,54
455,15,0,36
455,39,1,48
455,11,1,70
455,10,1,48
455,3,0,37
455,40,0,59
455,46,0,41
455,37,1,41
455,62,0,48
455,60,0,37
455,12,1,20
455,27,0,54
455,57,1,49
455,10,0,21
455,28,0,14
455,70,0,28
455,69,1,44
455,49,1,29
455,44,1,59
455,57,1,39
455,67,1,37
455,11,0,42
455,47,0,29
455,63,1,32
455,44,1,61
455,3,1,38
455,33,1,54
455,0,1,18
455,42,0,46
455,59,0,53
455,43,0,14
455,17,0,31
455,52,0,35
455,52,0,52
455,5,1,46
455,68,0,52
455,37,0,60
455,10,0,51
455,31,0,62
455,37,1,32
455,48,1,18
455,29,1,20
455,0,1,46
455,61,1,52
455,10,1,42
455,52,0,14
455,50,0,38
456,51,0,93
456,64,0,63
456,9,1,35
456,25,0,42
456,13,1,59
456,20,0,35
456,39,1,51
456,64,0,34
456,56,0,63
456,46,1,41
456,48,1,39
456,6,0,74
456,14,0,63
456,0,1,64
456,33,1,118
456,19,0,51
456,70,0,89
456,67,0,93
456,27,0,72
456,43,1,66
456,30,1,29
456,13,0,51
456,34,0,44
456,4,1,97
456,13,0,62
456,12,0,32
456,12,0,57
456,42,0,77
456,24,0,70
456,53,1,69
456,51,0,40
456,24,0,90
456,35,1,14
456,13,0,92
456,29,0,95
456,28,0,30
456,19,1,60
456,2,1,89
456,71,1,54
456,7,0,96
456,25,1,90
456,62,1,90
456,3,0,58
456,59,1,60
456,23,0,43
456,2,0,76
456,55,0,53
456,65,0,53
456,16,1,73
456,43,1,62
456,5,0,71
456,6,0,75
456,13,0,55
456,57,0,43
456,6,1,42
456,23,0,57
456,60,0,78
456,31,0,61
456,54,0,67
456,42,0,71
456,26,1,34
456,63,1,62
456,31,0,62
456,42,0,71
456,47,0,35
456,30,1,50
456,66,1,99
456,4,0,95
456,60,0,56
456,29,0,31
456,34,1,57
456,9,0,68
457,29,1,65
457,59,1,37
457,41,1,45
457,41,0,50
457,65,0,45
457,9,0,29
457,6,1,56
457,56,1,27
457,0,0,62
457,31,1,37
457,6,0,57
457,1,1,65
457,36,1,73
457,9,0,52
457,58,1,47
457,49,0,36
457,4,1,60
457,43,1,42
457,50,1,19
457,47,1,13
457,71,0,49
457,39,1,82
457,35,1,49
457,50,0,27
457,1,0,39
457,61,1,32
457,36,1,35
457,34,1,69
457,58,1,57
457,13,0,44
457,12,1,43
457,57,0,74
457,60,0,58
457,68,1,53
457,51,0,36
457,47,1,65
457,47,1,67
457,39,0,54
457,65,0,41
457,14,1,31
457,57,0,39
457,18,0,64
457,38,0,32
457,15,1,13
457,31,0,21
457,62,0,18
457,17,0,31
457,55,1,37
457,54,0,41
457,24,0,46
457,50,1,67
457,14,1,27
457,29,0,56
457,42,0,67
457,42,1,36
457,39,1,34
457,71,0,58
457,61,1,47
457,34,0,34
457,27,1,46
457,34,0,35
457,47,0,26
457,38,0,61
457,41,0,43
457,8,0,52
457,11,0,24
457,25,0,55
457,71,0,29
457,46,1,56
457,42,1,53
457,31,0,42
457,10,1,56
458,46,1,76
458,54,0,28
458,31,0,64
458,68,0,60
458,37,0,52
458,17,0,82
458,30,0,44
458,10,0,71
458,58,0,83
458,19,0,85
458,13,0,86
458,5,1,61
458,66,0,71
458,68,1,32
458,12,0,74
458,7,0,78
458,23,1,70
458,18,0,71
458,9,0,48
458,60,0,41
458,13,0,42
458,9,0,46
458,6,0,68
458,2,0,71
458,10,0,82
458,70,0,62
458,13,0,32
458,21,0,65
458,57,0,73
458,11,0,78
458,39,0,87
458,8,0,51
458,49,0,94
458,16,0,48
458,18,0,56
458,30,1,61
458,54,0,75
458,8,0,80
458,24,1,63
458,44,1,62
458,63,0,47
458,68,1,63
458,32,0,68
458,32,0,69
458,32,0,67
458,62,0,84
458,34,0,83
458,3,1,64
458,6,1,71
458,38,1,55
458,59,1,66
458,41,0,31
458,0,1,68
458,12,1,53
458,29,0,51
458,52,0,86
458,22,0,52
458,58,1,56
458,3,0,85
458,38,0,40
458,71,1,44
458,54,0,52
458,55,1,62
458,55,1,63
458,45,1,62
458,42,0,88
458,23,1,22
458,17,0,25
458,37,0,42
458,70,0,55
458,66,0,68
458,53,1,56
459,32,0,80
459,68,0,94
459,60,0,68
459,20,0,70
459,63,0,63
459,14,0,40
459,32,0,48
459,26,1,56
459,9,0,105
459,70,0,103
459,16,0,37
459,50,0,75
459,61,0,64
459,6,0,43
459,11,0,67
459,33,0,73
459,60,0,59
459,4,0,43
459,71,1,103
459,28,0,52
459,51,0,61
459,34,1,37
459,29,0,55
459,10,0,38
459,38,1,13
459,38,0,68
459,53,0,41
459,48,0,98
459,69,0,51
459,70,0,62
459,58,0,56
459,59,1,38
459,67,0,55
459,63,1,54
459,50,1,62
459,56,0,88
459,63,1,58
459,26,1,61
459,38,1,39
459,31,0,31
459,45,1,55
459,45,0,69
459,68,1,86
459,40,0,66
459,15,0,66
459,32,0,69
459,32,0,50
459,38,0,65
459,48,0,30
459,18,1,35
459,12,0,101
459,61,0,71
459,57,1,59
459,70,0,36
459,50,1,87
459,19,0,57
459,34,0,38
459,45,1,88
459,28,1,48
459,55,0,67
459,45,1,31
459,25,0,36
459,1,0,39
459,26,1,62
459,63,1,59
459,27,1,66
459,21,0,63
459,40,0,62
459,24,0,82
459,58,1,86
459,28,0,43
459,8,0,51
460,62,1,29
460,38,1,35
460,2,0,32
460,0,1,24
460,45,0,30
460,71,0,15
460,25,1,5
460,63,1,40
460,64,0,29
460,13,0,21
460,16,1,24
460,14,0,25
460,57,0,5
460,56,0,5
460,3,0,23
460,45,1,35
460,57,0,37
460,66,1,28
460,3,0,38
460,37,0,17
460,46,1,27
460,8,1,5
460,35,1,28
460,3,0,24
460,45,0,22
460,1,0,21
460,0,1,17
460,64,0,38
460,10,0,32
460,5,1,39
460,11,0,29
460,36,0,21
460,35,1,17
460,58,1,27
460,40,1,18
460,53,1,21
460,5,1,26
460,2,1,22
460,1,1,24
460,3,1,32
460,9,0,30
460,20,1,20
460,3,0,5
460,69,0,7
460,32,0,25
460,70,0,17
460,7,0,16
460,30,0,32
460,10,0,29
460,11,1,21
460,67,1,25
460,17,0,39
460,62,0,11
460,18,1,14
460,60,1,26
460,60,0,28
460,37,1,24
460,14,1,16
460,47,0,21
460,7,0,15
460,29,0,15
460,30,0,17
460,71,0,40
460,0,1,26
460,67,1,32
460,65,0,19
460,39,1,25
460,70,0,21
460,14,0,13
460,15,0,10
460,35,1,27
460,51,0,10
461,60,0,21
461,69,0,67
461,48,1,22
461,16,0,47
461,32,1,16
461,28,0,50
461,46,0,62
461,58,1,55
461,19,0,53
461,46,0,34
461,36,1,39
461,46,1,31
461,13,1,35
461,8,0,56
461,55,1,39
461,45,1,24
461,41,0,63
461,41,0,5
461,24,0,8
461,15,0,65
461,47,1,62
461,3,0,47
461,41,0,22
461,5,0,28
461,11,0,40
461,53,1,37
461,6,1,33
461,43,1,47
461,7,1,51
461,43,0,40
461,45,0,33
461,68,0,53
461,12,1,53
461,27,1,25
461,30,0,64
461,37,1,47
461,46,0,38
461,69,1,27
461,21,1,16
461,3,1,45
461,39,0,5
461,11,0,53
461,59,0,46
461,53,0,33
461,70,1,42
461,7,0,43
461,17,1,40
461,3,0,50
461,12,1,38
461,20,0,34
461,46,1,55
461,59,1,50
461,27,1,31
461,42,0,36
461,65,1,34
461,8,1,37
461,21,1,29
461,5,1,48
461,4,1,21
461,47,0,34
461,10,0,20
461,41,0,16
461,3,1,68
461,11,0,53
461,42,1,26
461,46,0,65
461,8,0,58
461,10,0,33
461,2,0,61
461,61,1,52
461,29,0,30
461,60,0,33
462,45,1,59
462,20,1,60
462,2,1,44
462,24,0,50
462,31,1,64
462,28,0,74
462,23,1,45
462,18,0,58
462,48,1,54
462,23,0,58
462,41,1,82
462,59,1,45
462,15,0,39
462,22,0,29
462,22,1,49
462,25,0,11
462,40,0,6
462,6,0,63
462,66,0,69
462,31,1,28
462,52,0,34
462,28,1,70
462,31,1,37
462,11,0,38
462,18,1,61
462,63,1,44
462,60,1,33
462,19,1,52
462,64,1,46
462,33,1,58
462,52,1,56
462,23,1,50
462,36,0,71
462,23,0,46
462,66,1,48
462,15,1,23
462,65,1,25
462,53,0,55
462,49,1,31
462,53,0,34
462,2,1,60
462,38,1,13
462,51,1,34
462,34,1,37
462,17,1,76
462,46,1,55
462,49,1,35
462,3,0,42
462,32,1,64
462,30,1,51
462,1,1,42
462,46,1,51
462,19,1,37
462,9,0,40
462,33,1,55
462,44,0,40
462,39,0,36
462,59,0,42
462,26,1,41
462,35,1,51
462,11,0,54
462,21,0,30
462,47,1,32
462,19,1,55
462,35,1,47
462,59,1,44
462,70,0,51
462,21,1,35
462,3,1,28
462,39,1,76
462,33,1,55
462,0,1,47
463,36,1,53
463,46,1,43
463,24,0,63
463,1,1,38
463,11,1,40
463,63,1,59
463,34,0,51
463,65,1,61
463,31,1,41
463,7,0,31
463,69,1,50
463,3,1,40
463,15,0,44
463,17,0,58
463,28,1,55
463,42,0,56
463,11,1,54
463,47,1,25
463,0,0,45
463,12,0,49
463,57,1,37
463,57,1,41
463,31,1,41
463,67,1,45
463,31,1,67
463,71,0,14
463,42,1,80
463,3,1,18
463,69,0,27
463,18,1,34
463,22,1,77
463,36,1,15
463,47,0,50
463,26,1,47
463,34,0,42
463,33,0,56
463,8,1,35
463,17,0,33
463,32,0,51
463,3,1,75
463,13,0,42
463,24,0,54
463,50,0,48
463,18,1,45
463,50,1,45
463,41,1,45
463,5,0,62
463,12,1,33
463,14,1,35
463,27,1,49
463,13,0,57
463,0,1,39
463,59,0,41
463,27,1,47
463,63,0,49
463,65,1,25
463,1,0,67
463,14,1,46
463,54,0,73
463,39,1,21
463,0,1,36
463,25,1,53
463,9,0,32
463,34,1,30
463,34,1,50
463,0,0,49
463,5,1,24
463,47,1,25
463,27,1,33
463,65,0,39
463,12,0,73
463,5,1,31
464,22,0,63
464,34,1,13
464,50,0,37
464,40,0,43
464,9,0,56
464,65,1,99
464,25,0,57
464,3,1,42
464,2,0,64
464,70,0,32
464,12,0,24
464,71,1,38
464,47,0,69
464,23,0,38
464,21,0,47
464,9,0,60
464,4,0,53
464,70,0,55
464,25,1,71
464,17,0,92
464,19,0,49
464,15,1,53
464,9,0,53
464,14,1,69
464,38,0,36
464,32,0,54
464,43,0,95
464,65,1,72
464,44,0,74
464,21,0,55
464,7,0,86
464,21,0,49
464,22,0,105
464,20,0,74
464,55,0,76
464,10,0,85
464,51,1,54
464,11,1,24
464,55,1,29
464,52,1,60
464,0,0,49
464,45,0,43
464,38,0,63
464,13,0,37
464,67,0,8
464,12,0,44
464,60,0,63
464,59,1,26
464,10,0,60
464,19,0,40
464,55,0,47
464,62,0,37
464,55,0,38
464,34,0,54
464,68,0,40
464,58,0,52
464,28,0,86
464,23,1,42
464,70,1,71
464,34,0,39
464,21,1,7
464,5,1,43
464,48,0,75
464,63,0,58
464,0,0,58
464,69,0,53
464,7,0,95
464,41,0,54
464,39,1,72
464,14,0,71
464,64,1,27
464,18,1,49
465,42,1,43
465,19,1,51
465,44,1,22
465,47,0,46
465,35,1,36
465,4,1,58
465,34,1,37
465,16,0,51
465,17,1,48
465,45,1,59
465,3,1,47
465,47,0,35
465,59,1,61
465,59,1,31
465,59,1,19
465,48,0,5
465,32,0,27
465,1,1,39
465,8,1,19
465,70,1,43
465,32,0,32
465,40,0,69
465,42,0,38
465,40,0,60
465,32,1,57
465,62,1,56
465,37,1,22
465,55,1,31
465,11,1,43
465,27,1,19
465,27,1,65
465,22,0,43
465,10,1,54
465,22,0,46
465,43,1,28
465,37,1,34
465,50,0,5
465,16,0,42
465,42,0,19
465,57,0,30
465,19,1,38
465,0,0,30
465,69,1,41
465,33,0,40
465,1,1,47
465,50,0,33
465,14,0,47
465,33,0,57
465,65,0,47
465,21,1,13
465,57,0,18
465,19,1,45
465,0,0,34
465,50,0,31
465,27,1,39
465,12,0,27
465,9,0,36
465,25,1,65
465,41,0,60
465,5,0,34
465,55,0,43
465,62,0,57
465,56,0,26
465,38,0,56
465,5,1,25
465,61,0,35
465,54,0,44
465,16,1,43
465,2,1,37
465,58,1,48
465,39,1,56
465,55,0,33
466,5,1,36
466,65,1,60
466,14,1,28
466,54,0,25
466,44,0,33
466,69,0,35
466,69,0,55
466,68,1,34
466,9,1,48
466,37,1,37
466,26,0,20
466,57,1,49
466,10,0,46
466,70,0,45
466,38,1,62
466,49,0,22
466,11,1,32
466,59,1,29
466,40,0,57
466,7,0,43
466,9,0,26
466,16,1,45
466,67,0,48
466,15,1,74
466,36,1,70
466,36,1,41
466,24,0,38
466,57,1,55
466,7,0,33
466,4,1,45
466,49,0,45
466,23,1,45
466,0,1,16
466,22,1,61
466,10,0,50
466,51,0,60
466,34,1,51
466,7,0,42
466,6,1,46
466,24,1,41
466,32,1,53
466,67,1,18
466,71,0,38
466,30,0,59
466,6,1,6
466,5,1,60
466,13,0,27
466,23,1,68
466,4,0,49
466,36,0,44
466,19,0,50
466,34,1,8
466,37,0,8
466,24,0,25
466,4,0,55
466,9,0,40
466,30,1,12
466,70,1,28
466,64,0,36
466,24,0,56
466,0,0,32
466,40,0,49
466,40,0,14
466,23,1,44
466,52,1,59
466,50,0,57
466,70,0,5
466,47,1,22
466,29,0,51
466,49,0,9
466,15,1,28
466,31,0,38
467,13,0,27
467,71,1,20
467,46,1,26
467,40,0,17
467,58,1,30
467,49,1,33
467,55,1,19
467,6,1,26
467,30,1,14
467,43,1,17
467,20,0,21
467,70,1,28
467,64,1,22
467,24,1,29
467,15,1,37
467,51,1,26
467,50,1,21
467,70,1,40
467,40,0,31
467,51,1,32
467,28,1,20
467,47,1,38
467,60,0,27
467,54,1,20
467,22,1,24
467,41,0,15
467,51,0,34
467,9,1,33
467,8,1,35
467,11,1,41
467,36,1,45
467,61,1,30
467,6,1,28
467,44,1,36
467,6,1,34
467,64,1,20
467,59,1,23
467,16,1,51
467,49,0,41
467,51,0,32
467,40,0,14
467,41,0,40
467,36,1,29
467,25,1,15
467,27,1,35
467,22,0,26
467,58,1,22
467,10,1,25
467,48,1,30
467,0,0,23
467,2,1,20
467,52,0,21
467,2,1,30
467,69,0,26
467,71,1,17
467,3,0,34
467,41,1,45
467,9,0,41
467,42,0,33
467,57,1,32
467,0,1,39
467,11,1,20
467,25,1,19
467,68,1,29
467,10,1,41
467,67,0,37
467,15,1,22
467,8,1,36
467,69,1,38
467,13,1,18
467,0,0,20
467,34,1,44
468,28,1,30
468,60,0,30
468,45,0,44
468,11,1,44
468,16,1,40
468,42,0,43
468,50,1,31
468,34,0,32
468,3,1,63
468,37,1,29
468,8,1,27
468,70,1,26
468,52,0,26
468,6,1,40
468,49,1,13
468,55,1,29
468,58,0,60
468,45,1,22
468,33,1,55
468,50,0,49
468,34,0,18
468,17,0,32
468,63,1,40
468,52,0,80
468,19,1,5
468,45,0,27
468,36,0,49
468,28,1,43
468,26,0,46
468,45,1,36
468,35,1,39
468,61,0,54
468,59,1,50
468,40,1,22
468,30,1,22
468,19,1,67
468,55,1,42
468,32,1,29
468,68,1,47
468,71,1,43
468,11,1,45
468,24,0,31
468,33,1,43
468,9,0,42
468,14,0,33
468,54,0,9
468,60,0,46
468,50,0,46
468,35,0,32
468,13,0,21
468,16,1,65
468,60,0,59
468,17,1,55
468,43,1,64
468,7,0,33
468,22,1,24
468,67,0,49
468,57,0,45
468,27,1,14
468,47,0,36
468,3,0,25
468,7,1,37
468,54,0,45
468,51,0,65
468,41,0,23
468,70,1,34
468,4,0,23
468,10,0,23
468,9,0,52
468,67,0,28
468,20,1,43
468,62,1,50
469,20,1,64
469,37,0,49
469,15,0,65
469,18,1,40
469,20,0,83
469,8,0,46
469,70,0,52
469,40,0,31
469,62,0,64
469,26,0,54
469,59,0,34
469,16,0,63
469,34,0,77
469,39,1,35
469,28,0,50
469,62,0,81
469,49,0,54
469,27,0,61
469,50,0,46
469,31,1,71
469,53,0,94
469,2,0,47
469,61,0,52
469,27,1,47
469,32,0,32
469,7,1,56
469,22,1,62
469,70,0,52
469,16,0,41
469,38,0,64
469,14,0,114
469,42,1,58
469,28,1,68
469,12,0,51
469,40,0,46
469,35,1,80
469,12,0,57
469,24,0,62
469,21,1,50
469,35,0,62
469,67,1,57
469,19,0,48
469,58,0,81
469,36,1,38
469,20,0,90
469,16,0,85
469,1,0,83
469,4,1,59
469,26,0,86
469,68,0,31
469,56,0,28
469,8,1,48
469,35,0,61
469,30,0,40
469,21,0,53
469,44,0,41
469,46,1,54
469,25,0,63
469,16,0,66
469,6,1,79
469,18,1,69
469,6,0,43
469,5,1,54
469,12,0,38
469,34,0,36
469,5,0,47
469,5,0,93
469,4,0,88
469,55,0,37
469,43,1,44
469,18,0,72
469,31,1,47
470,70,0,62
470,43,1,37
470,33,0,51
470,35,1,52
470,26,0,38
470,66,0,56
470,29,0,17
470,28,0,38
470,21,0,14
470,69,1,38
470,26,0,30
470,58,0,39
470,36,1,40
470,52,0,50
470,62,1,53
470,20,0,37
470,4,1,31
470,41,1,46
470,65,1,40
470,1,1,55
470,48,0,73
470,20,1,49
470,64,0,24
470,59,0,50
470,18,0,37
470,32,0,25
470,39,0,48
470,4,0,31
470,41,0,26
470,41,1,53
470,18,0,84
470,34,1,36
470,2,0,45
470,31,0,46
470,68,1,23
470,65,1,37
470,27,0,48
470,55,0,29
470,42,0,46
470,30,1,47
470,62,0,25
470,71,1,38
470,58,1,38
470,28,1,44
470,10,1,28
470,43,1,37
470,68,0,17
470,44,0,65
470,40,0,38
470,9,1,37
470,28,1,26
470,43,0,46
470,2,0,12
470,7,0,48
470,19,1,55
470,45,0,30
470,19,0,39
470,21,0,25
470,26,0,27
470,26,1,39
470,0,1,46
470,63,1,23
470,67,0,23
470,23,0,19
470,28,0,10
470,32,1,50
470,43,0,39
470,44,1,26
470,46,0,11
470,20,0,21
470,64,0,17
470,17,0,55
471,6,1,22
471,59,0,41
471,23,1,18
471,16,0,28
471,26,0,22
471,40,0,15
471,53,1,35
471,50,1,26
471,39,1,26
471,31,1,12
471,59,1,5
471,53,1,26
471,63,1,25
471,54,0,31
471,20,1,28
471,25,1,32
471,29,0,10
471,0,1,38
471,47,0,28
471,2,1,18
471,64,1,18
471,67,1,26
471,54,1,30
471,54,1,18
471,57,1,29
471,2,1,29
471,3,1,29
471,65,1,33
471,38,1,24
471,60,0,40
471,37,1,9
471,60,0,39
471,8,1,18
471,11,1,32
471,59,1,24
471,0,1,35
471,62,0,28
471,28,1,52
471,63,1,6
471,31,1,17
471,2,1,14
471,37,1,25
471,18,0,30
471,5,0,30
471,29,1,28
471,4,1,44
471,21,1,5
471,14,0,8
471,27,0,19
471,67,0,27
471,65,0,38
471,60,1,37
471,5,1,35
471,71,0,37
471,2,1,5
471,50,1,32
471,32,1,37
471,9,0,28
471,53,1,30
471,32,1,23
471,51,0,29
471,29,0,27
471,58,1,34
471,5,1,36
471,22,1,27
471,66,0,34
471,39,1,21
471,40,0,13
471,12,0,10
471,16,1,28
471,51,1,13
471,5,1,33
472,66,1,28
472,42,0,24
472,40,1,15
472,27,1,40
472,15,0,25
472,56,0,23
472,9,0,38
472,36,1,10
472,67,0,5
472,64,1,23
472,5,1,30
472,49,0,9
472,2,0,23
472,61,0,15
472,36,1,31
472,45,1,23
472,33,1,22
472,52,0,37
472,29,0,45
472,19,0,36
472,61,0,42
472,56,0,25
472,14,0,28
472,3,0,46
472,7,1,29
472,45,0,46
472,38,1,36
472,47,1,29
472,47,0,5
472,55,0,6
472,26,0,10
472,67,0,29
472,38,1,41
472,23,1,30
472,26,0,20
472,46,0,15
472,67,1,29
472,15,0,13
472,10,1,16
472,25,1,22
472,29,1,16
472,20,1,32
472,38,1,22
472,26,0,19
472,35,0,28
472,65,1,38
472,11,0,34
472,0,0,32
472,17,0,21
472,2,0,14
472,23,0,24
472,61,0,33
472,10,0,30
472,57,1,16
472,41,1,6
472,58,0,10
472,32,0,27
472,17,0,23
472,49,1,55
472,21,0,15
472,58,1,17
472,65,1,38
472,41,1,19
472,6,0,21
472,62,1,30
472,52,1,5
472,35,1,16
472,11,0,16
472,40,0,23
472,59,0,14
472,64,0,22
472,29,1,18
473,65,1,51
473,50,0,53
473,11,0,62
473,27,0,74
473,16,0,75
473,56,1,77
473,60,0,37
473,46,0,38
473,63,0,45
473,68,0,80
473,29,1,47
473,5,0,78
473,67,1,70
473,55,0,51
473,67,0,42
473,17,0,88
473,67,0,55
473,35,0,59
473,60,0,64
473,20,0,81
473,52,1,57
473,56,0,35
473,56,1,32
473,18,0,38
473,70,0,70
473,3,0,79
473,41,0,47
473,65,1,41
473,31,0,41
473,55,0,70
473,70,1,48
473,49,1,68
473,11,1,23
473,68,0,47
473,51,0,50
473,49,1,76
473,0,0,87
473,54,0,57
473,70,0,71
473,29,0,81
473,48,0,53
473,3,0,101
473,69,1,59
473,40,0,59
473,57,0,65
473,38,0,78
473,62,0,38
473,26,1,95
473,0,0,62
473,32,0,69
473,53,1,52
473,70,0,78
473,8,0,59
473,41,0,82
473,21,0,73
473,50,0,76
473,39,1,75
473,47,0,74
473,17,0,51
473,60,0,65
473,50,0,110
473,28,1,86
473,40,0,63
473,44,0,79
473,19,1,74
473,56,0,58
473,36,0,68
473,65,0,62
473,25,1,74
473,27,1,85
473,33,0,50
473,26,1,62
474,5,1,57
474,66,0,46
474,66,0,16
474,59,1,20
474,38,0,50
474,33,1,50
474,59,1,14
474,50,0,33
474,61,0,65
474,61,1,45
474,65,1,45
474,2,1,39
474,16,0,5
474,4,1,64
474,31,1,26
474,69,1,11
474,46,0,36
474,26,1,47
474,40,0,13
474,69,0,40
474,62,1,10
474,42,0,47
474,38,1,64
474,25,1,68
474,37,1,30
474,20,1,52
474,14,1,27
474,32,1,24
474,3,0,16
474,52,0,36
474,44,0,34
474,33,0,37
474,58,0,43
474,30,0,45
474,23,0,28
474,38,0,15
474,14,0,51
474,40,1,52
474,48,0,54
474,16,0,31
474,1,1,36
474,44,0,37
474,30,1,41
474,25,1,31
474,70,0,37
474,2,0,52
474,31,0,67
474,7,1,37
474,71,1,22
474,10,0,40
474,37,1,57
474,39,0,30
474,17,0,42
474,38,0,55
474,52,0,34
474,48,1,60
474,4,0,45
474,62,0,43
474,21,1,47
474,61,0,50
474,41,0,47
474,53,0,38
474,24,0,51
474,57,0,65
474,26,0,60
474,5,1,56
474,50,0,22
474,28,1,39
474,37,1,48
474,10,0,68
474,13,0,30
474,56,0,41
475,57,1,72
475,21,1,45
475,60,0,75
475,3,0,76
475,10,0,62
475,30,0,42
475,8,0,47
475,12,0,82
475,41,0,63
475,63,0,50
475,66,1,51
475,60,0,53
475,63,0,77
475,19,0,60
475,57,1,16
475,70,0,81
475,69,0,83
475,18,0,77
475,48,0,57
475,58,1,65
475,46,1,27
475,28,1,45
475,1,0,50
475,39,1,61
475,2,0,64
475,21,0,74
475,14,1,85
475,29,0,60
475,9,1,44
475,6,0,90
475,65,0,28
475,60,0,13
475,59,1,76
475,40,0,115
475,6,0,52
475,24,0,65
475,8,0,43
475,70,0,48
475,14,1,44
475,11,0,78
475,18,0,41
475,5,0,65
475,30,0,69
475,49,0,61
475,54,0,52
475,36,1,84
475,64,1,58
475,37,1,78
475,30,0,64
475,39,0,34
475,8,0,59
475,6,1,18
475,15,0,44
475,68,1,44
475,66,0,59
475,71,1,57
475,47,0,40
475,21,1,79
475,31,0,63
475,67,0,69
475,19,1,54
475,8,1,59
475,8,1,44
475,32,0,44
475,18,0,84
475,58,0,32
475,64,0,38
475,52,0,59
475,60,0,79
475,31,1,58
475,34,1,62
475,32,1,58
476,69,1,42
476,52,0,45
476,32,0,41
476,32,1,34
476,29,1,35
476,5,1,41
476,32,1,25
476,71,1,49
476,5,1,29
476,46,1,41
476,29,1,29
476,26,1,33
476,65,1,23
476,50,0,35
476,15,0,31
476,22,1,44
476,35,1,10
476,47,1,14
476,14,1,35
476,1,1,39
476,57,1,33
476,31,0,21
476,35,1,47
476,49,1,25
476,12,1,16
476,14,1,30
476,43,1,25
476,37,1,21
476,2,0,32
476,58,1,31
476,20,0,7
476,42,0,20
476,0,1,38
476,53,0,25
476,11,1,38
476,2,1,38
476,69,0,16
476,62,1,37
476,2,0,21
476,12,0,38
476,32,1,32
476,9,1,38
476,41,1,34
476,41,1,31
476,20,1,37
476,62,1,47
476,2,0,17
476,62,1,31
476,13,0,8
476,3,1,42
476,6,1,19
476,57,1,35
476,23,1,20
476,1,1,26
476,48,0,23
476,21,0,19
476,45,1,35
476,28,0,32
476,58,1,38
476,42,0,39
476,6,0,31
476,69,1,17
476,62,1,30
476,21,1,7
476,33,1,36
476,12,1,31
476,50,1,21
476,21,1,47
476,19,1,32
476,41,1,46
476,15,0,34
476,47,1,18
477,36,0,9
477,18,0,6
477,69,0,43
477,12,0,22
477,69,1,26
477,21,1,24
477,0,0,36
477,35,1,41
477,31,0,48
477,61,1,9
477,5,1,21
477,55,0,24
477,12,0,25
477,47,0,35
477,41,0,16
477,37,1,19
477,20,0,12
477,46,1,29
477,63,0,15
477,26,0,5
477,40,0,20
477,31,1,44
477,24,0,31
477,8,1,27
477,11,1,37
477,65,0,26
477,53,1,20
477,38,1,38
477,9,0,21
477,26,1,40
477,31,1,29
477,10,0,19
477,19,1,35
477,14,0,18
477,27,0,16
477,70,0,14
477,48,1,22
477,32,0,18
477,34,0,25
477,61,1,21
477,18,0,17
477,53,0,6
477,29,0,28
477,58,0,28
477,52,1,6
477,23,0,29
477,23,1,18
477,46,0,27
477,34,0,41
477,28,0,44
477,2,0,28
477,40,0,19
477,2,1,19
477,25,1,35
477,59,1,24
477,50,1,38
477,49,0,9
477,58,0,18
477,63,0,12
477,37,0,37
477,67,0,31
477,23,0,28
477,23,1,15
477,3,0,37
477,8,1,22
477,51,0,14
477,17,1,42
477,36,1,20
477,39,1,41
477,6,0,22
477,53,0,9
477,31,1,22
478,45,1,26
478,65,1,27
478,71,1,21
478,43,1,19
478,7,1,31
478,55,1,17
478,42,1,44
478,30,0,28
478,35,1,18
478,40,0,26
478,59,1,55
478,38,1,23
478,56,1,28
478,11,1,30
478,70,1,28
478,54,1,26
478,3,1,13
478,51,1,25
478,38,0,42
478,45,1,29
478,47,1,23
478,12,1,49
478,36,1,23
478,4,1,30
478,63,1,35
478,46,1,36
478,6,1,42
478,28,1,29
478,48,1,31
478,71,1,12
478,51,1,34
478,4,1,38
478,62,1,35
478,15,0,35
478,66,0,19
478,22,1,40
478,68,1,19
478,62,0,20
478,39,1,16
478,10,1,15
478,59,1,20
478,18,1,31
478,46,1,28
478,18,1,27
478,29,1,26
478,50,1,43
478,34,1,39
478,33,1,37
478,10,1,26
478,46,1,23
478,7,0,54
478,47,1,40
478,38,1,22
478,19,1,52
478,21,1,5
478,68,1,39
478,7,1,50
478,17,0,20
478,61,0,25
478,7,1,28
478,15,0,29
478,20,1,19
478,53,0,31
478,1,1,32
478,68,1,29
478,70,0,18
478,67,0,32
478,47,1,27
478,0,0,33
478,13,0,28
478,43,1,20
478,5,1,21
479,56,1,28
479,60,0,53
479,26,1,64
479,68,1,41
479,52,1,39
479,33,0,24
479,7,0,39
479,11,0,44
479,51,1,31
479,56,1,25
479,17,0,37
479,66,0,57
479,13,0,41
479,24,0,52
479,25,0,35
479,13,0,54
479,52,1,38
479,45,1,63
479,7,0,48
479,62,0,61
479,11,0,44
479,35,0,36
479,33,1,42
479,37,1,20
479,37,0,42
479,36,0,28
479,23,1,33
479,23,0,70
479,70,1,39
479,63,1,49
479,1,0,21
479,21,1,36
479,20,1,67
479,7,1,34
479,54,0,41
479,65,1,55
479,0,1,42
479,39,1,60
479,14,1,35
479,14,0,58
479,18,1,42
479,53,1,69
479,63,1,9
479,27,1,38
479,68,0,43
479,27,0,54
479,22,1,24
479,21,1,27
479,68,1,25
479,25,1,68
479,71,1,24
479,34,1,39
479,3,1,34
479,0,0,62
479,63,0,40
479,24,0,50
479,9,0,40
479,49,1,42
479,36,0,36
479,56,0,61
479,21,1,30
479,68,1,29
479,56,1,37
479,55,0,24
479,0,1,50
479,65,0,31
479,2,0,17
479,29,1,36
479,37,1,41
479,7,0,55
479,68,1,16
479,24,0,21
480,43,1,29
480,35,1,34
480,36,1,23
480,47,1,27
480,22,1,36
480,47,1,22
480,7,0,17
480,21,1,28
480,71,1,34
480,28,1,27
480,54,1,16
480,44,1,28
480,29,1,28
480,29,0,21
480,41,0,31
480,54,0,31
480,38,0,19
480,20,0,18
480,17,1,18
480,69,0,36
480,50,1,41
480,68,1,20
480,0,1,17
480,34,1,29
480,15,1,26
480,23,0,36
480,15,1,26
480,18,1,7
480,20,0,28
480,52,0,15
480,68,1,25
480,7,1,17
480,0,0,28
480,36,1,21
480,68,0,25
480,25,1,10
480,39,1,25
480,8,0,22
480,39,1,20
480,32,0,16
480,36,1,13
480,62,0,18
480,28,1,30
480,50,1,17
480,3,1,32
480,57,1,51
480,37,1,8
480,48,0,16
480,18,0,39
480,25,1,25
480,4,1,24
480,35,0,25
480,46,1,22
480,66,1,42
480,33,0,15
480,7,1,20
480,66,1,11
480,63,1,19
480,56,1,35
480,25,1,16
480,56,0,21
480,48,1,23
480,41,0,30
480,41,0,31
480,63,1,27
480,50,1,18
480,13,0,31
480,62,1,33
480,63,0,12
480,34,0,23
480,38,0,31
480,31,1,24
481,69,1,11
481,25,1,10
481,68,0,44
481,6,1,35
481,28,1,34
481,34,1,11
481,11,1,20
481,9,1,19
481,41,1,34
481,64,1,27
481,48,1,38
481,38,0,11
481,21,1,30
481,51,1,44
481,69,1,28
481,13,0,27
481,6,1,34
481,54,1,37
481,14,1,19
481,62,0,18
481,42,0,28
481,37,1,48
481,22,1,30
481,14,1,14
481,31,1,35
481,12,1,35
481,22,1,44
481,50,1,28
481,54,1,25
481,10,1,35
481,10,0,48
481,10,1,36
481,50,1,41
481,55,1,32
481,4,1,19
481,16,1,29
481,59,1,25
481,32,1,28
481,27,1,30
481,7,1,19
481,17,1,34
481,9,1,24
481,31,1,50
481,42,0,36
481,10,0,33
481,32,1,23
481,29,1,34
481,2,0,30
481,71,1,16
481,35,1,45
481,15,0,12
481,9,0,24
481,66,1,34
481,43,0,24
481,61,1,36
481,58,1,30
481,31,1,45
481,55,1,22
481,31,1,18
481,43,1,37
481,29,1,15
481,51,1,32
481,53,1,21
481,15,0,33
481,37,1,45
481,0,1,5
481,4,1,31
481,13,0,17
481,47,1,45
481,53,1,46
481,58,1,40
481,58,1,43
482,17,1,7
482,53,1,25
482,71,1,20
482,32,1,32
482,47,1,22
482,52,0,37
482,31,0,35
482,67,1,37
482,36,1,36
482,26,1,25
482,43,1,14
482,27,1,27
482,64,1,32
482,25,1,18
482,8,1,18
482,2,1,28
482,68,1,47
482,49,1,7
482,36,0,39
482,12,1,22
482,2,1,22
482,27,1,26
482,7,0,25
482,25,1,22
482,45,1,30
482,1,1,22
482,49,1,33
482,37,1,31
482,46,1,28
482,12,1,22
482,18,1,20
482,19,1,39
482,67,0,34
482,26,1,25
482,24,0,39
482,3,0,17
482,48,1,37
482,30,1,18
482,51,1,45
482,36,1,41
482,45,1,34
482,5,1,32
482,70,1,34
482,9,0,25
482,34,1,16
482,61,1,13
482,1,1,34
482,39,1,36
482,58,1,46
482,35,0,28
482,64,0,38
482,14,1,33
482,34,1,33
482,32,1,28
482,6,1,36
482,30,1,26
482,17,0,29
482,46,1,35
482,36,1,38
482,36,1,29
482,69,1,31
482,13,0,25
482,51,1,28
482,63,0,51
482,28,1,34
482,53,1,36
482,7,1,28
482,20,0,22
482,65,1,28
482,50,1,25
482,29,1,36
482,33,1,40
483,38,0,32
483,31,1,75
483,49,0,86
483,34,0,69
483,4,0,83
483,31,1,84
483,25,0,77
483,61,0,100
483,23,0,57
483,6,0,52
483,43,1,62
483,4,1,67
483,18,0,51
483,67,0,75
483,23,0,29
483,15,1,57
483,3,1,92
483,67,0,53
483,12,0,30
483,37,0,48
483,37,1,31
483,9,1,50
483,57,0,77
483,17,0,78
483,60,0,74
483,56,1,65
483,4,0,19
483,27,0,90
483,34,0,36
483,35,0,66
483,65,1,7
483,61,0,70
483,17,0,27
483,31,1,53
483,28,0,79
483,16,0,78
483,16,0,47
483,19,0,23
483,68,0,26
483,5,1,50
483,10,0,91
483,5,0,83
483,58,0,85
483,16,0,42
483,62,1,44
483,8,0,57
483,59,1,36
483,58,0,50
483,23,1,64
483,12,0,76
483,71,1,48
483,42,0,54
483,55,0,29
483,5,0,32
483,43,1,96
483,9,0,48
483,60,0,56
483,11,0,76
483,49,1,75
483,15,0,66
483,42,0,70
483,2,1,61
483,29,0,97
483,62,0,66
483,16,0,61
483,58,1,66
483,45,1,88
483,2,0,52
483,3,1,73
483,22,0,7
483,69,0,74
483,18,1,41
484,49,1,47
484,9,0,22
484,49,1,30
484,1,1,20
484,44,1,35
484,47,1,21
484,71,1,36
484,66,1,39
484,41,1,28
484,64,1,19
484,57,1,38
484,19,1,28
484,3,1,53
484,18,0,34
484,63,0,43
484,17,1,28
484,67,1,41
484,58,1,20
484,22,1,32
484,8,1,23
484,0,0,27
484,52,1,29
484,11,1,17
484,60,0,36
484,44,1,23
484,33,1,17
484,30,1,24
484,32,1,21
484,10,0,30
484,49,1,21
484,27,1,21
484,62,1,51
484,67,0,31
484,18,0,30
484,38,1,28
484,5,1,26
484,39,0,24
484,25,1,45
484,60,0,38
484,55,1,37
484,47,1,40
484,7,0,31
484,37,1,50
484,15,1,20
484,55,1,17
484,8,0,35
484,18,0,49
484,20,0,18
484,20,1,33
484,44,0,5
484,60,1,38
484,68,1,40
484,69,0,34
484,67,1,16
484,69,0,33
484,9,0,52
484,54,1,19
484,16,1,23
484,15,0,51
484,70,1,23
484,59,1,33
484,57,1,24
484,52,1,32
484,13,1,25
484,47,1,36
484,57,1,24
484,36,0,23
484,32,0,23
484,12,1,35
484,20,0,12
484,55,1,31
484,38,1,44
485,20,0,20
485,24,1,35
485,15,1,20
485,42,0,12
485,9,0,29
485,44,0,26
485,59,1,5
485,34,1,13
485,2,0,14
485,35,1,24
485,0,1,5
485,55,1,12
485,4,1,14
485,38,0,8
485,40,0,39
485,23,0,23
485,48,1,16
485,63,0,37
485,62,0,18
485,54,0,20
485,49,1,25
485,65,1,29
485,65,1,7
485,16,0,28
485,63,1,30
485,28,0,21
485,43,1,40
485,37,1,35
485,63,1,6
485,39,1,9
485,14,1,19
485,58,1,41
485,43,1,35
485,59,1,11
485,13,0,23
485,3,0,37
485,30,1,5
485,66,0,15
485,34,0,30
485,17,1,49
485,17,1,7
485,47,1,30
485,62,1,26
485,50,1,11
485,13,0,8
485,41,1,14
485,65,1,21
485,62,1,10
485,62,1,31
485,4,0,20
485,46,0,6
485,39,1,13
485,52,0,32
485,52,0,18
485,54,0,27
485,40,0,16
485,68,0,16
485,5,1,21
485,9,0,21
485,64,1,34
485,56,0,44
485,17,0,42
485,49,1,23
485,42,0,23
485,26,1,20
485,34,1,29
485,34,0,31
485,62,1,17
485,19,1,41
485,62,0,57
485,17,0,23
485,18,0,37
486,26,0,45
486,40,0,53
486,8,0,33
486,67,1,59
486,17,1,55
486,60,0,68
486,28,0,57
486,48,0,14
486,36,0,70
486,8,1,69
486,32,0,92
486,71,0,71
486,64,0,68
486,38,0,56
486,45,0,38
486,56,0,77
486,32,0,36
486,44,0,76
486,9,0,51
486,50,0,54
486,70,0,87
486,26,1,63
486,35,1,61
486,62,0,53
486,16,0,72
486,40,0,77
486,24,0,53
486,42,0,76
486,70,1,68
486,11,0,80
486,54,0,57
486,6,1,70
486,66,0,74
486,16,1,20
486,1,1,27
486,49,1,56
486,59,1,72
486,53,0,5
486,29,0,63
486,55,1,48
486,44,0,39
486,18,0,81
486,55,0,60
486,2,0,94
486,69,0,45
486,35,0,51
486,38,1,83
486,40,0,74
486,55,1,107
486,36,0,32
486,46,0,61
486,15,0,53
486,28,1,68
486,68,1,60
486,54,0,60
486,6,1,62
486,71,0,84
486,10,0,76
486,15,1,53
486,36,1,48
486,69,0,67
486,30,0,66
486,65,0,77
486,70,0,29
486,29,0,75
486,59,0,58
486,1,0,45
486,17,0,53
486,17,0,63
486,1,0,30
486,19,0,54
486,36,1,84
487,42,0,17
487,47,1,23
487,33,1,12
487,29,1,33
487,65,0,27
487,25,1,35
487,53,1,25
487,71,1,25
487,53,0,20
487,47,0,37
487,37,1,25
487,63,0,15
487,26,1,16
487,53,0,26
487,55,1,14
487,2,1,29
487,26,1,23
487,28,0,14
487,21,1,23
487,29,1,18
487,4,1,6
487,54,0,27
487,50,0,34
487,50,1,19
487,58,0,20
487,40,0,11
487,58,0,35
487,35,1,41
487,27,1,16
487,11,0,20
487,16,0,20
487,57,1,39
487,41,0,24
487,9,1,24
487,70,0,17
487,26,1,33
487,13,0,11
487,18,0,40
487,43,0,16
487,55,1,13
487,31,1,34
487,26,1,36
487,57,1,24
487,17,1,39
487,45,0,14
487,43,1,16
487,27,1,15
487,55,0,48
487,1,1,5
487,21,1,32
487,5,1,29
487,2,0,17
487,71,0,14
487,50,0,33
487,36,0,12
487,57,1,31
487,0,0,21
487,58,1,31
487,44,1,36
487,19,1,11
487,43,1,26
487,43,0,12
487,53,1,30
487,59,0,9
487,24,1,38
487,41,0,26
487,65,0,27
487,2,1,34
487,0,1,17
487,67,0,5
487,32,0,24
487,33,0,33
488,68,1,20
488,21,1,24
488,28,0,27
488,1,1,18
488,55,1,43
488,22,1,42
488,41,1,40
488,22,1,29
488,48,1,34
488,63,1,24
488,43,1,45
488,53,0,35
488,24,1,45
488,53,0,17
488,32,0,20
488,38,1,29
488,62,0,19
488,68,1,53
488,39,1,43
488,57,0,21
488,43,1,33
488,56,0,13
488,43,1,37
488,49,1,38
488,5,1,46
488,40,0,21
488,23,1,26
488,59,1,34
488,39,0,29
488,15,1,33
488,49,0,21
488,61,1,21
488,1,1,6
488,59,1,25
488,6,1,36
488,42,0,31
488,18,1,20
488,60,0,33
488,53,0,11
488,63,0,46
488,7,0,44
488,50,1,26
488,11,1,16
488,22,1,23
488,23,1,31
488,15,1,17
488,22,1,22
488,4,0,26
488,58,1,20
488,48,1,27
488,1,1,20
488,16,1,28
488,62,1,24
488,14,0,54
488,27,1,35
488,63,1,35
488,19,1,37
488,5,1,32
488,63,0,23
488,47,0,29
488,44,0,48
488,59,1,34
488,64,1,37
488,19,1,12
488,61,0,21
488,40,0,24
488,44,0,44
488,55,1,28
488,56,1,47
488,62,1,31
488,19,1,19
488,62,1,25
489,4,0,13
489,14,0,26
489,38,1,33
489,53,0,10
489,66,0,37
489,22,1,26
489,9,0,26
489,56,0,16
489,32,0,20
489,36,0,28
489,70,0,11
489,34,1,34
489,8,0,46
489,42,1,16
489,60,0,14
489,49,0,19
489,17,0,33
489,43,1,26
489,42,1,29
489,26,1,38
489,4,1,14
489,71,1,30
489,46,1,20
489,9,1,36
489,62,0,26
489,35,0,17
489,32,0,25
489,17,1,27
489,58,0,21
489,18,0,24
489,37,1,39
489,32,0,34
489,29,1,34
489,55,0,16
489,13,1,34
489,51,0,12
489,60,1,32
489,8,0,28
489,12,1,24
489,0,0,44
489,12,1,15
489,66,0,35
489,0,1,33
489,12,0,5
489,12,0,26
489,14,1,22
489,3,0,28
489,36,1,17
489,21,0,26
489,34,1,37
489,59,1,30
489,6,0,25
489,22,0,16
489,20,1,47
489,35,1,43
489,48,0,32
489,67,0,27
489,19,0,22
489,46,1,26
489,21,1,32
489,65,1,22
489,40,0,19
489,36,1,23
489,34,1,30
489,19,1,26
489,11,0,19
489,27,1,28
489,40,0,28
489,1,0,42
489,33,0,29
489,54,0,5
489,9,0,29
490,23,0,76
490,34,0,57
490,10,0,62
490,61,0,50
490,51,0,69
490,24,0,47
490,1,1,55
490,61,0,80
490,64,0,44
490,2,0,34
490,32,0,78
490,35,0,27
490,25,1,41
490,12,0,62
490,65,0,64
490,14,1,56
490,22,0,51
490,6,0,63
490,30,1,48
490,23,1,72
490,50,0,71
490,17,0,64
490,19,0,29
490,30,0,63
490,65,0,67
490,28,0,104
490,61,0,37
490,23,0,59
490,41,0,81
490,28,0,96
490,62,0,73
490,39,0,42
490,53,0,59
490,6,0,56
490,69,1,64
490,0,0,93
490,5,0,63
490,10,0,54
490,3,1,86
490,35,0,62
490,39,1,73
490,28,0,39
490,18,0,44
490,36,0,33
490,59,0,37
490,11,1,78
490,33,0,53
490,41,0,57
490,5,0,53
490,9,0,63
490,36,1,79
490,51,0,76
490,22,0,21
490,70,0,30
490,19,0,69
490,51,0,33
490,53,0,73
490,15,0,48
490,68,0,58
490,31,0,63
490,15,0,64
490,44,0,80
490,61,0,80
490,28,1,52
490,42,0,51
490,34,1,48
490,13,1,83
490,52,0,75
490,27,1,98
490,3,0,61
490,60,0,46
490,7,0,58
491,69,0,42
491,29,0,33
491,6,0,57
491,51,0,44
491,15,0,74
491,64,1,74
491,61,0,70
491,34,1,59
491,17,0,66
491,42,0,72
491,33,0,71
491,48,1,66
491,71,0,75
491,4,1,48
491,42,0,66
491,11,0,81
491,16,0,49
491,5,1,55
491,56,0,103
491,5,1,80
491,41,1,67
491,27,0,25
491,15,0,48
491,20,0,44
491,70,0,74
491,24,0,75
491,20,0,96
491,20,0,53
491,21,0,58
491,0,1,30
491,62,0,31
491,28,0,54
491,33,0,66
491,62,0,68
491,35,1,44
491,14,1,89
491,71,1,40
491,24,1,39
491,0,1,98
491,30,0,57
491,31,0,74
491,52,0,33
491,69,1,39
491,5,0,34
491,52,1,76
491,60,0,80
491,10,0,75
491,55,1,64
491,40,0,45
491,16,1,44
491,42,1,56
491,67,0,45
491,21,0,44
491,50,1,54
491,56,0,51
491,53,0,68
491,5,0,52
491,11,0,71
491,17,0,87
491,5,1,53
491,47,0,60
491,16,0,79
491,3,0,68
491,24,0,38
491,31,1,65
491,21,0,56
491,14,1,61
491,7,1,42
491,34,1,70
491,10,0,44
491,10,1,72
491,43,0,17
492,31,1,22
492,34,0,57
492,11,1,33
492,14,1,45
492,42,1,52
492,50,0,43
492,10,1,38
492,8,1,63
492,41,0,57
492,16,0,54
492,39,1,47
492,62,1,78
492,46,1,43
492,36,1,14
492,9,0,31
492,53,0,28
492,61,1,54
492,32,1,57
492,46,1,20
492,54,0,22
492,66,0,29
492,10,1,68
492,39,1,35
492,48,0,29
492,7,0,55
492,55,1,63
492,38,1,26
492,37,0,48
492,11,1,43
492,63,0,33
492,29,1,49
492,29,0,58
492,8,1,5
492,37,0,53
492,46,1,40
492,37,1,67
492,63,0,63
492,60,1,23
492,16,0,41
492,35,1,42
492,68,1,40
492,38,0,15
492,57,1,18
492,52,1,79
492,48,1,17
492,17,1,44
492,36,1,16
492,60,0,46
492,60,0,64
492,50,0,27
492,28,0,27
492,6,0,24
492,12,0,27
492,24,0,28
492,7,1,63
492,46,1,30
492,12,0,30
492,16,1,41
492,21,1,40
492,26,1,35
492,48,0,28
492,56,0,53
492,6,0,30
492,60,1,9
492,37,1,30
492,24,0,48
492,16,0,17
492,46,1,42
492,19,0,42
492,24,0,40
492,43,1,24
492,45,1,35
493,28,0,56
493,17,1,60
493,2,1,53
493,17,1,46
493,48,1,37
493,54,0,26
493,15,1,55
493,71,1,55
493,1,1,49
493,9,0,36
493,24,1,45
493,49,1,34
493,28,0,32
493,8,0,40
493,70,0,76
493,29,1,28
493,19,1,32
493,62,1,49
493,49,1,30
493,8,1,43
493,43,1,47
493,56,0,34
493,65,1,69
493,32,0,51
493,60,1,61
493,22,1,64
493,22,1,63
493,70,0,25
493,22,1,5
493,11,0,67
493,15,0,32
493,25,1,75
493,48,0,42
493,17,0,53
493,71,0,22
493,67,0,21
493,20,0,55
493,60,0,53
493,50,0,37
493,30,1,49
493,13,1,41
493,44,0,42
493,31,1,34
493,40,0,57
493,54,1,47
493,41,1,69
493,55,1,28
493,22,1,51
493,55,1,53
493,37,0,39
493,1,1,62
493,20,0,27
493,34,1,42
493,35,1,49
493,18,0,26
493,67,0,39
493,8,0,20
493,14,1,21
493,71,1,45
493,10,0,61
493,57,0,53
493,36,1,45
493,10,0,68
493,36,1,48
493,50,1,67
493,2,0,48
493,9,0,64
493,42,1,32
493,21,0,42
493,41,1,25
493,11,1,29
493,64,1,43
494,30,1,46
494,56,0,10
494,12,0,55
494,48,1,39
494,45,1,62
494,23,1,40
494,17,0,47
494,8,1,37
494,8,1,33
494,67,1,34
494,62,0,40
494,58,0,23
494,57,1,57
494,36,1,6
494,38,0,43
494,59,0,38
494,26,1,57
494,30,0,44
494,54,0,63
494,63,1,64
494,68,1,57
494,6,1,82
494,19,0,60
494,8,0,50
494,45,1,5
494,20,0,37
494,68,1,49
494,7,1,35
494,46,1,54
494,42,0,58
494,65,0,44
494,51,1,33
494,27,1,44
494,12,1,36
494,21,1,56
494,65,0,51
494,53,1,71
494,57,1,27
494,62,0,42
494,61,0,32
494,69,1,35
494,68,0,66
494,59,1,48
494,34,1,22
494,66,1,82
494,36,1,91
494,60,1,45
494,27,0,23
494,4,1,43
494,48,0,37
494,24,0,56
494,70,0,37
494,41,1,54
494,60,1,64
494,26,1,29
494,45,1,17
494,28,0,33
494,47,1,18
494,61,1,45
494,57,1,44
494,36,1,50
494,13,1,61
494,0,0,20
494,47,1,26
494,8,0,38
494,69,0,74
494,60,1,59
494,23,0,49
494,70,0,68
494,44,0,79
494,7,1,30
494,44,1,29
495,47,1,36
495,9,0,28
495,26,1,43
495,1,0,27
495,5,1,29
495,40,0,60
495,56,0,47
495,8,0,51
495,0,1,16
495,31,1,63
495,15,0,13
495,39,1,37
495,7,1,53
495,50,0,37
495,12,0,60
495,63,1,39
495,60,1,32
495,68,1,47
495,3,1,59
495,41,1,70
495,9,0,64
495,48,0,46
495,28,1,26
495,57,1,52
495,7,1,21
495,31,0,38
495,41,0,22
495,25,1,33
495,7,1,46
495,8,1,26
495,42,1,44
495,53,0,29
495,11,1,43
495,65,1,36
495,55,1,91
495,52,0,36
495,10,0,34
495,53,0,41
495,25,0,50
495,14,1,23
495,68,1,43
495,66,1,36
495,31,1,48
495,65,1,9
495,3,1,33
495,24,0,61
495,37,1,54
495,60,1,54
495,18,1,10
495,5,1,41
495,49,1,61
495,62,1,39
495,12,1,19
495,8,1,32
495,62,0,29
495,24,1,53
495,23,1,92
495,8,1,42
495,65,1,45
495,2,0,28
495,10,1,54
495,45,0,29
495,59,1,64
495,55,1,59
495,29,0,24
495,18,0,47
495,21,0,50
495,16,0,41
495,57,1,47
495,66,0,14
495,37,1,41
495,19,1,32
496,69,1,11
496,43,0,19
496,68,0,8
496,32,1,48
496,55,0,17
496,44,1,34
496,45,1,15
496,49,0,8
496,26,1,18
496,28,1,32
496,51,1,22
496,28,1,15
496,65,0,30
496,38,0,5
496,6,0,34
496,56,0,44
496,58,0,38
496,34,0,5
496,22,0,27
496,68,0,21
496,12,0,22
496,7,1,26
496,5,0,7
496,48,0,35
496,31,1,26
496,45,0,14
496,56,0,15
496,24,0,26
496,10,0,25
496,28,0,15
496,51,0,21
496,32,1,40
496,34,0,13
496,12,0,23
496,70,1,32
496,40,0,27
496,34,0,18
496,59,1,25
496,27,1,40
496,51,1,27
496,63,1,29
496,37,1,13
496,39,1,16
496,42,1,22
496,40,0,14
496,8,0,31
496,4,0,22
496,69,1,5
496,4,1,24
496,34,1,21
496,27,1,36
496,47,1,30
496,41,1,16
496,68,1,28
496,53,0,35
496,17,0,8
496,62,0,27
496,29,1,30
496,44,0,23
496,60,0,5
496,60,0,17
496,9,0,25
496,45,0,19
496,46,1,16
496,29,1,30
496,64,0,32
496,71,1,18
496,63,0,17
496,25,1,16
496,1,0,30
496,48,0,46
496,7,1,50
497,41,0,64
497,69,1,69
497,70,0,54
497,2,0,82
497,28,0,62
497,70,0,47
497,5,0,38
497,67,0,68
497,8,0,80
497,61,0,74
497,18,0,59
497,35,0,98
497,65,1,96
497,58,0,104
497,70,0,104
497,12,0,21
497,21,0,38
497,22,1,83
497,71,0,64
497,20,1,62
497,38,0,48
497,10,0,49
497,43,1,55
497,58,0,45
497,14,1,71
497,50,0,20
497,8,0,22
497,9,0,54
497,33,0,79
497,1,1,61
497,40,0,77
497,42,0,49
497,29,0,93
497,8,0,59
497,52,0,71
497,64,1,74
497,9,0,50
497,26,0,48
497,24,0,36
497,8,0,100
497,27,0,48
497,25,1,53
497,26,0,61
497,10,0,72
497,34,0,34
497,56,0,43
497,29,0,86
497,1,0,53
497,59,0,73
497,24,0,73
497,0,0,79
497,11,0,45
497,49,0,60
497,59,1,52
497,24,0,51
497,58,0,66
497,31,0,61
497,12,1,64
497,43,0,74
497,38,0,63
497,39,1,80
497,31,0,40
497,16,0,74
497,4,0,65
497,12,0,58
497,51,1,56
497,35,0,89
497,51,0,39
497,26,1,59
497,55,0,53
497,70,0,7
497,53,0,58
498,57,1,49
498,32,1,66
498,38,0,51
498,2,0,9
498,32,0,61
498,22,0,48
498,38,1,78
498,43,1,35
498,18,0,40
498,9,0,40
498,24,0,25
498,6,1,51
498,13,1,33
498,37,1,52
498,45,0,31
498,59,1,64
498,11,1,52
498,65,1,56
498,12,0,56
498,39,1,23
498,3,1,69
498,3,1,46
498,67,0,56
498,21,1,5
498,17,0,52
498,30,1,45
498,1,1,36
498,25,1,44
498,7,0,45
498,40,0,90
498,47,1,57
498,48,1,39
498,48,0,25
498,41,1,35
498,3,0,52
498,13,0,50
498,49,1,12
498,43,1,27
498,29,1,50
498,34,0,51
498,6,1,42
498,65,0,42
498,5,1,60
498,22,0,37
498,7,1,43
498,27,1,47
498,61,0,41
498,54,0,60
498,36,0,45
498,71,0,35
498,17,1,56
498,56,0,59
498,68,1,57
498,57,1,36
498,60,0,51
498,29,1,33
498,37,1,43
498,49,0,38
498,6,1,35
498,61,0,53
498,7,1,54
498,10,0,59
498,14,1,34
498,41,0,31
498,40,1,41
498,52,0,49
498,20,0,70
498,69,1,67
498,49,1,38
498,66,1,40
498,28,1,46
498,20,1,55
499,21,0,41
499,8,0,37
499,71,0,17
499,21,0,43
499,45,1,63
499,6,1,22
499,44,1,55
499,70,0,20
499,67,0,59
499,36,0,45
499,42,1,49
499,60,1,45
499,14,1,34
499,51,0,18
499,61,0,19
499,64,1,44
499,22,0,60
499,40,0,24
499,19,1,32
499,4,1,50
499,18,0,51
499,15,1,77
499,18,1,60
499,47,0,49
499,64,1,53
499,64,1,41
499,52,0,15
499,20,0,48
499,10,0,43
499,48,1,40
499,37,1,38
499,39,0,58
499,33,0,41
499,3,1,39
499,44,1,24
499,66,1,54
499,4,0,27
499,54,0,43
499,11,1,23
499,25,0,21
499,43,0,39
499,25,1,22
499,55,1,45
499,6,1,42
499,30,1,92
499,58,1,62
499,28,1,47
499,1,1,25
499,9,0,37
499,71,1,46
499,52,1,14
499,37,1,5
499,64,1,40
499,10,1,15
499,13,0,51
499,41,1,38
499,18,1,44
499,28,1,23
499,66,1,52
499,53,1,57
499,8,0,75
499,48,1,52
499,71,0,58
499,51,1,26
499,19,1,32
499,2,0,42
499,4,1,27
499,44,1,12
499,6,0,48
499,68,0,25
499,25,1,16
499,53,1,56
